Date,Open,High,Low,Close,Volume
2015-12-31,50.00,50.51,49.71,50.22,6845370
2016-01-03,50.22,50.30,49.88,49.95,2480384
2016-01-04,49.95,50.09,49.69,49.82,3742969
2016-01-05,49.82,49.92,49.52,49.62,3052880
2016-01-06,49.62,50.40,49.24,50.03,8533573
2016-01-07,50.03,50.80,49.65,50.43,8456652
2016-01-10,50.43,50.65,50.23,50.44,5019650
2016-01-11,50.44,50.73,50.22,50.51,5457133
2016-01-12,50.51,50.58,50.16,50.24,2485150
2016-01-13,50.24,50.96,49.88,50.60,8079012
2016-01-14,50.60,50.78,50.38,50.56,4584396
2016-01-17,50.56,50.81,50.35,50.60,5161796
2016-01-18,50.60,51.24,50.26,50.90,7564300
2016-01-19,50.90,50.92,50.47,50.49,1248696
2016-01-20,50.49,50.63,50.22,50.37,3819924
2016-01-21,50.37,50.88,50.07,50.58,6808847
2016-01-24,50.58,51.10,50.29,50.80,6783367
2016-01-25,50.80,50.84,50.41,50.45,1792866
2016-01-26,50.45,50.46,50.02,50.02,1145987
2016-01-27,50.02,50.81,49.65,50.43,8521742
2016-01-28,50.43,50.51,50.08,50.15,2413957
2016-01-31,50.15,50.20,49.77,49.82,1909053
2016-02-01,49.82,49.86,49.43,49.47,1797153
2016-02-02,49.47,49.47,49.04,49.04,1016529
2016-02-03,49.04,49.21,48.83,48.99,4431378
2016-02-04,48.99,49.35,48.75,49.11,5942935
2016-02-07,49.11,49.95,48.72,49.56,8933916
2016-02-08,49.56,49.71,49.32,49.47,4046296
2016-02-09,49.47,50.21,49.11,49.85,8292421
2016-02-10,49.85,50.14,49.62,49.92,5499451
2016-02-11,49.92,50.07,49.67,49.83,4087139
2016-02-14,49.83,49.99,49.59,49.75,4178943
2016-02-15,49.75,49.80,49.38,49.43,2046467
2016-02-16,49.43,50.11,49.09,49.77,7887242
2016-02-17,49.77,49.97,49.57,49.77,4935836
2016-02-18,49.77,49.82,49.39,49.44,1908299
2016-02-21,49.44,49.53,49.12,49.21,2779938
2016-02-22,49.21,49.56,48.96,49.32,5896433
2016-02-23,49.32,50.08,48.95,49.71,8418278
2016-02-24,49.71,50.43,49.36,50.07,8098559
2016-02-25,50.07,50.14,49.72,49.79,2394067
2016-02-28,49.79,50.64,49.40,50.24,8909739
2016-02-29,50.24,50.35,49.94,50.05,3176440
2016-03-01,50.05,50.39,49.81,50.15,5762071
2016-03-02,50.15,50.64,49.86,50.36,6716015
2016-03-03,50.36,50.96,50.04,50.64,7346913
2016-03-06,50.64,50.75,50.34,50.46,3333779
2016-03-07,50.46,50.70,50.25,50.49,5170438
2016-03-08,50.49,51.19,50.14,50.84,7943312
2016-03-09,50.84,51.30,50.56,51.02,6442524
2016-03-10,51.02,51.67,50.68,51.33,7606344
2016-03-13,51.33,52.10,50.96,51.73,8298971
2016-03-14,51.73,51.80,51.37,51.44,2421639
2016-03-15,51.44,51.46,51.01,51.03,1357064
2016-03-16,51.03,51.17,50.76,50.90,3747222
2016-03-17,50.90,50.98,50.56,50.64,2604458
2016-03-20,50.64,50.98,50.40,50.74,5755932
2016-03-21,50.74,51.06,50.51,50.83,5621399
2016-03-22,50.83,50.89,50.47,50.53,2324314
2016-03-23,50.53,51.27,50.17,50.90,8136282
2016-03-24,50.90,50.92,50.48,50.49,1254835
2016-03-27,50.49,50.69,50.29,50.49,4914540
2016-03-28,50.49,50.64,50.23,50.37,3831447
2016-03-29,50.37,50.42,50.00,50.05,1980864
2016-03-30,50.05,50.37,49.81,50.14,5708470
2016-03-31,50.14,50.30,49.90,50.06,4174759
2016-04-03,50.06,50.17,49.76,49.86,3132818
2016-04-04,49.86,50.57,49.51,50.22,8039437
2016-04-05,50.22,50.39,50.00,50.17,4499554
2016-04-06,50.17,50.89,49.82,50.53,8044032
2016-04-07,50.53,51.12,50.22,50.80,7240775
2016-04-10,50.80,51.54,50.44,51.17,8139163
2016-04-11,51.17,51.33,50.92,51.08,4047839
2016-04-12,51.08,51.57,50.79,51.28,6645816
2016-04-13,51.28,51.35,50.92,51.00,2426920
2016-04-14,51.00,51.07,50.65,50.72,2477572
2016-04-17,50.72,50.75,50.32,50.34,1587894
2016-04-18,50.34,50.84,50.06,50.55,6696159
2016-04-19,50.55,51.04,50.26,50.75,6666563
2016-04-20,50.75,50.88,50.46,50.58,3400342
2016-04-21,50.58,51.34,50.22,50.97,8280212
2016-04-24,50.97,51.12,50.71,50.86,3948148
2016-04-25,50.86,51.48,50.54,51.16,7416495
2016-04-26,51.16,51.23,50.81,50.88,2512414
2016-04-27,50.88,51.21,50.65,50.97,5655658
2016-04-28,50.97,51.85,50.57,51.44,8969684
2016-05-01,51.44,52.29,51.04,51.89,8726097
2016-05-02,51.89,52.47,51.57,52.15,7122427
2016-05-03,52.15,52.27,51.85,51.97,3393244
2016-05-04,51.97,52.41,51.70,52.13,6254595
2016-05-05,52.13,52.27,51.85,51.99,3681790
2016-05-08,51.99,52.05,51.61,51.66,2020507
2016-05-09,51.66,52.12,51.38,51.84,6431241
2016-05-10,51.84,52.34,51.55,52.05,6667078
2016-05-11,52.05,52.81,51.67,52.43,8184807
2016-05-12,52.43,52.62,52.21,52.40,4589368
2016-05-15,52.40,52.53,52.10,52.23,3411625
2016-05-16,52.23,52.24,51.79,51.80,1219478
2016-05-17,51.80,51.96,51.54,51.70,4062311
2016-05-18,51.70,51.96,51.48,51.74,5248765
2016-05-19,51.74,52.55,51.36,52.16,8457853
2016-05-22,52.16,52.93,51.79,52.55,8183401
2016-05-23,52.55,53.20,52.21,52.86,7511831
2016-05-24,52.86,52.87,52.41,52.43,1233264
2016-05-25,52.43,52.60,52.18,52.36,4285973
2016-05-26,52.36,52.67,52.12,52.43,5534156
2016-05-29,52.43,52.98,52.12,52.67,6879046
2016-05-30,52.67,52.81,52.39,52.53,3703360
2016-05-31,52.53,52.62,52.18,52.27,2649074
2016-06-01,52.27,52.46,52.05,52.25,4728532
2016-06-02,52.25,52.29,51.84,51.88,1768895
2016-06-05,51.88,51.94,51.51,51.57,2189917
2016-06-06,51.57,51.98,51.30,51.71,6115054
2016-06-07,51.71,51.75,51.31,51.36,1815912
2016-06-08,51.36,51.99,51.02,51.66,7490020
2016-06-09,51.66,52.11,51.38,51.83,6371947
2016-06-12,51.83,52.42,51.51,52.10,7177743
2016-06-13,52.10,52.47,51.84,52.22,5882716
2016-06-14,52.22,53.09,51.81,52.68,8832544
2016-06-15,52.68,52.94,52.46,52.72,5187722
2016-06-16,52.72,53.58,52.31,53.17,8701337
2016-06-19,53.17,54.06,52.75,53.64,8830178
2016-06-20,53.64,54.25,53.31,53.92,7179183
2016-06-21,53.92,54.04,53.60,53.73,3279218
2016-06-22,53.73,53.76,53.30,53.34,1698182
2016-06-23,53.34,54.18,52.94,53.77,8485459
2016-06-26,53.77,54.70,53.35,54.27,8949691
2016-06-27,54.27,54.81,53.95,54.50,6769890
2016-06-28,54.50,54.68,54.26,54.44,4439883
2016-06-29,54.44,54.68,54.22,54.46,5046090
2016-06-30,54.46,54.59,54.15,54.28,3378635
2016-07-03,54.28,54.75,53.99,54.46,6375788
2016-07-04,54.46,54.57,54.12,54.22,2901748
2016-07-05,54.22,54.32,53.87,53.97,2857750
2016-07-06,53.97,54.01,53.54,53.58,1626508
2016-07-07,53.58,53.96,53.32,53.69,5850000
2016-07-10,53.69,54.55,53.29,54.14,8540569
2016-07-11,54.14,54.17,53.70,53.73,1525377
2016-07-12,53.73,53.74,53.27,53.29,1224176
2016-07-13,53.29,53.99,52.93,53.63,7760425
2016-07-14,53.63,53.65,53.19,53.21,1405727
2016-07-17,53.21,54.02,52.82,53.63,8357613
2016-07-18,53.63,53.78,53.35,53.50,3850651
2016-07-19,53.50,53.70,53.28,53.47,4600891
2016-07-20,53.47,53.98,53.17,53.68,6583641
2016-07-21,53.68,54.46,53.29,54.07,8144581
2016-07-24,54.07,54.56,53.78,54.26,6444204
2016-07-25,54.26,54.89,53.92,54.55,7235596
2016-07-26,54.55,55.31,54.17,54.93,7975548
2016-07-27,54.93,55.00,54.54,54.61,2268998
2016-07-28,54.61,54.95,54.35,54.70,5646810
2016-07-31,54.70,55.23,54.39,54.92,6676886
2016-08-01,54.92,55.05,54.61,54.74,3408607
2016-08-02,54.74,55.00,54.51,54.77,5150617
2016-08-03,54.77,55.47,54.41,55.11,7581927
2016-08-04,55.11,55.38,54.87,55.14,5196364
2016-08-07,55.14,55.15,54.67,54.67,1080349
2016-08-08,54.67,55.09,54.40,54.81,6024005
2016-08-09,54.81,54.92,54.47,54.58,2965603
2016-08-10,54.58,54.78,54.36,54.56,4769341
2016-08-11,54.56,54.86,54.33,54.62,5336454
2016-08-14,54.62,55.40,54.23,55.01,8049657
2016-08-15,55.01,55.15,54.71,54.85,3550925
2016-08-16,54.85,55.77,54.41,55.34,8852606
2016-08-17,55.34,56.07,54.96,55.70,7781858
2016-08-18,55.70,56.62,55.26,56.18,8758436
2016-08-21,56.18,56.35,55.90,56.06,3905795
2016-08-22,56.06,56.39,55.81,56.14,5495541
2016-08-23,56.14,56.88,55.76,56.50,7725205
2016-08-24,56.50,56.54,56.06,56.11,1829355
2016-08-25,56.11,56.31,55.87,56.06,4524039
2016-08-28,56.06,56.22,55.77,55.93,3784567
2016-08-29,55.93,56.34,55.65,56.06,5956618
2016-08-30,56.06,56.89,55.66,56.48,8200685
2016-08-31,56.48,57.32,56.07,56.91,8269855
2016-09-01,56.91,57.06,56.60,56.75,3620919
2016-09-04,56.75,56.91,56.46,56.62,3858813
2016-09-05,56.62,57.51,56.19,57.08,8514403
2016-09-06,57.08,57.54,56.79,57.25,6155589
2016-09-07,57.25,57.35,56.88,56.98,2831755
2016-09-08,56.98,57.76,56.59,57.36,7851543
2016-09-11,57.36,58.34,56.91,57.88,8893964
2016-09-12,57.88,58.78,57.45,58.35,8452846
2016-09-13,58.35,58.38,57.88,57.92,1614609
2016-09-14,57.92,58.58,57.56,58.22,7169375
2016-09-15,58.22,59.05,57.81,58.63,8055418
2016-09-18,58.63,58.64,58.13,58.14,1136934
2016-09-19,58.14,58.33,57.87,58.06,4315157
2016-09-20,58.06,58.31,57.83,58.08,4972805
2016-09-21,58.08,58.12,57.62,57.67,1751851
2016-09-22,57.67,57.82,57.36,57.51,3664643
2016-09-25,57.51,57.60,57.12,57.21,2538340
2016-09-26,57.21,57.79,56.88,57.45,6792695
2016-09-27,57.45,58.37,57.02,57.93,8551165
2016-09-28,57.93,58.11,57.65,57.82,4085356
2016-09-29,57.82,57.97,57.51,57.66,3592798
2016-10-02,57.66,58.15,57.35,57.84,6308058
2016-10-03,57.84,58.08,57.61,57.85,4947187
2016-10-04,57.85,57.99,57.53,57.67,3485493
2016-10-05,57.67,58.53,57.25,58.11,8268655
2016-10-06,58.11,59.01,57.68,58.58,8457167
2016-10-09,58.58,58.62,58.12,58.17,1804115
2016-10-10,58.17,58.22,57.72,57.76,1766289
2016-10-11,57.76,57.82,57.33,57.38,1948628
2016-10-12,57.38,57.43,56.95,57.00,1881995
2016-10-13,57.00,57.45,56.70,57.16,6134293
2016-10-16,57.16,57.37,56.93,57.14,4754903
2016-10-17,57.14,57.77,56.79,57.42,7052469
2016-10-18,57.42,58.36,56.98,57.91,8706001
2016-10-19,57.91,58.10,57.64,57.83,4209327
2016-10-20,57.83,58.04,57.59,57.80,4648868
2016-10-23,57.80,58.02,57.57,57.79,4814746
2016-10-24,57.79,57.94,57.48,57.63,3645233
2016-10-25,57.63,58.06,57.34,57.77,6004526
2016-10-26,57.77,58.17,57.50,57.89,5793861
2016-10-27,57.89,58.40,57.58,58.09,6395953
2016-10-30,58.09,58.61,57.77,58.30,6452777
2016-10-31,58.30,58.92,57.95,58.57,6976680
2016-11-01,58.57,59.35,58.17,58.95,7794821
2016-11-02,58.95,58.97,58.46,58.48,1326954
2016-11-03,58.48,58.64,58.17,58.33,3696536
2016-11-06,58.33,58.45,57.98,58.10,3175171
2016-11-07,58.10,58.16,57.67,57.72,1960390
2016-11-08,57.72,58.40,57.36,58.03,7286762
2016-11-09,58.03,58.20,57.74,57.90,3870336
2016-11-10,57.90,58.06,57.59,57.75,3686419
2016-11-13,57.75,58.01,57.51,57.77,5080692
2016-11-14,57.77,58.06,57.53,57.82,5213648
2016-11-15,57.82,57.86,57.37,57.42,1838374
2016-11-16,57.42,58.31,57.00,57.88,8411659
2016-11-17,57.88,57.97,57.48,57.57,2538443
2016-11-20,57.57,58.33,57.18,57.94,7749588
2016-11-21,57.94,58.15,57.70,57.91,4612997
2016-11-22,57.91,58.57,57.55,58.21,7178052
2016-11-23,58.21,59.17,57.76,58.72,8753395
2016-11-24,58.72,58.97,58.48,58.73,5018038
2016-11-27,58.73,59.27,58.41,58.94,6465809
2016-11-28,58.94,59.81,58.52,59.38,8183127
2016-11-29,59.38,59.63,59.15,59.39,4960116
2016-11-30,59.39,59.55,59.08,59.24,3735048
2016-12-01,59.24,59.26,58.75,58.77,1372119
2016-12-04,58.77,59.55,58.37,59.15,7772565
2016-12-05,59.15,59.23,58.74,58.81,2319101
2016-12-06,58.81,59.57,58.42,59.18,7653703
2016-12-07,59.18,60.17,58.72,59.70,8788717
2016-12-08,59.70,60.06,59.43,59.79,5551303
2016-12-11,59.79,60.31,59.47,59.99,6361213
2016-12-12,59.99,60.13,59.64,59.78,3341906
2016-12-13,59.78,60.77,59.32,60.31,8764986
2016-12-14,60.31,61.32,59.83,60.84,8827983
2016-12-15,60.84,60.95,60.44,60.55,2765466
2016-12-18,60.55,61.26,60.17,60.88,7293484
2016-12-19,60.88,60.96,60.46,60.54,2387345
2016-12-20,60.54,60.62,60.12,60.20,2392729
2016-12-21,60.20,60.41,59.94,60.14,4470130
2016-12-22,60.14,60.67,59.82,60.35,6372633
2016-12-25,60.35,60.71,60.07,60.44,5557030
2016-12-26,60.44,60.60,60.11,60.27,3628257
2016-12-27,60.27,61.14,59.84,60.71,8117181
2016-12-28,60.71,61.48,60.31,61.08,7591700
2016-12-29,61.08,61.96,60.64,61.52,8101200
2017-01-01,61.52,61.64,61.13,61.25,2954320
2017-01-02,61.25,61.43,60.94,61.11,3830075
2017-01-03,61.11,61.41,60.85,61.16,5222290
2017-01-04,61.16,61.23,60.72,60.79,2217386
2017-01-05,60.79,61.17,60.51,60.89,5605486
2017-01-08,60.89,61.41,60.56,61.09,6324862
2017-01-09,61.09,61.10,60.57,60.59,1239711
2017-01-10,60.59,61.49,60.15,61.05,8251268
2017-01-11,61.05,61.65,60.70,61.30,6742249
2017-01-12,61.30,61.45,60.95,61.09,3354629
2017-01-15,61.09,61.77,60.72,61.40,7100754
2017-01-16,61.40,61.45,60.92,60.97,1807784
2017-01-17,60.97,61.15,60.66,60.84,3895473
2017-01-18,60.84,61.19,60.56,60.92,5487277
2017-01-19,60.92,61.03,60.53,60.64,2854801
2017-01-22,60.64,61.14,60.33,60.82,6195576
2017-01-23,60.82,61.43,60.47,61.08,6744170
2017-01-24,61.08,61.38,60.82,61.12,5216632
2017-01-25,61.12,61.50,60.84,61.22,5588271
2017-01-26,61.22,61.72,60.90,61.40,6204766
2017-01-29,61.40,61.60,61.12,61.31,4226611
2017-01-30,61.31,61.66,61.04,61.39,5406893
2017-01-31,61.39,62.09,61.01,61.71,7202400
2017-02-01,61.71,61.84,61.34,61.48,3218072
2017-02-02,61.48,62.54,60.99,62.04,8984773
2017-02-05,62.04,62.32,61.79,62.07,5070404
2017-02-06,62.07,62.44,61.79,62.16,5524348
2017-02-07,62.16,62.33,61.82,61.99,3655246
2017-02-08,61.99,62.12,61.61,61.75,3142112
2017-02-09,61.75,62.31,61.41,61.97,6478772
2017-02-12,61.97,62.99,61.49,62.51,8751646
2017-02-13,62.51,62.74,62.26,62.49,4750857
2017-02-14,62.49,62.52,61.98,62.00,1414677
2017-02-15,62.00,62.17,61.66,61.83,3607304
2017-02-16,61.83,62.14,61.56,61.87,5229972
2017-02-19,61.87,61.92,61.39,61.43,1665397
2017-02-20,61.43,62.20,61.02,61.80,7555555
2017-02-21,61.80,62.65,61.37,62.22,7912791
2017-02-22,62.22,62.32,61.80,61.89,2564266
2017-02-23,61.89,62.75,61.47,62.32,7929732
2017-02-26,62.32,63.22,61.87,62.78,8132647
2017-02-27,62.78,63.54,62.37,63.14,7444615
2017-02-28,63.14,64.04,62.69,63.59,8063168
2017-03-01,63.59,63.60,63.05,63.07,1222873
2017-03-02,63.07,63.23,62.72,62.89,3639780
2017-03-05,62.89,63.03,62.52,62.67,3289197
2017-03-06,62.67,63.24,62.32,62.90,6516803
2017-03-07,62.90,62.99,62.46,62.56,2483093
2017-03-08,62.56,62.81,62.31,62.57,4941152
2017-03-09,62.57,62.71,62.20,62.35,3347770
2017-03-12,62.35,63.09,61.96,62.69,7307887
2017-03-13,62.69,63.64,62.23,63.18,8352366
2017-03-14,63.18,63.31,62.79,62.92,3049108
2017-03-15,62.92,63.28,62.64,63.00,5447496
2017-03-16,63.00,64.06,62.51,63.56,8856172
2017-03-19,63.56,64.66,63.06,64.15,8954149
2017-03-20,64.15,65.10,63.68,64.63,8235253
2017-03-21,64.63,64.68,64.13,64.18,1785905
2017-03-22,64.18,65.17,63.71,64.69,8396227
2017-03-23,64.69,64.82,64.29,64.42,3004492
2017-03-26,64.42,65.00,64.06,64.65,6474897
2017-03-27,64.65,64.89,64.38,64.62,4708676
2017-03-28,64.62,64.63,64.06,64.07,1088545
2017-03-29,64.07,64.15,63.61,63.69,2256481
2017-03-30,63.69,63.71,63.15,63.17,1224828
2017-04-02,63.17,63.61,62.86,63.30,5820747
2017-04-03,63.30,64.29,62.83,63.81,8463991
2017-04-04,63.81,63.83,63.28,63.30,1278017
2017-04-05,63.30,63.52,63.02,63.25,4534430
2017-04-06,63.25,63.46,62.97,63.18,4430761
2017-04-09,63.18,64.11,62.73,63.65,8201577
2017-04-10,63.65,64.67,63.17,64.18,8562928
2017-04-11,64.18,64.21,63.66,63.69,1490123
2017-04-12,63.69,63.71,63.16,63.18,1328840
2017-04-13,63.18,63.50,62.92,63.23,5239574
2017-04-16,63.23,63.36,62.84,62.96,2975411
2017-04-17,62.96,63.85,62.52,63.40,7993141
2017-04-18,63.40,63.86,63.09,63.55,5897702
2017-04-19,63.55,63.75,63.25,63.46,4219958
2017-04-20,63.46,64.25,63.04,63.83,7527812
2017-04-23,63.83,64.29,63.52,63.98,5870644
2017-04-24,63.98,64.99,63.49,64.51,8557098
2017-04-25,64.51,64.65,64.13,64.27,3266186
2017-04-26,64.27,65.28,63.79,64.79,8491735
2017-04-27,64.79,64.94,64.42,64.57,3320164
2017-04-30,64.57,65.17,64.21,64.81,6541598
2017-05-01,64.81,64.81,64.25,64.26,1094307
2017-05-02,64.26,65.13,63.82,64.68,7842489
2017-05-03,64.68,64.92,64.42,64.66,4687379
2017-05-04,64.66,64.79,64.25,64.38,3011694
2017-05-07,64.38,64.41,63.86,63.89,1457407
2017-05-08,63.89,63.89,63.33,63.34,1036865
2017-05-09,63.34,63.37,62.83,62.86,1577229
2017-05-10,62.86,63.02,62.51,62.67,3498251
2017-05-11,62.67,63.33,62.30,62.96,6923388
2017-05-14,62.96,63.87,62.51,63.42,8124245
2017-05-15,63.42,63.44,62.89,62.91,1298353
2017-05-16,62.91,62.95,62.41,62.45,1680281
2017-05-17,62.45,62.51,61.99,62.05,1986076
2017-05-18,62.05,62.55,61.72,62.23,6191049
2017-05-21,62.23,62.46,61.97,62.20,4640877
2017-05-22,62.20,62.29,61.77,61.86,2496056
2017-05-23,61.86,62.23,61.58,61.95,5509670
2017-05-24,61.95,62.08,61.58,61.71,3138511
2017-05-25,61.71,61.97,61.46,61.72,4987517
2017-05-28,61.72,61.82,61.31,61.40,2587551
2017-05-29,61.40,62.37,60.94,61.90,8506515
2017-05-30,61.90,62.14,61.66,61.89,4793792
2017-05-31,61.89,62.92,61.41,62.43,8758024
2017-06-01,62.43,63.33,61.99,62.88,8078223
2017-06-04,62.88,63.20,62.62,62.93,5248216
2017-06-05,62.93,63.08,62.57,62.72,3354423
2017-06-06,62.72,63.02,62.46,62.76,5186968
2017-06-07,62.76,62.80,62.27,62.31,1684122
2017-06-08,62.31,62.72,62.02,62.43,5710082
2017-06-11,62.43,62.56,62.05,62.19,3166083
2017-06-12,62.19,62.54,61.91,62.26,5434842
2017-06-13,62.26,62.40,61.89,62.02,3158333
2017-06-14,62.02,62.36,61.75,62.09,5348902
2017-06-15,62.09,62.26,61.77,61.94,3833710
2017-06-18,61.94,62.62,61.57,62.24,7032510
2017-06-19,62.24,62.93,61.86,62.55,7068758
2017-06-20,62.55,63.47,62.10,63.02,8214060
2017-06-21,63.02,63.25,62.76,62.99,4665946
2017-06-22,62.99,63.15,62.65,62.81,3658984
2017-06-25,62.81,63.27,62.51,62.96,5909224
2017-06-26,62.96,63.72,62.56,63.32,7391975
2017-06-27,63.32,63.89,62.97,63.54,6452914
2017-06-28,63.54,64.49,63.08,64.02,8252537
2017-06-29,64.02,64.12,63.59,63.68,2543930
2017-07-02,63.68,63.80,63.27,63.38,2783882
2017-07-03,63.38,63.48,62.96,63.06,2577331
2017-07-04,63.06,63.08,62.54,62.57,1455144
2017-07-05,62.57,62.76,62.26,62.44,3985219
2017-07-06,62.44,63.37,61.99,62.91,8216941
2017-07-09,62.91,63.69,62.51,63.28,7458950
2017-07-10,63.28,63.63,63.00,63.35,5390260
2017-07-11,63.35,63.57,63.08,63.30,4504698
2017-07-12,63.30,64.16,62.86,63.73,7888683
2017-07-13,63.73,63.81,63.28,63.36,2332338
2017-07-16,63.36,63.47,62.95,63.06,2773936
2017-07-17,63.06,63.55,62.74,63.23,6077674
2017-07-18,63.23,63.74,62.90,63.41,6144787
2017-07-19,63.41,63.96,63.07,63.62,6357990
2017-07-20,63.62,63.97,63.34,63.69,5359259
2017-07-23,63.69,63.89,63.39,63.59,4160939
2017-07-24,63.59,63.69,63.16,63.26,2590192
2017-07-25,63.26,63.26,62.71,62.72,1066769
2017-07-26,62.72,63.54,62.30,63.12,7714128
2017-07-27,63.12,63.23,62.71,62.82,2803875
2017-07-30,62.82,63.04,62.55,62.77,4533539
2017-07-31,62.77,62.97,62.47,62.67,4137688
2017-08-01,62.67,62.75,62.23,62.31,2332373
2017-08-02,62.31,62.44,61.93,62.06,3092901
2017-08-03,62.06,62.29,61.81,62.04,4764951
2017-08-06,62.04,62.26,61.77,61.99,4509019
2017-08-07,61.99,62.88,61.55,62.44,8078189
2017-08-08,62.44,62.69,62.19,62.44,4929252
2017-08-09,62.44,62.67,62.18,62.41,4667146
2017-08-10,62.41,63.05,62.05,62.69,6822736
2017-08-13,62.69,63.56,62.25,63.12,7963923
2017-08-14,63.12,63.63,62.80,63.30,6140089
2017-08-15,63.30,63.40,62.88,62.98,2659876
2017-08-16,62.98,63.00,62.45,62.46,1202297
2017-08-17,62.46,62.67,62.17,62.38,4261179
2017-08-20,62.38,63.03,62.01,62.66,6922942
2017-08-21,62.66,62.85,62.35,62.53,3977709
2017-08-22,62.53,62.62,62.10,62.18,2363751
2017-08-23,62.18,62.84,61.81,62.47,6945267
2017-08-24,62.47,62.63,62.13,62.29,3623491
2017-08-27,62.29,62.47,61.97,62.14,3781138
2017-08-28,62.14,62.62,61.82,62.30,6060185
2017-08-29,62.30,62.46,61.95,62.11,3472976
2017-08-30,62.11,62.28,61.79,61.96,3846673
2017-08-31,61.96,62.75,61.55,62.34,7601028
2017-09-03,62.34,62.99,61.98,62.62,6859499
2017-09-04,62.62,63.07,62.31,62.76,5893689
2017-09-05,62.76,63.42,62.39,63.05,6901131
2017-09-06,63.05,63.06,62.51,62.51,1116392
2017-09-07,62.51,62.83,62.25,62.57,5255521
2017-09-10,62.57,63.30,62.17,62.91,7293827
2017-09-11,62.91,63.29,62.62,63.01,5576989
2017-09-12,63.01,63.33,62.74,63.06,5265500
2017-09-13,63.06,63.26,62.76,62.95,4112448
2017-09-14,62.95,63.75,62.54,63.33,7574622
2017-09-17,63.33,63.35,62.80,62.82,1256961
2017-09-18,62.82,63.84,62.33,63.35,8690329
2017-09-19,63.35,63.45,62.92,63.01,2442626
2017-09-20,63.01,63.23,62.74,62.96,4563237
2017-09-21,62.96,63.92,62.50,63.46,8360802
2017-09-24,63.46,63.49,62.94,62.98,1514334
2017-09-25,62.98,63.07,62.55,62.64,2517661
2017-09-26,62.64,63.21,62.30,62.86,6457201
2017-09-27,62.86,63.77,62.41,63.32,8123079
2017-09-28,63.32,63.89,62.98,63.55,6453566
2017-10-01,63.55,64.09,63.21,63.75,6312860
2017-10-02,63.75,63.79,63.24,63.28,1602194
2017-10-03,63.28,63.45,62.94,63.11,3704286
2017-10-04,63.11,63.26,62.74,62.88,3261111
2017-10-05,62.88,62.90,62.36,62.37,1285013
2017-10-08,62.37,62.76,62.09,62.48,5603155
2017-10-09,62.48,63.48,62.00,63.00,8635288
2017-10-10,63.00,63.10,62.57,62.67,2504869
2017-10-11,62.67,63.44,62.26,63.03,7483504
2017-10-12,63.03,63.08,62.54,62.59,1768724
2017-10-15,62.59,63.60,62.12,63.12,8595096
2017-10-16,63.12,63.35,62.86,63.09,4678669
2017-10-17,63.09,63.15,62.62,62.68,1994753
2017-10-18,62.68,63.33,62.31,62.96,6889026
2017-10-19,62.96,63.95,62.49,63.48,8521982
2017-10-22,63.48,63.71,63.21,63.44,4646707
2017-10-23,63.44,64.49,62.95,63.99,8719993
2017-10-24,63.99,64.55,63.65,64.20,6346776
2017-10-25,64.20,64.49,63.94,64.23,5057921
2017-10-26,64.23,64.26,63.70,63.73,1421330
2017-10-29,63.73,63.76,63.21,63.24,1486385
2017-10-30,63.24,63.83,62.89,63.48,6561728
2017-10-31,63.48,63.69,63.19,63.40,4326371
2017-11-01,63.40,63.73,63.13,63.46,5274142
2017-11-02,63.46,63.68,63.18,63.40,4491460
2017-11-05,63.40,63.64,63.15,63.39,4768449
2017-11-06,63.39,63.67,63.13,63.41,5043381
2017-11-07,63.41,63.49,62.95,63.03,2180452
2017-11-08,63.03,63.52,62.71,63.20,6080898
2017-11-09,63.20,63.39,62.89,63.09,4127434
2017-11-12,63.09,63.21,62.69,62.82,2962037
2017-11-13,62.82,62.98,62.47,62.64,3597050
2017-11-14,62.64,63.08,62.33,62.77,5859636
2017-11-15,62.77,62.85,62.32,62.39,2169547
2017-11-16,62.39,63.40,61.91,62.92,8650240
2017-11-19,62.92,63.31,62.63,63.02,5573319
2017-11-20,63.02,63.15,62.64,62.77,3136316
2017-11-21,62.77,63.77,62.30,63.29,8573799
2017-11-22,63.29,63.89,62.94,63.54,6601817
2017-11-23,63.54,63.55,63.00,63.01,1195679
2017-11-26,63.01,63.63,62.65,63.27,6701063
2017-11-27,63.27,63.48,62.98,63.18,4278463
2017-11-28,63.18,64.01,62.76,63.58,7680967
2017-11-29,63.58,64.14,63.24,63.79,6365363
2017-11-30,63.79,63.85,63.31,63.37,1936591
2017-12-03,63.37,63.43,62.89,62.95,1925514
2017-12-04,62.95,63.07,62.55,62.67,2900034
2017-12-05,62.67,62.79,62.27,62.39,2909533
2017-12-06,62.39,62.53,62.02,62.17,3262654
2017-12-07,62.17,62.97,61.75,62.55,7638408
2017-12-10,62.55,62.65,62.13,62.22,2530624
2017-12-11,62.22,62.90,61.85,62.52,7025720
2017-12-12,62.52,63.38,62.09,62.95,7913820
2017-12-13,62.95,63.14,62.64,62.84,4133196
2017-12-14,62.84,63.84,62.37,63.36,8548045
2017-12-17,63.36,64.06,62.98,63.67,7059602
2017-12-18,63.67,63.80,63.28,63.41,3050582
2017-12-19,63.41,63.55,63.03,63.16,3162962
2017-12-20,63.16,64.14,62.70,63.67,8409087
2017-12-21,63.67,63.77,63.24,63.34,2616117
2017-12-24,63.34,63.42,62.88,62.96,2203806
2017-12-25,62.96,63.70,62.56,63.30,7295610
2017-12-26,63.30,63.81,62.98,63.48,6163134
2017-12-27,63.48,63.49,62.93,62.93,1003909
2017-12-28,62.93,63.62,62.55,63.24,7052503
2017-12-31,63.24,63.24,62.69,62.69,1024965
2018-01-01,62.69,62.81,62.29,62.41,2896604
2018-01-02,62.41,62.54,62.02,62.15,3013100
2018-01-03,62.15,62.73,61.80,62.38,6534945
2018-01-04,62.38,62.52,62.01,62.15,3215226
2018-01-07,62.15,62.72,61.80,62.37,6510733
2018-01-08,62.37,62.44,61.91,61.97,2026406
2018-01-09,61.97,62.30,61.71,62.03,5293106
2018-01-10,62.03,62.27,61.79,62.03,4878737
2018-01-11,62.03,62.67,61.67,62.30,6832681
2018-01-14,62.30,62.52,62.03,62.25,4463580
2018-01-15,62.25,62.27,61.74,61.76,1450445
2018-01-16,61.76,62.69,61.31,62.24,8287105
2018-01-17,62.24,62.43,61.93,62.12,4059979
2018-01-18,62.12,62.91,61.72,62.50,7559190
2018-01-21,62.50,62.54,62.01,62.05,1723010
2018-01-22,62.05,62.81,61.66,62.41,7415637
2018-01-23,62.41,62.50,61.98,62.08,2538305
2018-01-24,62.08,62.64,61.74,62.30,6473731
2018-01-25,62.30,62.36,61.83,61.88,1863888
2018-01-28,61.88,62.29,61.59,62.00,5721124
2018-01-29,62.00,62.05,61.52,61.58,1872599
2018-01-30,61.58,62.19,61.22,61.83,6738065
2018-01-31,61.83,62.05,61.56,61.77,4440980
2018-02-01,61.77,62.49,61.39,62.10,7252949
2018-02-04,62.10,62.13,61.59,61.61,1371502
2018-02-05,61.61,61.68,61.15,61.22,2031207
2018-02-06,61.22,61.28,60.76,60.81,1948113
2018-02-07,60.81,61.09,60.56,60.84,5097530
2018-02-08,60.84,60.89,60.38,60.43,1825137
2018-02-11,60.43,60.74,60.17,60.48,5291426
2018-02-12,60.48,60.79,60.22,60.53,5249485
2018-02-13,60.53,61.22,60.16,60.84,7156104
2018-02-14,60.84,61.06,60.59,60.81,4616220
2018-02-15,60.81,61.10,60.55,60.84,5160699
2018-02-18,60.84,61.17,60.58,60.91,5357441
2018-02-19,60.91,61.05,60.55,60.69,3255829
2018-02-20,60.69,61.57,60.25,61.14,8164506
2018-02-21,61.14,61.95,60.72,61.53,7762482
2018-02-22,61.53,61.75,61.27,61.49,4543587
2018-02-25,61.49,61.52,60.99,61.03,1594238
2018-02-26,61.03,61.07,60.55,60.59,1704561
2018-02-27,60.59,60.77,60.28,60.45,3812825
2018-02-28,60.45,60.68,60.21,60.44,4783230
2018-03-01,60.44,60.99,60.10,60.66,6517009
2018-03-04,60.66,60.86,60.39,60.59,4396879
2018-03-05,60.59,60.86,60.35,60.62,5064814
2018-03-06,60.62,60.65,60.13,60.16,1533161
2018-03-07,60.16,60.20,59.68,59.72,1629080
2018-03-08,59.72,60.13,59.44,59.84,5772325
2018-03-11,59.84,60.31,59.54,60.00,6086351
2018-03-12,60.00,60.62,59.65,60.27,6842764
2018-03-13,60.27,60.34,59.84,59.91,2239094
2018-03-14,59.91,60.66,59.52,60.26,7509910
2018-03-15,60.26,60.99,59.88,60.60,7371262
2018-03-18,60.60,61.02,60.31,60.73,5798456
2018-03-19,60.73,60.74,60.21,60.22,1137174
2018-03-20,60.22,60.78,59.88,60.44,6547908
2018-03-21,60.44,60.61,60.13,60.29,3783744
2018-03-22,60.29,60.81,59.97,60.49,6301474
2018-03-25,60.49,61.28,60.08,60.87,7706035
2018-03-26,60.87,61.63,60.47,61.23,7528292
2018-03-27,61.23,61.32,60.80,60.88,2336145
2018-03-28,60.88,61.38,60.57,61.06,6178978
2018-03-29,61.06,61.27,60.79,60.99,4365432
2018-04-01,60.99,61.96,60.53,61.50,8574519
2018-04-02,61.50,61.82,61.23,61.56,5300068
2018-04-03,61.56,61.94,61.27,61.66,5628497
2018-04-04,61.66,61.87,61.38,61.59,4349931
2018-04-05,61.59,62.53,61.13,62.07,8402640
2018-04-08,62.07,62.67,61.72,62.32,6650823
2018-04-09,62.32,63.40,61.82,62.90,8995713
2018-04-10,62.90,63.01,62.49,62.61,2820027
2018-04-11,62.61,62.72,62.20,62.31,2765740
2018-04-12,62.31,62.36,61.83,61.88,1845198
2018-04-15,61.88,62.73,61.46,62.30,7885562
2018-04-16,62.30,62.63,62.03,62.36,5306584
2018-04-17,62.36,62.44,61.91,61.99,2231721
2018-04-18,61.99,62.11,61.60,61.72,2932578
2018-04-19,61.72,61.76,61.23,61.26,1606687
2018-04-22,61.26,61.62,60.99,61.35,5488614
2018-04-23,61.35,62.07,60.96,61.68,7294410
2018-04-24,61.68,61.80,61.30,61.42,2999382
2018-04-25,61.42,62.07,61.05,61.71,6949211
2018-04-26,61.71,62.64,61.26,62.18,8304389
2018-04-29,62.18,62.42,61.94,62.17,4818004
2018-04-30,62.17,62.23,61.70,61.76,1946844
2018-05-01,61.76,61.78,61.25,61.26,1295850
2018-05-02,61.26,61.35,60.84,60.92,2395884
2018-05-03,60.92,60.97,60.45,60.50,1814849
2018-05-06,60.50,60.88,60.22,60.60,5602126
2018-05-07,60.60,61.27,60.23,60.90,7066358
2018-05-08,60.90,60.95,60.43,60.49,1886556
2018-05-09,60.49,61.45,60.03,60.99,8556550
2018-05-10,60.99,61.48,60.67,61.16,6162757
2018-05-13,61.16,61.52,60.89,61.25,5495301
2018-05-14,61.25,61.61,60.97,61.33,5492455
2018-05-15,61.33,61.46,60.95,61.08,3018415
2018-05-16,61.08,61.93,60.65,61.50,7974417
2018-05-17,61.50,62.32,61.09,61.90,7743175
2018-05-20,61.90,62.96,61.40,62.47,8966666
2018-05-21,62.47,62.70,62.21,62.44,4657235
2018-05-22,62.44,62.54,62.02,62.12,2642043
2018-05-23,62.12,62.27,61.76,61.91,3340843
2018-05-24,61.91,62.55,61.54,62.18,6877091
2018-05-27,62.18,62.22,61.68,61.71,1522393
2018-05-28,61.71,62.07,61.44,61.80,5474279
2018-05-29,61.80,61.86,61.33,61.39,1967318
2018-05-30,61.39,62.20,60.98,61.78,7717558
2018-05-31,61.78,61.89,61.38,61.48,2700308
2018-06-03,61.48,61.50,60.96,60.98,1261248
2018-06-04,60.98,61.95,60.52,61.49,8560871
2018-06-05,61.49,62.02,61.16,61.69,6352263
2018-06-06,61.69,62.58,61.25,62.14,8092215
2018-06-07,62.14,62.88,61.74,62.49,7385665
2018-06-10,62.49,62.66,62.16,62.33,3763477
2018-06-11,62.33,62.38,61.85,61.90,1793552
2018-06-12,61.90,62.67,61.49,62.26,7525274
2018-06-13,62.26,62.79,61.94,62.46,6267283
2018-06-14,62.46,62.50,61.97,62.01,1698593
2018-06-17,62.01,62.22,61.73,61.93,4313031
2018-06-18,61.93,61.94,61.41,61.42,1197016
2018-06-19,61.42,61.55,61.05,61.18,3140672
2018-06-20,61.18,61.18,60.65,60.66,1082270
2018-06-21,60.66,61.49,60.24,61.07,7886008
2018-06-24,61.07,61.09,60.57,60.60,1453120
2018-06-25,60.60,60.61,60.08,60.09,1166323
2018-06-26,60.09,60.48,59.81,60.20,5667592
2018-06-27,60.20,61.04,59.78,60.61,7969272
2018-06-28,60.61,61.45,60.20,61.03,7898525
2018-07-01,61.03,61.46,60.73,61.16,5875102
2018-07-02,61.16,61.22,60.71,60.77,2022462
2018-07-03,60.77,61.75,60.31,61.28,8612208
2018-07-04,61.28,61.45,60.96,61.14,3841872
2018-07-05,61.14,61.26,60.75,60.87,2946021
2018-07-08,60.87,61.46,60.53,61.11,6640706
2018-07-09,61.11,61.23,60.72,60.84,2901234
2018-07-10,60.84,61.31,60.53,61.00,6073285
2018-07-11,61.00,61.33,60.74,61.06,5317352
2018-07-12,61.06,61.60,60.73,61.27,6386522
2018-07-15,61.27,61.88,60.92,61.53,6737585
2018-07-16,61.53,62.39,61.10,61.95,7975480
2018-07-17,61.95,61.99,61.46,61.50,1631069
2018-07-18,61.50,62.42,61.05,61.97,8272256
2018-07-19,61.97,62.03,61.50,61.56,1948422
2018-07-22,61.56,62.42,61.13,61.99,7968209
2018-07-23,61.99,62.46,61.68,62.15,6010631
2018-07-24,62.15,62.73,61.80,62.38,6569513
2018-07-25,62.38,62.62,62.13,62.36,4731275
2018-07-26,62.36,62.51,62.00,62.14,3286042
2018-07-29,62.14,62.15,61.61,61.62,1172085
2018-07-30,61.62,61.76,61.26,61.40,3253600
2018-07-31,61.40,61.54,61.05,61.20,3431824
2018-08-01,61.20,61.47,60.94,61.22,5089471
2018-08-02,61.22,61.86,60.86,61.50,6868518
2018-08-05,61.50,61.55,61.02,61.07,1781310
2018-08-06,61.07,61.46,60.78,61.18,5655006
2018-08-07,61.18,61.29,60.79,60.90,2909362
2018-08-08,60.90,60.95,60.42,60.46,1667832
2018-08-09,60.46,60.96,60.15,60.64,6202023
2018-08-12,60.64,60.75,60.24,60.35,2709465
2018-08-13,60.35,60.89,60.02,60.56,6424725
2018-08-14,60.56,60.62,60.11,60.17,2063854
2018-08-15,60.17,60.21,59.69,59.73,1602160
2018-08-16,59.73,59.87,59.39,59.53,3385322
2018-08-19,59.53,59.74,59.28,59.49,4573834
2018-08-20,59.49,59.60,59.11,59.23,2920781
2018-08-21,59.23,59.40,58.92,59.09,3882956
2018-08-22,59.09,59.10,58.58,58.59,1065294
2018-08-23,58.59,58.64,58.15,58.21,1998662
2018-08-26,58.21,58.34,57.86,57.99,3250960
2018-08-27,57.99,58.10,57.62,57.73,2871570
2018-08-28,57.73,57.80,57.31,57.38,2169135
2018-08-29,57.38,57.60,57.15,57.37,4822668
2018-08-30,57.37,57.68,57.12,57.43,5325994
2018-09-02,57.43,58.00,57.10,57.67,6765534
2018-09-03,57.67,57.84,57.38,57.55,3931412
2018-09-04,57.55,57.71,57.25,57.40,3761899
2018-09-05,57.40,57.53,57.06,57.18,3121193
2018-09-06,57.18,57.34,56.89,57.05,3910528
2018-09-09,57.05,57.08,56.59,56.62,1512620
2018-09-10,56.62,56.71,56.24,56.33,2569444
2018-09-11,56.33,57.14,55.93,56.73,8093347
2018-09-12,56.73,56.78,56.30,56.35,1911488
2018-09-13,56.35,57.23,55.93,56.81,8443621
2018-09-16,56.81,56.97,56.51,56.67,3813203
2018-09-17,56.67,57.52,56.26,57.10,8291838
2018-09-18,57.10,57.92,56.70,57.52,8077057
2018-09-19,57.52,57.60,57.11,57.20,2403429
2018-09-20,57.20,58.00,56.80,57.59,7987002
2018-09-23,57.59,57.81,57.37,57.59,4803086
2018-09-24,57.59,58.24,57.23,57.89,7197359
2018-09-25,57.89,58.08,57.62,57.81,4330315
2018-09-26,57.81,57.87,57.38,57.43,1955041
2018-09-27,57.43,57.78,57.17,57.52,5528326
2018-09-30,57.52,58.45,57.08,58.01,8655109
2018-10-01,58.01,58.11,57.63,57.74,2866255
2018-10-02,57.74,58.69,57.30,58.24,8729663
2018-10-03,58.24,59.12,57.82,58.69,8294718
2018-10-04,58.69,58.80,58.32,58.42,2870061
2018-10-07,58.42,58.61,58.14,58.33,4134705
2018-10-08,58.33,58.88,58.00,58.55,6582475
2018-10-09,58.55,58.86,58.30,58.61,5299794
2018-10-10,58.61,58.73,58.25,58.37,3076783
2018-10-11,58.37,58.97,58.03,58.63,6851714
2018-10-14,58.63,58.97,58.36,58.71,5488786
2018-10-15,58.71,59.70,58.24,59.24,8889231
2018-10-16,59.24,59.44,58.97,59.18,4435768
2018-10-17,59.18,59.77,58.84,59.43,6770370
2018-10-18,59.43,60.44,58.96,59.97,8905384
2018-10-21,59.97,60.07,59.57,59.67,2667969
2018-10-22,59.67,59.88,59.41,59.62,4477880
2018-10-23,59.62,60.15,59.29,59.83,6458573
2018-10-24,59.83,60.06,59.59,59.83,4881652
2018-10-25,59.83,59.88,59.38,59.43,1944650
2018-10-28,59.43,59.66,59.20,59.43,4882133
2018-10-29,59.43,59.96,59.11,59.64,6410150
2018-10-30,59.64,59.73,59.23,59.32,2504012
2018-10-31,59.32,60.06,58.93,59.67,7509396
2018-11-01,59.67,59.76,59.27,59.36,2586796
2018-11-04,59.36,59.39,58.88,58.91,1489300
2018-11-05,58.91,58.95,58.44,58.48,1673696
2018-11-06,58.48,58.70,58.25,58.47,4744924
2018-11-07,58.47,58.54,58.05,58.12,2233847
2018-11-08,58.12,58.69,57.79,58.36,6708367
2018-11-11,58.36,59.22,57.94,58.79,8217866
2018-11-12,58.79,59.64,58.38,59.22,8070987
2018-11-13,59.22,59.27,58.77,58.83,1946742
2018-11-14,58.83,59.72,58.39,59.28,8338957
2018-11-15,59.28,59.79,58.97,59.48,6334053
2018-11-18,59.48,60.07,59.14,59.72,6722153
2018-11-19,59.72,60.65,59.28,60.20,8441529
2018-11-20,60.20,61.12,59.76,60.67,8356378
2018-11-21,60.67,61.60,60.23,61.15,8367935
2018-11-22,61.15,61.32,60.84,61.01,3858916
2018-11-25,61.01,61.04,60.51,60.54,1471296
2018-11-26,60.54,60.62,60.11,60.18,2217421
2018-11-27,60.18,60.62,59.88,60.32,5924451
2018-11-28,60.32,60.58,60.08,60.34,5012139
2018-11-29,60.34,61.11,59.94,60.71,7603943
2018-12-02,60.71,60.77,60.25,60.31,1971467
2018-12-03,60.31,60.83,59.99,60.51,6312242
2018-12-04,60.51,60.68,60.19,60.37,3860836
2018-12-05,60.37,60.51,60.02,60.16,3333299
2018-12-06,60.16,61.14,59.69,60.67,8704938
2018-12-09,60.67,60.75,60.24,60.32,2321433
2018-12-10,60.32,60.65,60.06,60.39,5343278
2018-12-11,60.39,61.14,59.99,60.75,7523559
2018-12-12,60.75,61.27,60.42,60.94,6319067
2018-12-13,60.94,61.09,60.59,60.73,3334739
2018-12-16,60.73,61.21,60.42,60.90,6101440
2018-12-17,60.90,61.03,60.53,60.67,3187071
2018-12-18,60.67,61.65,60.20,61.18,8641015
2018-12-19,61.18,61.99,60.77,61.58,7771913
2018-12-20,61.58,61.78,61.29,61.49,4258779
2018-12-23,61.49,62.48,61.02,62.01,8595438
2018-12-24,62.01,62.85,61.58,62.42,7868312
2018-12-25,62.42,62.66,62.18,62.42,4867524
2018-12-26,62.42,63.00,62.08,62.65,6531344
2018-12-27,62.65,62.70,62.16,62.21,1723971
2018-12-30,62.21,63.15,61.75,62.69,8346639
2018-12-31,62.69,63.12,62.39,62.82,5782064
2019-01-01,62.82,63.84,62.34,63.36,8672222
2019-01-02,63.36,63.42,62.89,62.95,2029458
2019-01-03,62.95,62.99,62.45,62.50,1680932
2019-01-06,62.50,63.39,62.06,62.94,8046399
2019-01-07,62.94,63.26,62.67,62.99,5249314
2019-01-08,62.99,63.38,62.71,63.09,5561282
2019-01-09,63.09,63.23,62.71,62.85,3179835
2019-01-10,62.85,63.19,62.58,62.91,5339540
2019-01-13,62.91,63.15,62.66,62.90,4756447
2019-01-14,62.90,63.25,62.62,62.97,5405864
2019-01-15,62.97,63.37,62.68,63.08,5633470
2019-01-16,63.08,63.18,62.65,62.75,2599759
2019-01-17,62.75,62.82,62.29,62.36,2057818
2019-01-20,62.36,62.39,61.85,61.88,1464437
2019-01-21,61.88,61.97,61.45,61.54,2424554
2019-01-22,61.54,61.75,61.27,61.48,4469032
2019-01-23,61.48,61.67,61.19,61.38,4165775
2019-01-24,61.38,62.16,60.98,61.75,7564163
2019-01-27,61.75,62.61,61.32,62.18,7972839
2019-01-28,62.18,62.18,61.64,61.65,1070816
2019-01-29,61.65,61.98,61.38,61.71,5351920
2019-01-30,61.71,62.56,61.29,62.13,7902572
2019-01-31,62.13,62.29,61.79,61.94,3512894
2019-02-03,61.94,62.63,61.56,62.25,7121159
2019-02-04,62.25,63.05,61.84,62.63,7591563
2019-02-05,62.63,63.27,62.27,62.91,6825342
2019-02-06,62.91,63.83,62.45,63.38,8205212
2019-02-07,63.38,63.47,62.93,63.02,2373148
2019-02-10,63.02,63.57,62.68,63.23,6341495
2019-02-11,63.23,63.41,62.91,63.09,3937414
2019-02-12,63.09,63.26,62.75,62.91,3580658
2019-02-13,62.91,63.26,62.63,62.98,5394684
2019-02-14,62.98,63.38,62.69,63.09,5651097
2019-02-17,63.09,63.68,62.74,63.33,6547427
2019-02-18,63.33,64.08,62.93,63.68,7318244
2019-02-19,63.68,64.71,63.19,64.22,8679595
2019-02-20,64.22,64.83,63.86,64.47,6606790
2019-02-21,64.47,65.26,64.05,64.84,7445507
2019-02-24,64.84,65.83,64.36,65.35,8356241
2019-02-25,65.35,66.07,64.95,65.67,7092078
2019-02-26,65.67,65.68,65.11,65.12,1109807
2019-02-27,65.12,66.04,64.66,65.58,8014368
2019-02-28,65.58,65.73,65.20,65.35,3336625
2019-03-03,65.35,66.19,64.91,65.75,7644478
2019-03-04,65.75,65.89,65.34,65.47,2987311
2019-03-05,65.47,66.11,65.10,65.74,6673765
2019-03-06,65.74,66.32,65.39,65.96,6382853
2019-03-07,65.96,66.20,65.68,65.92,4608401
2019-03-10,65.92,66.15,65.63,65.86,4436831
2019-03-11,65.86,66.92,65.35,66.42,8658264
2019-03-12,66.42,67.40,65.94,66.91,8210973
2019-03-13,66.91,67.85,66.45,67.38,7959156
2019-03-14,67.38,67.43,66.86,66.91,1804046
2019-03-17,66.91,66.92,66.34,66.35,1128360
2019-03-18,66.35,66.58,66.06,66.30,4574074
2019-03-19,66.30,66.62,66.02,66.34,5153532
2019-03-20,66.34,66.45,65.90,66.01,2693895
2019-03-21,66.01,66.43,65.71,66.12,5614917
2019-03-24,66.12,66.63,65.79,66.30,6040054
2019-03-25,66.30,67.28,65.82,66.80,8240912
2019-03-26,66.80,67.39,66.44,67.03,6415020
2019-03-27,67.03,67.93,66.57,67.47,7796947
2019-03-28,67.47,67.78,67.19,67.50,5102743
2019-03-31,67.50,67.59,67.02,67.11,2307716
2019-04-01,67.11,67.56,66.79,67.24,5757544
2019-04-02,67.24,67.49,66.96,67.20,4612722
2019-04-03,67.20,67.45,66.92,67.16,4626337
2019-04-04,67.16,67.32,66.77,66.92,3255178
2019-04-07,66.92,66.99,66.43,66.50,2104183
2019-04-08,66.50,67.59,65.99,67.07,8704218
2019-04-09,67.07,67.25,66.71,66.88,3623182
2019-04-10,66.88,68.02,66.35,67.49,8910459
2019-04-11,67.49,67.55,66.98,67.03,1874691
2019-04-14,67.03,67.11,66.55,66.63,2194890
2019-04-15,66.63,66.85,66.33,66.55,4364883
2019-04-16,66.55,66.72,66.18,66.34,3471090
2019-04-17,66.34,66.43,65.87,65.96,2303635
2019-04-18,65.96,66.84,65.51,66.39,7800788
2019-04-21,66.39,67.50,65.87,66.98,8826748
2019-04-22,66.98,67.76,66.56,67.34,7282750
2019-04-23,67.34,67.97,66.97,67.59,6551508
2019-04-24,67.59,67.94,67.31,67.65,5275000
2019-04-25,67.65,67.89,67.36,67.59,4465569
2019-04-28,67.59,67.79,67.25,67.45,3950377
2019-04-29,67.45,67.66,67.13,67.34,4149176
2019-04-30,67.34,67.67,67.06,67.39,5185425
2019-05-01,67.39,67.54,66.99,67.15,3330727
2019-05-02,67.15,68.27,66.63,67.74,8782613
2019-05-05,67.74,68.00,67.47,67.72,4775651
2019-05-06,67.72,68.68,67.25,68.20,8025891
2019-05-07,68.20,68.83,67.83,68.45,6508641
2019-05-08,68.45,69.10,68.07,68.71,6569581
2019-05-09,68.71,69.09,68.41,68.79,5369204
2019-05-12,68.79,69.91,68.26,69.37,8660596
2019-05-13,69.37,69.87,69.03,69.53,5900548
2019-05-14,69.53,70.22,69.14,69.82,6693998
2019-05-15,69.82,69.93,69.35,69.46,2571810
2019-05-16,69.46,70.00,69.10,69.65,6101886
2019-05-19,69.65,70.47,69.21,70.03,7333607
2019-05-20,70.03,70.92,69.57,70.46,7575617
2019-05-21,70.46,70.56,69.97,70.08,2506927
2019-05-22,70.08,70.19,69.61,69.72,2621364
2019-05-23,69.72,69.86,69.29,69.43,3005349
2019-05-26,69.43,70.05,69.05,69.67,6449005
2019-05-27,69.67,69.88,69.32,69.52,3890603
2019-05-28,69.52,70.54,69.02,70.04,8194341
2019-05-29,70.04,70.40,69.74,70.10,5261454
2019-05-30,70.10,70.73,69.71,70.35,6474657
2019-06-02,70.35,70.45,69.87,69.97,2475925
2019-06-03,69.97,70.06,69.47,69.56,2277606
2019-06-04,69.56,70.02,69.23,69.69,5706858
2019-06-05,69.69,70.03,69.40,69.74,5183436
2019-06-06,69.74,70.91,69.19,70.36,8830795
2019-06-09,70.36,70.64,70.08,70.36,4920541
2019-06-10,70.36,70.55,69.98,70.17,3650205
2019-06-11,70.17,70.40,69.84,70.07,4254355
2019-06-12,70.07,70.93,69.62,70.47,7449039
2019-06-13,70.47,70.49,69.88,69.89,1209567
2019-06-16,69.89,70.85,69.41,70.36,7881618
2019-06-17,70.36,71.50,69.83,70.96,8625685
2019-06-18,70.96,70.97,70.35,70.37,1194855
2019-06-19,70.37,71.14,69.94,70.71,7045919
2019-06-20,70.71,70.91,70.34,70.54,3783813
2019-06-23,70.54,71.28,70.12,70.86,6939403
2019-06-24,70.86,71.19,70.57,70.90,5080589
2019-06-25,70.90,71.13,70.57,70.80,4256755
2019-06-26,70.80,71.28,70.46,70.94,5776543
2019-06-27,70.94,71.32,70.63,71.01,5318964
2019-06-30,71.01,71.40,70.70,71.09,5377846
2019-07-01,71.09,71.09,70.47,70.47,1039609
2019-07-02,70.47,70.62,70.04,70.19,3094375
2019-07-03,70.19,70.30,69.71,69.81,2480418
2019-07-04,69.81,70.03,69.47,69.68,4061934
2019-07-07,69.68,69.74,69.14,69.19,1740157
2019-07-08,69.19,69.92,68.78,69.51,6897805
2019-07-09,69.51,69.59,69.00,69.08,2176851
2019-07-10,69.08,69.33,68.79,69.04,4589643
2019-07-11,69.04,69.55,68.70,69.21,5963340
2019-07-14,69.21,69.89,68.81,69.49,6717695
2019-07-15,69.49,70.24,69.08,69.82,6976165
2019-07-16,69.82,69.96,69.39,69.53,3010356
2019-07-17,69.53,69.83,69.25,69.55,5017798
2019-07-18,69.55,69.77,69.22,69.45,4233058
2019-07-21,69.45,69.47,68.87,68.90,1372187
2019-07-22,68.90,69.96,68.39,69.45,8410493
2019-07-23,69.45,70.35,68.98,69.89,7693655
2019-07-24,69.89,70.12,69.57,69.81,4382167
2019-07-25,69.81,70.03,69.48,69.71,4229115
2019-07-28,69.71,69.96,69.42,69.68,4691289
2019-07-29,69.68,70.51,69.23,70.07,7373628
2019-07-30,70.07,70.26,69.70,69.90,3806995
2019-07-31,69.90,70.55,69.51,70.16,6559293
2019-08-01,70.16,70.62,69.83,70.29,5679903
2019-08-04,70.29,70.39,69.80,69.91,2477469
2019-08-05,69.91,71.04,69.37,70.50,8631001
2019-08-06,70.50,70.61,70.03,70.14,2634327
2019-08-07,70.14,70.32,69.76,69.94,3573868
2019-08-08,69.94,70.52,69.57,70.15,6239746
2019-08-11,70.15,70.19,69.59,69.63,1570233
2019-08-12,69.63,69.73,69.14,69.24,2429526
2019-08-13,69.24,69.36,68.79,68.91,2718861
2019-08-14,68.91,69.39,68.57,69.05,5820953
2019-08-15,69.05,69.15,68.57,68.66,2377777
2019-08-18,68.66,68.69,68.10,68.13,1401680
2019-08-19,68.13,68.24,67.68,67.79,2719821
2019-08-20,67.79,68.47,67.40,68.08,6751954
2019-08-21,68.08,68.51,67.77,68.19,5621536
2019-08-22,68.19,68.37,67.82,68.00,3600171
2019-08-25,68.00,68.13,67.56,67.69,2885390
2019-08-26,67.69,67.81,67.25,67.36,2711762
2019-08-27,67.36,67.55,67.01,67.20,3795336
2019-08-28,67.20,67.27,66.71,66.78,2111419
2019-08-29,66.78,66.98,66.45,66.65,4005692
2019-09-01,66.65,67.29,66.27,66.91,6638648
2019-09-02,66.91,67.80,66.46,67.35,7763374
2019-09-03,67.35,67.60,67.08,67.34,4836659
2019-09-04,67.34,68.17,66.90,67.73,7463443
2019-09-05,67.73,68.50,67.31,68.08,7174588
2019-09-08,68.08,69.16,67.57,68.64,8537997
2019-09-09,68.64,68.68,68.09,68.13,1603052
2019-09-10,68.13,68.32,67.77,67.95,3678395
2019-09-11,67.95,68.05,67.48,67.58,2443038
2019-09-12,67.58,68.61,67.08,68.11,8390809
2019-09-15,68.11,69.21,67.59,68.68,8608127
2019-09-16,68.68,69.17,68.35,68.84,5885116
2019-09-17,68.84,69.62,68.41,69.19,7160048
2019-09-18,69.19,69.21,68.61,68.63,1297119
2019-09-19,68.63,69.19,68.28,68.84,6197565
2019-09-22,68.84,68.85,68.26,68.27,1244101
2019-09-23,68.27,68.28,67.68,67.69,1078703
2019-09-24,67.69,68.36,67.30,67.97,6713717
2019-09-25,67.97,68.04,67.46,67.53,1976303
2019-09-26,67.53,67.68,67.13,67.28,3286213
2019-09-29,67.28,67.40,66.84,66.96,2766906
2019-09-30,66.96,67.21,66.69,66.93,4689986
2019-10-01,66.93,67.09,66.54,66.69,3252983
2019-10-02,66.69,67.12,66.38,66.81,5690466
2019-10-03,66.81,67.06,66.54,66.79,4718484
2019-10-06,66.79,67.01,66.48,66.70,4312345
2019-10-07,66.70,66.82,66.27,66.39,2817729
2019-10-08,66.39,66.76,66.10,66.47,5395130
2019-10-09,66.47,66.52,65.96,66.01,1797633
2019-10-10,66.01,66.39,65.71,66.10,5482030
2019-10-13,66.10,66.17,65.61,65.68,2053257
2019-10-14,65.68,66.40,65.28,66.00,7042181
2019-10-15,66.00,66.00,65.42,65.42,1016700
2019-10-16,65.42,65.92,65.09,65.59,6026200
2019-10-17,65.59,66.38,65.17,65.96,7379320
2019-10-20,65.96,67.05,65.45,66.54,8755075
2019-10-21,66.54,66.78,66.26,66.50,4647290
2019-10-22,66.50,67.03,66.16,66.69,6142386
2019-10-23,66.69,67.63,66.22,67.16,8030486
2019-10-24,67.16,67.18,66.60,66.61,1249862
2019-10-27,66.61,67.26,66.24,66.88,6664711
2019-10-28,66.88,66.96,66.40,66.47,2176268
2019-10-29,66.47,67.23,66.06,66.82,7167249
2019-10-30,66.82,67.04,66.51,66.73,4279629
2019-10-31,66.73,66.83,66.27,66.37,2525754
2019-11-03,66.37,66.42,65.85,65.90,1732784
2019-11-04,65.90,65.99,65.44,65.52,2320473
2019-11-05,65.52,65.75,65.23,65.45,4412277
2019-11-06,65.45,65.67,65.15,65.37,4279801
2019-11-07,65.37,65.57,65.05,65.25,4120576
2019-11-10,65.25,65.40,64.86,65.00,3169170
2019-11-11,65.00,65.08,64.53,64.60,2141632
2019-11-12,64.60,64.88,64.34,64.62,5013271
2019-11-13,64.62,64.69,64.15,64.22,2129766
2019-11-14,64.22,64.84,63.86,64.48,6651611
2019-11-17,64.48,65.46,64.01,64.98,8331893
2019-11-18,64.98,65.21,64.71,64.94,4627400
2019-11-19,64.94,65.25,64.67,64.98,5143072
2019-11-20,64.98,65.01,64.45,64.47,1409773
2019-11-21,64.47,64.96,64.15,64.63,5995404
2019-11-24,64.63,65.74,64.12,65.23,8949348
2019-11-25,65.23,65.39,64.87,65.04,3580246
2019-11-26,65.04,65.07,64.51,64.55,1567112
2019-11-27,64.55,64.91,64.27,64.63,5403772
2019-11-28,64.63,64.70,64.16,64.23,2176646
2019-12-01,64.23,64.34,63.81,63.92,2675857
2019-12-02,63.92,64.36,63.61,64.05,5839677
2019-12-03,64.05,65.07,63.57,64.58,8532304
2019-12-04,64.58,64.82,64.31,64.55,4654972
2019-12-05,64.55,64.95,64.25,64.65,5590397
2019-12-08,64.65,64.71,64.17,64.23,1980555
2019-12-09,64.23,64.35,63.82,63.93,2837791
2019-12-10,63.93,64.83,63.49,64.38,7989266
2019-12-11,64.38,64.44,63.89,63.94,1854732
2019-12-12,63.94,64.96,63.46,64.47,8557647
2019-12-15,64.47,65.46,64.00,64.98,8369615
2019-12-16,64.98,65.14,64.61,64.77,3488168
2019-12-17,64.77,64.78,64.22,64.23,1147873
2019-12-18,64.23,64.30,63.76,63.82,2064780
2019-12-19,63.82,63.90,63.36,63.44,2214197
2019-12-22,63.44,64.32,63.00,63.88,7941803
2019-12-23,63.88,64.86,63.40,64.38,8408093
2019-12-24,64.38,64.41,63.85,63.88,1366152
2019-12-25,63.88,64.83,63.41,64.36,8272770
2019-12-26,64.36,65.00,63.99,64.63,6732887
2019-12-29,64.63,64.84,64.33,64.54,4277366
2019-12-30,64.54,64.92,64.26,64.63,5474108
2019-12-31,64.63,65.62,64.15,65.14,8372496
2020-01-01,65.14,65.69,64.79,65.34,6281172
2020-01-02,65.34,65.47,64.93,65.05,2879149
2020-01-05,65.05,66.11,64.55,65.60,8660253
2020-01-06,65.60,65.71,65.17,65.28,2710905
2020-01-07,65.28,65.47,64.94,65.13,3821227
2020-01-08,65.13,65.25,64.72,64.84,2929492
2020-01-09,64.84,65.10,64.59,64.84,4899897
2020-01-12,64.84,65.01,64.49,64.66,3633676
2020-01-13,64.66,64.76,64.22,64.32,2513545
2020-01-14,64.32,65.26,63.86,64.80,8181481
2020-01-15,64.80,65.21,64.49,64.91,5649828
2020-01-16,64.91,65.02,64.48,64.60,2745747
2020-01-19,64.60,65.48,64.15,65.03,7888991
2020-01-20,65.03,65.35,64.76,65.08,5203017
2020-01-21,65.08,65.77,64.69,65.39,6959430
2020-01-22,65.39,66.17,64.97,65.75,7355761
2020-01-23,65.75,66.16,65.45,65.86,5626577
2020-01-26,65.86,65.96,65.41,65.51,2487928
2020-01-27,65.51,65.57,65.01,65.07,1915123
2020-01-28,65.07,65.15,64.60,64.68,2253840
2020-01-29,64.68,65.73,64.19,65.23,8664574
2020-01-30,65.23,65.36,64.82,64.94,2900411
2020-02-02,64.94,65.52,64.59,65.17,6418141
2020-02-03,65.17,65.42,64.91,65.16,4822702
2020-02-04,65.16,65.58,64.86,65.27,5644958
2020-02-05,65.27,65.65,64.98,65.36,5452812
2020-02-06,65.36,65.44,64.89,64.98,2295644
2020-02-09,64.98,65.36,64.69,65.06,5482098
2020-02-10,65.06,65.17,64.63,64.74,2691186
2020-02-11,64.74,64.97,64.46,64.68,4416735
2020-02-12,64.68,65.11,64.37,64.80,5745164
2020-02-13,64.80,64.83,64.28,64.31,1466598
2020-02-16,64.31,64.90,63.95,64.54,6519307
2020-02-17,64.54,64.59,64.04,64.09,1767489
2020-02-18,64.09,64.39,63.83,64.12,5112379
2020-02-19,64.12,64.31,63.80,63.99,3936694
2020-02-20,63.99,64.24,63.74,63.99,4882407
2020-02-23,63.99,65.09,63.48,64.58,8961865
2020-02-24,64.58,65.48,64.12,65.03,8002229
2020-02-25,65.03,65.12,64.58,64.67,2423251
2020-02-26,64.67,65.65,64.19,65.17,8348388
2020-02-27,65.17,65.68,64.85,65.35,6049245
2020-03-01,65.35,65.78,65.04,65.47,5723353
2020-03-02,65.47,66.09,65.10,65.72,6605281
2020-03-03,65.72,65.75,65.18,65.21,1411076
2020-03-04,65.21,65.28,64.73,64.81,2116049
2020-03-05,64.81,65.52,64.41,65.12,7065877
2020-03-08,65.12,65.49,64.84,65.20,5421056
2020-03-09,65.20,65.33,64.79,64.92,2934670
2020-03-10,64.92,65.21,64.65,64.95,5063511
2020-03-11,64.95,65.31,64.66,65.02,5412517
2020-03-12,65.02,65.19,64.66,64.82,3512551
2020-03-15,64.82,65.01,64.49,64.68,3931515
2020-03-16,64.68,64.93,64.42,64.66,4718792
2020-03-17,64.66,65.40,64.26,65.00,7183024
2020-03-18,65.00,65.70,64.61,65.31,7003223
2020-03-19,65.31,65.94,64.94,65.57,6673216
2020-03-22,65.57,65.59,65.02,65.04,1279423
2020-03-23,65.04,65.08,64.52,64.56,1611968
2020-03-24,64.56,65.18,64.20,64.81,6609122
2020-03-25,64.81,65.12,64.54,64.85,5135082
2020-03-26,64.85,65.57,64.45,65.17,7091083
2020-03-29,65.17,66.06,64.72,65.61,7859842
2020-03-30,65.61,66.12,65.28,65.79,6083333
2020-03-31,65.79,65.90,65.36,65.47,2773902
2020-04-01,65.47,65.92,65.16,65.60,5758710
2020-04-02,65.60,66.41,65.18,65.98,7457510
2020-04-05,65.98,66.91,65.52,66.45,7993758
2020-04-06,66.45,66.62,66.09,66.26,3639060
2020-04-07,66.26,66.50,65.98,66.22,4590946
2020-04-08,66.22,66.29,65.73,65.80,2083984
2020-04-09,65.80,66.05,65.54,65.79,4834224
2020-04-12,65.79,66.90,65.28,66.38,8816975
2020-04-13,66.38,66.60,66.08,66.30,4377914
2020-04-14,66.30,66.55,66.03,66.27,4677537
2020-04-15,66.27,67.09,65.84,66.66,7468930
2020-04-16,66.66,66.74,66.18,66.26,2208882
2020-04-19,66.26,66.87,65.89,66.50,6502331
2020-04-20,66.50,66.69,66.16,66.35,3880144
2020-04-21,66.35,67.05,65.96,66.65,6910219
2020-04-22,66.65,67.08,66.34,66.77,5641941
2020-04-23,66.77,66.79,66.22,66.24,1383950
2020-04-26,66.24,66.70,65.92,66.38,5815260
2020-04-27,66.38,66.76,66.09,66.46,5429698
2020-04-28,66.46,66.62,66.08,66.23,3313683
2020-04-29,66.23,66.31,65.76,65.84,2257338
2020-04-30,65.84,65.85,65.28,65.29,1198936
2020-05-03,65.29,65.57,65.03,65.31,5002674
2020-05-04,65.31,66.14,64.88,65.71,7569787
2020-05-05,65.71,65.92,65.40,65.62,4282990
2020-05-06,65.62,65.67,65.11,65.16,1784259
2020-05-07,65.16,65.17,64.60,64.61,1085939
2020-05-10,64.61,64.67,64.12,64.19,2015192
2020-05-11,64.19,64.46,63.93,64.20,4991769
2020-05-12,64.20,64.28,63.74,63.81,2139128
2020-05-13,63.81,64.23,63.51,63.93,5728875
2020-05-14,63.93,63.99,63.45,63.51,1958539
2020-05-17,63.51,64.00,63.19,63.68,6062688
2020-05-18,63.68,63.79,63.26,63.38,2757373
2020-05-19,63.38,63.57,63.06,63.25,4017901
2020-05-20,63.25,64.18,62.80,63.72,8189951
2020-05-21,63.72,63.94,63.44,63.66,4434019
2020-05-24,63.66,64.24,63.31,63.89,6503189
2020-05-25,63.89,64.07,63.56,63.74,3854252
2020-05-26,63.74,64.24,63.42,63.92,6092146
2020-05-27,63.92,64.16,63.66,63.90,4747736
2020-05-28,63.90,64.12,63.61,63.83,4388923
2020-05-31,63.83,63.96,63.44,63.57,3065089
2020-06-01,63.57,63.64,63.10,63.17,2084876
2020-06-02,63.17,63.46,62.91,63.20,5127297
2020-06-03,63.20,63.82,62.84,63.46,6686179
2020-06-04,63.46,63.51,62.97,63.03,1847942
2020-06-07,63.03,63.05,62.51,62.53,1402709
2020-06-08,62.53,62.74,62.25,62.45,4288751
2020-06-09,62.45,63.20,62.05,62.80,7370267
2020-06-10,62.80,63.02,62.53,62.75,4548491
2020-06-11,62.75,63.47,62.36,63.08,7206138
2020-06-14,63.08,63.55,62.77,63.24,5985185
2020-06-15,63.24,63.30,62.76,62.82,1897976
2020-06-16,62.82,62.93,62.41,62.52,2771673
2020-06-17,62.52,62.52,61.97,61.98,1026028
2020-06-18,61.98,62.21,61.73,61.96,4784499
2020-06-21,61.96,62.04,61.52,61.60,2318689
2020-06-22,61.60,61.78,61.28,61.46,3826131
2020-06-23,61.46,62.43,61.00,61.96,8541392
2020-06-24,61.96,61.98,61.44,61.45,1180521
2020-06-25,61.45,61.49,60.97,61.01,1718827
2020-06-28,61.01,61.97,60.55,61.51,8501989
2020-06-29,61.51,61.61,61.10,61.21,2690500
2020-06-30,61.21,61.67,60.90,61.37,6037448
2020-07-01,61.37,62.23,60.94,61.80,7999622
2020-07-02,61.80,61.87,61.35,61.42,2181961
2020-07-05,61.42,61.61,61.12,61.32,4115329
2020-07-06,61.32,61.40,60.89,60.97,2367626
2020-07-07,60.97,61.09,60.59,60.71,2988237
2020-07-08,60.71,61.42,60.33,61.04,7285802
2020-07-09,61.04,61.16,60.65,60.77,2939334
2020-07-12,60.77,61.71,60.32,61.26,8442661
2020-07-13,61.26,61.37,60.87,60.98,2882201
2020-07-14,60.98,61.25,60.74,61.01,5048079
2020-07-15,61.01,61.44,60.71,61.14,5878566
2020-07-16,61.14,61.22,60.70,60.78,2237860
2020-07-19,60.78,60.96,60.48,60.66,4027194
2020-07-20,60.66,61.24,60.32,60.90,6629286
2020-07-21,60.90,61.90,60.43,61.42,8686111
2020-07-22,61.42,61.56,61.06,61.19,3210013
2020-07-23,61.19,61.66,60.89,61.35,6028155
2020-07-26,61.35,61.39,60.86,60.89,1560288
2020-07-27,60.89,61.34,60.59,61.04,5929869
2020-07-28,61.04,61.78,60.65,61.38,7408504
2020-07-29,61.38,62.29,60.94,61.84,8193724
2020-07-30,61.84,62.61,61.44,62.21,7520096
2020-08-02,62.21,62.70,61.89,62.38,6103669
2020-08-03,62.38,63.24,61.95,62.81,7919753
2020-08-04,62.81,62.95,62.44,62.59,3314026
2020-08-05,62.59,62.94,62.31,62.67,5446982
2020-08-06,62.67,62.86,62.36,62.55,4071707
2020-08-09,62.55,62.78,62.29,62.52,4644993
2020-08-10,62.52,63.56,62.03,63.07,8771776
2020-08-11,63.07,63.95,62.63,63.51,7982921
2020-08-12,63.51,64.16,63.13,63.79,6846330
2020-08-13,63.79,63.94,63.42,63.58,3411385
2020-08-16,63.58,64.26,63.20,63.88,6986728
2020-08-17,63.88,64.20,63.61,63.93,5251371
2020-08-18,63.93,64.98,63.44,64.48,8699142
2020-08-19,64.48,64.70,64.19,64.41,4416460
2020-08-20,64.41,64.55,64.03,64.17,3193449
2020-08-23,64.17,64.36,63.85,64.04,3968381
2020-08-24,64.04,64.20,63.69,63.85,3605452
2020-08-25,63.85,64.05,63.54,63.73,4005898
2020-08-26,63.73,64.74,63.25,64.25,8552434
2020-08-27,64.25,65.13,63.81,64.69,7887037
2020-08-30,64.69,64.82,64.29,64.42,3022050
2020-08-31,64.42,64.47,63.92,63.97,1784636
2020-09-01,63.97,64.20,63.70,63.93,4594547
2020-09-02,63.93,64.09,63.58,63.74,3575240
2020-09-03,63.74,63.87,63.34,63.47,2998319
2020-09-06,63.47,63.76,63.21,63.50,5061316
2020-09-07,63.50,64.60,62.99,64.09,8998799
2020-09-08,64.09,64.89,63.67,64.47,7526817
2020-09-09,64.47,64.70,64.20,64.43,4620679
2020-09-10,64.43,65.05,64.07,64.68,6626063
2020-09-13,64.68,64.79,64.26,64.37,2703463
2020-09-14,64.37,64.98,64.01,64.62,6605967
2020-09-15,64.62,65.48,64.18,65.04,7790363
2020-09-16,65.04,65.92,64.59,65.48,7861591
2020-09-17,65.48,66.04,65.13,65.69,6350514
2020-09-20,65.69,66.58,65.24,66.13,7825034
2020-09-21,66.13,66.22,65.66,65.75,2334533
2020-09-22,65.75,66.50,65.34,66.09,7187654
2020-09-23,66.09,66.16,65.60,65.67,2063408
2020-09-24,65.67,66.05,65.38,65.76,5455624
2020-09-27,65.76,65.98,65.47,65.69,4450720
2020-09-28,65.69,65.75,65.19,65.24,1838820
2020-09-29,65.24,65.48,64.96,65.20,4558196
2020-09-30,65.20,65.23,64.67,64.70,1473045
2020-10-01,64.70,64.79,64.25,64.35,2484602
2020-10-04,64.35,64.47,63.95,64.07,2975582
2020-10-05,64.07,64.11,63.56,63.60,1587962
2020-10-06,63.60,64.35,63.19,63.95,7334087
2020-10-07,63.95,64.14,63.63,63.83,4041117
2020-10-08,63.83,64.75,63.37,64.29,8128806
2020-10-11,64.29,64.47,63.95,64.13,3720610
2020-10-12,64.13,64.26,63.73,63.87,3088134
2020-10-13,63.87,64.86,63.39,64.38,8428909
2020-10-14,64.38,64.51,63.98,64.10,2977503
2020-10-15,64.10,64.26,63.74,63.90,3449965
2020-10-18,63.90,64.34,63.59,64.03,5821604
2020-10-19,64.03,65.02,63.56,64.54,8438100
2020-10-20,64.54,65.55,64.06,65.06,8459945
2020-10-21,65.06,65.24,64.71,64.88,3640226
2020-10-22,64.88,65.68,64.47,65.26,7435733
2020-10-25,65.26,65.63,64.97,65.34,5451406
2020-10-26,65.34,65.67,65.06,65.39,5218106
2020-10-27,65.39,65.54,65.01,65.16,3303737
2020-10-28,65.16,65.60,64.85,65.29,5757681
2020-10-29,65.29,65.75,64.97,65.43,5888580
2020-11-01,65.43,66.22,65.02,65.80,7375445
2020-11-02,65.80,66.05,65.53,65.78,4712105
2020-11-03,65.78,66.91,65.25,66.38,8984979
2020-11-04,66.38,67.10,65.99,66.70,6984190
2020-11-05,66.70,67.12,66.39,66.81,5648010
2020-11-08,66.81,66.87,66.30,66.36,1840637
2020-11-09,66.36,66.74,66.06,66.44,5463305
2020-11-10,66.44,66.64,66.11,66.30,3898731
2020-11-11,66.30,66.48,65.95,66.13,3788888
2020-11-12,66.13,66.66,65.79,66.32,6146124
2020-11-15,66.32,66.44,65.89,66.01,2797599
2020-11-16,66.01,66.09,65.53,65.61,2163065
2020-11-17,65.61,65.83,65.31,65.53,4365980
2020-11-18,65.53,65.96,65.23,65.65,5677949
2020-11-19,65.65,66.64,65.17,66.16,8296502
2020-11-22,66.16,66.32,65.78,65.94,3456207
2020-11-23,65.94,66.84,65.49,66.39,7873113
2020-11-24,66.39,66.42,65.85,65.89,1522530
2020-11-25,65.89,66.54,65.51,66.16,6750137
2020-11-26,66.16,66.41,65.89,66.14,4716426
2020-11-29,66.14,66.15,65.58,65.59,1174485
2020-11-30,65.59,65.63,65.06,65.10,1581104
2020-12-01,65.10,65.92,64.67,65.49,7541220
2020-12-02,65.49,65.59,65.05,65.15,2585699
2020-12-03,65.15,65.92,64.74,65.50,7282441
2020-12-06,65.50,65.68,65.15,65.33,3680829
2020-12-07,65.33,65.33,64.76,64.77,1089506
2020-12-08,64.77,64.91,64.38,64.52,3187482
2020-12-09,64.52,64.75,64.24,64.46,4468587
2020-12-10,64.46,65.38,64.01,64.92,8019238
2020-12-13,64.92,65.97,64.42,65.47,8629561
2020-12-14,65.47,65.80,65.19,65.52,5237825
2020-12-15,65.52,65.63,65.09,65.20,2708230
2020-12-16,65.20,65.33,64.79,64.92,2942009
2020-12-17,64.92,64.94,64.37,64.40,1321879
2020-12-20,64.40,64.62,64.11,64.34,4489814
2020-12-21,64.34,64.71,64.05,64.42,5458161
2020-12-22,64.42,64.62,64.11,64.30,4054080
2020-12-23,64.30,65.35,63.81,64.86,8697325
2020-12-24,64.86,65.02,64.49,64.66,3511351
2020-12-27,64.66,65.73,64.15,65.22,8767764
2020-12-28,65.22,65.33,64.79,64.90,2664094
2020-12-29,64.90,65.90,64.41,65.42,8434910
2020-12-30,65.42,65.53,64.99,65.11,2796262
2020-12-31,65.11,65.54,64.80,65.23,5723456
2021-01-03,65.23,66.06,64.80,65.63,7562174
2021-01-04,65.63,66.01,65.33,65.71,5472908
2021-01-05,65.71,66.04,65.44,65.76,5208744
2021-01-06,65.76,65.97,65.45,65.67,4226474
2021-01-07,65.67,65.87,65.35,65.55,4131035
2021-01-10,65.55,65.78,65.27,65.49,4453292
2021-01-11,65.49,65.54,64.98,65.03,1761145
2021-01-12,65.03,65.10,64.55,64.63,2103978
2021-01-13,64.63,65.28,64.25,64.90,6790432
2021-01-14,64.90,65.07,64.54,64.70,3499519
2021-01-17,64.70,64.81,64.28,64.39,2725068
2021-01-18,64.39,65.20,63.97,64.78,7553497
2021-01-19,64.78,65.02,64.52,64.76,4774931
2021-01-20,64.76,64.78,64.22,64.24,1327640
2021-01-21,64.24,64.31,63.77,63.84,2075823
2021-01-24,63.84,64.93,63.33,64.42,8920713
2021-01-25,64.42,64.43,63.88,63.89,1245027
2021-01-26,63.89,63.93,63.39,63.43,1690740
2021-01-27,63.43,63.58,63.06,63.20,3270198
2021-01-28,63.20,63.64,62.90,63.33,5810562
2021-01-31,63.33,63.38,62.84,62.89,1731584
2021-02-01,62.89,63.60,62.50,63.21,7156721
2021-02-02,63.21,63.29,62.76,62.85,2357578
2021-02-03,62.85,63.23,62.56,62.94,5531687
2021-02-04,62.94,63.81,62.51,63.37,7913614
2021-02-07,63.37,63.45,62.92,62.99,2219410
2021-02-08,62.99,63.97,62.52,63.49,8424382
2021-02-09,63.49,64.57,62.99,64.07,8874211
2021-02-10,64.07,65.12,63.57,64.62,8729389
2021-02-11,64.62,65.05,64.31,64.75,5743004
2021-02-14,64.75,65.10,64.46,64.82,5371844
2021-02-15,64.82,64.83,64.27,64.28,1220850
2021-02-16,64.28,65.36,63.78,64.85,8820884
2021-02-17,64.85,65.92,64.35,65.42,8739849
2021-02-18,65.42,66.13,65.02,65.73,7027126
2021-02-21,65.73,66.01,65.47,65.75,4991358
2021-02-22,65.75,66.31,65.40,65.96,6311556
2021-02-23,65.96,66.35,65.67,66.05,5481550
2021-02-24,66.05,66.46,65.75,66.16,5587757
2021-02-25,66.16,66.18,65.61,65.64,1420301
2021-02-28,65.64,66.55,65.19,66.09,7917455
2021-03-01,66.09,66.57,65.76,66.25,5943415
2021-03-02,66.25,66.62,65.96,66.32,5399417
2021-03-03,66.32,66.37,65.80,65.85,1668175
2021-03-04,65.85,65.87,65.30,65.33,1391666
2021-03-07,65.33,65.73,65.03,65.43,5582235
2021-03-08,65.43,65.94,65.10,65.61,6067043
2021-03-09,65.61,65.76,65.22,65.37,3265843
2021-03-10,65.37,65.71,65.09,65.43,5302091
2021-03-11,65.43,66.45,64.94,65.96,8447393
2021-03-14,65.96,66.65,65.57,66.26,6899279
2021-03-15,66.26,67.16,65.80,66.70,7892318
2021-03-16,66.70,66.91,66.38,66.59,4142558
2021-03-17,66.59,67.45,66.15,67.00,7625308
2021-03-18,67.00,68.10,66.49,67.58,8686248
2021-03-21,67.58,67.81,67.28,67.52,4485871
2021-03-22,67.52,68.64,66.99,68.11,8777263
2021-03-23,68.11,68.25,67.69,67.83,3017215
2021-03-24,67.83,68.08,67.56,67.81,4810665
2021-03-25,67.81,68.26,67.50,67.94,5688477
2021-03-28,67.94,68.02,67.45,67.53,2218552
2021-03-29,67.53,68.58,67.03,68.07,8450274
2021-03-30,68.07,68.12,67.54,67.59,1692283
2021-03-31,67.59,67.63,67.05,67.09,1623593
2021-04-01,67.09,67.21,66.65,66.77,2738031
2021-04-04,66.77,67.73,66.29,67.25,8122016
2021-04-05,67.25,67.49,66.97,67.21,4565672
2021-04-06,67.21,67.93,66.80,67.53,7007270
2021-04-07,67.53,67.75,67.22,67.44,4311008
2021-04-08,67.44,68.03,67.08,67.67,6378120
2021-04-11,67.67,68.75,67.16,68.23,8591323
2021-04-12,68.23,68.27,67.69,67.73,1592592
2021-04-13,67.73,67.82,67.26,67.35,2394272
2021-04-14,67.35,67.47,66.92,67.04,2823525
2021-04-15,67.04,67.19,66.65,66.80,3300102
2021-04-18,66.80,67.00,66.46,66.66,3947462
2021-04-19,66.66,66.66,66.08,66.08,1037208
2021-04-20,66.08,66.33,65.82,66.07,4766872
2021-04-21,66.07,66.64,65.71,66.29,6371021
2021-04-22,66.29,66.91,65.92,66.54,6565706
2021-04-25,66.54,66.56,65.99,66.01,1326234
2021-04-26,66.01,66.29,65.74,66.03,4998285
2021-04-27,66.03,66.68,65.65,66.30,6742352
2021-04-28,66.30,66.52,66.00,66.22,4311522
2021-04-29,66.22,66.36,65.82,65.96,3162585
2021-05-02,65.96,66.22,65.70,65.96,4900480
2021-05-03,65.96,65.97,65.39,65.40,1056069
2021-05-04,65.40,65.61,65.09,65.30,4197256
2021-05-05,65.30,65.52,65.00,65.22,4373422
2021-05-06,65.22,65.35,64.81,64.93,2893209
2021-05-09,64.93,65.09,64.56,64.72,3435631
2021-05-10,64.72,65.74,64.23,65.25,8494513
2021-05-11,65.25,65.56,64.98,65.29,5156275
2021-05-12,65.29,65.50,64.98,65.19,4211042
2021-05-13,65.19,65.42,64.91,65.15,4597085
2021-05-16,65.15,65.29,64.76,64.90,3178600
2021-05-17,64.90,64.95,64.40,64.46,1856824
2021-05-18,64.46,64.65,64.14,64.33,4014471
2021-05-19,64.33,65.30,63.86,64.82,8293518
2021-05-20,64.82,65.67,64.39,65.24,7706310
2021-05-23,65.24,65.31,64.76,64.83,2080006
2021-05-24,64.83,65.70,64.38,65.26,7834362
2021-05-25,65.26,65.26,64.69,64.70,1092832
2021-05-26,64.70,64.77,64.23,64.30,2127023
2021-05-27,64.30,64.60,64.03,64.34,5134465
2021-05-30,64.34,64.36,63.80,63.83,1349725
2021-05-31,63.83,64.62,63.41,64.20,7488854
2021-06-01,64.20,64.36,63.84,64.01,3527160
2021-06-02,64.01,64.18,63.67,63.85,3810322
2021-06-03,63.85,64.23,63.56,63.94,5498834
2021-06-06,63.94,64.49,63.60,64.15,6345781
2021-06-07,64.15,64.33,63.82,64.00,3807956
2021-06-08,64.00,64.79,63.58,64.37,7490294
2021-06-09,64.37,65.47,63.86,64.96,8923662
2021-06-10,64.96,65.20,64.69,64.93,4675960
2021-06-13,64.93,66.01,64.42,65.50,8796570
2021-06-14,65.50,66.12,65.13,65.75,6594135
2021-06-15,65.75,65.80,65.24,65.29,1747668
2021-06-16,65.29,65.53,65.03,65.27,4750994
2021-06-17,65.27,65.38,64.84,64.95,2690534
2021-06-20,64.95,65.51,64.60,65.16,6356412
2021-06-21,65.16,65.80,64.79,65.43,6686899
2021-06-22,65.43,66.47,64.94,65.97,8546193
2021-06-23,65.97,66.43,65.65,66.11,5835528
2021-06-24,66.11,66.17,65.61,65.67,1937620
2021-06-27,65.67,65.84,65.31,65.47,3494444
2021-06-28,65.47,65.63,65.10,65.27,3518347
2021-06-29,65.27,65.32,64.77,64.82,1836488
2021-06-30,64.82,65.49,64.44,65.11,6868621
2021-07-01,65.11,65.22,64.68,64.80,2738203
2021-07-04,64.80,64.84,64.29,64.34,1716838
2021-07-05,64.34,64.82,64.01,64.50,6002057
2021-07-06,64.50,65.16,64.12,64.78,6828429
2021-07-07,64.78,65.04,64.53,64.79,4912002
2021-07-08,64.79,65.00,64.48,64.69,4228086
2021-07-11,64.69,64.83,64.30,64.44,3122359
2021-07-12,64.44,65.08,64.06,64.71,6755315
2021-07-13,64.71,64.96,64.46,64.71,4880041
2021-07-14,64.71,64.83,64.30,64.43,2953326
2021-07-15,64.43,64.53,63.99,64.09,2580109
2021-07-18,64.09,64.24,63.72,63.86,3291255
2021-07-19,63.86,63.91,63.36,63.40,1654663
2021-07-20,63.40,63.57,63.06,63.23,3719718
2021-07-21,63.23,63.35,62.83,62.94,2795061
2021-07-22,62.94,63.04,62.51,62.61,2559705
2021-07-25,62.61,62.98,62.33,62.70,5507475
2021-07-26,62.70,63.32,62.34,62.96,6724794
2021-07-27,62.96,62.96,62.41,62.41,1001783
2021-07-28,62.41,62.55,62.04,62.18,3276714
2021-07-29,62.18,62.27,61.75,61.84,2413786
2021-08-01,61.84,62.77,61.39,62.32,8314231
2021-08-02,62.32,63.27,61.86,62.80,8360768
2021-08-03,62.80,62.82,62.27,62.28,1195370
2021-08-04,62.28,62.46,61.96,62.14,3830384
2021-08-05,62.14,63.03,61.70,62.59,8092969
2021-08-08,62.59,63.14,62.25,62.80,6402880
2021-08-09,62.80,63.45,62.43,63.08,6883573
2021-08-10,63.08,63.52,62.78,63.22,5806652
2021-08-11,63.22,63.56,62.94,63.28,5369650
2021-08-12,63.28,63.53,63.03,63.27,4807133
2021-08-15,63.27,63.52,63.03,63.27,4835150
2021-08-16,63.27,63.30,62.75,62.78,1429012
2021-08-17,62.78,63.85,62.28,63.35,8934396
2021-08-18,63.35,64.35,62.87,63.87,8511796
2021-08-19,63.87,64.33,63.55,64.02,5914300
2021-08-22,64.02,64.62,63.66,64.26,6598696
2021-08-23,64.26,64.47,63.96,64.16,4169924
2021-08-24,64.16,64.68,63.83,64.35,6158847
2021-08-25,64.35,64.35,63.79,63.80,1133367
2021-08-26,63.80,63.94,63.42,63.55,3142866
2021-08-29,63.55,63.93,63.27,63.64,5495987
2021-08-30,63.64,63.82,63.31,63.50,3871742
2021-08-31,63.50,64.55,63.00,64.05,8763957
2021-09-01,64.05,64.80,63.65,64.39,7259053
2021-09-02,64.39,64.47,63.93,64.00,2147153
2021-09-05,64.00,64.98,63.53,64.50,8366529
2021-09-06,64.50,65.15,64.13,64.78,6781378
2021-09-07,64.78,65.54,64.37,65.13,7292935
2021-09-08,65.13,65.47,64.85,65.19,5283916
2021-09-09,65.19,65.98,64.77,65.56,7396296
2021-09-12,65.56,66.19,65.19,65.82,6642421
2021-09-13,65.82,65.94,65.39,65.52,2849451
2021-09-14,65.52,65.74,65.23,65.45,4437139
2021-09-15,65.45,65.62,65.09,65.25,3528943
2021-09-16,65.25,65.47,64.96,65.18,4396467
2021-09-19,65.18,65.20,64.63,64.65,1237242
2021-09-20,64.65,64.67,64.11,64.12,1285836
2021-09-21,64.12,64.45,63.85,64.18,5258299
2021-09-22,64.18,64.19,63.63,63.64,1129938
2021-09-23,63.64,63.78,63.26,63.40,3246433
2021-09-26,63.40,64.45,62.91,63.96,8768278
2021-09-27,63.96,64.74,63.55,64.33,7448559
2021-09-28,64.33,64.57,64.07,64.31,4744067
2021-09-29,64.31,64.39,63.85,63.93,2259739
2021-09-30,63.93,64.73,63.51,64.31,7526440
2021-10-03,64.31,64.32,63.76,63.76,1112071
2021-10-04,63.76,64.05,63.50,63.79,5066015
2021-10-05,63.79,64.03,63.53,63.76,4696913
2021-10-06,63.76,63.94,63.42,63.59,3683779
2021-10-07,63.59,63.82,63.32,63.54,4520438
2021-10-10,63.54,63.62,63.09,63.17,2293312
2021-10-11,63.17,64.02,62.74,63.59,7792524
2021-10-12,63.59,63.77,63.27,63.45,3956344
2021-10-13,63.45,63.62,63.11,63.28,3648971
2021-10-14,63.28,64.33,62.79,63.83,8771639
2021-10-17,63.83,64.46,63.47,64.09,6707064
2021-10-18,64.09,64.29,63.78,63.98,4097222
2021-10-19,63.98,64.04,63.50,63.56,1954458
2021-10-20,63.56,64.48,63.11,64.02,8105932
2021-10-21,64.02,64.71,63.64,64.32,6971399
2021-10-24,64.32,64.95,63.96,64.58,6674314
2021-10-25,64.58,64.74,64.22,64.38,3486282
2021-10-26,64.38,65.20,63.95,64.77,7604835
2021-10-27,64.77,64.86,64.31,64.39,2264540
2021-10-28,64.39,64.60,64.09,64.29,4181447
2021-10-31,64.29,64.31,63.76,63.78,1330864
2021-11-01,63.78,64.69,63.33,64.23,8058470
2021-11-02,64.23,64.62,63.94,64.33,5524759
2021-11-03,64.33,65.12,63.91,64.70,7482818
2021-11-04,64.70,64.86,64.33,64.49,3389437
2021-11-07,64.49,64.61,64.07,64.19,2849554
2021-11-08,64.19,64.55,63.91,64.27,5394032
2021-11-09,64.27,65.09,63.84,64.66,7590775
2021-11-10,64.66,65.46,64.24,65.04,7489163
2021-11-11,65.04,65.61,64.69,65.26,6397839
2021-11-14,65.26,66.18,64.80,65.72,7995816
2021-11-15,65.72,66.38,65.34,66.00,6776920
2021-11-16,66.00,66.46,65.68,66.14,5827572
2021-11-17,66.14,67.06,65.68,66.59,7937894
2021-11-18,66.59,66.80,66.27,66.47,4046159
2021-11-21,66.47,67.19,66.07,66.79,7016563
2021-11-22,66.79,66.91,66.35,66.47,2750342
2021-11-23,66.47,66.58,66.03,66.13,2630212
2021-11-24,66.13,66.48,65.85,66.20,5298148
2021-11-25,66.20,66.38,65.85,66.03,3766495
2021-11-28,66.03,66.50,65.71,66.18,5862414
2021-11-29,66.18,66.37,65.85,66.05,4005658
2021-11-30,66.05,66.61,65.69,66.26,6319684
2021-12-01,66.26,66.26,65.69,65.69,1076097
2021-12-02,65.69,66.29,65.33,65.93,6472427
2021-12-05,65.93,66.37,65.61,66.06,5743244
2021-12-06,66.06,66.90,65.62,66.46,7604595
2021-12-07,66.46,67.40,65.99,66.93,8031790
2021-12-08,66.93,67.30,66.64,67.01,5370507
2021-12-09,67.01,67.26,66.74,66.99,4781241
2021-12-12,66.99,67.19,66.66,66.86,4017078
2021-12-13,66.86,67.92,66.36,67.41,8534807
2021-12-14,67.41,67.61,67.07,67.27,3939368
2021-12-15,67.27,67.72,66.95,67.40,5761625
2021-12-16,67.40,67.51,66.95,67.05,2569478
2021-12-19,67.05,68.08,66.55,67.58,8412311
2021-12-20,67.58,68.67,67.07,68.15,8598765
2021-12-21,68.15,68.84,67.75,68.44,6807853
2021-12-22,68.44,68.86,68.13,68.55,5533401
2021-12-23,68.55,69.48,68.07,69.01,7861831
2021-12-26,69.01,70.11,68.48,69.58,8583264
2021-12-27,69.58,70.25,69.19,69.86,6635973
2021-12-28,69.86,70.58,69.44,70.17,6884156
2021-12-29,70.17,70.33,69.75,69.91,3229046
2021-12-30,69.91,70.68,69.49,70.25,7053360
2022-01-02,70.25,71.47,69.69,70.90,8999074
2022-01-03,70.90,70.98,70.38,70.46,2078532
2022-01-04,70.46,70.53,69.94,70.02,2118895
2022-01-05,70.02,70.06,69.45,69.49,1539917
2022-01-06,69.49,70.58,68.97,70.05,8465054
2022-01-09,70.05,70.20,69.63,69.78,3165912
2022-01-10,69.78,69.98,69.42,69.62,3840020
2022-01-11,69.62,69.67,69.07,69.12,1721947
2022-01-12,69.12,69.54,68.81,69.22,5527743
2022-01-13,69.22,69.38,68.81,68.97,3232716
2022-01-16,68.97,68.98,68.38,68.39,1182544
2022-01-17,68.39,68.64,68.10,68.34,4537722
2022-01-18,68.34,68.48,67.92,68.06,3051337
2022-01-19,68.06,68.14,67.57,67.65,2180178
2022-01-20,67.65,67.82,67.27,67.44,3529183
2022-01-23,67.44,68.09,67.06,67.71,6629218
2022-01-24,67.71,68.67,67.23,68.19,8048182
2022-01-25,68.19,68.67,67.86,68.34,5835459
2022-01-26,68.34,68.36,67.77,67.79,1299691
2022-01-27,67.79,68.32,67.44,67.97,6119890
2022-01-30,67.97,68.66,67.58,68.27,6789883
2022-01-31,68.27,68.87,67.90,68.50,6396090
2022-02-01,68.50,69.40,68.04,68.94,7728635
2022-02-02,68.94,68.99,68.40,68.45,1725788
2022-02-03,68.45,68.47,67.87,67.89,1251748
2022-02-06,67.89,68.89,67.40,68.40,8207750
2022-02-07,68.40,68.47,67.89,67.95,1976508
2022-02-08,67.95,68.29,67.67,68.00,5200000
2022-02-09,68.00,68.13,67.57,67.70,2890569
2022-02-10,67.70,67.82,67.27,67.39,2875377
2022-02-13,67.39,67.81,67.08,67.50,5574176
2022-02-14,67.50,67.64,67.09,67.23,3110425
2022-02-15,67.23,68.12,66.77,67.66,7755727
2022-02-16,67.66,68.11,67.34,67.79,5707613
2022-02-17,67.79,68.01,67.47,67.69,4200651
2022-02-20,67.69,67.89,67.34,67.54,3950891
2022-02-21,67.54,68.70,67.01,68.16,8933641
2022-02-22,68.16,68.19,67.61,67.64,1494581
2022-02-23,67.64,67.76,67.20,67.32,2794204
2022-02-24,67.32,67.43,66.87,66.98,2585596
2022-02-27,66.98,67.55,66.62,67.19,6325548
2022-02-28,67.19,68.06,66.75,67.61,7618998
2022-03-01,67.61,68.12,67.27,67.78,5996810
2022-03-02,67.78,68.29,67.44,67.95,6026886
2022-03-03,67.95,68.41,67.63,68.09,5758607
2022-03-06,68.09,68.71,67.71,68.33,6500617
2022-03-07,68.33,68.54,67.99,68.19,3931927
2022-03-08,68.19,69.27,67.67,68.75,8546364
2022-03-09,68.75,69.59,68.31,69.15,7430349
2022-03-10,69.15,69.31,68.75,68.91,3374005
2022-03-13,68.91,69.07,68.51,68.67,3315603
2022-03-14,68.67,68.88,68.34,68.55,4119341
2022-03-15,68.55,69.45,68.09,68.98,7686454
2022-03-16,68.98,69.01,68.42,68.44,1399657
2022-03-17,68.44,69.39,67.97,68.91,7900925
2022-03-20,68.91,69.13,68.58,68.80,4202606
2022-03-21,68.80,69.35,68.45,69.00,6131858
2022-03-22,69.00,69.54,68.65,69.19,6108436
2022-03-23,69.19,69.41,68.87,69.09,4255795
2022-03-24,69.09,69.36,68.82,69.09,4845541
2022-03-27,69.09,69.16,68.58,68.65,2075205
2022-03-28,68.65,68.80,68.24,68.39,3179355
2022-03-29,68.39,69.55,67.85,69.00,8874039
2022-03-30,69.00,69.78,68.58,69.35,7134567
2022-03-31,69.35,69.58,69.03,69.26,4306618
2022-04-03,69.26,69.68,68.95,69.37,5550685
2022-04-04,69.37,70.48,68.84,69.95,8619855
2022-04-05,69.95,70.09,69.51,69.65,2970919
2022-04-06,69.65,70.22,69.29,69.86,6208813
2022-04-07,69.86,69.92,69.33,69.39,1864403
2022-04-10,69.39,69.49,68.91,69.01,2505589
2022-04-11,69.01,69.58,68.66,69.22,6181755
2022-04-12,69.22,69.78,68.86,69.42,6201543
2022-04-13,69.42,70.00,69.06,69.64,6243964
2022-04-14,69.64,70.80,69.09,70.25,8802846
2022-04-17,70.25,71.46,69.69,70.90,8964609
2022-04-18,70.90,70.93,70.32,70.36,1519375
2022-04-19,70.36,70.39,69.78,69.81,1405418
2022-04-20,69.81,70.22,69.50,69.90,5486934
2022-04-21,69.90,70.81,69.44,70.34,7665157
2022-04-24,70.34,70.51,69.93,70.10,3322805
2022-04-25,70.10,70.88,69.67,70.45,7101851
2022-04-26,70.45,70.66,70.10,70.31,4014643
2022-04-27,70.31,70.37,69.77,69.84,1888340
2022-04-28,69.84,69.85,69.24,69.25,1142695
2022-05-01,69.25,69.31,68.72,68.79,1901165
2022-05-02,68.79,69.85,68.27,69.34,8435356
2022-05-03,69.34,70.07,68.92,69.66,6942798
2022-05-04,69.66,69.91,69.37,69.62,4658058
2022-05-05,69.62,69.71,69.13,69.22,2297187
2022-05-08,69.22,69.41,68.86,69.06,3835493
2022-05-09,69.06,69.94,68.60,69.48,7618655
2022-05-10,69.48,69.61,69.03,69.16,2807167
2022-05-11,69.16,69.31,68.74,68.89,3154115
2022-05-12,68.89,69.43,68.54,69.08,6116289
2022-05-15,69.08,69.44,68.78,69.14,5298628
2022-05-16,69.14,70.17,68.64,69.67,8231995
2022-05-17,69.67,69.84,69.27,69.45,3484293
2022-05-18,69.45,69.77,69.16,69.48,5104903
2022-05-19,69.48,70.10,69.11,69.72,6402469
2022-05-22,69.72,69.86,69.29,69.43,3056001
2022-05-23,69.43,69.86,69.12,69.54,5559327
2022-05-24,69.54,70.75,68.98,70.19,8998868
2022-05-25,70.19,71.21,69.68,70.70,8164746
2022-05-26,70.70,70.77,70.17,70.24,1995233
2022-05-29,70.24,70.41,69.84,70.00,3354526
2022-05-30,70.00,70.56,69.64,70.20,6143861
2022-05-31,70.20,70.67,69.87,70.34,5745953
2022-06-01,70.34,71.51,69.79,70.96,8802777
2022-06-02,70.96,72.03,70.44,71.51,8326680
2022-06-05,71.51,71.74,71.17,71.39,4144821
2022-06-06,71.39,71.65,71.10,71.36,4676954
2022-06-07,71.36,71.43,70.83,70.90,2046536
2022-06-08,70.90,72.02,70.37,71.49,8525171
2022-06-09,71.49,71.58,70.98,71.07,2310390
2022-06-12,71.07,71.76,70.67,71.35,6636762
2022-06-13,71.35,71.94,70.98,71.57,6220336
2022-06-14,71.57,71.88,71.28,71.59,5036419
2022-06-15,71.59,71.63,71.01,71.04,1430692
2022-06-16,71.04,72.17,70.50,71.63,8563648
2022-06-19,71.63,72.68,71.11,72.16,8188374
2022-06-20,72.16,72.65,71.82,72.30,5761659
2022-06-21,72.30,72.44,71.84,71.98,2888443
2022-06-22,71.98,72.78,71.54,72.34,7099588
2022-06-23,72.34,73.11,71.91,72.68,6962997
2022-06-26,72.68,73.83,72.13,73.28,8528052
2022-06-27,73.28,73.61,72.97,73.31,5103395
2022-06-28,73.31,74.43,72.77,73.89,8368038
2022-06-29,73.89,74.17,73.59,73.88,4815809
2022-06-30,73.88,74.32,73.54,73.99,5533127
2022-07-03,73.99,74.38,73.67,74.06,5310116
2022-07-04,74.06,74.21,73.60,73.76,3085048
2022-07-05,73.76,73.96,73.37,73.57,3722119
2022-07-06,73.57,73.57,72.93,72.94,1122565
2022-07-07,72.94,73.65,72.53,73.24,6669101
2022-07-10,73.24,73.38,72.78,72.93,3003703
2022-07-11,72.93,73.75,72.48,73.30,7138717
2022-07-12,73.30,73.44,72.83,72.97,2901303
2022-07-13,72.97,73.69,72.56,73.27,6711213
2022-07-14,73.27,73.40,72.79,72.91,2691906
2022-07-17,72.91,73.07,72.47,72.62,3114986
2022-07-18,72.62,72.71,72.10,72.18,2177983
2022-07-19,72.18,72.99,71.74,72.54,7115466
2022-07-20,72.54,72.66,72.06,72.18,2643484
2022-07-21,72.18,73.37,71.62,72.81,8737345
2022-07-24,72.81,73.77,72.31,73.27,7742729
2022-07-25,73.27,73.55,72.98,73.26,4820130
2022-07-26,73.26,73.75,72.92,73.40,5722633
2022-07-27,73.40,74.41,72.90,73.90,7907030
2022-07-28,73.90,74.21,73.61,73.92,4978257
2022-07-31,73.92,74.18,73.60,73.85,4467181
2022-08-01,73.85,73.99,73.39,73.53,2941700
2022-08-02,73.53,74.19,73.13,73.79,6451200
2022-08-03,73.79,74.90,73.25,74.36,8304320
2022-08-04,74.36,74.59,74.00,74.24,4180075
2022-08-07,74.24,74.51,73.92,74.19,4572290
2022-08-08,74.19,74.45,73.87,74.14,4567386
2022-08-09,74.14,74.93,73.70,74.48,6955486
2022-08-10,74.48,74.61,73.99,74.11,2674862
2022-08-11,74.11,74.38,73.80,74.07,4589711
2022-08-14,74.07,74.77,73.65,74.35,6601268
2022-08-15,74.35,74.58,73.99,74.22,4092249
2022-08-16,74.22,74.42,73.82,74.02,3704629
2022-08-17,74.02,74.69,73.62,74.29,6450754
2022-08-18,74.29,74.52,73.93,74.16,4157784
2022-08-21,74.16,74.54,73.85,74.23,5245473
2022-08-22,74.23,74.29,73.66,73.72,1837277
2022-08-23,73.72,74.32,73.33,73.94,6204801
2022-08-24,73.94,74.20,73.62,73.88,4545576
2022-08-25,73.88,74.11,73.52,73.75,4094170
2022-08-28,73.75,74.20,73.41,73.87,5566632
2022-08-29,73.87,74.17,73.57,73.87,4938271
2022-08-30,73.87,75.05,73.32,74.49,8554766
2022-08-31,74.49,74.94,74.14,74.60,5576611
2022-09-01,74.60,74.66,74.02,74.08,1756893
2022-09-04,74.08,74.19,73.58,73.69,2552400
2022-09-05,73.69,73.73,73.10,73.14,1568072
2022-09-06,73.14,73.77,72.75,73.38,6334773
2022-09-07,73.38,73.79,73.06,73.47,5420404
2022-09-08,73.47,73.75,73.18,73.47,4874348
2022-09-11,73.47,74.02,73.10,73.65,6005246
2022-09-12,73.65,73.91,73.33,73.59,4492112
2022-09-13,73.59,73.72,73.12,73.25,2828772
2022-09-14,73.25,73.48,72.90,73.12,4101646
2022-09-15,73.12,73.28,72.68,72.83,3100857
2022-09-18,72.83,73.56,72.41,73.14,6764677
2022-09-19,73.14,73.35,72.77,72.99,3957304
2022-09-20,72.99,73.25,72.68,72.94,4579972
2022-09-21,72.94,73.16,72.58,72.80,4015397
2022-09-22,72.80,74.04,72.22,73.45,8905555
2022-09-25,73.45,73.69,73.11,73.35,4262791
2022-09-26,73.35,73.88,72.99,73.52,5914266
2022-09-27,73.52,74.14,73.14,73.76,6279732
2022-09-28,73.76,74.19,73.42,73.86,5482647
2022-09-29,73.86,74.84,73.35,74.34,7794615
2022-10-02,74.34,75.24,73.86,74.76,7413168
2022-10-03,74.76,74.96,74.35,74.54,3572873
2022-10-04,74.54,74.86,74.25,74.56,4989780
2022-10-05,74.56,75.52,74.07,75.02,7639197
2022-10-06,75.02,75.09,74.45,74.52,1866803
2022-10-09,74.52,75.77,73.93,75.18,8833093
2022-10-10,75.18,75.28,74.64,74.74,2291152
2022-10-11,74.74,74.94,74.34,74.54,3697770
2022-10-12,74.54,75.26,74.12,74.84,6657887
2022-10-13,74.84,74.97,74.35,74.47,2702366
2022-10-16,74.47,74.73,74.14,74.39,4399108
2022-10-17,74.39,74.45,73.82,73.88,1797496
2022-10-18,73.88,74.11,73.53,73.77,4206172
2022-10-19,73.77,74.63,73.30,74.17,7304149
2022-10-20,74.17,74.63,73.83,74.29,5585253
2022-10-23,74.29,74.37,73.74,73.83,2135905
2022-10-24,73.83,74.80,73.33,74.30,7746227
2022-10-25,74.30,74.71,73.98,74.38,5354492
2022-10-26,74.38,75.39,73.87,74.87,7824897
2022-10-27,74.87,74.88,74.23,74.23,1058676
2022-10-30,74.23,74.49,73.90,74.16,4438545
2022-10-31,74.16,75.35,73.59,74.78,8606481
2022-11-01,74.78,75.48,74.36,75.06,6574828
2022-11-02,75.06,75.67,74.68,75.28,6170747
2022-11-03,75.28,76.30,74.77,75.78,7813991
2022-11-06,75.78,75.98,75.37,75.57,3628017
2022-11-07,75.57,76.11,75.20,75.74,5884430
2022-11-08,75.74,77.00,75.15,76.40,8780761
2022-11-09,76.40,76.60,75.98,76.17,3551577
2022-11-10,76.17,76.97,75.72,76.52,6912928
2022-11-13,76.52,77.31,76.07,76.86,6840123
2022-11-14,76.86,76.91,76.25,76.31,1678840
2022-11-15,76.31,76.58,75.98,76.26,4589574
2022-11-16,76.26,76.66,75.93,76.33,5325411
2022-11-17,76.33,76.36,75.70,75.72,1343141
2022-11-20,75.72,75.82,75.18,75.28,2247702
2022-11-21,75.28,76.23,74.78,75.73,7569958
2022-11-22,75.73,76.27,75.36,75.90,5877812
2022-11-23,75.90,76.07,75.45,75.62,3220644
2022-11-24,75.62,76.91,75.02,76.30,8907098
2022-11-27,76.30,76.43,75.79,75.91,2616186
2022-11-28,75.91,76.05,75.43,75.57,2841735
2022-11-29,75.57,75.84,75.25,75.53,4670164
2022-11-30,75.53,75.67,75.05,75.19,2891598
2022-12-01,75.19,75.45,74.86,75.12,4444307
2022-12-04,75.12,75.73,74.73,75.34,6192489
2022-12-05,75.34,75.42,74.78,74.86,2037379
2022-12-06,74.86,75.04,74.43,74.60,3361694
2022-12-07,74.60,75.85,74.02,75.26,8807407
2022-12-08,75.26,75.44,74.83,75.01,3386865
2022-12-11,75.01,75.15,74.54,74.68,2927229
2022-12-12,74.68,75.69,74.17,75.18,7848251
2022-12-13,75.18,75.27,74.64,74.74,2273388
2022-12-14,74.74,75.42,74.33,75.01,6474245
2022-12-15,75.01,75.73,74.58,75.30,6648353
2022-12-18,75.30,75.38,74.74,74.82,2030281
2022-12-19,74.82,74.85,74.20,74.22,1336076
2022-12-20,74.22,75.40,73.67,74.84,8541049
2022-12-21,74.84,75.40,74.46,75.02,5990877
2022-12-22,75.02,75.80,74.58,75.36,6846056
2022-12-25,75.36,76.63,74.76,76.03,8859670
2022-12-26,76.03,76.07,75.41,75.45,1488511
2022-12-27,75.45,75.55,74.92,75.02,2337517
2022-12-28,75.02,75.16,74.55,74.69,2937551
2022-12-29,74.69,75.71,74.18,75.19,7856515
2023-01-01,75.19,76.04,74.73,75.57,7143792
2023-01-02,75.57,75.66,75.02,75.10,2108024
2023-01-03,75.10,75.36,74.77,75.03,4428223
2023-01-04,75.03,76.23,74.46,75.65,8598216
2023-01-05,75.65,75.71,75.06,75.11,1704423
2023-01-08,75.11,75.23,74.60,74.72,2536968
2023-01-09,74.72,74.79,74.16,74.24,2034122
2023-01-10,74.24,74.57,73.94,74.27,5060082
2023-01-11,74.27,74.71,73.93,74.37,5516083
2023-01-12,74.37,75.13,73.94,74.69,6784842
2023-01-15,74.69,75.62,74.21,75.14,7508333
2023-01-16,75.14,76.36,74.56,75.78,8698902
2023-01-17,75.78,75.87,75.23,75.32,2183710
2023-01-18,75.32,75.58,74.98,75.24,4382510
2023-01-19,75.24,76.15,74.75,75.67,7418758
2023-01-22,75.67,76.62,75.17,76.12,7564060
2023-01-23,76.12,76.95,75.67,76.49,7015946
2023-01-24,76.49,76.82,76.18,76.51,5008984
2023-01-25,76.51,76.61,75.96,76.06,2259224
2023-01-26,76.06,76.19,75.56,75.69,2741975
2023-01-29,75.69,75.98,75.39,75.68,4802914
2023-01-30,75.68,76.15,75.33,75.80,5602537
2023-01-31,75.80,75.95,75.32,75.47,2893930
2023-02-01,75.47,75.55,74.91,75.00,2133882
2023-02-02,75.00,75.30,74.71,75.01,4927331
2023-02-05,75.01,75.14,74.52,74.66,2805144
2023-02-06,74.66,75.79,74.11,75.24,8335219
2023-02-07,75.24,75.43,74.82,75.02,3566941
2023-02-08,75.02,75.53,74.65,75.17,5808950
2023-02-09,75.17,75.30,74.68,74.81,2740260
2023-02-12,74.81,75.10,74.52,74.81,4854698
2023-02-13,74.81,75.67,74.34,75.20,7238683
2023-02-14,75.20,75.48,74.89,75.17,4682338
2023-02-15,75.17,75.40,74.81,75.04,4123936
2023-02-16,75.04,75.15,74.52,74.63,2427674
2023-02-19,74.63,74.66,74.02,74.06,1494787
2023-02-20,74.06,74.33,73.76,74.03,4707990
2023-02-21,74.03,74.16,73.54,73.67,2709259
2023-02-22,73.67,73.93,73.35,73.61,4510939
2023-02-23,73.61,73.68,73.05,73.12,1940192
2023-02-26,73.12,73.30,72.70,72.88,3416769
2023-02-27,72.88,72.89,72.25,72.25,1064128
2023-02-28,72.25,73.07,71.81,72.62,7153875
2023-03-01,72.62,73.62,72.12,73.12,7883539
2023-03-02,73.12,73.22,72.61,72.72,2487688
2023-03-05,72.72,73.67,72.24,73.18,7682373
2023-03-06,73.18,73.36,72.77,72.94,3442901
2023-03-07,72.94,73.17,72.59,72.82,4114951
2023-03-08,72.82,73.57,72.39,73.14,6859019
2023-03-09,73.14,73.17,72.54,72.57,1428189
2023-03-12,72.57,72.59,71.97,71.99,1279252
2023-03-13,71.99,73.00,71.48,72.49,8017146
2023-03-14,72.49,72.84,72.19,72.54,5172736
2023-03-15,72.54,72.93,72.23,72.61,5313923
2023-03-16,72.61,73.28,72.21,72.88,6490089
2023-03-19,72.88,72.95,72.33,72.41,2009876
2023-03-20,72.41,72.59,72.00,72.19,3552297
2023-03-21,72.19,72.64,71.86,72.31,5611179
2023-03-22,72.31,72.47,71.88,72.05,3272942
2023-03-23,72.05,72.90,71.59,72.44,7327709
2023-03-26,72.44,73.63,71.88,73.07,8713751
2023-03-27,73.07,73.31,72.73,72.97,4295267
2023-03-28,72.97,73.19,72.61,72.82,3973491
2023-03-29,72.82,72.98,72.38,72.54,3131138
2023-03-30,72.54,73.65,72.00,73.11,8410185
2023-04-02,73.11,73.39,72.82,73.10,4822976
2023-04-03,73.10,74.18,72.58,73.65,8196673
2023-04-04,73.65,73.79,73.19,73.33,2951028
2023-04-05,73.33,73.69,73.02,73.38,5209499
2023-04-06,73.38,73.55,72.95,73.11,3243689
2023-04-09,73.11,73.96,72.66,73.50,7251131
2023-04-10,73.50,74.65,72.95,74.10,8466392
2023-04-11,74.10,75.04,73.61,74.55,7605521
2023-04-12,74.55,75.76,73.98,75.18,8643827
2023-04-13,75.18,75.25,74.61,74.68,1926989
2023-04-16,74.68,75.88,74.11,75.31,8615500
2023-04-17,75.31,75.42,74.79,74.90,2462448
2023-04-18,74.90,75.20,74.61,74.91,4924622
2023-04-19,74.91,74.95,74.31,74.36,1606961
2023-04-20,74.36,75.41,73.83,74.89,8040329
2023-04-23,74.89,75.17,74.59,74.87,4792626
2023-04-24,74.87,75.41,74.50,75.04,5913237
2023-04-25,75.04,75.32,74.74,75.02,4710802
2023-04-26,75.02,75.31,74.72,75.01,4864334
2023-04-27,75.01,76.28,74.42,75.69,8867661
2023-04-30,75.69,75.90,75.29,75.50,3807201
2023-05-01,75.50,76.68,74.94,76.11,8473079
2023-05-02,76.11,76.64,75.75,76.27,5803566
2023-05-03,76.27,77.51,75.69,76.92,8662860
2023-05-04,76.92,77.07,76.44,76.59,2952194
2023-05-07,76.59,77.68,76.05,77.13,8054286
2023-05-08,77.13,77.87,76.70,77.44,6611111
2023-05-09,77.44,78.43,76.92,77.92,7635013
2023-05-10,77.92,78.07,77.43,77.58,2953155
2023-05-11,77.58,78.92,76.96,78.29,8985288
2023-05-14,78.29,78.36,77.69,77.76,1854869
2023-05-15,77.76,77.83,77.16,77.23,1833504
2023-05-16,77.23,77.39,76.76,76.92,3118724
2023-05-17,76.92,77.24,76.62,76.93,4945096
2023-05-18,76.93,78.02,76.39,77.48,8028669
2023-05-21,77.48,78.66,76.91,78.08,8344753
2023-05-22,78.08,78.34,77.72,77.97,4239026
2023-05-23,77.97,79.29,77.36,78.67,8871982
2023-05-24,78.67,78.91,78.28,78.51,3996707
2023-05-25,78.51,78.68,78.03,78.19,3069993
2023-05-28,78.19,79.22,77.67,78.69,7696776
2023-05-29,78.69,78.72,78.04,78.07,1407921
2023-05-30,78.07,78.37,77.76,78.06,4771330
2023-05-31,78.06,79.11,77.52,78.57,7836385
2023-06-01,78.57,78.80,78.18,78.40,3911728
2023-06-04,78.40,78.69,78.08,78.37,4676371
2023-06-05,78.37,78.65,78.04,78.32,4624142
2023-06-06,78.32,79.13,77.87,78.67,6841460
2023-06-07,78.67,79.29,78.27,78.89,6118449
2023-06-08,78.89,78.92,78.24,78.27,1393381
2023-06-11,78.27,78.74,77.91,78.38,5530452
2023-06-12,78.38,78.65,78.04,78.30,4430898
2023-06-13,78.30,78.34,77.67,77.70,1477434
2023-06-14,77.70,77.88,77.25,77.43,3312037
2023-06-15,77.43,77.58,76.94,77.09,2947050
2023-06-18,77.09,78.23,76.54,77.67,8209636
2023-06-19,77.67,77.87,77.24,77.43,3519547
2023-06-20,77.43,77.76,77.12,77.45,5000240
2023-06-21,77.45,78.78,76.84,78.16,8923319
2023-06-22,78.16,78.20,77.52,77.56,1486316
2023-06-25,77.56,78.13,77.18,77.74,5923799
2023-06-26,77.74,78.57,77.28,78.11,6951817
2023-06-27,78.11,79.35,77.52,78.75,8545679
2023-06-28,78.75,78.76,78.07,78.07,1051063
2023-06-29,78.07,78.57,77.71,78.20,5628463
2023-07-02,78.20,78.44,77.82,78.05,4030967
2023-07-03,78.05,78.11,77.44,77.50,1715363
2023-07-04,77.50,78.66,76.93,78.09,8286591
2023-07-05,78.09,79.01,77.60,78.51,7275514
2023-07-06,78.51,78.69,78.05,78.23,3250034
2023-07-09,78.23,78.32,77.67,77.76,2259533
2023-07-10,77.76,78.25,77.41,77.89,5612654
2023-07-11,77.89,79.24,77.27,78.61,8988408
2023-07-12,78.61,79.43,78.15,78.97,6880624
2023-07-13,78.97,79.08,78.41,78.52,2375720
2023-07-16,78.52,79.18,78.11,78.77,6263820
2023-07-17,78.77,78.80,78.13,78.16,1483196
2023-07-18,78.16,79.49,77.55,78.87,8898045
2023-07-19,78.87,79.57,78.44,79.14,6409602
2023-07-20,79.14,79.58,78.79,79.24,5400582
2023-07-23,79.24,79.51,78.89,79.17,4512962
2023-07-24,79.17,79.47,78.85,79.15,4759087
2023-07-25,79.15,79.74,78.76,79.34,5966117
2023-07-26,79.34,80.60,78.74,80.00,8553806
2023-07-27,80.00,80.29,79.66,79.96,4645610
2023-07-30,79.96,80.69,79.51,80.25,6513134
2023-07-31,80.25,81.47,79.66,80.88,8353909
2023-08-01,80.88,80.91,80.21,80.24,1402503
2023-08-02,80.24,80.35,79.68,79.79,2374965
2023-08-03,79.79,80.72,79.29,80.22,7246604
2023-08-06,80.22,80.92,79.79,80.48,6363100
2023-08-07,80.48,80.80,80.17,80.48,4884945
2023-08-08,80.48,81.77,79.88,81.15,8565226
2023-08-09,81.15,81.99,80.68,81.51,6860733
2023-08-10,81.51,81.54,80.84,80.87,1376406
2023-08-13,80.87,81.91,80.33,81.37,7643106
2023-08-14,81.37,82.05,80.95,81.62,6228737
2023-08-15,81.62,81.80,81.13,81.31,3182681
2023-08-16,81.31,82.40,80.76,81.85,7813580
2023-08-17,81.85,82.94,81.29,82.38,7800445
2023-08-20,82.38,82.91,82.00,82.52,5637105
2023-08-21,82.52,82.81,82.16,82.44,4409979
2023-08-22,82.44,83.30,81.95,82.81,6909190
2023-08-23,82.81,83.07,82.41,82.66,4073010
2023-08-24,82.66,84.03,82.02,83.39,8765637
2023-08-27,83.39,84.26,82.89,83.76,6888305
2023-08-28,83.76,83.83,83.12,83.19,1823731
2023-08-29,83.19,84.41,82.59,83.81,8213888
2023-08-30,83.81,83.98,83.30,83.47,3071124
2023-08-31,83.47,83.57,82.87,82.97,2222599
2023-09-03,82.97,83.62,82.55,83.20,6088065
2023-09-04,83.20,84.04,82.71,83.55,6790980
2023-09-05,83.55,84.89,82.92,84.25,8602949
2023-09-06,84.25,84.81,83.86,84.41,5721502
2023-09-07,84.41,84.88,84.04,84.51,5381207
2023-09-10,84.51,85.78,83.89,85.16,8298113
2023-09-11,85.16,85.28,84.57,84.69,2447530
2023-09-12,84.69,84.79,84.08,84.18,2175137
2023-09-13,84.18,84.48,83.82,84.13,4641426
2023-09-14,84.13,85.20,83.58,84.65,7599485
2023-09-17,84.65,85.98,84.01,85.34,8506104
2023-09-18,85.34,86.81,84.66,86.12,8966220
2023-09-19,86.12,87.48,85.47,86.82,8510699
2023-09-20,86.82,87.06,86.36,86.60,3707441
2023-09-21,86.60,87.99,85.94,87.32,8605829
2023-09-24,87.32,88.70,86.67,88.04,8514506
2023-09-25,88.04,89.02,87.50,88.48,7112482
2023-09-26,88.48,89.40,87.96,88.88,6893587
2023-09-27,88.88,89.05,88.32,88.49,2944238
2023-09-28,88.49,89.17,88.04,88.73,6054561
2023-10-01,88.73,89.73,88.18,89.18,7162825
2023-10-02,89.18,89.37,88.64,88.83,3133230
2023-10-03,88.83,89.09,88.37,88.63,3867009
2023-10-04,88.63,88.96,88.27,88.60,4746879
2023-10-05,88.60,88.90,88.21,88.51,4414814
2023-10-08,88.51,88.76,88.06,88.31,3883161
2023-10-09,88.31,88.49,87.76,87.93,2979080
2023-10-10,87.93,88.03,87.29,87.39,2122325
2023-10-11,87.39,87.43,86.67,86.71,1436351
2023-10-12,86.71,87.13,86.35,86.77,5192764
2023-10-15,86.77,87.88,86.20,87.30,7589094
2023-10-16,87.30,88.49,86.70,87.89,7859910
2023-10-17,87.89,88.75,87.38,88.25,6721262
2023-10-18,88.25,89.53,87.62,88.90,8148456
2023-10-19,88.90,89.03,88.29,88.42,2487174
2023-10-22,88.42,88.59,87.86,88.03,2897908
2023-10-23,88.03,89.01,87.49,88.47,7133744
2023-10-24,88.47,88.79,88.10,88.43,4651474
2023-10-25,88.43,88.82,88.07,88.46,5056035
2023-10-26,88.46,89.67,87.85,89.06,7878292
2023-10-29,89.06,89.12,88.36,88.42,1686145
2023-10-30,88.42,89.82,87.75,89.14,8528978
2023-10-31,89.14,89.73,88.72,89.31,5715432
2023-11-01,89.31,89.67,88.96,89.32,4924519
2023-11-02,89.32,90.77,88.64,90.08,8650068
2023-11-05,90.08,90.35,89.63,89.90,3978497
2023-11-06,89.90,89.96,89.19,89.25,1699931
2023-11-07,89.25,90.73,88.56,90.03,8752640
2023-11-08,90.03,90.71,89.58,90.26,6000823
2023-11-09,90.26,90.47,89.73,89.95,3345713
2023-11-12,89.95,90.23,89.52,89.80,4170027
2023-11-13,89.80,90.81,89.25,90.25,7115740
2023-11-14,90.25,90.70,89.87,90.32,5195198
2023-11-15,90.32,91.07,89.84,90.59,6235562
2023-11-16,90.59,90.74,89.99,90.14,2656584
2023-11-19,90.14,90.28,89.53,89.67,2581721
2023-11-20,89.67,89.79,89.04,89.15,2282578
2023-11-21,89.15,89.41,88.70,88.96,3956687
2023-11-22,88.96,89.88,88.44,89.36,6838614
2023-11-23,89.36,89.59,88.87,89.11,3644410
2023-11-26,89.11,89.88,88.63,89.40,6349382
2023-11-27,89.40,89.87,89.02,89.49,5299211
2023-11-28,89.49,90.06,89.07,89.64,5654389
2023-11-29,89.64,90.07,89.27,89.70,5168004
2023-11-30,89.70,89.73,88.95,88.98,1296844
2023-12-03,88.98,89.21,88.50,88.73,3645850
2023-12-04,88.73,88.97,88.26,88.50,3745884
2023-12-05,88.50,89.22,88.05,88.76,6164849
2023-12-06,88.76,90.29,88.05,89.57,8952126
2023-12-07,89.57,90.08,89.18,89.68,5416358
2023-12-10,89.68,90.72,89.12,90.16,7236556
2023-12-11,90.16,91.69,89.44,90.97,8906550
2023-12-12,90.97,91.51,90.56,91.10,5512757
2023-12-13,91.10,92.34,90.48,91.71,7845301
2023-12-14,91.71,92.65,91.18,92.12,6842455
2023-12-17,92.12,93.22,91.53,92.63,7368415
2023-12-18,92.63,92.85,92.09,92.31,3324417
2023-12-19,92.31,93.03,91.84,92.56,6093175
2023-12-20,92.56,93.35,92.07,92.86,6316666
2023-12-21,92.86,93.26,92.49,92.89,5007235
2023-12-24,92.89,92.98,92.19,92.28,1992043
2023-12-25,92.28,92.88,91.85,92.45,5690843
2023-12-26,92.45,93.82,91.78,93.15,8227091
2023-12-27,93.15,93.81,92.69,93.35,5872393
2023-12-28,93.35,94.92,92.62,94.18,8824279
2023-12-31,94.18,95.61,93.49,94.91,8317318
2024-01-01,94.91,95.34,94.53,94.95,5067558
2024-01-02,94.95,95.15,94.37,94.56,3050308
2024-01-03,94.56,96.08,93.84,95.35,8611248
2024-01-04,95.35,95.54,94.75,94.93,2910871
2024-01-07,94.93,96.17,94.30,95.53,7702263
2024-01-08,95.53,95.86,95.11,95.44,4442215
2024-01-09,95.44,95.61,94.82,94.98,2735665
2024-01-10,94.98,95.09,94.28,94.39,2113477
2024-01-11,94.39,95.45,93.81,94.87,7143552
2024-01-14,94.87,96.17,94.22,95.51,7875274
2024-01-15,95.51,96.11,95.07,95.67,5617283
2024-01-16,95.67,95.96,95.20,95.49,4048593
2024-01-17,95.49,96.10,95.04,95.66,5663031
2024-01-18,95.66,96.24,95.22,95.80,5547016
2024-01-21,95.80,96.68,95.27,96.15,6490672
2024-01-22,96.15,97.32,95.53,96.70,7432270
2024-01-23,96.70,97.19,96.29,96.78,5236008
2024-01-24,96.78,96.85,96.03,96.11,1803120
2024-01-25,96.11,97.62,95.38,96.89,8516323
2024-01-28,96.89,98.26,96.21,97.58,8017592
2024-01-29,97.58,97.61,96.76,96.80,1319272
2024-01-30,96.80,97.11,96.34,96.66,4248525
2024-01-31,96.66,96.68,95.84,95.86,1225102
2024-02-01,95.86,97.33,95.16,96.62,8372462
2024-02-04,96.62,97.33,96.14,96.85,5962208
2024-02-05,96.85,97.16,96.39,96.70,4191872
2024-02-06,96.70,96.83,96.01,96.14,2296021
2024-02-07,96.14,97.80,95.37,97.03,8990706
2024-02-08,97.03,97.34,96.58,96.89,4251234
2024-02-11,96.89,97.03,96.22,96.36,2423285
2024-02-12,96.36,97.92,95.62,97.18,8667352
2024-02-13,97.18,97.54,96.78,97.15,4736522
2024-02-14,97.15,97.45,96.67,96.97,4087585
2024-02-15,96.97,98.44,96.26,97.72,8325480
2024-02-18,97.72,99.41,96.94,98.63,8981069
2024-02-19,98.63,98.79,97.97,98.12,2622256
2024-02-20,98.12,98.35,97.55,97.78,3298422
2024-02-21,97.78,98.10,97.33,97.65,4318209
2024-02-22,97.65,97.69,96.84,96.88,1360631
2024-02-25,96.88,97.27,96.50,96.89,4919513
2024-02-26,96.89,96.99,96.17,96.28,2081275
2024-02-27,96.28,96.53,95.75,96.01,3636042
2024-02-28,96.01,97.52,95.29,96.79,8522085
2024-02-29,96.79,97.40,96.35,96.95,5603600
2024-03-03,96.95,97.32,96.56,96.93,4781824
2024-03-04,96.93,96.97,96.14,96.18,1439471
2024-03-05,96.18,96.30,95.49,95.60,2218518
2024-03-06,95.60,96.99,94.92,96.30,8131310
2024-03-07,96.30,96.50,95.71,95.90,3005006
2024-03-10,95.90,96.11,95.33,95.55,3259362
2024-03-11,95.55,95.55,94.72,94.72,1017832
2024-03-12,94.72,96.22,94.00,95.50,8552023
2024-03-13,95.50,95.79,95.03,95.32,4059465
2024-03-14,95.32,95.49,94.70,94.87,2774725
2024-03-17,94.87,95.41,94.45,94.99,5413854
2024-03-18,94.99,96.31,94.33,95.64,7952160
2024-03-19,95.64,97.22,94.90,96.47,8735322
2024-03-20,96.47,96.86,96.09,96.48,4923834
2024-03-21,96.48,96.60,95.79,95.92,2270781
2024-03-24,95.92,96.71,95.41,96.21,6232956
2024-03-25,96.21,96.34,95.54,95.67,2415294
2024-03-26,95.67,96.50,95.16,95.99,6348662
2024-03-27,95.99,96.90,95.45,96.36,6600960
2024-03-28,96.36,96.38,95.55,95.57,1221570
2024-03-31,95.57,96.76,94.95,96.14,7519135
2024-04-01,96.14,96.60,95.74,96.20,5172668
2024-04-02,96.20,96.55,95.80,96.16,4675994
2024-04-03,96.16,96.17,95.33,95.34,1115534
2024-04-04,95.34,95.84,94.93,95.43,5281412
2024-04-07,95.43,96.80,94.75,96.12,8111899
2024-04-08,96.12,96.99,95.60,96.47,6471193
2024-04-09,96.47,96.59,95.78,95.90,2260528
2024-04-10,95.90,96.89,95.33,96.32,6862620
2024-04-11,96.32,96.51,95.72,95.90,2919444
2024-04-14,95.90,97.07,95.28,96.45,7443347
2024-04-15,96.45,96.77,96.00,96.32,4261488
2024-04-16,96.32,96.39,95.57,95.65,1793621
2024-04-17,95.65,97.05,94.96,96.36,8163203
2024-04-18,96.36,96.61,95.83,96.09,3641838
2024-04-21,96.09,96.95,95.57,96.42,6427057
2024-04-22,96.42,97.70,95.77,97.05,7753429
2024-04-23,97.05,98.52,96.33,97.80,8337002
2024-04-24,97.80,98.11,97.33,97.64,4153086
2024-04-25,97.64,97.69,96.86,96.91,1547359
2024-04-28,96.91,97.54,96.45,97.08,5680315
2024-04-29,97.08,97.91,96.57,97.39,6305041
2024-04-30,97.39,99.04,96.63,98.27,8878326
2024-05-01,98.27,99.33,97.68,98.74,7005109
2024-05-02,98.74,100.20,98.03,99.48,8216255
2024-05-05,99.48,99.49,98.62,98.63,1079663
2024-05-06,98.63,99.90,97.98,99.24,7644718
2024-05-07,99.24,99.74,98.83,99.32,5220061
2024-05-08,99.32,99.90,98.87,99.46,5484705
2024-05-09,99.46,99.65,98.83,99.02,2932475
2024-05-12,99.02,100.62,98.26,99.86,8649794
2024-05-13,99.86,99.90,99.04,99.08,1426783
2024-05-14,99.08,99.40,98.62,98.93,4201714
2024-05-15,98.93,99.63,98.45,99.15,5838786
2024-05-16,99.15,100.62,98.43,99.89,8239231
2024-05-19,99.89,100.90,99.32,100.32,6785768
2024-05-20,100.32,101.77,99.61,101.05,8120370
2024-05-21,101.05,101.57,100.62,101.14,5255384
2024-05-22,101.14,101.91,100.63,101.40,6017969
2024-05-23,101.40,101.58,100.75,100.93,2827880
2024-05-26,100.93,101.21,100.40,100.69,3808573
2024-05-27,100.69,101.19,100.26,100.77,5231652
2024-05-28,100.77,100.80,99.92,99.95,1294650
2024-05-29,99.95,101.11,99.33,100.48,7232133
2024-05-30,100.48,101.82,99.80,101.13,7760150
2024-06-02,101.13,102.18,100.54,101.58,6854012
2024-06-03,101.58,101.77,100.93,101.12,2859396
2024-06-04,101.12,102.85,100.32,102.04,8936796
2024-06-05,102.04,103.09,101.45,102.49,6839300
2024-06-06,102.49,102.60,101.73,101.84,2023696
2024-06-09,101.84,102.15,101.34,101.66,4094924
2024-06-10,101.66,102.02,101.22,101.59,4583847
2024-06-11,101.59,103.04,100.87,102.31,8058367
2024-06-12,102.31,102.68,101.88,102.24,4567866
2024-06-13,102.24,102.49,101.66,101.91,3420987
2024-06-16,101.91,103.44,101.16,102.69,8296742
2024-06-17,102.69,103.36,102.21,102.88,5688957
2024-06-18,102.88,103.88,102.29,103.30,6684053
2024-06-19,103.30,104.10,102.77,103.57,6072153
2024-06-20,103.57,103.76,102.90,103.09,2791529
2024-06-23,103.09,103.16,102.28,102.35,1706378
2024-06-24,102.35,102.73,101.93,102.31,4717935
2024-06-25,102.31,103.49,101.68,102.85,7208916
2024-06-26,102.85,104.24,102.15,103.53,7821296
2024-06-27,103.53,104.84,102.85,104.15,7567421
2024-06-30,104.15,105.03,103.61,104.48,6274451
2024-07-01,104.48,104.83,104.01,104.36,4362139
2024-07-02,104.36,104.46,103.57,103.67,1953943
2024-07-03,103.67,103.91,103.07,103.31,3321467
2024-07-04,103.31,103.48,102.62,102.79,2662242
2024-07-07,102.79,103.97,102.16,103.33,7210836
2024-07-08,103.33,103.40,102.52,102.59,1683299
2024-07-09,102.59,103.38,102.07,102.86,6054938
2024-07-10,102.86,103.03,102.18,102.35,2671433
2024-07-11,102.35,102.73,101.93,102.31,4693278
2024-07-14,102.31,102.40,101.53,101.61,1873559
2024-07-15,101.61,102.93,100.94,102.25,7669067
2024-07-16,102.25,103.59,101.57,102.90,7684739
2024-07-17,102.90,102.94,102.06,102.10,1451440
2024-07-18,102.10,102.16,101.28,101.34,1537071
2024-07-21,101.34,102.10,100.83,101.59,5991015
2024-07-22,101.59,103.06,100.87,102.33,8121913
2024-07-23,102.33,102.60,101.77,102.04,3608779
2024-07-24,102.04,102.24,101.40,101.59,2945438
2024-07-25,101.59,101.62,100.73,100.76,1218312
2024-07-28,100.76,100.78,99.90,99.93,1217524
2024-07-29,99.93,100.01,99.16,99.25,1881344
2024-07-30,99.25,100.67,98.55,99.97,8073971
2024-07-31,99.97,100.62,99.50,100.15,5696639
2024-08-01,100.15,100.95,99.63,100.43,6132064
2024-08-04,100.43,101.85,99.73,101.14,8022222
2024-08-05,101.14,101.48,100.69,101.03,4379458
2024-08-06,101.03,101.23,100.40,100.61,3030932
2024-08-07,100.61,100.95,100.16,100.50,4396399
2024-08-08,100.50,102.11,99.73,101.34,8599314
2024-08-11,101.34,101.63,100.82,101.12,3911282
2024-08-12,101.12,102.72,100.36,101.95,8529835
2024-08-13,101.95,102.61,101.47,102.13,5689540
2024-08-14,102.13,102.45,101.64,101.96,4106447
2024-08-15,101.96,103.31,101.27,102.62,7755864
2024-08-18,102.62,103.72,102.00,103.10,6983470
2024-08-19,103.10,104.20,102.49,103.58,6949759
2024-08-20,103.58,104.16,103.12,103.70,5407818
2024-08-21,103.70,105.10,103.00,104.39,7814437
2024-08-22,104.39,105.78,103.68,105.07,7774554
2024-08-25,105.07,105.47,104.65,105.05,4819032
2024-08-26,105.05,105.32,104.47,104.73,3515775
2024-08-27,104.73,104.83,103.94,104.03,1914163
2024-08-28,104.03,104.07,103.17,103.20,1322839
2024-08-29,103.20,103.78,102.74,103.33,5420816
2024-09-01,103.33,105.02,102.53,104.21,8701920
2024-09-02,104.21,105.09,103.67,104.54,6252572
2024-09-03,104.54,106.30,103.71,105.47,8862894
2024-09-04,105.47,106.77,104.79,106.09,7471159
2024-09-05,106.09,107.21,105.46,106.58,6941563
2024-09-08,106.58,106.60,105.67,105.69,1175342
2024-09-09,105.69,105.75,104.84,104.90,1555212
2024-09-10,104.90,105.94,104.30,105.34,6723148
2024-09-11,105.34,105.41,104.51,104.58,1691495
2024-09-12,104.58,104.72,103.84,103.97,2287414
2024-09-15,103.97,105.75,103.15,104.92,8930658
2024-09-16,104.92,105.62,104.42,105.12,5744684
2024-09-17,105.12,105.57,104.70,105.15,5001097
2024-09-18,105.15,106.94,104.32,106.10,8897427
2024-09-19,106.10,107.83,105.29,107.01,8668244
2024-09-22,107.01,107.47,106.57,107.04,5029595
2024-09-23,107.04,107.14,106.24,106.34,1956790
2024-09-24,106.34,107.07,105.83,106.56,5795507
2024-09-25,106.56,107.26,106.06,106.75,5706241
2024-09-26,106.75,108.06,106.07,107.37,7442078
2024-09-29,107.37,109.04,106.57,108.24,8459807
2024-09-30,108.24,108.38,107.48,107.62,2364368
2024-10-01,107.62,108.02,107.18,107.58,4686625
2024-10-02,107.58,107.90,107.04,107.36,3994478
2024-10-03,107.36,108.29,106.79,107.71,6337311
2024-10-06,107.71,108.18,107.28,107.75,5023765
2024-10-07,107.75,108.04,107.18,107.47,3732853
2024-10-08,107.47,107.91,107.04,107.49,4958401
2024-10-09,107.49,107.79,106.93,107.22,3786831
2024-10-10,107.22,107.44,106.56,106.77,3008264
2024-10-13,106.77,106.83,105.92,105.98,1560973
2024-10-14,105.98,106.33,105.49,105.84,4309156
2024-10-15,105.84,106.34,105.40,105.90,5154046
2024-10-16,105.90,107.21,105.22,106.52,7478360
2024-10-17,106.52,106.62,105.72,105.82,1924074
2024-10-20,105.82,106.44,105.34,105.96,5503532
2024-10-21,105.96,106.07,105.18,105.29,2043895
2024-10-22,105.29,106.76,104.55,106.02,7964917
2024-10-23,106.02,107.30,105.34,106.62,7390054
2024-10-24,106.62,107.00,106.17,106.55,4590912
2024-10-27,106.55,106.63,105.72,105.80,1765020
2024-10-28,105.80,106.65,105.26,106.10,6146947
2024-10-29,106.10,106.26,105.37,105.52,2452743
2024-10-30,105.52,105.70,104.82,105.00,2657716
2024-10-31,105.00,105.48,104.56,105.05,5107544
2024-11-03,105.05,106.17,104.42,105.54,6962722
2024-11-04,105.54,106.33,105.02,105.80,5976337
2024-11-05,105.80,107.15,105.10,106.45,7605178
2024-11-06,106.45,107.06,105.98,106.59,5454183
2024-11-07,106.59,107.76,105.94,107.11,7054218
2024-11-10,107.11,108.96,106.26,108.10,8973182
2024-11-11,108.10,108.12,107.19,107.22,1260459
2024-11-12,107.22,107.24,106.31,106.33,1224691
2024-11-13,106.33,106.71,105.88,106.25,4544890
2024-11-14,106.25,106.96,105.75,106.45,5714883
2024-11-17,106.45,107.89,105.73,107.16,7821090
2024-11-18,107.16,107.84,106.66,107.34,5653635
2024-11-19,107.34,108.21,106.79,107.65,6150788
2024-11-20,107.65,108.52,107.09,107.97,6176748
2024-11-21,107.97,109.35,107.25,108.63,7632750
2024-11-24,108.63,109.42,108.10,108.88,5901508
2024-11-25,108.88,110.28,108.16,109.56,7625000
2024-11-26,109.56,110.32,109.03,109.79,5815569
2024-11-27,109.79,111.44,108.99,110.63,8300377
2024-11-28,110.63,112.01,109.91,111.28,7499176
2024-12-01,111.28,111.57,110.67,110.95,3535425
2024-12-02,110.95,112.76,110.10,111.90,8680727
2024-12-03,111.90,111.91,110.94,110.95,1132613
2024-12-04,110.95,111.30,110.42,110.76,4125651
2024-12-05,110.76,110.92,109.99,110.14,2375891
2024-12-08,110.14,111.64,109.38,110.88,7858641
2024-12-09,110.88,111.09,110.18,110.39,2919581
2024-12-10,110.39,112.20,109.54,111.34,8719204
2024-12-11,111.34,112.55,110.67,111.88,7010596
2024-12-12,111.88,112.13,111.22,111.47,3250548
2024-12-15,111.47,112.69,110.79,112.01,7043998
2024-12-16,112.01,112.11,111.16,111.26,1921810
2024-12-17,111.26,112.99,110.43,112.16,8451886
2024-12-18,112.16,113.99,111.30,113.12,8683607
2024-12-19,113.12,113.45,112.54,112.87,3925617
2024-12-22,112.87,113.67,112.33,113.12,5856927
2024-12-23,113.12,115.07,112.22,114.16,8971364
2024-12-24,114.16,115.90,113.32,115.06,8355349
2024-12-25,115.06,116.22,114.39,115.55,6799005
2024-12-26,115.55,115.81,114.87,115.13,3240603
2024-12-29,115.13,115.31,114.35,114.52,2544341
2024-12-30,114.52,115.61,113.88,114.97,6611454
2024-12-31,114.97,115.18,114.23,114.44,2824657
2025-01-01,114.44,115.23,113.88,114.68,5825925
2025-01-02,114.68,116.53,113.81,115.65,8627606
2025-01-05,115.65,115.89,114.94,115.17,3056858
2025-01-06,115.17,115.87,114.65,115.34,5533436
2025-01-07,115.34,117.03,114.51,116.20,8180795
2025-01-08,116.20,117.56,115.47,116.82,7270541
2025-01-09,116.82,117.32,116.36,116.86,5000205
2025-01-12,116.86,118.73,115.97,117.83,8604355
2025-01-13,117.83,118.05,117.07,117.28,2799039
2025-01-14,117.28,118.76,116.51,117.99,7559567
2025-01-15,117.99,118.58,117.49,118.08,5231618
2025-01-16,118.08,120.12,117.14,119.17,8975685
2025-01-19,119.17,121.06,118.27,120.15,8544855
2025-01-20,120.15,120.20,119.17,119.21,1395919
2025-01-21,119.21,119.77,118.72,119.28,5133813
2025-01-22,119.28,119.55,118.58,118.85,3289403
2025-01-23,118.85,120.69,117.97,119.80,8430589
2025-01-26,119.80,120.00,119.00,119.19,2606755
2025-01-27,119.19,119.44,118.47,118.72,3126543
2025-01-28,118.72,119.49,118.17,118.93,5668964
2025-01-29,118.93,119.37,118.45,118.89,4727846
2025-01-30,118.89,119.17,118.21,118.49,3389609
2025-02-02,118.49,118.90,117.97,118.38,4444375
2025-02-03,118.38,119.59,117.69,118.90,6830418
2025-02-04,118.90,120.34,118.13,119.57,7411934
2025-02-05,119.57,121.29,118.72,120.44,8090157
2025-02-06,120.44,120.83,119.87,120.26,4247805
2025-02-09,120.26,120.45,119.45,119.63,2526851
2025-02-10,119.63,119.98,119.02,119.37,3939643
2025-02-11,119.37,121.18,118.50,120.30,8313340
2025-02-12,120.30,122.02,119.45,121.16,8067695
2025-02-13,121.16,121.44,120.46,120.74,3326165
2025-02-16,120.74,121.79,120.09,121.14,6360356
2025-02-17,121.14,121.43,120.44,120.73,3367798
2025-02-18,120.73,120.80,119.76,119.83,1583058
2025-02-19,119.83,119.92,118.89,118.98,1722187
2025-02-20,118.98,120.56,118.17,119.75,7760493
2025-02-23,119.75,119.88,118.86,118.99,2043655
2025-02-24,118.99,119.78,118.42,119.21,5732167
2025-02-25,119.21,121.12,118.31,120.21,8579115
2025-02-26,120.21,121.91,119.36,121.06,8041289
2025-02-27,121.06,121.86,120.49,121.29,5723628
2025-03-02,121.29,121.31,120.26,120.28,1156995
2025-03-03,120.28,121.54,119.56,120.82,6909293
2025-03-04,120.82,121.35,120.34,120.87,5029903
2025-03-05,120.87,121.33,120.39,120.85,4827469
2025-03-06,120.85,120.97,119.94,120.06,1981001
2025-03-09,120.06,121.35,119.34,120.63,6984327
2025-03-10,120.63,121.90,119.92,121.19,6923868
2025-03-11,121.19,121.62,120.67,121.11,4589746
2025-03-12,121.11,122.38,120.39,121.66,6920233
2025-03-13,121.66,121.88,120.87,121.09,2779526
2025-03-16,121.09,121.22,120.19,120.32,2068861
2025-03-17,120.32,122.08,119.46,121.21,8170953
2025-03-18,121.21,121.54,120.57,120.90,3727777
2025-03-19,120.90,121.71,120.32,121.14,5751680
2025-03-20,121.14,122.08,120.52,121.46,6069821
2025-03-23,121.46,122.02,120.96,121.52,5101954
2025-03-24,121.52,121.76,120.76,121.00,2971536
2025-03-25,121.00,121.36,120.39,120.75,3950171
2025-03-26,120.75,120.89,119.88,120.03,2235390
2025-03-27,120.03,120.56,119.54,120.08,5061762
2025-03-30,120.08,120.65,119.58,120.15,5145336
2025-03-31,120.15,121.23,119.49,120.58,6461419
2025-04-01,120.58,122.02,119.81,121.25,7355692
2025-04-02,121.25,121.76,120.76,121.28,4988648
2025-04-03,121.28,121.84,120.78,121.34,5113374
2025-04-06,121.34,121.93,120.83,121.42,5186659
2025-04-07,121.42,122.66,120.72,121.95,6813443
2025-04-08,121.95,122.02,120.97,121.03,1524588
2025-04-09,121.03,121.14,120.11,120.22,1887997
2025-04-10,120.22,121.10,119.62,120.51,5953052
2025-04-13,120.51,121.82,119.78,121.09,7028395
2025-04-14,121.09,123.11,120.15,122.16,8793038
2025-04-15,122.16,122.97,121.58,122.39,5740809
2025-04-16,122.39,124.50,121.42,123.52,8958127
2025-04-17,123.52,124.14,122.99,123.61,5235116
2025-04-20,123.61,123.68,122.61,122.68,1510048
2025-04-21,122.68,122.88,121.86,122.06,2647119
2025-04-22,122.06,122.25,121.23,121.42,2547565
2025-04-23,121.42,121.86,120.91,121.34,4594101
2025-04-24,121.34,122.82,120.56,122.04,7428703
2025-04-27,122.04,122.41,121.44,121.81,4063717
2025-04-28,121.81,121.97,120.95,121.11,2326303
2025-04-29,121.11,121.31,120.30,120.50,2636213
2025-04-30,120.50,121.06,120.01,120.57,5116906
2025-05-01,120.57,121.49,119.96,120.88,6039986
2025-05-04,120.88,122.42,120.08,121.62,7602983
2025-05-05,121.62,121.63,120.57,120.57,1040466
2025-05-06,120.57,120.82,119.83,120.08,3068484
2025-05-07,120.08,120.16,119.13,119.21,1662345
2025-05-08,119.21,119.47,118.49,118.75,3167729
2025-05-11,118.75,119.20,118.27,118.71,4745130
2025-05-12,118.71,119.09,118.15,118.52,4147633
2025-05-13,118.52,119.73,117.83,119.04,6832030
2025-05-14,119.04,120.09,118.40,119.45,6403257
2025-05-15,119.45,119.61,118.61,118.78,2392181
2025-05-18,118.78,120.20,118.02,119.44,7366700
2025-05-19,119.44,119.73,118.76,119.04,3376200
2025-05-20,119.04,120.61,118.24,119.80,7729320
2025-05-21,119.80,121.53,118.95,120.67,8105075
2025-05-22,120.67,121.97,119.95,121.25,6997290
2025-05-25,121.25,122.75,120.46,121.96,7492386
2025-05-26,121.96,122.37,121.41,121.82,4380486
2025-05-27,121.82,122.26,121.31,121.75,4599862
2025-05-28,121.75,122.27,121.26,121.78,5014711
2025-05-29,121.78,123.31,120.99,122.51,7526268
2025-06-01,122.51,124.04,121.71,123.23,7517249
2025-06-02,123.23,123.56,122.56,122.89,3629629
2025-06-03,122.89,123.36,122.41,122.89,4875754
2025-06-04,122.89,123.14,122.13,122.39,3082784
2025-06-05,122.39,123.58,121.70,122.88,6670473
2025-06-08,122.88,124.52,122.05,123.68,7762277
2025-06-09,123.68,123.88,122.85,123.05,2629801
2025-06-10,123.05,123.11,122.05,122.11,1470576
2025-06-11,122.11,122.42,121.43,121.74,3519170
2025-06-12,121.74,121.80,120.75,120.81,1491632
2025-06-15,120.81,122.26,120.04,121.48,7363271
2025-06-16,121.48,121.78,120.80,121.10,3479766
2025-06-17,121.10,121.34,120.35,120.59,3001611
2025-06-18,120.59,120.91,119.94,120.26,3681893
2025-06-19,120.26,120.50,119.51,119.75,2977400
2025-06-22,119.75,119.93,118.93,119.11,2493072
2025-06-23,119.11,119.20,118.18,118.27,1759773
2025-06-24,118.27,118.91,117.76,118.39,5345404
2025-06-25,118.39,118.67,117.70,117.97,3299348
2025-06-26,117.97,118.45,117.51,117.99,4930246
2025-06-29,117.99,118.84,117.40,118.26,5917112
2025-06-30,118.26,120.22,117.34,119.29,8753772
2025-07-01,119.29,121.18,118.39,120.27,8526646
2025-07-02,120.27,121.97,119.42,121.12,8025857
2025-07-03,121.12,122.11,120.49,121.48,6189677
2025-07-06,121.48,123.14,120.64,122.30,7882304
2025-07-07,122.30,123.62,121.56,122.88,7004972
2025-07-08,122.88,124.19,122.15,123.45,6940397
2025-07-09,123.45,124.52,122.80,123.86,6330555
2025-07-10,123.86,124.86,123.21,124.22,6187791
2025-07-13,124.22,125.29,123.56,124.63,6339266
2025-07-14,124.63,126.06,123.86,125.28,7204732
2025-07-15,125.28,127.42,124.29,126.42,8907647
2025-07-16,126.42,128.08,125.57,127.22,7719615
2025-07-17,127.22,128.11,126.61,127.50,5838168
2025-07-20,127.50,127.69,126.62,126.81,2497873
2025-07-21,126.81,127.94,126.13,127.25,6414780
2025-07-22,127.25,128.03,126.67,127.45,5564197
2025-07-23,127.45,128.53,126.77,127.85,6291803
2025-07-24,127.85,128.72,127.24,128.11,5758093
2025-07-27,128.11,128.20,127.10,127.19,1716152
2025-07-28,127.19,128.83,126.35,127.98,7622770
2025-07-29,127.98,127.99,126.87,126.89,1082887
2025-07-30,126.89,127.69,126.30,127.10,5627366
2025-07-31,127.10,127.20,126.12,126.22,1824108
2025-08-03,126.22,126.57,125.55,125.90,3722496
2025-08-04,125.90,126.35,125.37,125.83,4631172
2025-08-05,125.83,127.69,124.92,126.77,8229149
2025-08-06,126.77,126.77,125.67,125.67,1010253
2025-08-07,125.67,125.80,124.74,124.87,2060905
2025-08-10,124.87,125.88,124.23,125.24,6171227
2025-08-11,125.24,125.65,124.66,125.07,4279492
2025-08-12,125.07,125.10,124.01,124.04,1249897
2025-08-13,124.04,125.38,123.30,124.63,6983676
2025-08-14,124.63,126.74,123.65,125.75,8863545
2025-08-17,125.75,126.50,125.18,125.93,5531481
2025-08-18,125.93,126.88,125.30,126.25,5999828
2025-08-19,126.25,126.39,125.32,125.46,2095747
2025-08-20,125.46,125.62,124.56,124.71,2238991
2025-08-21,124.71,125.88,124.02,125.18,6553017
2025-08-24,125.18,125.47,124.45,124.74,3309430
2025-08-25,124.74,124.95,123.92,124.13,2705761
2025-08-26,124.13,124.50,123.51,123.88,3976577
2025-08-27,123.88,125.56,123.03,124.70,7837928
2025-08-28,124.70,124.86,123.81,123.97,2265123
2025-08-31,123.97,124.04,122.98,123.06,1603840
2025-09-01,123.06,123.30,122.29,122.54,3014574
2025-09-02,122.54,122.94,121.97,122.37,4250411
2025-09-03,122.37,122.58,121.57,121.78,2768141
2025-09-04,121.78,123.57,120.91,122.69,8172702
2025-09-07,122.69,123.05,122.08,122.44,3994958
2025-09-08,122.44,122.66,121.65,121.87,2802812
2025-09-09,121.87,122.07,121.06,121.26,2645644
2025-09-10,121.26,121.72,120.78,121.24,4832098
2025-09-11,121.24,121.78,120.75,121.29,5041186
2025-09-14,121.29,122.11,120.71,121.53,5766735
2025-09-15,121.53,121.66,120.64,120.77,2095164
2025-09-16,120.77,121.23,120.29,120.75,4816598
2025-09-17,120.75,121.22,120.28,120.75,4869307
2025-09-18,120.75,122.10,120.01,121.36,7117489
2025-09-21,121.36,122.06,120.81,121.52,5462379
2025-09-22,121.52,121.79,120.80,121.08,3286694
2025-09-23,121.08,122.48,120.32,121.72,7232407
2025-09-24,121.72,121.88,120.86,121.02,2311865
2025-09-25,121.02,121.42,120.47,120.87,4352229
2025-09-28,120.87,121.69,120.30,121.12,5773251
2025-09-29,121.12,122.30,120.43,121.61,6698388
2025-09-30,121.61,121.90,120.92,121.21,3399245
2025-10-01,121.21,122.15,120.59,121.53,6073353
2025-10-02,121.53,122.43,120.93,121.83,5955281
2025-10-05,121.83,122.16,121.18,121.52,3761076
2025-10-06,121.52,121.82,120.83,121.13,3466049
2025-10-07,121.13,121.43,120.44,120.73,3415877
2025-10-08,120.73,122.74,119.80,121.79,8771056
2025-10-09,121.79,121.83,120.77,120.81,1284670
2025-10-12,120.81,120.98,119.97,120.14,2413511
2025-10-13,120.14,120.95,119.56,120.37,5762517
2025-10-14,120.37,120.60,119.60,119.83,2862551
2025-10-15,119.83,120.84,119.19,120.21,6281515
2025-10-16,120.21,121.14,119.60,120.53,6068792
2025-10-19,120.53,120.83,119.86,120.16,3533024
2025-10-20,120.16,120.32,119.32,119.48,2353223
2025-10-21,119.48,120.00,119.00,119.52,5023216
2025-10-22,119.52,120.66,118.84,119.99,6629423
2025-10-23,119.99,120.10,119.08,119.20,1961968
2025-10-26,119.20,120.08,118.61,119.49,5959122
2025-10-27,119.49,120.97,118.71,120.19,7485082
2025-10-28,120.19,122.05,119.29,121.15,8441083
2025-10-29,121.15,121.54,120.58,120.97,4209842
2025-10-30,120.97,121.02,119.98,120.03,1433333
2025-11-02,120.03,120.05,119.00,119.02,1123902
2025-11-03,119.02,119.27,118.29,118.54,3108710
2025-11-04,118.54,120.14,117.74,119.32,7807510
2025-11-05,119.32,120.75,118.57,119.98,7343758
2025-11-06,119.98,120.88,119.39,120.28,5989060
2025-11-09,120.28,121.17,119.69,120.57,5940946
2025-11-10,120.57,121.65,119.92,120.99,6433984
2025-11-11,120.99,122.77,120.12,121.89,8184224
2025-11-12,121.89,123.28,121.14,122.52,7166975
2025-11-13,122.52,122.61,121.56,121.65,1727914
2025-11-16,121.65,122.18,121.16,121.69,5027537
2025-11-17,121.69,122.93,120.98,122.22,6818930
2025-11-18,122.22,122.66,121.70,122.13,4558882
2025-11-19,122.13,123.79,121.30,122.95,7852331
2025-11-20,122.95,124.77,122.06,123.88,8230144
2025-11-23,123.88,124.03,122.99,123.15,2260219
2025-11-24,123.15,123.52,122.53,122.90,3991941
2025-11-25,122.90,124.12,122.20,123.41,6733950
2025-11-26,123.41,124.41,122.78,123.77,6165260
2025-11-27,123.77,124.24,123.28,123.74,4779698
2025-11-30,123.74,124.54,123.17,123.96,5663683
2025-12-01,123.96,124.28,123.28,123.61,3607338
2025-12-02,123.61,124.36,123.04,123.79,5548936
2025-12-03,123.79,125.68,122.88,124.76,8352674
2025-12-04,124.76,125.67,124.15,125.05,5919787
2025-12-07,125.05,125.13,124.06,124.14,1632990
2025-12-08,124.14,124.28,123.23,123.37,2134259
2025-12-09,123.37,125.28,122.45,124.36,8435939
2025-12-10,124.36,124.78,123.80,124.21,4365192
2025-12-11,124.21,125.29,123.55,124.62,6341769
2025-12-14,124.62,125.76,123.94,125.07,6489128
2025-12-15,125.07,125.08,123.99,124.00,1078875
2025-12-16,124.00,125.87,123.10,124.96,8308539
2025-12-17,124.96,125.26,124.25,124.55,3412688
2025-12-18,124.55,124.81,123.79,124.05,3107373
2025-12-21,124.05,124.34,123.34,123.63,3367901
2025-12-22,123.63,123.82,122.79,122.98,2539951
2025-12-23,122.98,123.82,122.39,123.23,5784019
2025-12-24,123.23,123.46,122.44,122.67,2853189
2025-12-25,122.67,124.07,121.91,123.31,7204252
2025-12-28,123.31,123.73,122.76,123.19,4442146
2025-12-29,123.19,123.32,122.28,122.42,2097736
2025-12-30,122.42,122.87,121.92,122.38,4738923
2025-12-31,122.38,122.55,121.53,121.70,2415089
2026-01-01,121.70,122.12,121.16,121.58,4434876
2026-01-04,121.58,122.68,120.91,122.01,6477297
2026-01-05,122.01,122.26,121.26,121.51,3036179
2026-01-06,121.51,122.10,121.00,121.59,5197942
2026-01-07,121.59,123.21,120.77,122.38,7752709
2026-01-08,122.38,122.46,121.41,121.49,1638751
2026-01-11,121.49,123.08,120.67,122.26,7720267
2026-01-12,122.26,122.62,121.64,121.99,3898491
2026-01-13,121.99,122.06,121.01,121.08,1556138
2026-01-14,121.08,122.52,120.31,121.75,7335185
2026-01-15,121.75,122.77,121.11,122.12,6247976
2026-01-18,122.12,123.09,121.50,122.47,6121673
2026-01-19,122.47,123.94,121.68,123.15,7376028
2026-01-20,123.15,123.29,122.25,122.39,2134499
2026-01-21,122.39,122.60,121.58,121.78,2668689
2026-01-22,121.78,122.05,121.05,121.32,3176131
2026-01-25,121.32,121.55,120.55,120.77,2891392
2026-01-26,120.77,120.96,119.95,120.14,2530521
2026-01-27,120.14,121.07,119.53,120.46,6068827
2026-01-28,120.46,120.80,119.84,120.18,3851989
2026-01-29,120.18,120.18,119.14,119.14,1040500
2026-02-01,119.14,119.42,118.46,118.74,3387448
2026-02-02,118.74,120.55,117.87,119.67,8349622
2026-02-03,119.67,119.73,118.70,118.77,1531961
2026-02-04,118.77,119.84,118.12,119.19,6465329
2026-02-05,119.19,119.51,118.55,118.88,3717626
2026-02-08,118.88,120.29,118.12,119.53,7338237
2026-02-09,119.53,119.73,118.74,118.93,2635802
2026-02-10,118.93,118.97,117.94,117.97,1289334
2026-02-11,117.97,118.78,117.41,118.21,5792661
2026-02-12,118.21,118.48,117.51,117.77,3232201
2026-02-15,117.77,118.17,117.25,117.65,4398079
2026-02-16,117.65,119.39,116.80,118.53,8228566
2026-02-17,118.53,118.84,117.88,118.19,3587860
2026-02-18,118.19,120.00,117.32,119.12,8377194
2026-02-19,119.12,119.24,118.23,118.34,1979286
2026-02-22,118.34,119.63,117.63,118.92,7036111
2026-02-23,118.92,120.81,118.02,119.90,8560013
2026-02-24,119.90,120.95,119.25,120.30,6378155
2026-02-25,120.30,122.36,119.35,121.39,8910288
2026-02-26,121.39,123.21,120.51,122.32,8279869
2026-03-01,122.32,124.35,121.37,123.39,8758504
2026-03-02,123.39,123.83,122.86,123.30,4543724
2026-03-03,123.30,123.53,122.51,122.74,2870096
2026-03-04,122.74,123.16,122.20,122.62,4453669
2026-03-05,122.62,123.25,122.10,122.73,5269753
2026-03-08,122.73,123.06,122.07,122.39,3664026
2026-03-09,122.39,122.86,121.91,122.37,4796982
2026-03-10,122.37,123.46,121.71,122.80,6421707
2026-03-11,122.80,123.72,122.18,123.10,5994993
2026-03-12,123.10,123.68,122.60,123.17,5121776
2026-03-15,123.17,123.46,122.46,122.74,3332921
2026-03-16,122.74,123.34,122.23,122.83,5196330
2026-03-17,122.83,124.86,121.88,123.90,8761385
2026-03-18,123.90,125.38,123.12,124.59,7336728
2026-03-19,124.59,125.04,124.06,124.51,4601371
2026-03-22,124.51,124.76,123.74,124.00,3049142
2026-03-23,124.00,124.84,123.40,124.24,5766460
2026-03-24,124.24,125.81,123.43,124.99,7543449
2026-03-25,124.99,126.47,124.20,125.67,7318381
2026-03-26,125.67,125.79,124.73,124.85,1955452
2026-03-29,124.85,124.89,123.81,123.86,1355898
2026-03-30,123.86,125.97,122.88,124.98,8902434
2026-03-31,124.98,126.42,124.20,125.64,7237037
2026-04-01,125.64,126.33,125.09,125.78,5372050
2026-04-02,125.78,126.05,125.02,125.29,3134636
2026-04-05,125.29,127.44,124.29,126.43,8944547
2026-04-06,126.43,127.77,125.68,127.01,6925240
2026-04-07,127.01,127.06,125.96,126.00,1348319
2026-04-08,126.00,126.18,125.13,125.30,2411316
2026-04-09,125.30,125.35,124.26,124.31,1348799
2026-04-12,124.31,125.60,123.58,124.87,6876817
2026-04-13,124.87,126.20,124.12,125.45,6970679
2026-04-14,125.45,127.21,124.58,126.33,7976063
2026-04-15,126.33,127.71,125.56,126.95,7053463
2026-04-16,126.95,127.07,125.99,126.11,1955967
2026-04-19,126.11,127.12,125.46,126.47,6140363
2026-04-20,126.47,127.10,125.94,126.56,5211591
2026-04-21,126.56,127.81,125.84,127.08,6700514
2026-04-22,127.08,128.53,126.30,127.74,7175034
2026-04-23,127.74,128.21,127.21,127.68,4684533
2026-04-26,127.68,129.70,126.72,128.73,8537654
2026-04-27,128.73,129.88,128.04,129.18,6413408
2026-04-28,129.18,131.33,128.17,130.32,8805624
2026-04-29,130.32,130.55,129.47,129.71,2800720
2026-04-30,129.71,131.19,128.90,130.38,7188820
2026-05-03,130.38,130.90,129.87,130.39,4908196
2026-05-04,130.39,132.58,129.37,131.55,8823045
2026-05-05,131.55,132.05,131.03,131.53,4834602
2026-05-06,131.53,131.97,130.93,131.37,4325582
2026-05-07,131.37,132.33,130.72,131.68,5937962
2026-05-10,131.68,131.90,130.81,131.03,2684087
2026-05-11,131.03,131.21,130.12,130.30,2391117
2026-05-12,130.30,131.06,129.71,130.47,5478806
2026-05-13,130.47,130.87,129.84,130.24,4070610
2026-05-14,130.24,130.42,129.33,129.52,2438134
2026-05-17,129.52,129.75,128.68,128.91,2778909
2026-05-18,128.91,129.34,128.32,128.75,4327503
2026-05-19,128.75,130.47,127.87,129.59,7799965
2026-05-20,129.59,129.62,128.49,128.51,1171604
2026-05-21,128.51,129.81,127.77,129.06,6788100
2026-05-24,129.06,129.96,128.44,129.33,5809945
2026-05-25,129.33,129.72,128.69,129.07,3990226
2026-05-26,129.07,130.38,128.33,129.63,6785733
2026-05-27,129.63,131.37,128.75,130.48,7801406
2026-05-28,130.48,131.70,129.75,130.98,6568106
2026-05-31,130.98,132.67,130.10,131.79,7653737
2026-06-01,131.79,131.81,130.66,130.67,1107681
2026-06-02,130.67,131.10,130.06,130.49,4238580
2026-06-03,130.49,130.97,129.95,130.44,4725445
2026-06-04,130.44,131.02,129.91,130.49,5062105
2026-06-07,130.49,132.47,129.54,131.51,8334979
2026-06-08,131.51,131.55,130.42,130.46,1334190
2026-06-09,130.46,131.87,129.68,131.08,6998010
2026-06-10,131.08,132.15,130.40,131.47,6190637
2026-06-11,131.47,133.67,130.44,132.63,8813305
2026-06-14,132.63,132.80,131.68,131.85,2248731
2026-06-15,131.85,131.86,130.72,130.74,1138888
2026-06-16,130.74,131.93,130.02,131.21,6496124
2026-06-17,131.21,131.36,130.25,130.40,2147599
2026-06-18,130.40,130.86,129.84,130.30,4513065
2026-06-21,130.30,131.16,129.68,130.54,5715980
2026-06-22,130.54,130.68,129.57,129.70,2027949
2026-06-23,129.70,130.05,129.00,129.34,3646502
2026-06-24,129.34,129.45,128.35,128.45,1806207
2026-06-25,128.45,129.09,127.91,128.55,5223113
2026-06-28,128.55,128.66,127.57,127.68,1872530
2026-06-29,127.68,128.68,127.03,128.03,6100137
2026-06-30,128.03,129.44,127.25,128.66,7066426
2026-07-01,128.66,128.86,127.78,127.98,2524485
2026-07-02,127.98,128.91,127.35,128.28,5931104
2026-07-05,128.28,128.52,127.46,127.71,2891220
2026-07-06,127.71,129.89,126.69,128.87,8935699
2026-07-07,128.87,129.34,128.33,128.80,4632441
2026-07-08,128.80,129.19,128.16,128.55,4030829
2026-07-09,128.55,130.55,127.60,129.58,8439506
2026-07-12,129.58,130.36,129.00,129.77,5537482
2026-07-13,129.77,130.68,129.15,130.05,5818587
2026-07-14,130.05,130.49,129.46,129.90,4369238
2026-07-15,129.90,130.29,129.25,129.64,3979561
2026-07-16,129.64,129.97,128.92,129.26,3587825
2026-07-19,129.26,131.10,128.35,130.18,8058230
2026-07-20,130.18,130.48,129.42,129.72,3292009
2026-07-21,129.72,131.83,128.72,130.83,8671879
2026-07-22,130.83,132.17,130.06,131.40,6839814
2026-07-23,131.40,132.74,130.64,131.97,6808161
2026-07-26,131.97,134.00,131.00,133.02,8404080
2026-07-27,133.02,133.42,132.36,132.77,4047325
2026-07-28,132.77,132.88,131.75,131.87,1861351
2026-07-29,131.87,132.91,131.19,132.23,6117764
2026-07-30,132.23,132.50,131.41,131.68,3014094