Date,Open,High,Low,Close,Volume
2015-12-31,5000.00,5074.32,4961.59,5035.64,8681481
2016-01-03,5035.64,5102.74,4999.63,5066.51,8149828
2016-01-04,5066.51,5120.77,5034.87,5088.99,7245747
2016-01-05,5088.99,5130.89,5061.56,5103.38,6388991
2016-01-06,5103.38,5135.30,5079.38,5111.26,5703017
2016-01-07,5111.26,5113.61,5076.15,5078.48,1459430
2016-01-10,5078.48,5092.98,5054.25,5068.73,3855761
2016-01-11,5068.73,5084.57,5045.74,5061.57,4126577
2016-01-12,5061.57,5071.63,5033.58,5043.61,2987928
2016-01-13,5043.61,5060.83,5022.00,5039.21,4415123
2016-01-14,5039.21,5086.01,5010.22,5056.92,6753840
2016-01-17,5056.92,5109.89,5025.74,5078.58,7164574
2016-01-18,5078.58,5090.77,5052.33,5064.49,3400411
2016-01-19,5064.49,5143.24,5024.39,5102.84,8918141
2016-01-20,5102.84,5104.48,5067.16,5068.80,1322702
2016-01-21,5068.80,5084.74,5045.90,5061.81,4144958
2016-01-24,5061.81,5097.12,5036.74,5072.00,5952812
2016-01-25,5072.00,5091.25,5051.95,5071.19,4795644
2016-01-26,5071.19,5076.17,5038.69,5043.64,1982098
2016-01-27,5043.64,5044.60,5007.80,5008.75,1191186
2016-01-28,5008.75,5028.72,4989.14,5009.10,4916735
2016-01-31,5009.10,5077.23,4972.81,5040.71,8245164
2016-02-01,5040.71,5076.06,5015.67,5050.98,5966598
2016-02-02,5050.98,5072.60,5030.67,5052.29,5019307
2016-02-03,5052.29,5058.70,5021.17,5027.55,2267489
2016-02-04,5027.55,5086.72,4994.30,5053.30,7612379
2016-02-07,5053.30,5124.83,5015.72,5087.00,8436694
2016-02-08,5087.00,5099.12,5060.63,5072.72,3382407
2016-02-09,5072.72,5075.06,5037.88,5040.21,1461865
2016-02-10,5040.21,5047.78,5010.20,5017.74,2502229
2016-02-11,5017.74,5066.80,4988.02,5036.96,6923251
2016-02-14,5036.96,5085.12,5007.50,5055.55,6848388
2016-02-15,5055.55,5099.52,5027.50,5071.37,6549245
2016-02-16,5071.37,5140.03,5034.74,5103.16,8223353
2016-02-17,5103.16,5113.91,5075.48,5086.18,3105281
2016-02-18,5086.18,5150.44,5051.03,5115.09,7911076
2016-02-21,5115.09,5123.36,5085.15,5093.38,2616049
2016-02-22,5093.38,5096.26,5058.86,5061.73,1565877
2016-02-23,5061.73,5066.39,5029.01,5033.64,1921056
2016-02-24,5033.64,5035.83,4998.95,5001.13,1434670
2016-02-25,5001.13,5030.39,4978.30,5007.54,5563511
2016-02-28,5007.54,5070.82,4972.92,5036.01,7912517
2016-02-29,5036.01,5101.11,5000.69,5065.59,8012551
2016-03-01,5065.59,5072.84,5035.11,5042.33,2431515
2016-03-02,5042.33,5066.82,5021.06,5045.54,5218792
2016-03-03,5045.54,5048.98,5011.87,5015.29,1683024
2016-03-06,5015.29,5027.85,4989.82,5002.34,3503223
2016-03-07,5002.34,5025.98,4981.47,5005.09,5173216
2016-03-08,5005.09,5009.00,4972.12,4976.00,1779423
2016-03-09,4976.00,4991.48,4953.37,4968.83,4111968
2016-03-10,4968.83,4979.31,4941.89,4952.33,3109122
2016-03-13,4952.33,4965.38,4927.75,4940.77,3635082
2016-03-14,4940.77,4998.62,4908.21,4965.89,7591083
2016-03-15,4965.89,4972.64,4935.70,4942.42,2359842
2016-03-16,4942.42,4950.25,4913.35,4921.14,2583333
2016-03-17,4921.14,4922.49,4886.53,4887.87,1273902
2016-03-20,4887.87,4926.27,4862.16,4900.50,6258710
2016-03-21,4900.50,4905.19,4868.98,4873.65,1957510
2016-03-22,4873.65,4890.68,4853.10,4870.12,4493758
2016-03-23,4870.12,4875.67,4839.57,4845.09,2139060
2016-03-24,4845.09,4866.83,4825.27,4847.01,5090946
2016-03-27,4847.01,4864.38,4826.95,4844.32,4583984
2016-03-28,4844.32,4845.93,4810.50,4812.11,1334224
2016-03-29,4812.11,4864.63,4781.71,4834.10,7316975
2016-03-30,4834.10,4852.84,4815.33,4834.08,4877914
2016-03-31,4834.08,4884.89,4804.22,4854.90,7177537
2016-04-03,4854.90,4869.32,4832.22,4846.61,3968930
2016-04-04,4846.61,4919.03,4809.25,4881.40,8708882
2016-04-05,4881.40,4930.25,4852.10,4900.83,7002331
2016-04-06,4900.83,4941.06,4874.46,4914.61,6380144
2016-04-07,4914.61,4926.46,4889.26,4901.07,3410219
2016-04-10,4901.07,4916.47,4878.91,4894.29,4141941
2016-04-11,4894.29,4898.61,4862.49,4866.79,1883950
2016-04-12,4866.79,4933.97,4831.19,4898.14,8315260
2016-04-13,4898.14,4902.69,4866.52,4871.05,1929698
2016-04-14,4871.05,4875.01,4839.10,4843.04,1813683
2016-04-17,4843.04,4851.55,4815.29,4823.76,2757338
2016-04-18,4823.76,4836.78,4800.09,4813.08,3698936
2016-04-19,4813.08,4815.50,4780.20,4782.60,1502674
2016-04-20,4782.60,4817.57,4758.36,4793.27,6069787
2016-04-21,4793.27,4811.41,4774.27,4792.40,4782990
2016-04-24,4792.40,4808.14,4771.33,4787.05,4284259
2016-04-25,4787.05,4815.37,4765.09,4793.38,5585939
2016-04-26,4793.38,4862.32,4757.36,4826.06,8515192
2016-04-27,4826.06,4853.29,4804.38,4831.59,5491769
2016-04-28,4831.59,4849.17,4811.83,4829.41,4639128
2016-05-01,4829.41,4835.34,4799.50,4805.40,2228875
2016-05-02,4805.40,4873.73,4769.56,4837.65,8458539
2016-05-03,4837.65,4879.90,4810.74,4852.91,6562688
2016-05-04,4852.91,4877.02,4832.25,4856.34,5257373
2016-05-05,4856.34,4926.23,4819.83,4889.47,8517901
2016-05-08,4889.47,4933.98,4861.65,4906.06,6689951
2016-05-09,4906.06,4925.86,4886.76,4906.56,4934019
2016-05-10,4906.56,4906.57,4870.88,4870.89,1003189
2016-05-11,4870.89,4938.68,4835.07,4902.62,8354252
2016-05-12,4902.62,4920.23,4882.38,4899.98,4592146
2016-05-15,4899.98,4924.18,4879.16,4903.36,5247736
2016-05-16,4903.36,4950.81,4874.48,4921.83,6888923
2016-05-17,4921.83,4979.08,4889.51,4946.60,7565089
2016-05-18,4946.60,5018.75,4909.08,4980.97,8584876
2016-05-19,4980.97,5011.03,4957.92,4987.95,5627297
2016-05-22,4987.95,4988.87,4952.48,4953.40,1186179
2016-05-23,4953.40,4993.60,4926.91,4967.03,6347942
2016-05-24,4967.03,5029.66,4932.75,4995.18,7902709
2016-05-25,4995.18,5014.11,4975.41,4994.33,4788751
2016-05-26,4994.33,4998.68,4961.82,4966.15,1870267
2016-05-29,4966.15,4966.39,4930.23,4930.47,1048491
2016-05-30,4930.47,4961.35,4907.26,4938.11,5706138
2016-05-31,4938.11,4980.14,4911.02,4952.97,6485185
2016-06-01,4952.97,4969.80,4931.68,4948.49,4397976
2016-06-02,4948.49,5001.86,4917.46,4970.68,7271673
2016-06-05,4970.68,5027.94,4938.24,4995.34,7526028
2016-06-06,4995.34,5020.55,4973.94,4999.13,5284499
2016-06-07,4999.13,5018.22,4979.47,4998.56,4818689
2016-06-08,4998.56,5067.71,4961.94,5030.86,8326131
2016-06-09,5030.86,5081.76,5000.46,5051.24,7041392
2016-06-12,5051.24,5054.68,5017.52,5020.94,1680521
2016-06-13,5020.94,5037.10,4998.58,5014.72,4218827
2016-06-14,5014.72,5035.94,4994.65,5015.86,5001989
2016-06-15,5015.86,5016.82,4980.22,4981.17,1190500
2016-06-16,4981.17,5024.31,4953.58,4996.65,6537448
2016-06-19,4996.65,5004.14,4966.88,4974.34,2499622
2016-06-20,4974.34,5019.51,4946.08,4991.15,6681961
2016-06-21,4991.15,4999.21,4961.93,4969.96,2615329
2016-06-22,4969.96,4979.24,4941.96,4951.20,2867626
2016-06-23,4951.20,4979.10,4928.98,4956.85,5488237
2016-06-26,4956.85,4970.66,4932.90,4946.68,3785802
2016-06-27,4946.68,4948.85,4912.61,4914.77,1439334
2016-06-28,4914.77,4991.54,4875.73,4952.21,8942661
2016-06-29,4952.21,4978.59,4930.51,4956.87,5382201
2016-06-30,4956.87,4959.59,4923.20,4925.90,1548079
2016-07-03,4925.90,4942.55,4904.65,4921.27,4378566
2016-07-04,4921.27,4929.82,4892.99,4901.51,2737860
2016-07-05,4901.51,4943.82,4874.41,4916.64,6527194
2016-07-06,4916.64,4927.11,4890.07,4900.50,3129286
2016-07-07,4900.50,4952.14,4870.19,4921.69,7186111
2016-07-10,4921.69,4935.03,4897.59,4910.90,3710013
2016-07-11,4910.90,4981.71,4873.93,4944.49,8528155
2016-07-12,4944.49,4980.51,4919.47,4955.43,6060288
2016-07-13,4955.43,4972.43,4934.27,4951.25,4429869
2016-07-14,4951.25,5013.76,4917.04,4979.36,7908504
2016-07-17,4979.36,4987.80,4950.55,4958.95,2693724
2016-07-18,4958.95,4973.93,4936.01,4950.96,4020096
2016-07-19,4950.96,4968.80,4930.56,4948.39,4603669
2016-07-20,4948.39,5018.19,4911.68,4981.23,8419753
2016-07-21,4981.23,5013.98,4957.26,4989.96,5814026
2016-07-24,4989.96,4994.68,4957.82,4962.52,1946982
2016-07-25,4962.52,4970.32,4933.27,4941.04,2571707
2016-07-26,4941.04,4963.98,4920.56,4943.49,5144993
2016-07-27,4943.49,4954.72,4917.39,4928.59,3271776
2016-07-28,4928.59,4945.75,4907.76,4924.92,4482921
2016-07-31,4924.92,4950.65,4903.51,4929.22,5346330
2016-08-01,4929.22,4943.57,4905.95,4920.27,3911385
2016-08-02,4920.27,4922.67,4886.59,4888.97,1486728
2016-08-03,4888.97,4892.64,4856.64,4860.29,1751371
2016-08-04,4860.29,4911.68,4830.16,4881.42,7199142
2016-08-07,4881.42,4900.87,4862.30,4881.76,4916460
2016-08-08,4881.76,4912.15,4858.84,4889.20,5693449
2016-08-09,4889.20,4958.86,4852.69,4922.10,8468381
2016-08-10,4922.10,4927.54,4891.08,4896.49,2105452
2016-08-11,4896.49,4913.66,4875.90,4893.06,4505898
2016-08-14,4893.06,4903.10,4866.28,4876.29,3052434
2016-08-15,4876.29,4892.81,4855.28,4871.78,4387037
2016-08-16,4871.78,4874.33,4838.58,4841.11,1522050
2016-08-17,4841.11,4847.33,4811.36,4817.55,2284636
2016-08-18,4817.55,4867.04,4788.19,4837.55,7094547
2016-08-21,4837.55,4900.97,4803.33,4866.54,8075240
2016-08-22,4866.54,4868.96,4833.27,4835.68,1498319
2016-08-23,4835.68,4863.94,4813.62,4841.86,5561316
2016-08-24,4841.86,4853.96,4817.25,4829.32,3498799
2016-08-25,4829.32,4843.93,4807.00,4821.59,4026817
2016-08-28,4821.59,4831.82,4795.50,4805.69,3120679
2016-08-29,4805.69,4855.49,4776.25,4825.93,7126063
2016-08-30,4825.93,4849.15,4805.64,4828.85,5203463
2016-08-31,4828.85,4839.02,4802.65,4812.79,3105967
2016-09-01,4812.79,4851.05,4787.33,4825.52,6290363
2016-09-04,4825.52,4892.77,4789.99,4857.02,8361591
2016-09-05,4857.02,4931.59,4818.89,4893.18,8850514
2016-09-06,4893.18,4909.45,4871.83,4888.09,4325034
2016-09-07,4888.09,4962.91,4849.79,4924.33,8834533
2016-09-08,4924.33,4983.36,4891.40,4950.25,7687654
2016-09-11,4950.25,4967.89,4929.68,4947.31,4563408
2016-09-12,4947.31,4952.04,4915.49,4920.19,1955624
2016-09-13,4920.19,4929.78,4892.83,4902.39,2950720
2016-09-14,4902.39,4908.95,4872.50,4879.03,2338820
2016-09-15,4879.03,4928.64,4849.47,4898.96,7058196
2016-09-18,4898.96,4933.41,4874.59,4909.00,5973045
2016-09-19,4909.00,4986.28,4869.80,4946.78,8984602
2016-09-20,4946.78,4959.02,4921.54,4933.75,3475582
2016-09-21,4933.75,4948.99,4911.21,4926.42,4087962
2016-09-22,4926.42,4940.39,4902.83,4916.76,3834087
2016-09-25,4916.76,4924.34,4887.66,4895.20,2541117
2016-09-26,4895.20,4967.22,4857.86,4929.61,8628806
2016-09-27,4929.61,4967.80,4903.87,4942.00,6220610
2016-09-28,4942.00,4999.82,4909.44,4967.09,7588134
2016-09-29,4967.09,5015.74,4937.65,4986.18,6928909
2016-10-02,4986.18,4998.53,4960.74,4973.06,3477503
2016-10-03,4973.06,5007.71,4948.45,4983.04,5949965
2016-10-04,4983.04,4989.63,4952.58,4959.14,2321604
2016-10-05,4959.14,5007.84,4929.69,4978.28,6938100
2016-10-06,4978.28,5056.29,4938.65,5016.36,8959945
2016-10-09,5016.36,5054.06,4990.57,5028.21,6140226
2016-10-10,5028.21,5042.97,5004.57,5019.31,3935733
2016-10-11,5019.31,5034.12,4995.78,5010.57,3951406
2016-10-12,5010.57,5042.12,4986.93,5018.44,5718106
2016-10-13,5018.44,5051.29,4994.34,5027.14,5803737
2016-10-16,5027.14,5033.46,4996.13,5002.42,2257681
2016-10-17,5002.42,5019.37,4980.87,4997.81,4388580
2016-10-18,4997.81,5060.43,4963.45,5025.88,7875445
2016-10-19,5025.88,5079.21,4994.66,5047.86,7212105
2016-10-20,5047.86,5076.25,5025.22,5053.58,5484979
2016-10-23,5053.58,5081.99,5030.92,5059.31,5484190
2016-10-24,5059.31,5097.44,5033.26,5071.34,6148010
2016-10-25,5071.34,5088.28,5049.28,5066.21,4340637
2016-10-26,5066.21,5071.09,5033.65,5038.50,1963305
2016-10-27,5038.50,5045.55,5008.04,5015.06,2398731
2016-10-30,5015.06,5031.55,4993.03,5009.50,4288888
2016-10-31,5009.50,5083.45,4971.20,5044.88,8646124
2016-11-01,5044.88,5099.66,5013.11,5067.74,7297599
2016-11-02,5067.74,5142.80,5028.91,5103.69,8663065
2016-11-03,5103.69,5123.42,5083.83,5103.56,4865980
2016-11-06,5103.56,5171.97,5066.92,5135.12,8177949
2016-11-07,5135.12,5154.61,5114.82,5134.31,4796502
2016-11-08,5134.31,5139.22,5101.28,5106.16,1956207
2016-11-09,5106.16,5177.50,5068.52,5139.61,8373113
2016-11-10,5139.61,5155.14,5115.83,5131.34,4022530
2016-11-13,5131.34,5142.89,5104.15,5115.66,3250137
2016-11-14,5115.66,5127.00,5088.40,5099.71,3216426
2016-11-15,5099.71,5103.15,5065.64,5069.06,1674485
2016-11-16,5069.06,5084.67,5045.87,5061.46,4081104
2016-11-17,5061.46,5076.86,5038.13,5053.50,4041220
2016-11-20,5053.50,5053.94,5017.12,5017.55,1085699
2016-11-21,5017.55,5079.07,4983.52,5044.86,7782441
2016-11-22,5044.86,5083.36,5018.72,5057.16,6180829
2016-11-23,5057.16,5087.13,5033.95,5063.89,5589506
2016-11-24,5063.89,5067.37,5030.12,5033.58,1687482
2016-11-27,5033.58,5054.39,5013.60,5034.41,4968587
2016-11-28,5034.41,5042.06,5004.51,5012.13,2519238
2016-11-29,5012.13,5035.18,4991.43,5014.47,5129561
2016-11-30,5014.47,5028.20,4990.03,5003.73,3737825
2016-12-01,5003.73,5014.78,4977.03,4988.05,3208230
2016-12-04,4988.05,5015.49,4965.89,4993.31,5442009
2016-12-05,4993.31,5026.24,4969.23,5002.12,5821879
2016-12-06,5002.12,5012.08,4974.48,4984.40,2989814
2016-12-07,4984.40,5019.24,4959.68,4994.47,5958161
2016-12-08,4994.47,5037.98,4966.73,5010.15,6554080
2016-12-11,5010.15,5034.17,4989.12,5013.13,5197325
2016-12-12,5013.13,5018.20,4981.12,4986.17,2011351
2016-12-13,4986.17,4987.50,4951.07,4952.40,1267764
2016-12-14,4952.40,4975.67,4931.77,4955.03,5164094
2016-12-15,4955.03,4975.04,4935.54,4955.54,4934910
2016-12-18,4955.54,4957.01,4920.79,4922.24,1296262
2016-12-19,4922.24,4960.42,4896.53,4934.64,6223456
2016-12-20,4934.64,4939.89,4903.36,4908.57,2062174
2016-12-21,4908.57,4913.35,4877.07,4881.82,1972908
2016-12-22,4881.82,4895.04,4857.90,4871.10,3708744
2016-12-25,4871.10,4889.25,4851.55,4869.69,4726474
2016-12-26,4869.69,4913.19,4842.27,4885.68,6631035
2016-12-27,4885.68,4962.15,4846.82,4923.00,8953292
2016-12-28,4923.00,4990.18,4887.25,4954.21,8261145
2016-12-29,4954.21,4962.15,4925.15,4933.06,2603978
2017-01-01,4933.06,4934.50,4898.44,4899.86,1290432
2017-01-02,4899.86,4963.02,4865.56,4928.52,7999519
2017-01-03,4928.52,4929.63,4893.64,4894.75,1225068
2017-01-04,4894.75,4958.60,4860.22,4923.87,8053497
2017-01-05,4923.87,4977.02,4892.97,4945.98,7274931
2017-01-08,4945.98,4978.69,4922.10,4954.77,5827640
2017-01-09,4954.77,5026.90,4917.23,4989.10,8575823
2017-01-10,4989.10,4991.20,4954.66,4956.74,1420713
2017-01-11,4956.74,4970.35,4932.62,4946.20,3745027
2017-01-12,4946.20,4984.09,4920.52,4958.35,6190740
2017-01-15,4958.35,4962.17,4925.64,4929.44,1770198
2017-01-16,4929.44,4968.91,4903.26,4942.66,6310562
2017-01-17,4942.66,4958.64,4920.70,4936.65,4231584
2017-01-18,4936.65,4949.77,4912.25,4925.33,3656721
2017-01-19,4925.33,5001.05,4886.63,4962.06,8857578
2017-01-22,4962.06,4997.80,4937.10,4972.78,6031687
2017-01-23,4972.78,4979.81,4942.79,4949.78,2413614
2017-01-24,4949.78,4995.26,4921.47,4966.85,6719410
2017-01-25,4966.85,5015.43,4937.43,4985.89,6924382
2017-01-26,4985.89,4987.76,4951.27,4953.12,1374211
2017-01-29,4953.12,4964.16,4926.78,4937.79,3229389
2017-01-30,4937.79,4943.93,4907.27,4913.38,2243004
2017-01-31,4913.38,4927.49,4890.00,4904.09,3871844
2017-02-01,4904.09,4907.62,4871.52,4875.04,1720850
2017-02-02,4875.04,4886.35,4849.51,4860.79,3320884
2017-02-05,4860.79,4884.69,4840.18,4864.07,5239849
2017-02-06,4864.07,4892.02,4842.05,4869.97,5527126
2017-02-07,4869.97,4897.45,4848.10,4875.55,5491358
2017-02-08,4875.55,4949.86,4837.47,4911.49,8811556
2017-02-09,4911.49,4916.31,4880.01,4884.80,1981550
2017-02-12,4884.80,4899.88,4862.48,4877.54,4087757
2017-02-13,4877.54,4882.03,4846.01,4850.48,1920301
2017-02-14,4850.48,4857.35,4821.24,4828.08,2417455
2017-02-15,4828.08,4835.05,4799.09,4806.02,2443415
2017-02-16,4806.02,4819.96,4783.28,4797.19,3899417
2017-02-19,4797.19,4802.79,4767.22,4772.79,2168175
2017-02-20,4772.79,4786.60,4750.17,4763.95,3891666
2017-02-21,4763.95,4769.11,4733.83,4738.96,2082235
2017-02-22,4738.96,4755.86,4719.28,4736.18,4567043
2017-02-23,4736.18,4749.28,4713.21,4726.28,3765843
2017-02-26,4726.28,4784.50,4694.14,4752.18,7802091
2017-02-27,4752.18,4771.54,4733.42,4752.78,4947393
2017-02-28,4752.78,4778.34,4731.87,4757.41,5399279
2017-03-01,4757.41,4824.14,4722.24,4788.74,8392318
2017-03-02,4788.74,4831.67,4761.72,4804.56,6642558
2017-03-05,4804.56,4819.58,4782.77,4797.76,4125308
2017-03-06,4797.76,4848.32,4768.08,4818.51,7186248
2017-03-07,4818.51,4838.68,4799.31,4819.47,4985871
2017-03-08,4819.47,4830.44,4794.04,4804.98,3277263
2017-03-09,4804.98,4860.21,4773.67,4828.74,7517215
2017-03-12,4828.74,4839.90,4803.41,4814.54,3310665
2017-03-13,4814.54,4851.39,4789.56,4826.35,6188477
2017-03-14,4826.35,4844.29,4806.94,4824.89,4718552
2017-03-15,4824.89,4844.58,4805.83,4825.52,4950274
2017-03-16,4825.52,4890.41,4790.82,4855.49,8192283
2017-03-19,4855.49,4860.95,4824.97,4830.40,2123593
2017-03-20,4830.40,4854.12,4809.93,4833.64,5238031
2017-03-21,4833.64,4851.15,4813.80,4831.30,4622016
2017-03-22,4831.30,4841.28,4804.92,4814.87,3065672
2017-03-23,4814.87,4870.07,4783.53,4838.58,7507270
2017-03-26,4838.58,4884.32,4810.47,4856.10,6811008
2017-03-27,4856.10,4865.22,4828.79,4837.88,2878120
2017-03-28,4837.88,4887.53,4808.41,4857.93,7091323
2017-03-29,4857.93,4863.24,4827.27,4832.55,2092592
2017-03-30,4832.55,4851.49,4813.73,4832.67,4894272
2017-04-02,4832.67,4885.52,4802.12,4854.82,7323525
2017-04-03,4854.82,4858.70,4822.92,4826.78,1800102
2017-04-04,4826.78,4843.42,4806.24,4822.87,4447462
2017-04-05,4822.87,4835.10,4798.52,4810.72,3537208
2017-04-06,4810.72,4812.01,4776.86,4778.13,1266872
2017-04-09,4778.13,4796.63,4759.56,4778.05,4871021
2017-04-10,4778.05,4826.73,4749.07,4797.63,7065706
2017-04-11,4797.63,4811.19,4774.62,4788.15,3826234
2017-04-12,4788.15,4790.54,4755.42,4757.79,1498285
2017-04-13,4757.79,4781.22,4737.61,4761.03,5242352
2017-04-16,4761.03,4779.17,4742.27,4760.42,4811522
2017-04-17,4760.42,4789.63,4738.22,4767.40,5662585
2017-04-18,4767.40,4769.31,4734.40,4736.30,1400480
2017-04-19,4736.30,4791.27,4705.25,4760.06,7556069
2017-04-20,4760.06,4777.66,4740.84,4758.43,4697256
2017-04-23,4758.43,4804.27,4730.48,4776.22,6873422
2017-04-24,4776.22,4829.40,4745.68,4798.72,7393209
2017-04-25,4798.72,4803.21,4767.77,4772.23,1935631
2017-04-26,4772.23,4847.49,4734.08,4809.05,8994513
2017-04-27,4809.05,4866.26,4777.04,4834.08,7656275
2017-04-30,4834.08,4906.35,4796.81,4868.81,8711042
2017-05-01,4868.81,4879.02,4842.35,4852.53,3097085
2017-05-02,4852.53,4865.53,4828.63,4841.60,3678600
2017-05-03,4841.60,4857.85,4820.61,4836.85,4356824
2017-05-04,4836.85,4906.40,4800.50,4869.81,8514471
2017-05-07,4869.81,4915.60,4841.60,4887.28,6793518
2017-05-08,4887.28,4953.20,4852.06,4917.76,8206310
2017-05-09,4917.76,4935.37,4897.40,4915.00,4580006
2017-05-10,4915.00,4931.39,4893.60,4909.97,4334362
2017-05-11,4909.97,4967.48,4877.60,4934.94,7592832
2017-05-14,4934.94,4942.97,4906.10,4914.10,2627023
2017-05-15,4914.10,4972.25,4881.49,4939.48,7634465
2017-05-16,4939.48,4972.46,4915.52,4948.46,5849725
2017-05-17,4948.46,4983.48,4923.77,4958.75,5988854
2017-05-18,4958.75,4973.76,4935.83,4950.82,4027160
2017-05-21,4950.82,4990.45,4924.53,4964.09,6310322
2017-05-22,4964.09,4969.05,4932.35,4937.28,1998834
2017-05-23,4937.28,4956.26,4917.97,4936.96,4845781
2017-05-24,4936.96,4953.29,4915.35,4931.66,4307956
2017-05-25,4931.66,4936.55,4900.09,4904.94,1990294
2017-05-28,4904.94,4931.66,4883.25,4909.94,5423662
2017-05-29,4909.94,4920.63,4883.61,4894.26,3175960
2017-05-30,4894.26,4895.71,4859.93,4861.37,1296570
2017-05-31,4861.37,4861.83,4826.41,4826.86,1094135
2017-06-01,4826.86,4864.64,4801.53,4839.24,6247668
2017-06-04,4839.24,4850.13,4813.60,4824.46,3250994
2017-06-05,4824.46,4835.03,4798.64,4809.18,3190534
2017-06-06,4809.18,4883.10,4771.40,4845.03,8856412
2017-06-07,4845.03,4855.63,4819.09,4829.65,3186899
2017-06-08,4829.65,4878.59,4800.45,4849.27,7046193
2017-06-11,4849.27,4888.45,4823.40,4862.50,6335528
2017-06-12,4862.50,4879.22,4841.77,4858.47,4437620
2017-06-13,4858.47,4921.02,4824.49,4886.84,7994444
2017-06-14,4886.84,4891.82,4855.67,4860.62,2018347
2017-06-15,4860.62,4867.12,4830.98,4837.44,2336488
2017-06-18,4837.44,4839.22,4803.82,4805.59,1368621
2017-06-19,4805.59,4856.95,4775.61,4826.84,7238203
2017-06-20,4826.84,4892.09,4792.01,4857.04,8216838
2017-06-21,4857.04,4898.62,4830.32,4871.81,6502057
2017-06-22,4871.81,4873.41,4837.78,4839.37,1328429
2017-06-25,4839.37,4841.36,4805.92,4807.90,1412002
2017-06-26,4807.90,4816.21,4780.23,4788.50,2728086
2017-06-27,4788.50,4801.06,4764.68,4777.21,3622359
2017-06-28,4777.21,4778.43,4743.53,4744.74,1255315
2017-06-29,4744.74,4746.55,4711.81,4713.61,1380041
2017-07-02,4713.61,4715.74,4681.20,4683.32,1453326
2017-07-03,4683.32,4693.06,4657.81,4667.52,3080109
2017-07-04,4667.52,4697.89,4645.15,4675.49,5791255
2017-07-05,4675.49,4710.82,4651.39,4686.67,6154663
2017-07-06,4686.67,4692.38,4657.60,4663.29,2219718
2017-07-09,4663.29,4673.99,4638.76,4649.43,3295061
2017-07-10,4649.43,4669.88,4630.55,4651.00,5059705
2017-07-11,4651.00,4655.68,4621.29,4625.95,2007475
2017-07-12,4625.95,4648.49,4606.40,4628.94,5224794
2017-07-13,4628.94,4631.26,4597.31,4599.62,1501783
2017-07-16,4599.62,4629.36,4577.65,4607.35,5776714
2017-07-17,4607.35,4652.27,4580.10,4624.92,6913786
2017-07-18,4624.92,4668.68,4598.03,4641.69,6814231
2017-07-19,4641.69,4713.10,4605.21,4676.34,8860768
2017-07-20,4676.34,4688.94,4653.37,4665.95,3695370
2017-07-23,4665.95,4730.56,4631.75,4696.14,8330384
2017-07-24,4696.14,4737.57,4669.87,4711.22,6592969
2017-07-25,4711.22,4757.00,4683.41,4729.09,6902880
2017-07-26,4729.09,4730.90,4696.28,4698.09,1383573
2017-07-27,4698.09,4704.23,4669.31,4675.42,2306652
2017-07-30,4675.42,4688.84,4653.17,4666.56,3869650
2017-07-31,4666.56,4690.41,4646.46,4670.30,5307133
2017-08-01,4670.30,4721.52,4640.71,4691.80,7335150
2017-08-02,4691.80,4724.20,4668.67,4701.03,5929012
2017-08-03,4701.03,4753.93,4670.78,4723.54,7434396
2017-08-06,4723.54,4723.60,4689.23,4689.28,1011796
2017-08-07,4689.28,4755.36,4654.51,4720.36,8414300
2017-08-08,4720.36,4730.26,4694.72,4704.59,3098696
2017-08-09,4704.59,4712.45,4677.27,4685.10,2669924
2017-08-10,4685.10,4727.32,4658.58,4700.72,6658847
2017-08-13,4700.72,4713.10,4677.39,4689.73,3633367
2017-08-14,4689.73,4745.34,4658.58,4714.03,7642866
2017-08-15,4714.03,4728.15,4692.12,4706.22,3995987
2017-08-16,4706.22,4722.08,4685.88,4701.73,4371742
2017-08-17,4701.73,4712.38,4676.87,4687.48,3263957
2017-08-20,4687.48,4700.42,4664.73,4677.63,3759053
2017-08-21,4677.63,4746.70,4641.86,4710.67,8647153
2017-08-22,4710.67,4783.22,4673.62,4745.88,8866529
2017-08-23,4745.88,4747.22,4712.53,4713.86,1281378
2017-08-24,4713.86,4727.03,4691.11,4704.25,3792935
2017-08-27,4704.25,4717.35,4681.52,4694.58,3783916
2017-08-28,4694.58,4753.69,4662.21,4721.14,7896296
2017-08-29,4721.14,4721.81,4687.38,4688.05,1142421
2017-08-30,4688.05,4739.66,4658.28,4709.76,7349451
2017-08-31,4709.76,4718.88,4683.51,4692.60,2937139
2017-09-03,4692.60,4706.81,4670.92,4685.11,4028943
2017-09-04,4685.11,4730.56,4657.49,4702.83,6896467
2017-09-05,4702.83,4732.70,4680.55,4710.38,5737242
2017-09-06,4710.38,4768.19,4678.42,4736.05,7785836
2017-09-07,4736.05,4766.42,4713.51,4743.85,5758299
2017-09-10,4743.85,4756.32,4720.28,4732.73,3629938
2017-09-11,4732.73,4790.27,4700.80,4758.17,7746433
2017-09-12,4758.17,4809.43,4728.34,4779.47,7268278
2017-09-13,4779.47,4840.37,4746.26,4806.97,7948559
2017-09-14,4806.97,4858.43,4776.96,4828.28,7244067
2017-09-17,4828.28,4873.20,4800.47,4845.30,6759739
2017-09-18,4845.30,4880.12,4820.94,4855.71,6026440
2017-09-19,4855.71,4858.68,4823.01,4825.96,1612071
2017-09-20,4825.96,4882.11,4794.27,4850.26,7566015
2017-09-21,4850.26,4851.22,4815.82,4816.77,1196913
2017-09-24,4816.77,4822.47,4786.75,4792.42,2183779
2017-09-25,4792.42,4812.95,4773.15,4793.68,5020438
2017-09-26,4793.68,4811.86,4774.72,4792.90,4793312
2017-09-27,4792.90,4808.68,4771.86,4787.62,4292524
2017-09-28,4787.62,4794.59,4758.92,4765.86,2456344
2017-10-01,4765.86,4780.87,4744.35,4759.33,4148971
2017-10-02,4759.33,4770.14,4734.20,4744.98,3271639
2017-10-03,4744.98,4755.45,4719.66,4730.10,3207064
2017-10-04,4730.10,4737.65,4702.33,4709.85,2597222
2017-10-05,4709.85,4716.70,4681.61,4688.43,2454458
2017-10-08,4688.43,4695.96,4660.94,4668.44,2605932
2017-10-09,4668.44,4679.98,4644.60,4656.11,3471399
2017-10-10,4656.11,4678.13,4636.67,4658.68,5174314
2017-10-11,4658.68,4672.59,4636.98,4650.87,3986282
2017-10-12,4650.87,4656.01,4621.56,4626.67,2104835
2017-10-15,4626.67,4669.78,4600.00,4643.02,6764540
2017-10-16,4643.02,4650.83,4616.11,4623.88,2681447
2017-10-17,4623.88,4627.72,4593.63,4597.44,1830864
2017-10-18,4597.44,4604.61,4570.30,4577.43,2558470
2017-10-19,4577.43,4582.12,4548.26,4552.93,2024759
2017-10-22,4552.93,4585.08,4530.24,4562.34,5982818
2017-10-23,4562.34,4575.52,4540.71,4553.87,3889437
2017-10-24,4553.87,4577.70,4534.06,4557.88,5349554
2017-10-25,4557.88,4561.95,4528.31,4532.36,1894032
2017-10-26,4532.36,4565.77,4509.29,4542.65,6090775
2017-10-29,4542.65,4601.07,4510.90,4569.13,7989163
2017-10-30,4569.13,4639.91,4533.04,4603.55,8897839
2017-10-31,4603.55,4619.65,4584.15,4600.24,4495816
2017-11-01,4600.24,4623.35,4580.56,4603.66,5276920
2017-11-02,4603.66,4640.75,4579.13,4616.15,6327572
2017-11-05,4616.15,4622.79,4588.41,4595.02,2437894
2017-11-06,4595.02,4661.52,4560.34,4626.60,8546159
2017-11-07,4626.60,4653.05,4605.71,4632.13,5516563
2017-11-08,4632.13,4642.55,4607.58,4617.97,3250342
2017-11-09,4617.97,4639.22,4598.90,4620.14,5130212
2017-11-12,4620.14,4623.83,4589.78,4593.44,1798148
2017-11-13,4593.44,4599.26,4565.14,4570.93,2266495
2017-11-14,4570.93,4608.22,4546.42,4583.64,6362414
2017-11-15,4583.64,4622.92,4558.40,4597.61,6505658
2017-11-16,4597.61,4605.97,4571.51,4579.85,2819684
2017-11-19,4579.85,4633.27,4549.73,4603.00,7576097
2017-11-20,4603.00,4648.66,4575.51,4621.06,6972427
2017-11-21,4621.06,4683.88,4587.59,4650.20,8243244
2017-11-22,4650.20,4664.64,4629.02,4643.44,4104595
2017-11-23,4643.44,4683.59,4617.75,4657.82,6531790
2017-11-26,4657.82,4689.20,4635.13,4666.47,5870507
2017-11-27,4666.47,4716.92,4637.16,4687.48,7281241
2017-11-28,4687.48,4754.92,4652.24,4719.45,8517078
2017-11-29,4719.45,4767.11,4690.97,4738.51,7034807
2017-11-30,4738.51,4754.81,4718.32,4734.60,4439368
2017-12-03,4734.60,4799.22,4700.22,4764.62,8261625
2017-12-04,4764.62,4813.22,4735.70,4784.18,7069478
2017-12-05,4784.18,4830.80,4755.89,4802.41,6912311
2017-12-06,4802.41,4802.88,4767.89,4768.36,1098765
2017-12-07,4768.36,4769.83,4734.97,4736.42,1307853
2017-12-10,4736.42,4741.32,4706.28,4711.14,2033401
2017-12-11,4711.14,4749.56,4685.88,4724.23,6361831
2017-12-12,4724.23,4724.63,4690.21,4690.60,1083264
2017-12-13,4690.60,4691.24,4657.04,4657.67,1135973
2017-12-14,4657.67,4668.78,4633.54,4644.61,3384156
2017-12-17,4644.61,4648.00,4613.80,4617.17,1729046
2017-12-18,4617.17,4670.72,4586.91,4640.31,7553360
2017-12-19,4640.31,4651.91,4616.73,4628.30,3499074
2017-12-20,4628.30,4668.94,4602.48,4643.04,6578532
2017-12-21,4643.04,4711.21,4607.66,4675.59,8618895
2017-12-24,4675.59,4680.45,4645.85,4650.69,2039917
2017-12-25,4650.69,4659.83,4624.89,4633.99,2965054
2017-12-26,4633.99,4689.25,4603.10,4658.20,7665912
2017-12-27,4658.20,4664.44,4629.80,4636.01,2340020
2017-12-28,4636.01,4641.68,4607.27,4612.91,2221947
2017-12-31,4612.91,4672.74,4580.49,4640.13,8027743
2018-01-01,4640.13,4696.36,4608.89,4664.95,7732716
2018-01-02,4664.95,4720.80,4633.78,4689.47,7682544
2018-01-03,4689.47,4709.79,4670.53,4690.85,5037722
2018-01-04,4690.85,4718.13,4669.50,4696.76,5551337
2018-01-07,4696.76,4739.38,4670.08,4712.61,6680178
2018-01-08,4712.61,4717.46,4682.60,4687.42,2029183
2018-01-09,4687.42,4736.04,4658.69,4707.19,7129218
2018-01-10,4707.19,4714.48,4679.35,4686.61,2548182
2018-01-11,4686.61,4692.87,4658.02,4664.25,2335459
2018-01-14,4664.25,4721.67,4632.53,4689.78,7799691
2018-01-15,4689.78,4731.52,4663.43,4705.08,6619890
2018-01-16,4705.08,4706.45,4672.06,4673.41,1289883
2018-01-17,4673.41,4682.27,4647.20,4656.03,2896090
2018-01-18,4656.03,4692.21,4631.68,4667.80,6228635
2018-01-21,4667.80,4673.52,4638.88,4644.57,2225788
2018-01-22,4644.57,4657.35,4621.99,4634.74,3751748
2018-01-23,4634.74,4651.93,4616.07,4633.25,4707750
2018-01-24,4633.25,4699.37,4598.61,4664.49,8476508
2018-01-25,4664.49,4693.62,4642.57,4671.66,5700000
2018-01-28,4671.66,4696.67,4651.15,4676.14,5390569
2018-01-29,4676.14,4727.97,4646.32,4698.01,7375377
2018-01-30,4698.01,4712.46,4676.50,4690.92,4074176
2018-01-31,4690.92,4703.16,4667.53,4679.75,3610425
2018-02-01,4679.75,4685.63,4650.88,4656.72,2255727
2018-02-04,4656.72,4662.35,4627.79,4633.39,2207613
2018-02-05,4633.39,4641.27,4606.61,4614.46,2700651
2018-02-06,4614.46,4630.38,4594.83,4610.74,4450891
2018-02-07,4610.74,4621.96,4587.05,4598.24,3433641
2018-02-08,4598.24,4630.86,4575.27,4607.85,5994581
2018-02-11,4607.85,4609.20,4575.52,4576.87,1294204
2018-02-12,4576.87,4586.41,4551.96,4561.47,3085596
2018-02-13,4561.47,4631.17,4525.77,4595.21,8825548
2018-02-14,4595.21,4609.55,4574.35,4588.66,4118998
2018-02-15,4588.66,4604.70,4569.33,4585.36,4496810
2018-02-18,4585.36,4624.94,4560.02,4599.52,6526886
2018-02-19,4599.52,4662.26,4566.13,4628.66,8258607
2018-02-20,4628.66,4637.92,4603.12,4612.35,3000617
2018-02-21,4612.35,4618.95,4584.60,4591.18,2431927
2018-02-22,4591.18,4591.39,4557.96,4558.17,1046364
2018-02-25,4558.17,4562.41,4528.75,4532.96,1930349
2018-02-26,4532.96,4589.75,4501.81,4558.41,7874005
2018-02-27,4558.41,4562.13,4528.52,4532.22,1815603
2018-02-28,4532.22,4548.62,4513.61,4530.01,4619341
2018-03-01,4530.01,4535.38,4501.78,4507.13,2186454
2018-03-04,4507.13,4537.87,4485.04,4515.74,5899657
2018-03-05,4515.74,4553.08,4491.35,4528.62,6400925
2018-03-06,4528.62,4545.39,4510.35,4527.12,4702606
2018-03-07,4527.12,4593.76,4492.57,4558.96,8631858
2018-03-08,4558.96,4566.30,4532.24,4539.54,2608436
2018-03-11,4539.54,4547.52,4513.53,4521.46,2755795
2018-03-12,4521.46,4545.08,4501.82,4525.41,5345541
2018-03-13,4525.41,4541.59,4506.65,4522.82,4575205
2018-03-14,4522.82,4576.93,4492.62,4546.56,7679355
2018-03-15,4546.56,4596.94,4517.58,4567.83,7374039
2018-03-18,4567.83,4621.88,4537.52,4591.42,7634567
2018-03-19,4591.42,4634.76,4564.76,4608.00,6806618
2018-03-20,4608.00,4612.85,4578.74,4583.56,2050685
2018-03-21,4583.56,4630.98,4555.51,4602.81,7119855
2018-03-22,4602.81,4614.18,4579.30,4590.65,3470919
2018-03-25,4590.65,4659.25,4555.26,4623.60,8708813
2018-03-26,4623.60,4661.34,4598.80,4636.47,6364403
2018-03-27,4636.47,4636.50,4602.76,4602.79,1005589
2018-03-28,4602.79,4644.58,4576.64,4618.34,6681755
2018-03-29,4618.34,4687.26,4582.77,4651.43,8701543
2018-04-01,4651.43,4659.54,4624.72,4632.80,2743964
2018-04-02,4632.80,4683.18,4603.60,4653.85,7302846
2018-04-03,4653.85,4656.01,4621.90,4624.05,1464609
2018-04-04,4624.05,4638.01,4602.65,4616.58,4019375
2018-04-05,4616.58,4648.15,4593.94,4625.46,5905418
2018-04-08,4625.46,4639.28,4603.92,4617.72,3986934
2018-04-09,4617.72,4679.45,4584.63,4646.16,8165157
2018-04-10,4646.16,4676.82,4623.75,4654.37,5822805
2018-04-11,4654.37,4666.48,4631.14,4643.22,3601851
2018-04-12,4643.22,4650.25,4615.62,4622.63,2514643
2018-04-15,4622.63,4629.04,4594.64,4601.03,2388340
2018-04-16,4601.03,4613.19,4578.22,4590.35,3642695
2018-04-17,4590.35,4628.31,4565.56,4603.45,6401165
2018-04-18,4603.45,4648.62,4576.12,4621.19,6935356
2018-04-19,4621.19,4673.31,4591.41,4643.39,7442798
2018-04-22,4643.39,4691.94,4614.80,4663.23,7158058
2018-04-23,4663.23,4707.12,4636.19,4679.99,6797187
2018-04-24,4679.99,4686.24,4651.44,4657.66,2335493
2018-04-25,4657.66,4719.30,4624.51,4685.95,8118655
2018-04-26,4685.95,4709.90,4665.76,4689.70,5307167
2018-04-29,4689.70,4745.46,4658.49,4714.09,7654115
2018-04-30,4714.09,4731.14,4694.72,4711.76,4616289
2018-05-01,4711.76,4742.53,4689.15,4719.88,5798628
2018-05-02,4719.88,4728.05,4692.73,4700.87,2731995
2018-05-03,4700.87,4761.25,4668.04,4728.23,7984293
2018-05-06,4728.23,4740.55,4704.64,4716.93,3604903
2018-05-07,4716.93,4762.76,4689.08,4734.81,6902469
2018-05-08,4734.81,4762.41,4713.24,4740.81,5556001
2018-05-09,4740.81,4745.84,4710.75,4715.74,2059327
2018-05-10,4715.74,4769.69,4685.09,4738.90,7498868
2018-05-13,4738.90,4809.11,4702.57,4772.53,8664746
2018-05-14,4772.53,4789.21,4752.41,4769.08,4495233
2018-05-15,4769.08,4828.55,4736.39,4795.68,7854526
2018-05-16,4795.68,4813.16,4776.09,4793.56,4643861
2018-05-17,4793.56,4831.05,4768.41,4805.84,6245953
2018-05-20,4805.84,4816.90,4780.59,4791.62,3302777
2018-05-21,4791.62,4809.96,4772.81,4791.14,4826680
2018-05-22,4791.14,4799.02,4763.22,4771.06,2644821
2018-05-23,4771.06,4793.66,4751.14,4773.72,5176954
2018-05-24,4773.72,4790.65,4753.82,4770.74,4546536
2018-05-27,4770.74,4791.24,4751.53,4772.03,5025171
2018-05-28,4772.03,4844.75,4734.76,4807.20,8810390
2018-05-29,4807.20,4857.17,4777.70,4827.54,7136762
2018-05-30,4827.54,4899.84,4790.27,4862.30,8720336
2018-05-31,4862.30,4864.91,4829.23,4831.82,1536419
2018-06-03,4831.82,4893.14,4798.33,4859.46,7930692
2018-06-04,4859.46,4859.77,4824.38,4824.69,1063648
2018-06-05,4824.69,4832.83,4796.75,4804.86,2688374
2018-06-06,4804.86,4810.92,4775.24,4781.27,2261659
2018-06-07,4781.27,4783.13,4748.13,4749.97,1388443
2018-06-10,4749.97,4805.70,4718.62,4774.19,7599588
2018-06-11,4774.19,4776.40,4741.41,4743.60,1462997
2018-06-12,4743.60,4764.03,4724.50,4744.92,5028052
2018-06-13,4744.92,4757.27,4721.24,4733.56,3603395
2018-06-14,4733.56,4806.48,4696.32,4768.96,8868038
2018-06-17,4768.96,4821.00,4738.84,4790.74,7315809
2018-06-18,4790.74,4795.69,4760.24,4765.17,2033127
2018-06-19,4765.17,4778.56,4742.24,4755.61,3810116
2018-06-20,4755.61,4767.90,4731.80,4744.06,3585048
2018-06-21,4744.06,4780.84,4719.29,4756.00,6222119
2018-06-24,4756.00,4784.64,4734.02,4762.62,5622565
2018-06-25,4762.62,4785.07,4742.77,4765.20,5169101
2018-06-26,4765.20,4777.13,4741.01,4752.91,3503703
2018-06-27,4752.91,4755.94,4721.00,4724.02,1638717
2018-06-28,4724.02,4776.74,4693.78,4746.35,7401303
2018-07-01,4746.35,4769.30,4726.37,4749.30,5211213
2018-07-02,4749.30,4759.71,4723.89,4734.27,3191906
2018-07-03,4734.27,4762.67,4712.42,4740.79,5614986
2018-07-04,4740.79,4783.78,4713.88,4756.78,6677983
2018-07-05,4756.78,4785.32,4734.82,4763.34,5615466
2018-07-08,4763.34,4773.55,4737.65,4747.83,3143484
2018-07-09,4747.83,4758.45,4722.61,4733.20,3237345
2018-07-10,4733.20,4748.55,4712.22,4727.55,4242729
2018-07-11,4727.55,4738.52,4702.78,4713.72,3320130
2018-07-12,4713.72,4750.27,4689.10,4725.59,6222633
2018-07-15,4725.59,4732.24,4697.06,4703.68,2407030
2018-07-16,4703.68,4705.92,4671.44,4673.67,1478257
2018-07-17,4673.67,4682.87,4647.75,4656.91,2967181
2018-07-18,4656.91,4668.28,4633.01,4644.35,3441700
2018-07-19,4644.35,4717.02,4607.42,4679.81,8951200
2018-07-22,4679.81,4697.61,4661.34,4679.14,4804320
2018-07-23,4679.14,4687.00,4652.01,4659.84,2680075
2018-07-24,4659.84,4680.50,4640.86,4661.52,5072290
2018-07-25,4661.52,4709.04,4633.24,4680.64,7067386
2018-07-26,4680.64,4692.13,4656.67,4668.14,3455486
2018-07-29,4668.14,4668.95,4634.90,4635.71,1174862
2018-07-30,4635.71,4656.50,4616.75,4637.53,5089711
2018-07-31,4637.53,4638.00,4604.21,4604.67,1101268
2018-08-01,4604.67,4671.93,4569.71,4636.72,8592249
2018-08-02,4636.72,4642.31,4607.91,4613.46,2204629
2018-08-05,4613.46,4658.94,4586.01,4631.38,6950754
2018-08-06,4631.38,4673.11,4605.17,4646.81,6657784
2018-08-07,4646.81,4650.28,4616.06,4619.50,1745473
2018-08-08,4619.50,4683.56,4585.61,4649.45,8337277
2018-08-09,4649.45,4691.97,4622.93,4665.36,6704801
2018-08-12,4665.36,4712.62,4637.15,4684.30,7045576
2018-08-13,4684.30,4752.74,4648.73,4716.92,8594170
2018-08-14,4716.92,4731.39,4695.29,4709.73,4066632
2018-08-15,4709.73,4735.58,4688.83,4714.66,5438271
2018-08-16,4714.66,4724.35,4688.87,4698.52,3054766
2018-08-19,4698.52,4703.58,4668.80,4673.83,2076611
2018-08-20,4673.83,4737.55,4639.91,4703.42,8256893
2018-08-21,4703.42,4713.07,4677.68,4687.30,3052400
2018-08-22,4687.30,4701.68,4665.81,4680.17,4068072
2018-08-23,4680.17,4688.75,4653.67,4662.22,2834773
2018-08-26,4662.22,4675.84,4640.24,4653.83,3920404
2018-08-27,4653.83,4678.52,4633.47,4658.14,5374348
2018-08-28,4658.14,4725.01,4623.18,4689.81,8505246
2018-08-29,4689.81,4763.74,4652.33,4725.97,8992112
2018-08-30,4725.97,4727.52,4692.96,4694.50,1328772
2018-09-02,4694.50,4711.41,4675.15,4692.05,4601646
2018-09-03,4692.05,4720.01,4670.46,4698.39,5600857
2018-09-04,4698.39,4709.03,4673.55,4684.16,3264677
2018-09-05,4684.16,4690.99,4656.09,4662.88,2457304
2018-09-06,4662.88,4683.66,4643.86,4664.63,5079972
2018-09-09,4664.63,4704.74,4638.90,4678.93,6515397
2018-09-10,4678.93,4704.18,4658.32,4683.55,5405555
2018-09-11,4683.55,4691.80,4656.73,4664.95,2762791
2018-09-12,4664.95,4703.70,4639.70,4678.37,6414266
2018-09-13,4678.37,4749.24,4641.98,4712.58,8779732
2018-09-16,4712.58,4717.21,4682.37,4686.98,1982647
2018-09-17,4686.98,4724.29,4662.16,4699.41,6294615
2018-09-18,4699.41,4758.81,4666.92,4726.14,7913168
2018-09-19,4726.14,4760.74,4702.16,4736.71,6072873
2018-09-20,4736.71,4739.03,4704.29,4706.60,1489780
2018-09-23,4706.60,4741.96,4682.41,4717.71,6139197
2018-09-24,4717.71,4724.16,4689.06,4695.48,2366803
2018-09-25,4695.48,4706.43,4670.94,4681.86,3333093
2018-09-26,4681.86,4725.85,4654.75,4698.64,6791152
2018-09-27,4698.64,4704.27,4669.41,4675.01,2197770
2018-09-30,4675.01,4723.89,4646.22,4694.97,7157887
2018-10-01,4694.97,4717.55,4675.24,4697.81,5202366
2018-10-02,4697.81,4770.60,4660.70,4733.21,8899108
2018-10-03,4733.21,4798.31,4698.67,4763.54,8297496
2018-10-04,4763.54,4781.20,4744.34,4761.99,4706172
2018-10-07,4761.99,4765.82,4730.72,4734.53,1804149
2018-10-08,4734.53,4739.67,4704.61,4709.72,2085253
2018-10-09,4709.72,4779.10,4673.76,4742.89,8635905
2018-10-10,4742.89,4807.41,4708.52,4772.82,8246227
2018-10-11,4772.82,4832.34,4740.11,4799.44,7854492
2018-10-14,4799.44,4815.40,4778.50,4794.44,4324897
2018-10-15,4794.44,4850.13,4763.00,4818.52,7558676
2018-10-16,4818.52,4838.03,4799.55,4819.05,4938545
2018-10-17,4819.05,4829.21,4792.91,4803.03,3106481
2018-10-18,4803.03,4812.99,4776.84,4786.77,3074828
2018-10-21,4786.77,4804.34,4767.33,4784.89,4670747
2018-10-22,4784.89,4850.92,4749.90,4815.70,8313991
2018-10-23,4815.70,4851.72,4791.01,4826.97,6128017
2018-10-24,4826.97,4833.65,4797.73,4804.39,2384430
2018-10-25,4804.39,4856.32,4774.21,4826.01,7280761
2018-10-28,4826.01,4840.74,4803.81,4818.52,4051577
2018-10-29,4818.52,4820.51,4785.21,4787.19,1412928
2018-10-30,4787.19,4798.39,4762.20,4773.37,3340123
2018-10-31,4773.37,4837.37,4739.10,4802.89,8178840
2018-11-01,4802.89,4824.43,4783.25,4804.78,5089574
2018-11-04,4804.78,4864.29,4771.99,4831.32,7825411
2018-11-05,4831.32,4863.48,4807.92,4840.04,5843141
2018-11-06,4840.04,4912.91,4802.54,4875.14,8747702
2018-11-07,4875.14,4938.97,4840.67,4904.30,8069958
2018-11-08,4904.30,4972.89,4868.12,4936.46,8377812
2018-11-11,4936.46,4996.11,4903.29,4962.76,7720644
2018-11-12,4962.76,5018.22,4930.96,4986.27,7407098
2018-11-13,4986.27,4996.82,4959.27,4969.78,3116186
2018-11-14,4969.78,4995.68,4948.20,4974.08,5341735
2018-11-15,4974.08,4974.93,4938.64,4939.49,1170164
2018-11-18,4939.49,4941.42,4905.26,4907.18,1391598
2018-11-19,4907.18,4927.13,4887.82,4907.77,4944307
2018-11-20,4907.77,4980.87,4870.02,4942.85,8692489
2018-11-21,4942.85,4985.67,4915.48,4958.21,6537379
2018-11-22,4958.21,4962.48,4925.90,4930.15,1861694
2018-11-25,4930.15,4931.67,4895.62,4897.13,1307407
2018-11-26,4897.13,4930.35,4873.20,4906.37,5886865
2018-11-27,4906.37,4961.49,4874.84,4929.81,7427229
2018-11-28,4929.81,4969.82,4903.44,4943.38,6348251
2018-11-29,4943.38,4952.14,4915.12,4923.85,2773388
2018-12-02,4923.85,5001.22,4884.59,4961.65,8974245
2018-12-03,4961.65,4972.31,4934.92,4945.54,3148353
2018-12-04,4945.54,5016.89,4908.30,4979.39,8530281
2018-12-05,4979.39,4983.55,4946.83,4950.97,1836076
2018-12-06,4950.97,4961.07,4923.83,4933.90,3041049
2018-12-09,4933.90,4941.25,4904.47,4911.80,2490877
2018-12-10,4911.80,4937.45,4890.45,4916.09,5346056
2018-12-11,4916.09,4917.86,4881.88,4883.64,1359670
2018-12-12,4883.64,4898.23,4860.91,4875.48,3988511
2018-12-13,4875.48,4921.94,4847.02,4893.37,6837517
2018-12-16,4893.37,4895.51,4859.66,4861.79,1437551
2018-12-17,4861.79,4929.48,4826.02,4893.48,8356515
2018-12-18,4893.48,4896.63,4860.65,4863.78,1643792
2018-12-19,4863.78,4906.91,4836.51,4879.54,6608024
2018-12-20,4879.54,4888.95,4852.31,4861.69,2928223
2018-12-23,4861.69,4862.16,4826.74,4827.21,1098216
2018-12-24,4827.21,4842.68,4805.65,4821.10,4204423
2018-12-25,4821.10,4869.82,4791.99,4840.60,7036968
2018-12-26,4840.60,4910.48,4804.13,4873.76,8534122
2018-12-27,4873.76,4902.23,4851.54,4879.98,5560082
2018-12-30,4879.98,4943.11,4845.74,4908.67,8016083
2018-12-31,4908.67,4919.89,4882.81,4893.99,3284842
2019-01-01,4893.99,4928.91,4869.48,4904.34,6008333
2019-01-02,4904.34,4905.32,4869.53,4870.49,1198902
2019-01-03,4870.49,4888.44,4850.77,4868.70,4683710
2019-01-06,4868.70,4943.91,4830.32,4905.24,8882510
2019-01-07,4905.24,4938.97,4881.11,4914.79,5918758
2019-01-08,4914.79,4979.06,4880.08,4944.14,8064060
2019-01-09,4944.14,4946.69,4910.41,4912.95,1515946
2019-01-10,4912.95,4915.45,4879.41,4881.90,1508984
2019-01-13,4881.90,4955.56,4844.02,4917.41,8759224
2019-01-14,4917.41,4928.43,4891.31,4902.30,3241975
2019-01-15,4902.30,4955.61,4871.40,4924.57,7302914
2019-01-16,4924.57,4930.00,4893.53,4898.93,2102537
2019-01-17,4898.93,4900.86,4864.99,4866.91,1393930
2019-01-20,4866.91,4874.86,4838.49,4846.41,2633882
2019-01-21,4846.41,4900.86,4815.26,4869.56,7427331
2019-01-22,4869.56,4922.54,4838.85,4891.70,7305144
2019-01-23,4891.70,4938.28,4863.16,4909.63,6835219
2019-01-24,4909.63,4924.69,4887.11,4902.15,4066941
2019-01-27,4902.15,4969.73,4866.32,4933.67,8308950
2019-01-28,4933.67,4986.42,4902.88,4955.50,7240260
2019-01-29,4955.50,4967.17,4929.69,4941.33,3354698
2019-01-30,4941.33,5001.29,4908.03,4967.81,7738683
2019-01-31,4967.81,5020.10,4937.10,4989.26,7182338
2019-02-03,4989.26,5062.59,4951.22,5024.28,8623936
2019-02-04,5024.28,5102.55,4984.45,5062.41,8927674
2019-02-05,5062.41,5067.45,5030.02,5035.03,1994787
2019-02-06,5035.03,5088.40,5003.77,5057.00,7207990
2019-02-07,5057.00,5110.63,5025.60,5079.09,7209259
2019-02-10,5079.09,5089.30,5051.11,5061.29,3010939
2019-02-11,5061.29,5068.58,5030.88,5038.14,2440192
2019-02-12,5038.14,5072.75,5013.37,5047.93,5916769
2019-02-13,5047.93,5077.48,5024.89,5054.41,5564128
2019-02-14,5054.41,5085.30,5030.88,5061.74,5653875
2019-02-17,5061.74,5132.61,5024.37,5094.99,8383539
2019-02-18,5094.99,5116.34,5074.67,5096.02,4987688
2019-02-19,5096.02,5112.24,5073.16,5089.35,4182373
2019-02-20,5089.35,5094.15,5056.55,5061.33,1942901
2019-02-21,5061.33,5079.62,5040.52,5058.81,4614951
2019-02-24,5058.81,5060.63,5023.61,5025.41,1359019
2019-02-25,5025.41,5060.11,5000.65,5035.29,5928189
2019-02-26,5035.29,5096.98,5001.16,5062.66,7779252
2019-02-27,5062.66,5135.51,5024.61,5097.19,8517146
2019-02-28,5097.19,5158.07,5063.18,5123.88,7672736
2019-03-03,5123.88,5128.05,5090.28,5094.42,1813923
2019-03-04,5094.42,5115.81,5074.10,5095.47,4990089
2019-03-05,5095.47,5103.17,5065.17,5072.83,2509876
2019-03-06,5072.83,5109.67,5047.20,5083.98,6052297
2019-03-07,5083.98,5089.63,5051.97,5057.59,2111179
2019-03-10,5057.59,5061.50,5024.24,5028.12,1772942
2019-03-11,5028.12,5090.43,4993.79,5055.91,7827709
2019-03-12,5055.91,5067.11,5028.96,5040.12,3213751
2019-03-13,5040.12,5116.70,5000.83,5077.12,8795267
2019-03-14,5077.12,5084.60,5046.76,5054.21,2473491
2019-03-17,5054.21,5067.51,5029.11,5042.37,3631138
2019-03-18,5042.37,5052.01,5014.15,5023.75,2910185
2019-03-19,5023.75,5025.37,4988.63,4990.24,1322976
2019-03-20,4990.24,5035.77,4961.82,5007.24,6696673
2019-03-21,5007.24,5019.52,4981.59,4993.83,3451028
2019-03-24,4993.83,5054.00,4960.32,5020.32,7709499
2019-03-25,5020.32,5081.31,4986.47,5047.28,7743689
2019-03-26,5047.28,5079.54,5023.30,5055.52,5751131
2019-03-27,5055.52,5134.84,5015.25,5094.26,8966392
2019-03-28,5094.26,5099.89,5062.15,5067.76,2105521
2019-03-31,5067.76,5091.27,5046.76,5070.26,5143827
2019-04-01,5070.26,5141.89,5032.61,5103.98,8426989
2019-04-02,5103.98,5104.57,5067.37,5067.96,1115500
2019-04-03,5067.96,5088.82,5047.87,5068.74,4962448
2019-04-04,5068.74,5070.89,5033.76,5035.90,1424622
2019-04-07,5035.90,5102.38,5000.11,5066.37,8106961
2019-04-08,5066.37,5139.61,5028.17,5101.14,8540329
2019-04-09,5101.14,5156.46,5069.04,5124.22,7292626
2019-04-10,5124.22,5131.46,5093.31,5100.52,2413237
2019-04-11,5100.52,5111.79,5073.31,5084.55,3210802
2019-04-14,5084.55,5111.38,5062.36,5089.17,5364334
2019-04-15,5089.17,5101.22,5062.72,5074.74,3367661
2019-04-16,5074.74,5144.67,5037.66,5107.35,8307201
2019-04-17,5107.35,5158.02,5076.84,5127.39,6973079
2019-04-18,5127.39,5168.35,5100.20,5141.08,6303566
2019-04-21,5141.08,5152.20,5113.44,5124.53,3162860
2019-04-22,5124.53,5182.47,5091.46,5149.24,7452194
2019-04-23,5149.24,5194.10,5120.64,5165.41,6554286
2019-04-24,5165.41,5218.71,5133.84,5187.02,7111111
2019-04-25,5187.02,5192.90,5154.46,5160.32,2135013
2019-04-28,5160.32,5218.68,5127.02,5185.22,7453155
2019-04-29,5185.22,5244.34,5151.59,5210.55,7485288
2019-04-30,5210.55,5217.60,5178.85,5185.88,2354869
2019-05-01,5185.88,5203.16,5163.29,5180.56,4333504
2019-05-02,5180.56,5241.63,5146.27,5207.16,7618724
2019-05-05,5207.16,5219.90,5180.46,5193.15,3445096
2019-05-06,5193.15,5268.05,5154.06,5228.68,8528669
2019-05-07,5228.68,5238.33,5199.12,5208.73,2844753
2019-05-08,5208.73,5287.02,5168.42,5246.42,8739026
2019-05-09,5246.42,5304.52,5212.99,5270.93,7371982
2019-05-12,5270.93,5289.36,5248.73,5267.14,4496707
2019-05-13,5267.14,5298.06,5243.07,5273.96,5569993
2019-05-14,5273.96,5290.82,5250.36,5267.20,4196776
2019-05-15,5267.20,5333.70,5230.82,5297.11,7907921
2019-05-16,5297.11,5323.63,5274.48,5300.99,5271330
2019-05-19,5300.99,5308.08,5268.66,5275.71,2336385
2019-05-20,5275.71,5350.01,5236.61,5310.65,8411728
2019-05-21,5310.65,5322.20,5282.16,5293.68,3176371
2019-05-22,5293.68,5317.95,5271.85,5296.11,5124142
2019-05-23,5296.11,5297.91,5259.17,5260.97,1341460
2019-05-26,5260.97,5269.48,5230.18,5238.66,2618449
2019-05-27,5238.66,5304.57,5202.55,5268.26,7893381
2019-05-28,5268.26,5306.18,5241.76,5279.62,6030452
2019-05-29,5279.62,5331.36,5248.31,5299.92,6930898
2019-05-30,5299.92,5337.26,5273.54,5310.83,5977434
2019-06-02,5310.83,5315.14,5275.99,5280.28,1812037
2019-06-03,5280.28,5293.20,5253.21,5266.09,3447050
2019-06-04,5266.09,5275.10,5235.70,5244.66,2709636
2019-06-05,5244.66,5312.57,5207.85,5275.54,8019547
2019-06-06,5275.54,5288.73,5248.73,5261.89,3500240
2019-06-09,5261.89,5264.12,5225.57,5227.78,1423319
2019-06-10,5227.78,5243.40,5203.44,5219.02,3986316
2019-06-11,5219.02,5226.45,5187.59,5194.99,2423799
2019-06-12,5194.99,5223.71,5171.86,5200.56,5451817
2019-06-13,5200.56,5200.80,5162.93,5163.17,1045679
2019-06-16,5163.17,5176.34,5137.17,5150.30,3551063
2019-06-17,5150.30,5156.12,5117.95,5123.73,2128463
2019-06-18,5123.73,5131.58,5093.36,5101.17,2530967
2019-06-19,5101.17,5107.37,5069.51,5075.68,2215363
2019-06-20,5075.68,5084.75,5046.72,5055.76,2786591
2019-06-23,5055.76,5069.79,5031.28,5045.29,3775514
2019-06-24,5045.29,5049.07,5011.92,5015.68,1750034
2019-06-25,5015.68,5024.50,4986.95,4995.74,2759533
2019-06-26,4995.74,5061.76,4960.20,5026.02,8112654
2019-06-27,5026.02,5054.33,5003.46,5031.75,5488408
2019-06-30,5031.75,5058.54,5009.71,5036.47,5380624
2019-07-01,5036.47,5045.92,5008.13,5017.55,2875720
2019-07-02,5017.55,5093.32,4978.59,5054.08,8763820
2019-07-03,5054.08,5089.78,5028.90,5064.54,5983196
2019-07-04,5064.54,5121.01,5032.14,5088.45,7398045
2019-07-07,5088.45,5138.00,5058.38,5107.81,6909602
2019-07-08,5107.81,5172.19,5072.57,5136.74,7900582
2019-07-09,5136.74,5136.81,5099.43,5099.50,1012962
2019-07-10,5099.50,5111.02,5072.51,5084.00,3259087
2019-07-11,5084.00,5126.99,5056.21,5099.12,6466117
2019-07-14,5099.12,5109.59,5071.22,5081.66,3053806
2019-07-15,5081.66,5082.40,5045.34,5046.08,1145610
2019-07-16,5046.08,5067.59,5025.83,5047.34,5013134
2019-07-17,5047.34,5124.88,5007.70,5084.95,8853909
2019-07-18,5084.95,5099.70,5060.89,5075.63,3902503
2019-07-21,5075.63,5124.54,5045.81,5094.61,6874965
2019-07-22,5094.61,5127.11,5070.43,5102.89,5746604
2019-07-23,5102.89,5151.89,5072.97,5121.86,6863100
2019-07-24,5121.86,5178.78,5089.16,5145.92,7384945
2019-07-25,5145.92,5168.63,5125.00,5147.71,5065226
2019-07-28,5147.71,5174.81,5125.26,5152.35,5360733
2019-07-29,5152.35,5156.86,5118.84,5123.33,1876406
2019-07-30,5123.33,5129.19,5091.21,5097.04,2143106
2019-07-31,5097.04,5105.85,5067.70,5076.48,2728737
2019-08-01,5076.48,5079.95,5042.60,5046.05,1682681
2019-08-04,5046.05,5115.67,5009.14,5078.53,8313580
2019-08-05,5078.53,5085.14,5047.40,5053.97,2300445
2019-08-06,5053.97,5059.72,5022.26,5027.98,2137105
2019-08-07,5027.98,5037.58,4999.84,5009.40,2909979
2019-08-08,5009.40,5065.42,4977.30,5033.16,7409190
2019-08-11,5033.16,5077.28,5005.11,5049.14,6573010
2019-08-12,5049.14,5074.34,5027.60,5052.79,5265637
2019-08-13,5052.79,5079.80,5030.62,5057.60,5388305
2019-08-14,5057.60,5064.30,5026.70,5033.36,2323731
2019-08-15,5033.36,5041.99,5004.33,5012.92,2713888
2019-08-18,5012.92,5071.32,4979.98,5038.21,7571124
2019-08-19,5038.21,5113.70,4999.31,5074.51,8722599
2019-08-20,5074.51,5119.21,5046.16,5090.77,6588065
2019-08-21,5090.77,5092.25,5055.04,5056.51,1290980
2019-08-22,5056.51,5079.38,5035.76,5058.62,5102949
2019-08-25,5058.62,5074.92,5036.10,5052.38,4221502
2019-08-26,5052.38,5086.57,5027.71,5061.86,5881207
2019-08-27,5061.86,5070.96,5033.04,5042.10,2798113
2019-08-28,5042.10,5091.75,5012.11,5061.65,6947530
2019-08-29,5061.65,5136.79,5022.80,5097.67,8675137
2019-09-01,5097.67,5121.29,5076.55,5100.17,5141426
2019-09-02,5100.17,5105.77,5068.00,5073.58,2099485
2019-09-03,5073.58,5095.11,5053.25,5074.78,5006104
2019-09-04,5074.78,5132.36,5041.96,5099.38,7466220
2019-09-05,5099.38,5099.44,5062.33,5062.39,1010699
2019-09-08,5062.39,5101.42,5036.03,5074.99,6207441
2019-09-09,5074.99,5097.98,5054.15,5077.14,5105829
2019-09-10,5077.14,5128.12,5046.60,5097.46,7014506
2019-09-11,5097.46,5157.45,5063.75,5123.57,7612482
2019-09-12,5123.57,5125.59,5088.08,5090.08,1393587
2019-09-15,5090.08,5147.51,5057.28,5114.55,7444238
2019-09-16,5114.55,5132.73,5093.26,5111.43,4554561
2019-09-17,5111.43,5172.34,5077.38,5138.10,7662825
2019-09-18,5138.10,5169.20,5114.30,5145.36,5633230
2019-09-19,5145.36,5217.15,5107.45,5179.00,8367009
2019-09-22,5179.00,5190.64,5151.54,5163.14,3246879
2019-09-23,5163.14,5183.69,5142.93,5163.48,4914814
2019-09-24,5163.48,5205.91,5135.68,5178.03,6383161
2019-09-25,5178.03,5236.98,5144.48,5203.27,7479080
2019-09-26,5203.27,5279.72,5163.60,5239.78,8622325
2019-09-29,5239.78,5244.68,5205.98,5210.86,1936351
2019-09-30,5210.86,5273.40,5175.98,5238.34,7692764
2019-10-01,5238.34,5254.52,5214.41,5230.57,4089094
2019-10-02,5230.57,5273.20,5202.53,5245.08,6359910
2019-10-03,5245.08,5300.88,5212.45,5268.11,7221262
2019-10-06,5268.11,5276.79,5237.42,5246.07,2648456
2019-10-07,5246.07,5298.33,5214.66,5266.79,6987174
2019-10-08,5266.79,5268.89,5230.32,5232.41,1397908
2019-10-09,5232.41,5294.31,5197.70,5259.42,7633744
2019-10-10,5259.42,5314.31,5227.07,5281.82,7151474
2019-10-13,5281.82,5284.76,5245.99,5248.90,1556035
2019-10-14,5248.90,5291.96,5220.67,5263.65,6378292
2019-10-15,5263.65,5269.89,5230.85,5237.06,2186145
2019-10-16,5237.06,5247.69,5208.30,5218.89,3028978
2019-10-17,5218.89,5225.23,5186.50,5192.81,2215432
2019-10-20,5192.81,5205.40,5166.09,5178.64,3424519
2019-10-21,5178.64,5179.42,5141.65,5142.42,1150068
2019-10-22,5142.42,5186.09,5114.25,5157.84,6478497
2019-10-23,5157.84,5197.49,5131.02,5170.60,6199931
2019-10-24,5170.60,5226.08,5138.27,5193.60,7252640
2019-10-27,5193.60,5238.04,5165.04,5209.39,6500823
2019-10-28,5209.39,5244.11,5184.15,5218.82,5845713
2019-10-29,5218.82,5296.22,5178.79,5255.91,8670027
2019-10-30,5255.91,5287.45,5231.65,5263.16,5615740
2019-10-31,5263.16,5295.95,5238.45,5271.20,5695198
2019-11-03,5271.20,5350.38,5230.43,5309.31,8735562
2019-11-04,5309.31,5364.80,5276.62,5331.97,7156584
2019-11-05,5331.97,5332.41,5293.57,5294.00,1081721
2019-11-06,5294.00,5303.44,5263.78,5273.18,2782578
2019-11-07,5273.18,5317.63,5244.41,5288.77,6456687
2019-11-10,5288.77,5301.14,5261.15,5273.48,3338614
2019-11-11,5273.48,5279.52,5240.43,5246.43,2144410
2019-11-12,5246.43,5296.61,5215.75,5265.81,6849382
2019-11-13,5265.81,5330.63,5230.00,5294.63,7799211
2019-11-14,5294.63,5300.74,5261.49,5267.57,2154389
2019-11-17,5267.57,5281.63,5241.58,5255.60,3668004
2019-11-18,5255.60,5259.79,5221.06,5225.22,1796844
2019-11-19,5225.22,5264.57,5198.33,5237.62,6145850
2019-11-20,5237.62,5308.87,5199.67,5270.68,8245884
2019-11-21,5270.68,5289.99,5249.24,5268.55,4664849
2019-11-24,5268.55,5270.93,5232.32,5234.69,1452126
2019-11-25,5234.69,5300.90,5198.48,5264.49,7916358
2019-11-26,5264.49,5278.90,5238.83,5253.20,3736556
2019-11-27,5253.20,5311.90,5219.55,5278.09,7406550
2019-11-28,5278.09,5315.81,5251.63,5289.30,6012757
2019-12-01,5289.30,5296.41,5257.08,5264.16,2345301
2019-12-02,5264.16,5276.49,5236.69,5248.99,3342455
2019-12-03,5248.99,5284.31,5223.43,5258.71,5868415
2019-12-04,5258.71,5273.57,5233.48,5248.30,3824417
2019-12-05,5248.30,5324.97,5208.45,5284.84,8593175
2019-12-08,5284.84,5294.45,5254.84,5264.40,2816666
2019-12-09,5264.40,5277.60,5237.68,5250.85,3507235
2019-12-10,5250.85,5258.68,5219.54,5227.34,2492043
2019-12-11,5227.34,5297.61,5189.75,5259.79,8190843
2019-12-12,5259.79,5279.39,5238.68,5258.28,4727091
2019-12-15,5258.28,5276.01,5235.56,5253.28,4372393
2019-12-16,5253.28,5254.98,5216.56,5218.25,1324279
2019-12-17,5218.25,5227.74,5188.62,5198.07,2817318
2019-12-18,5198.07,5201.02,5162.85,5165.79,1567558
2019-12-19,5165.79,5168.63,5130.71,5133.54,1550308
2019-12-22,5133.54,5134.11,5096.69,5097.26,1111248
2019-12-23,5097.26,5124.84,5074.78,5102.33,5410871
2019-12-24,5102.33,5118.67,5079.53,5095.85,4202263
2019-12-25,5095.85,5105.75,5067.47,5077.34,2942215
2019-12-26,5077.34,5088.69,5050.36,5061.68,3235665
2019-12-29,5061.68,5079.97,5040.87,5059.15,4613477
2019-12-30,5059.15,5072.53,5034.08,5047.42,3643552
2019-12-31,5047.42,5088.78,5020.29,5061.57,6375274
2020-01-01,5061.57,5099.28,5035.67,5073.32,6117283
2020-01-02,5073.32,5117.43,5045.17,5089.19,6548593
2020-01-05,5089.19,5095.11,5057.37,5063.26,2163031
2020-01-06,5063.26,5078.69,5039.95,5055.35,4047016
2020-01-07,5055.35,5105.77,5025.07,5075.36,6990672
2020-01-08,5075.36,5080.09,5042.60,5047.31,1932270
2020-01-09,5047.31,5051.02,5013.86,5017.56,1736008
2020-01-12,5017.56,5086.64,4980.91,5049.76,8303120
2020-01-13,5049.76,5049.84,5013.10,5013.18,1016323
2020-01-14,5013.18,5020.79,4983.40,4990.97,2517592
2020-01-15,4990.97,5023.86,4966.92,4999.76,5819272
2020-01-16,4999.76,5008.50,4971.07,4979.78,2748525
2020-01-19,4979.78,4983.39,4946.73,4950.32,1725102
2020-01-20,4950.32,4959.59,4922.45,4931.69,2872462
2020-01-21,4931.69,4938.90,4902.15,4909.33,2462208
2020-01-22,4909.33,4917.64,4880.92,4889.19,2691872
2020-01-23,4889.19,4897.97,4861.34,4870.09,2796021
2020-01-26,4870.09,4882.22,4845.30,4857.40,3490706
2020-01-27,4857.40,4930.58,4819.75,4892.66,8751234
2020-01-28,4892.66,4968.81,4853.89,4929.75,8923285
2020-01-29,4929.75,4930.57,4894.61,4895.43,1167352
2020-01-30,4895.43,4947.73,4864.90,4917.06,7236522
2020-02-02,4917.06,4988.81,4879.75,4951.24,8587585
2020-02-03,4951.24,4998.25,4922.40,4969.31,6825480
2020-02-04,4969.31,4971.70,4935.26,4937.64,1481069
2020-02-05,4937.64,4960.24,4917.28,4939.88,5122256
2020-02-06,4939.88,5000.68,4906.30,4966.91,7798422
2020-02-09,4966.91,4975.94,4938.71,4947.71,2818209
2020-02-10,4947.71,4951.97,4915.46,4919.70,1860631
2020-02-11,4919.70,4974.86,4888.12,4943.12,7419513
2020-02-12,4943.12,4986.57,4915.54,4958.89,6581275
2020-02-13,4958.89,4964.53,4927.77,4933.38,2136042
2020-02-16,4933.38,4933.49,4897.58,4897.69,1022085
2020-02-17,4897.69,4962.30,4862.90,4927.30,8103600
2020-02-18,4927.30,4928.68,4892.67,4894.05,1281824
2020-02-19,4894.05,4956.29,4860.09,4922.13,7939471
2020-02-20,4922.13,4930.59,4893.76,4902.18,2718518
2020-02-23,4902.18,4910.18,4873.55,4881.51,2631310
2020-02-24,4881.51,4937.45,4849.76,4905.54,7505006
2020-02-25,4905.54,4909.26,4873.13,4876.83,1759362
2020-02-26,4876.83,4879.36,4843.58,4846.09,1517832
2020-02-27,4846.09,4856.03,4819.57,4829.48,3052023
2020-03-01,4829.48,4899.56,4792.97,4862.80,8559465
2020-03-02,4862.80,4864.13,4828.60,4829.93,1274725
2020-03-03,4829.93,4863.07,4806.19,4839.29,5913854
2020-03-04,4839.29,4846.32,4810.26,4817.26,2452160
2020-03-05,4817.26,4840.89,4796.86,4820.47,5235322
2020-03-08,4820.47,4832.15,4795.66,4807.31,3423834
2020-03-09,4807.31,4815.82,4779.82,4788.30,2770781
2020-03-10,4788.30,4860.18,4751.27,4822.89,8732956
2020-03-11,4822.89,4869.93,4794.36,4841.29,6915294
2020-03-12,4841.29,4859.93,4822.38,4841.01,4848662
2020-03-15,4841.01,4890.83,4811.47,4861.17,7100960
2020-03-16,4861.17,4874.40,4837.41,4850.61,3721570
2020-03-17,4850.61,4865.25,4828.16,4842.78,4019135
2020-03-18,4842.78,4855.72,4818.90,4831.82,3672668
2020-03-19,4831.82,4854.69,4811.64,4834.50,5175994
2020-03-22,4834.50,4847.14,4810.42,4823.04,3615534
2020-03-23,4823.04,4826.81,4791.27,4795.02,1781412
2020-03-24,4795.02,4837.58,4768.11,4810.59,6611899
2020-03-25,4810.59,4858.29,4781.86,4829.45,6971193
2020-03-26,4829.45,4847.61,4810.21,4828.37,4760528
2020-03-29,4828.37,4839.77,4803.25,4814.63,3362620
2020-03-30,4814.63,4816.65,4781.38,4783.39,1419444
2020-03-31,4783.39,4844.27,4750.18,4810.86,7943347
2020-04-01,4810.86,4855.65,4783.15,4827.84,6761488
2020-04-02,4827.84,4866.26,4802.28,4840.63,6293621
2020-04-05,4840.63,4884.32,4813.22,4856.82,6663203
2020-04-06,4856.82,4872.08,4834.86,4850.10,4141838
2020-04-07,4850.10,4925.64,4811.65,4886.90,8927057
2020-04-08,4886.90,4902.80,4865.28,4881.16,4253429
2020-04-09,4881.16,4927.66,4852.67,4899.07,6837002
2020-04-12,4899.07,4916.97,4879.10,4896.98,4653086
2020-04-13,4896.98,4911.91,4874.44,4889.34,4047359
2020-04-14,4889.34,4895.11,4858.85,4864.59,2180315
2020-04-15,4864.59,4883.10,4845.40,4863.91,4805041
2020-04-16,4863.91,4865.75,4830.14,4831.97,1378326
2020-04-19,4831.97,4834.41,4798.97,4801.40,1505109
2020-04-20,4801.40,4819.24,4782.08,4799.92,4716255
2020-04-21,4799.92,4855.96,4768.34,4824.22,7579663
2020-04-22,4824.22,4888.43,4789.75,4853.75,8144718
2020-04-23,4853.75,4912.39,4821.13,4879.60,7720061
2020-04-26,4879.60,4884.40,4848.33,4853.11,1984705
2020-04-27,4853.11,4855.20,4819.65,4821.73,1432475
2020-04-28,4821.73,4822.46,4787.29,4788.01,1149794
2020-04-29,4788.01,4802.02,4765.46,4779.45,3926783
2020-04-30,4779.45,4850.77,4742.64,4813.70,8701714
2020-05-03,4813.70,4829.77,4792.76,4808.82,4338786
2020-05-04,4808.82,4881.10,4771.60,4843.61,8739231
2020-05-05,4843.61,4845.00,4809.60,4810.97,1285768
2020-05-06,4810.97,4828.39,4791.22,4808.63,4620370
2020-05-07,4808.63,4821.88,4785.27,4798.49,3755384
2020-05-10,4798.49,4839.79,4772.01,4813.23,6517969
2020-05-11,4813.23,4838.12,4792.40,4817.27,5327880
2020-05-12,4817.27,4883.67,4782.06,4848.24,8308573
2020-05-13,4848.24,4861.48,4824.58,4837.80,3731652
2020-05-14,4837.80,4841.64,4805.99,4809.81,1794650
2020-05-17,4809.81,4813.33,4777.92,4781.42,1732133
2020-05-18,4781.42,4797.01,4760.30,4775.87,4260150
2020-05-19,4775.87,4800.92,4755.07,4780.11,5354012
2020-05-20,4780.11,4791.39,4755.24,4766.48,3359396
2020-05-21,4766.48,4778.10,4742.00,4753.58,3436796
2020-05-24,4753.58,4764.70,4728.76,4739.85,3339300
2020-05-25,4739.85,4808.14,4704.19,4772.23,8523696
2020-05-26,4772.23,4789.39,4752.54,4769.68,4594924
2020-05-27,4769.68,4818.53,4740.66,4789.39,7083847
2020-05-28,4789.39,4806.43,4769.47,4786.50,4558367
2020-05-31,4786.50,4796.40,4760.38,4770.24,3067866
2020-06-01,4770.24,4784.17,4747.75,4761.66,3920987
2020-06-02,4761.66,4770.22,4734.54,4743.06,2796742
2020-06-03,4743.06,4748.70,4713.52,4719.13,2188957
2020-06-04,4719.13,4741.58,4699.39,4721.82,5184053
2020-06-07,4721.82,4763.20,4695.51,4736.80,6572153
2020-06-08,4736.80,4760.80,4716.47,4740.46,5291529
2020-06-09,4740.46,4776.99,4715.78,4752.25,6206378
2020-06-10,4752.25,4762.79,4726.93,4737.44,3217935
2020-06-11,4737.44,4794.52,4705.65,4762.57,7708916
2020-06-14,4762.57,4768.86,4733.45,4739.72,2321296
2020-06-15,4739.72,4754.26,4717.98,4732.50,4067421
2020-06-16,4732.50,4750.36,4713.70,4731.56,4774451
2020-06-17,4731.56,4749.83,4713.13,4731.40,4862139
2020-06-18,4731.40,4747.74,4711.29,4727.62,4453943
2020-06-21,4727.62,4786.12,4695.37,4753.69,7821467
2020-06-22,4753.69,4754.47,4719.79,4720.56,1162242
2020-06-23,4720.56,4777.46,4688.88,4745.61,7710836
2020-06-24,4745.61,4760.72,4724.33,4739.41,4183299
2020-06-25,4739.41,4746.78,4711.42,4718.75,2554938
2020-06-28,4718.75,4719.56,4685.14,4685.94,1171433
2020-06-29,4685.94,4708.35,4666.29,4688.69,5193278
2020-06-30,4688.69,4704.51,4668.44,4684.24,4373559
2020-07-01,4684.24,4699.09,4663.17,4678.00,4169067
2020-07-02,4678.00,4713.75,4653.74,4689.44,6184739
2020-07-05,4689.44,4693.90,4659.25,4663.69,1951440
2020-07-06,4663.69,4677.85,4642.18,4656.32,4037071
2020-07-07,4656.32,4663.26,4628.55,4635.46,2491015
2020-07-08,4635.46,4676.75,4609.40,4650.60,6621913
2020-07-09,4650.60,4665.06,4629.44,4643.88,4108779
2020-07-12,4643.88,4669.47,4623.23,4648.80,5445438
2020-07-13,4648.80,4678.08,4626.87,4656.11,5718312
2020-07-14,4656.11,4712.32,4624.83,4680.88,7717524
2020-07-15,4680.88,4687.35,4652.52,4658.95,2381344
2020-07-16,4658.95,4666.28,4631.50,4638.81,2573971
2020-07-19,4638.81,4644.36,4609.94,4615.47,2196639
2020-07-20,4615.47,4632.23,4596.57,4613.32,4632064
2020-07-21,4613.32,4679.77,4578.62,4644.83,8522222
2020-07-22,4644.83,4689.65,4617.52,4662.24,6879458
2020-07-23,4662.24,4716.01,4631.79,4685.41,7530932
2020-07-26,4685.41,4694.30,4659.13,4667.99,2896399
2020-07-27,4667.99,4668.45,4634.44,4634.90,1099314
2020-07-28,4634.90,4673.36,4609.82,4648.20,6411282
2020-07-29,4648.20,4668.25,4629.47,4649.51,5029835
2020-07-30,4649.51,4664.34,4628.68,4643.49,4189540
2020-08-02,4643.49,4660.24,4624.37,4641.11,4606447
2020-08-03,4641.11,4646.94,4612.47,4618.27,2255864
2020-08-04,4618.27,4629.74,4594.74,4606.18,3483470
2020-08-05,4606.18,4631.62,4585.68,4611.10,5449759
2020-08-06,4611.10,4642.66,4588.47,4619.99,5907818
2020-08-09,4619.99,4626.06,4591.72,4597.76,2314437
2020-08-10,4597.76,4612.82,4577.51,4592.54,4274554
2020-08-11,4592.54,4603.19,4568.48,4579.10,3319032
2020-08-12,4579.10,4592.91,4557.90,4571.68,4015775
2020-08-13,4571.68,4587.29,4552.09,4567.69,4414163
2020-08-16,4567.69,4597.83,4545.66,4575.76,5822839
2020-08-17,4575.76,4589.13,4554.19,4567.54,3920816
2020-08-18,4567.54,4568.46,4535.12,4536.04,1201920
2020-08-19,4536.04,4604.39,4500.87,4568.97,8752572
2020-08-20,4568.97,4593.06,4549.04,4573.11,5362894
2020-08-23,4573.11,4605.25,4550.38,4582.47,5971159
2020-08-24,4582.47,4634.13,4552.95,4604.47,7441563
2020-08-25,4604.47,4616.79,4581.78,4594.07,3675342
2020-08-26,4594.07,4627.47,4570.85,4604.20,6055212
2020-08-27,4604.20,4626.62,4584.75,4607.16,5223148
2020-08-30,4607.16,4612.65,4578.47,4583.94,2191495
2020-08-31,4583.94,4601.30,4565.78,4583.14,4787414
2020-09-01,4583.14,4608.20,4562.83,4587.87,5430658
2020-09-02,4587.87,4602.76,4567.54,4582.41,4244684
2020-09-03,4582.41,4608.39,4561.78,4587.74,5501097
2020-09-06,4587.74,4598.74,4564.02,4574.99,3397427
2020-09-07,4574.99,4596.54,4555.92,4577.46,5168244
2020-09-08,4577.46,4589.04,4554.32,4565.87,3529595
2020-09-09,4565.87,4572.52,4538.51,4545.13,2456790
2020-09-10,4545.13,4607.61,4511.97,4574.23,8295507
2020-09-13,4574.23,4579.75,4545.81,4551.30,2206241
2020-09-14,4551.30,4582.90,4528.81,4560.37,5942078
2020-09-15,4560.37,4631.83,4524.07,4595.25,8959807
2020-09-16,4595.25,4613.01,4577.36,4595.12,4864368
2020-09-17,4595.12,4595.97,4562.44,4563.29,1186625
2020-09-20,4563.29,4570.11,4536.09,4542.88,2494478
2020-09-21,4542.88,4586.17,4516.37,4559.56,6837311
2020-09-22,4559.56,4612.05,4529.81,4582.16,7523765
2020-09-23,4582.16,4644.31,4549.02,4610.96,8232853
2020-09-24,4610.96,4622.30,4587.37,4598.67,3458401
2020-09-27,4598.67,4613.79,4578.46,4593.56,4286831
2020-09-28,4593.56,4619.70,4572.85,4598.97,5508264
2020-09-29,4598.97,4632.48,4575.70,4609.15,6060973
2020-09-30,4609.15,4617.49,4582.95,4591.26,2809156
2020-10-01,4591.26,4619.32,4569.89,4597.92,5654046
2020-10-04,4597.92,4602.42,4568.43,4572.91,1978360
2020-10-05,4572.91,4611.02,4548.10,4586.14,6424074
2020-10-06,4586.14,4599.92,4564.86,4578.61,4003532
2020-10-07,4578.61,4585.68,4551.51,4558.55,2543895
2020-10-08,4558.55,4565.23,4531.26,4537.91,2464917
2020-10-11,4537.91,4551.03,4516.40,4529.49,3890054
2020-10-12,4529.49,4538.96,4504.85,4514.29,3090912
2020-10-13,4514.29,4520.00,4486.48,4492.16,2265020
2020-10-14,4492.16,4558.48,4457.81,4523.89,8646947
2020-10-15,4523.89,4568.50,4496.96,4541.47,6952743
2020-10-18,4541.47,4542.19,4509.06,4509.77,1157716
2020-10-19,4509.77,4536.73,4488.99,4515.92,5607544
2020-10-20,4515.92,4518.01,4484.91,4486.99,1462722
2020-10-21,4486.99,4493.61,4460.17,4466.77,2476337
2020-10-22,4466.77,4499.88,4443.96,4477.03,6105178
2020-10-25,4477.03,4508.27,4454.85,4486.05,5954183
2020-10-26,4486.05,4488.53,4455.60,4458.07,1554218
2020-10-27,4458.07,4482.99,4438.13,4463.03,5473182
2020-10-28,4463.03,4517.47,4432.86,4487.13,7760459
2020-10-29,4487.13,4490.39,4457.35,4460.59,1724691
2020-11-01,4460.59,4505.77,4433.62,4478.69,7044890
2020-11-02,4478.69,4484.13,4450.90,4456.31,2214883
2020-11-03,4456.31,4492.13,4432.60,4468.35,6321090
2020-11-04,4468.35,4502.11,4445.33,4479.02,6153635
2020-11-05,4479.02,4545.20,4444.76,4510.69,8650788
2020-11-08,4510.69,4518.26,4484.53,4492.06,2676748
2020-11-09,4492.06,4525.72,4469.00,4502.61,6132750
2020-11-10,4502.61,4539.85,4478.29,4515.45,6401508
2020-11-11,4515.45,4520.53,4487.08,4492.13,2125000
2020-11-12,4492.13,4498.04,4464.65,4470.53,2315569
2020-11-15,4470.53,4512.65,4444.60,4486.63,6800377
2020-11-16,4486.63,4544.45,4455.22,4512.87,7999176
2020-11-17,4512.87,4545.42,4490.14,4522.64,6035425
2020-11-18,4522.64,4544.11,4503.74,4525.19,5180727
2020-11-19,4525.19,4578.72,4495.18,4548.55,7632613
2020-11-22,4548.55,4565.04,4529.90,4546.38,4625651
2020-11-23,4546.38,4564.00,4528.72,4546.34,4875891
2020-11-24,4546.34,4561.61,4526.65,4541.90,4358641
2020-11-25,4541.90,4543.81,4510.54,4512.43,1419581
2020-11-26,4512.43,4513.42,4480.48,4481.46,1219204
2020-11-29,4481.46,4483.75,4450.87,4453.15,1510596
2020-11-30,4453.15,4507.34,4423.08,4477.11,7750548
2020-12-01,4477.11,4503.06,4456.77,4482.69,5543998
2020-12-02,4482.69,4489.06,4455.68,4462.03,2421810
2020-12-03,4462.03,4470.74,4437.22,4445.90,2951886
2020-12-06,4445.90,4467.04,4427.30,4448.43,5183607
2020-12-07,4448.43,4454.77,4421.64,4427.96,2425617
2020-12-08,4427.96,4464.00,4404.23,4440.22,6356927
2020-12-09,4440.22,4451.19,4417.55,4428.49,3471364
2020-12-10,4428.49,4445.56,4411.21,4428.29,4855349
2020-12-13,4428.29,4450.82,4409.25,4431.76,5299005
2020-12-14,4431.76,4443.91,4410.18,4422.30,3740603
2020-12-15,4422.30,4441.55,4404.41,4423.66,5044341
2020-12-16,4423.66,4433.00,4399.68,4408.99,3111454
2020-12-17,4408.99,4410.42,4378.18,4379.60,1324657
2020-12-20,4379.60,4414.86,4356.27,4391.47,6325925
2020-12-21,4391.47,4400.82,4367.73,4377.04,3127606
2020-12-22,4377.04,4427.86,4348.34,4399.01,7556858
2020-12-23,4399.01,4412.36,4378.71,4392.03,4033436
2020-12-24,4392.03,4457.30,4358.29,4423.33,8680795
2020-12-27,4423.33,4426.74,4394.15,4397.54,1770541
2020-12-28,4397.54,4399.74,4367.49,4369.67,1500205
2020-12-29,4369.67,4414.68,4343.00,4387.90,7104355
2020-12-30,4387.90,4397.98,4364.83,4374.89,3299039
2020-12-31,4374.89,4379.52,4347.14,4351.75,2059567
2021-01-03,4351.75,4354.94,4322.90,4326.06,1731618
2021-01-04,4326.06,4375.27,4298.05,4347.12,7475685
2021-01-05,4347.12,4347.31,4315.67,4315.86,1044855
2021-01-06,4315.86,4328.36,4295.42,4307.90,3895919
2021-01-07,4307.90,4310.63,4278.96,4281.68,1633813
2021-01-10,4281.68,4285.06,4253.50,4256.86,1789403
2021-01-11,4256.86,4323.21,4223.10,4289.19,8930589
2021-01-12,4289.19,4308.64,4271.58,4291.02,5106755
2021-01-13,4291.02,4341.70,4262.58,4313.12,7626543
2021-01-14,4313.12,4326.78,4293.72,4307.37,4168964
2021-01-17,4307.37,4328.40,4289.15,4310.17,5227846
2021-01-18,4310.17,4339.45,4289.10,4318.33,5889609
2021-01-19,4318.33,4385.81,4284.03,4351.24,8944375
2021-01-20,4351.24,4373.78,4332.40,4354.92,5330418
2021-01-21,4354.92,4409.95,4324.82,4379.67,7911934
2021-01-24,4379.67,4386.64,4353.94,4360.87,2590157
2021-01-25,4360.87,4426.53,4327.08,4392.50,8747805
2021-01-26,4392.50,4392.61,4360.64,4360.76,1026851
2021-01-27,4360.76,4375.76,4342.17,4357.16,4439643
2021-01-28,4357.16,4365.06,4332.41,4340.28,2813340
2021-01-31,4340.28,4355.76,4322.26,4337.74,4567695
2021-02-01,4337.74,4341.32,4309.33,4312.90,1826165
2021-02-02,4312.90,4354.28,4287.62,4328.91,6860356
2021-02-03,4328.91,4358.04,4307.84,4336.93,5867798
2021-02-04,4336.93,4368.81,4314.89,4346.71,6083058
2021-02-07,4346.71,4405.54,4315.32,4373.95,8222187
2021-02-08,4373.95,4433.63,4342.20,4401.68,8260493
2021-02-09,4401.68,4417.27,4383.31,4398.90,4543655
2021-02-10,4398.90,4404.32,4371.67,4377.06,2232167
2021-02-11,4377.06,4421.83,4350.45,4395.11,7079115
2021-02-14,4395.11,4458.65,4361.96,4425.28,8541289
2021-02-15,4425.28,4485.19,4393.31,4453.02,8223628
2021-02-16,4453.02,4480.28,4432.29,4459.51,5656995
2021-02-17,4459.51,4483.62,4439.85,4463.94,5409293
2021-02-18,4463.94,4489.62,4443.72,4469.38,5529903
2021-02-21,4469.38,4518.30,4441.10,4489.89,7327469
2021-02-22,4489.89,4528.05,4465.28,4503.37,6481001
2021-02-23,4503.37,4528.69,4483.17,4508.47,5484327
2021-02-24,4508.47,4559.07,4479.51,4529.97,7423868
2021-02-25,4529.97,4576.44,4502.39,4548.74,7089746
2021-02-28,4548.74,4559.75,4525.31,4536.29,3420233
2021-03-01,4536.29,4537.56,4504.41,4505.67,1279526
2021-03-02,4505.67,4512.74,4479.10,4486.14,2568861
2021-03-03,4486.14,4493.64,4460.10,4467.56,2670953
2021-03-04,4467.56,4528.10,4435.27,4495.60,8227777
2021-03-07,4495.60,4510.22,4475.71,4490.31,4251680
2021-03-08,4490.31,4529.63,4465.30,4504.54,6569821
2021-03-09,4504.54,4557.42,4474.80,4527.53,7601954
2021-03-10,4527.53,4578.97,4498.23,4549.53,7471536
2021-03-11,4549.53,4556.12,4522.23,4528.80,2450171
2021-03-14,4528.80,4536.66,4502.76,4510.59,2735390
2021-03-15,4510.59,4563.01,4480.99,4533.27,7561762
2021-03-16,4533.27,4536.19,4502.87,4505.77,1645336
2021-03-17,4505.77,4524.31,4487.92,4506.46,4961419
2021-03-18,4506.46,4562.67,4475.57,4531.60,7855692
2021-03-21,4531.60,4583.32,4502.20,4553.77,7488648
2021-03-22,4553.77,4556.56,4523.10,4525.88,1613374
2021-03-23,4525.88,4538.04,4503.62,4515.75,3686659
2021-03-24,4515.75,4565.00,4487.24,4536.36,7313443
2021-03-25,4536.36,4550.08,4515.38,4529.08,4024588
2021-03-28,4529.08,4566.36,4504.68,4541.89,6387997
2021-03-29,4541.89,4557.57,4522.58,4538.25,4453052
2021-03-30,4538.25,4590.56,4508.62,4560.79,7528395
2021-03-31,4560.79,4571.24,4536.79,4547.21,3293038
2021-04-01,4547.21,4552.86,4519.10,4524.71,2240809
2021-04-04,4524.71,4575.95,4495.49,4546.59,7458127
2021-04-05,4546.59,4575.44,4525.06,4553.87,5735116
2021-04-06,4553.87,4567.58,4532.76,4546.45,4010048
2021-04-07,4546.45,4593.84,4518.50,4565.77,7147119
2021-04-08,4565.77,4565.99,4532.75,4532.96,1047565
2021-04-11,4532.96,4553.35,4514.41,4534.78,5094101
2021-04-12,4534.78,4539.00,4505.50,4509.69,1928703
2021-04-13,4509.69,4575.18,4475.58,4540.84,8563717
2021-04-14,4540.84,4610.24,4505.30,4574.44,8826303
2021-04-15,4574.44,4584.21,4549.74,4559.48,3136213
2021-04-18,4559.48,4613.20,4529.31,4582.88,7616906
2021-04-19,4582.88,4589.94,4555.74,4562.77,2539986
2021-04-20,4562.77,4596.57,4539.49,4573.23,6102983
2021-04-21,4573.23,4575.71,4542.14,4544.60,1540466
2021-04-22,4544.60,4571.25,4523.84,4550.46,5568484
2021-04-25,4550.46,4584.95,4526.97,4561.41,6162345
2021-04-26,4561.41,4564.45,4530.91,4533.93,1667729
2021-04-27,4533.93,4556.30,4514.69,4537.04,5245130
2021-04-28,4537.04,4577.78,4511.41,4552.07,6647633
2021-04-29,4552.07,4562.69,4528.28,4538.86,3332030
2021-05-02,4538.86,4556.78,4521.15,4539.06,4903257
2021-05-03,4539.06,4547.65,4513.58,4522.14,2892181
2021-05-04,4522.14,4526.06,4492.69,4496.59,1866700
2021-05-05,4496.59,4552.95,4465.67,4521.85,7876200
2021-05-06,4521.85,4557.00,4498.21,4533.29,6229320
2021-05-09,4533.29,4599.67,4498.82,4564.96,8605075
2021-05-10,4564.96,4567.23,4533.75,4536.00,1497290
2021-05-11,4536.00,4549.58,4514.90,4528.45,3992386
2021-05-12,4528.45,4536.97,4502.99,4511.48,2880486
2021-05-13,4511.48,4531.84,4492.98,4513.34,5099862
2021-05-16,4513.34,4565.18,4483.93,4535.63,7514711
2021-05-17,4535.63,4549.36,4514.67,4528.37,4026268
2021-05-18,4528.37,4560.80,4505.65,4538.03,6017249
2021-05-19,4538.03,4552.23,4517.46,4531.64,4129629
2021-05-20,4531.64,4581.88,4502.75,4552.85,7375754
2021-05-23,4552.85,4606.04,4522.88,4575.92,7582784
2021-05-24,4575.92,4597.51,4556.84,4578.41,5170473
2021-05-25,4578.41,4640.91,4545.16,4607.45,8262277
2021-05-26,4607.45,4628.64,4588.42,4609.61,5129801
2021-05-27,4609.61,4641.99,4586.69,4619.03,5970576
2021-05-30,4619.03,4623.74,4589.57,4594.26,2019170
2021-05-31,4594.26,4598.81,4564.84,4569.37,1991632
2021-06-01,4569.37,4573.32,4539.61,4543.53,1863271
2021-06-02,4543.53,4601.83,4511.82,4569.94,7979766
2021-06-03,4569.94,4572.23,4538.71,4540.99,1501611
2021-06-06,4540.99,4555.44,4520.61,4535.04,4181893
2021-06-07,4535.04,4560.45,4514.74,4540.12,5477400
2021-06-08,4540.12,4585.43,4512.91,4558.11,6993072
2021-06-09,4558.11,4620.30,4525.02,4587.00,8259773
2021-06-10,4587.00,4617.57,4564.77,4595.30,5845404
2021-06-13,4595.30,4625.31,4573.25,4603.22,5799348
2021-06-14,4603.22,4605.20,4571.48,4573.45,1430246
2021-06-15,4573.45,4589.07,4553.86,4569.48,4417112
2021-06-16,4569.48,4570.64,4537.26,4538.41,1253772
2021-06-17,4538.41,4547.61,4513.47,4522.64,3026646
2021-06-20,4522.64,4538.58,4503.70,4519.63,4525857
2021-06-21,4519.63,4536.31,4501.35,4518.02,4689677
2021-06-22,4518.02,4581.26,4484.67,4547.69,8382304
2021-06-23,4547.69,4549.99,4516.63,4518.91,1504972
2021-06-24,4518.91,4529.94,4495.72,4506.71,3440397
2021-06-27,4506.71,4523.98,4489.03,4506.30,4830555
2021-06-28,4506.30,4547.29,4480.67,4521.57,6687791
2021-06-29,4521.57,4590.85,4486.13,4555.14,8839266
2021-06-30,4555.14,4567.46,4532.81,4545.10,3704732
2021-07-01,4545.10,4595.90,4515.98,4566.64,7407647
2021-07-04,4566.64,4628.41,4533.67,4595.24,8219615
2021-07-05,4595.24,4658.97,4561.51,4625.03,8338168
2021-07-06,4625.03,4671.25,4597.29,4643.40,6997873
2021-07-07,4643.40,4661.88,4625.22,4643.70,4914780
2021-07-08,4643.70,4677.58,4620.18,4654.01,6064197
2021-07-11,4654.01,4724.68,4617.75,4688.15,8791803
2021-07-12,4688.15,4694.04,4659.23,4665.10,2258093
2021-07-13,4665.10,4728.16,4631.44,4694.28,8216152
2021-07-14,4694.28,4756.46,4660.84,4722.82,8122770
2021-07-15,4722.82,4735.02,4699.17,4711.34,3582887
2021-07-18,4711.34,4716.65,4681.74,4687.02,2127366
2021-07-19,4687.02,4751.84,4652.69,4717.29,8324108
2021-07-20,4717.29,4732.49,4696.29,4711.47,4222496
2021-07-21,4711.47,4760.37,4682.59,4731.36,7131172
2021-07-22,4731.36,4749.00,4712.38,4730.02,4729149
2021-07-25,4730.02,4784.29,4699.23,4753.35,7510253
2021-07-26,4753.35,4760.77,4725.29,4732.68,2560905
2021-07-27,4732.68,4802.89,4696.37,4766.32,8671227
2021-07-28,4766.32,4838.52,4729.24,4801.17,8779492
2021-07-29,4801.17,4859.59,4768.76,4827.01,7749897
2021-08-01,4827.01,4882.02,4795.71,4850.57,7483676
2021-08-02,4850.57,4862.04,4825.35,4836.78,3363545
2021-08-03,4836.78,4841.77,4805.98,4810.95,2031481
2021-08-04,4810.95,4827.78,4790.69,4807.52,4499828
2021-08-05,4807.52,4815.19,4779.29,4786.93,2595747
2021-08-08,4786.93,4804.82,4767.77,4785.66,4738991
2021-08-09,4785.66,4795.49,4759.48,4769.27,3053017
2021-08-10,4769.27,4773.13,4737.97,4741.81,1809430
2021-08-11,4741.81,4752.27,4716.50,4726.92,3205761
2021-08-12,4726.92,4767.04,4701.04,4741.07,6476577
2021-08-15,4741.07,4756.90,4720.45,4736.25,4337928
2021-08-16,4736.25,4807.80,4699.48,4770.76,8765123
2021-08-17,4770.76,4776.02,4740.68,4745.92,2103840
2021-08-18,4745.92,4773.02,4724.50,4751.57,5514574
2021-08-19,4751.57,4823.15,4714.74,4786.05,8750411
2021-08-22,4786.05,4787.34,4752.37,4753.64,1268141
2021-08-23,4753.64,4824.18,4717.17,4787.44,8672702
2021-08-24,4787.44,4828.33,4761.14,4801.94,6494958
2021-08-25,4801.94,4854.16,4771.68,4823.76,7302812
2021-08-26,4823.76,4824.46,4789.28,4789.98,1145644
2021-08-29,4789.98,4814.81,4769.23,4794.04,5332098
2021-08-30,4794.04,4849.48,4762.68,4817.96,7541186
2021-08-31,4817.96,4824.06,4788.28,4794.35,2266735
2021-09-01,4794.35,4864.42,4757.94,4827.75,8595164
2021-09-02,4827.75,4852.56,4806.91,4831.70,5316598
2021-09-05,4831.70,4885.17,4800.93,4854.26,7369307
2021-09-06,4854.26,4866.96,4830.09,4842.76,3617489
2021-09-07,4842.76,4857.11,4820.11,4834.43,3962379
2021-09-08,4834.43,4847.90,4811.08,4824.52,3786694
2021-09-09,4824.52,4828.06,4792.54,4796.05,1732407
2021-09-12,4796.05,4841.40,4768.17,4813.42,6811865
2021-09-13,4813.42,4822.34,4786.24,4795.12,2852229
2021-09-14,4795.12,4833.00,4769.83,4807.65,6273251
2021-09-15,4807.65,4808.60,4773.51,4774.46,1198388
2021-09-16,4774.46,4834.61,4741.52,4801.49,7899245
2021-09-19,4801.49,4818.65,4781.58,4798.73,4573353
2021-09-20,4798.73,4839.16,4772.55,4812.90,6455281
2021-09-21,4812.90,4850.75,4787.58,4825.36,6261076
2021-09-22,4825.36,4887.09,4791.75,4853.29,7966049
2021-09-23,4853.29,4857.73,4821.89,4826.31,1915877
2021-09-26,4826.31,4827.62,4792.35,4793.65,1271056
2021-09-27,4793.65,4807.00,4770.49,4783.81,3784670
2021-09-28,4783.81,4830.45,4755.52,4802.05,6913511
2021-09-29,4802.05,4817.72,4780.84,4796.49,4262517
2021-09-30,4796.49,4807.82,4771.54,4782.84,3362551
2021-10-03,4782.84,4855.32,4745.62,4817.83,8781515
2021-10-04,4817.83,4825.39,4789.43,4796.95,2568792
2021-10-05,4796.95,4801.91,4766.42,4771.35,2033024
2021-10-06,4771.35,4780.19,4744.40,4753.21,2853223
2021-10-07,4753.21,4807.93,4722.21,4776.77,7523216
2021-10-10,4776.77,4786.94,4750.95,4761.09,3129423
2021-10-11,4761.09,4828.83,4725.56,4793.07,8461968
2021-10-12,4793.07,4833.50,4766.90,4807.26,6459122
2021-10-13,4807.26,4811.99,4776.46,4781.17,1985082
2021-10-14,4781.17,4800.56,4762.32,4781.71,4941083
2021-10-17,4781.71,4789.89,4754.11,4762.26,2709842
2021-10-18,4762.26,4766.70,4731.52,4735.94,1933333
2021-10-19,4735.94,4748.37,4712.39,4724.79,3623902
2021-10-20,4724.79,4780.35,4693.57,4748.96,7608710
2021-10-21,4748.96,4786.95,4723.76,4761.68,6307510
2021-10-24,4761.68,4820.90,4729.09,4788.14,7843758
2021-10-25,4788.14,4856.64,4752.28,4820.54,8489060
2021-10-26,4820.54,4827.48,4791.58,4798.49,2440946
2021-10-27,4798.49,4817.86,4779.61,4798.98,4933984
2021-10-28,4798.98,4870.35,4762.10,4833.21,8684224
2021-10-31,4833.21,4836.43,4800.89,4804.09,1666975
2021-11-01,4804.09,4841.41,4778.98,4816.23,6227914
2021-11-02,4816.23,4828.41,4791.88,4804.02,3527537
2021-11-03,4804.02,4856.48,4773.66,4825.99,7318930
2021-11-04,4825.99,4875.06,4796.75,4845.70,7058882
2021-11-07,4845.70,4861.95,4824.68,4840.91,4352331
2021-11-08,4840.91,4885.54,4813.17,4857.70,6730144
2021-11-09,4857.70,4866.25,4829.88,4838.40,2760219
2021-11-10,4838.40,4879.67,4811.82,4853.02,6491941
2021-11-11,4853.02,4863.86,4827.23,4838.04,3233950
2021-11-14,4838.04,4855.77,4818.37,4836.09,4665260
2021-11-15,4836.09,4860.43,4815.40,4839.72,5279698
2021-11-16,4839.72,4904.40,4805.05,4869.52,8163683
2021-11-17,4869.52,4933.80,4834.91,4898.98,8107338
2021-11-18,4898.98,4913.92,4876.43,4891.35,4048936
2021-11-21,4891.35,4966.48,4852.94,4927.78,8852674
2021-11-22,4927.78,4997.29,4891.22,4960.49,8419787
2021-11-23,4960.49,4997.66,4935.03,4972.14,6132990
2021-11-24,4972.14,5045.37,4934.18,5007.14,8634259
2021-11-25,5007.14,5085.26,4967.41,5045.22,8935939
2021-11-28,5045.22,5093.70,5015.63,5064.00,6865192
2021-11-29,5064.00,5073.33,5035.36,5044.65,2841769
2021-11-30,5044.65,5065.81,5024.52,5045.68,4989128
2021-12-01,5045.68,5048.60,5011.55,5014.45,1578875
2021-12-02,5014.45,5023.52,4985.94,4994.97,2808539
2021-12-05,4994.97,5058.10,4960.44,5023.38,7912688
2021-12-06,5023.38,5026.43,4989.52,4992.55,1607373
2021-12-07,4992.55,5006.87,4968.79,4983.08,3867901
2021-12-08,4983.08,5004.71,4962.95,4984.57,5039951
2021-12-09,4984.57,4990.97,4953.94,4960.31,2284019
2021-12-12,4960.31,4962.06,4925.77,4927.51,1353189
2021-12-13,4927.51,4986.81,4894.47,4953.60,7704252
2021-12-14,4953.60,5002.30,4924.17,4972.76,6942146
2021-12-15,4972.76,5016.70,4944.92,4988.77,6597736
2021-12-16,4988.77,4999.94,4962.29,4973.42,3238923
2021-12-19,4973.42,4982.95,4945.61,4955.10,2915089
2021-12-20,4955.10,5003.71,4925.69,4974.19,6934876
2021-12-21,4974.19,4984.02,4946.64,4956.44,2977297
2021-12-22,4956.44,4959.10,4922.73,4925.37,1536179
2021-12-23,4925.37,4956.10,4902.23,4932.92,5697942
2021-12-26,4932.92,4939.10,4902.47,4908.62,2252709
2021-12-27,4908.62,4945.49,4883.40,4920.21,6138751
2021-12-28,4920.21,4958.32,4894.52,4932.57,6220267
2021-12-29,4932.57,4949.33,4911.37,4928.12,4398491
2021-12-30,4928.12,4943.18,4905.47,4920.51,4056138
2022-01-02,4920.51,4934.46,4896.94,4910.87,3835185
2022-01-03,4910.87,4929.27,4891.25,4909.65,4747976
2022-01-04,4909.65,4953.37,4882.05,4925.68,6621673
2022-01-05,4925.68,4930.00,4893.65,4897.94,1876028
2022-01-06,4897.94,4941.74,4870.34,4914.05,6634499
2022-01-09,4914.05,4914.88,4879.03,4879.86,1168689
2022-01-10,4879.86,4892.92,4855.81,4868.84,3676131
2022-01-11,4868.84,4894.91,4847.46,4873.51,5391392
2022-01-12,4873.51,4922.67,4844.12,4893.16,7030521
2022-01-13,4893.16,4910.62,4872.85,4890.31,4568827
2022-01-16,4890.31,4906.70,4869.09,4885.47,4351989
2022-01-17,4885.47,4897.88,4860.81,4873.19,3540500
2022-01-18,4873.19,4934.43,4839.63,4900.67,7887448
2022-01-19,4900.67,4947.55,4872.01,4918.77,6849622
2022-01-20,4918.77,4923.85,4887.46,4892.51,2031961
2022-01-23,4892.51,4969.25,4853.54,4929.98,8965329
2022-01-24,4929.98,4996.64,4894.40,4960.84,8217626
2022-01-25,4960.84,4993.79,4936.83,4969.75,5838237
2022-01-26,4969.75,4980.36,4942.92,4953.50,3135802
2022-01-27,4953.50,4967.31,4929.58,4943.37,3789334
2022-01-30,4943.37,4949.76,4913.02,4919.38,2292661
2022-01-31,4919.38,4922.99,4886.77,4890.35,1732201
2022-02-01,4890.35,4909.58,4871.29,4890.51,4898079
2022-02-02,4890.51,4898.97,4862.37,4870.79,2728566
2022-02-03,4870.79,4934.81,4836.26,4900.08,8087860
2022-02-06,4900.08,4947.34,4871.28,4918.43,6877194
2022-02-07,4918.43,4925.71,4889.05,4896.29,2479286
2022-02-08,4896.29,4898.92,4862.99,4865.59,1536111
2022-02-09,4865.59,4887.00,4845.84,4867.24,5060013
2022-02-10,4867.24,4886.11,4848.34,4867.22,4878155
2022-02-13,4867.22,4869.22,4833.57,4835.56,1410288
2022-02-14,4835.56,4844.16,4807.94,4816.51,2779869
2022-02-15,4816.51,4840.46,4796.00,4819.93,5258504
2022-02-16,4819.93,4829.78,4793.52,4803.34,3043724
2022-02-17,4803.34,4814.72,4778.39,4789.74,3370096
2022-02-20,4789.74,4836.99,4761.22,4808.36,6953669
2022-02-21,4808.36,4812.06,4776.64,4780.32,1769753
2022-02-22,4780.32,4785.89,4750.44,4755.98,2164026
2022-02-23,4755.98,4780.15,4735.54,4759.70,5296982
2022-02-24,4759.70,4833.76,4721.99,4795.77,8921707
2022-02-27,4795.77,4802.94,4767.18,4774.32,2494993
2022-02-28,4774.32,4786.84,4750.57,4763.06,3621776
2022-03-01,4763.06,4776.55,4740.24,4753.70,3832921
2022-03-02,4753.70,4810.81,4721.87,4778.81,7696330
2022-03-03,4778.81,4802.60,4758.44,4782.22,5261385
2022-03-06,4782.22,4813.98,4759.09,4790.80,5836728
2022-03-07,4790.80,4812.45,4771.15,4792.79,5101371
2022-03-08,4792.79,4820.64,4770.99,4798.81,5549142
2022-03-09,4798.81,4804.88,4769.24,4775.29,2266460
2022-03-10,4775.29,4809.84,4751.21,4785.71,6043449
2022-03-13,4785.71,4844.88,4753.08,4812.07,7818381
2022-03-14,4812.07,4828.70,4791.63,4808.24,4455452
2022-03-15,4808.24,4840.43,4784.89,4817.04,5855898
2022-03-16,4817.04,4870.81,4786.20,4839.82,7402434
2022-03-17,4839.82,4898.53,4807.22,4865.75,7737037
2022-03-20,4865.75,4926.67,4832.31,4893.05,7872050
2022-03-21,4893.05,4950.95,4860.58,4918.32,7634636
2022-03-22,4918.32,4973.82,4886.62,4941.97,7444547
2022-03-23,4941.97,4997.46,4910.22,4965.55,7425240
2022-03-24,4965.55,4979.70,4941.83,4955.95,3848319
2022-03-27,4955.95,5004.23,4926.65,4974.82,6911316
2022-03-28,4974.82,5036.78,4940.75,5002.52,7848799
2022-03-29,5002.52,5057.99,4970.62,5025.94,7376817
2022-03-30,5025.94,5028.30,4991.46,4993.81,1470679
2022-03-31,4993.81,5011.17,4972.68,4990.03,4476063
2022-04-03,4990.03,5019.08,4967.30,4996.33,5553463
2022-04-04,4996.33,5003.60,4966.38,4973.62,2455967
2022-04-05,4973.62,5046.95,4935.62,5008.69,8640363
2022-04-06,5008.69,5012.25,4975.39,4978.93,1711591
2022-04-07,4978.93,5002.85,4958.02,4981.92,5200514
2022-04-10,4981.92,5041.46,4948.67,5008.03,7675034
2022-04-11,5008.03,5060.78,4977.06,5029.67,7184533
2022-04-12,5029.67,5051.47,5009.36,5031.16,5037654
2022-04-13,5031.16,5051.16,5011.47,5031.47,4913408
2022-04-14,5031.47,5033.01,4996.22,4997.75,1305624
2022-04-17,4997.75,5023.21,4976.26,5001.69,5300720
2022-04-18,5001.69,5015.14,4977.10,4990.52,3688820
2022-04-19,4990.52,5002.54,4964.77,4976.75,3408196
2022-04-20,4976.75,4978.36,4941.96,4943.56,1323045
2022-04-21,4943.56,4997.77,4912.24,4966.31,7334602
2022-04-24,4966.31,5042.20,4927.45,5003.05,8825582
2022-04-25,5003.05,5020.25,4981.72,4998.91,4437962
2022-04-26,4998.91,5009.82,4972.13,4983.01,3184087
2022-04-27,4983.01,5002.50,4963.62,4983.11,4891117
2022-04-28,4983.11,4987.99,4951.16,4956.01,1978806
2022-05-01,4956.01,4963.79,4926.80,4934.55,2570610
2022-05-02,4934.55,4944.11,4907.05,4916.58,2938134
2022-05-03,4916.58,4941.31,4895.54,4920.26,5278909
2022-05-04,4920.26,4995.47,4881.74,4956.68,8827503
2022-05-05,4956.68,4996.21,4930.41,4969.87,6299965
2022-05-08,4969.87,4973.21,4936.66,4939.98,1671604
2022-05-09,4939.98,4941.40,4905.29,4906.71,1288100
2022-05-10,4906.71,4913.13,4876.66,4883.06,2309945
2022-05-11,4883.06,4890.34,4853.94,4861.18,2490226
2022-05-12,4861.18,4913.80,4830.62,4883.11,7285733
2022-05-15,4883.11,4889.46,4853.17,4859.50,2301406
2022-05-16,4859.50,4869.55,4832.97,4842.99,3068106
2022-05-17,4842.99,4879.58,4818.03,4854.56,6153737
2022-05-18,4854.56,4857.51,4821.84,4824.77,1607681
2022-05-19,4824.77,4869.37,4797.08,4841.58,6738580
2022-05-22,4841.58,4842.68,4807.32,4808.41,1225445
2022-05-23,4808.41,4820.73,4784.24,4796.53,3562105
2022-05-24,4796.53,4869.95,4758.95,4832.10,8834979
2022-05-25,4832.10,4845.79,4808.95,4822.62,3834190
2022-05-26,4822.62,4834.67,4798.11,4810.12,3498010
2022-05-29,4810.12,4827.88,4790.67,4808.42,4690637
2022-05-30,4808.42,4809.92,4774.76,4776.26,1313305
2022-05-31,4776.26,4794.16,4757.18,4775.08,4748731
2022-06-01,4775.08,4804.06,4752.93,4781.88,5638888
2022-06-02,4781.88,4802.03,4762.77,4782.92,4996124
2022-06-05,4782.92,4790.80,4755.05,4762.90,2647599
2022-06-06,4762.90,4810.70,4734.26,4781.95,7013065
2022-06-07,4781.95,4787.76,4752.28,4758.06,2215980
2022-06-08,4758.06,4826.67,4722.24,4790.61,8527949
2022-06-09,4790.61,4805.68,4768.97,4784.02,4146502
2022-06-12,4784.02,4799.84,4763.07,4778.87,4306207
2022-06-13,4778.87,4782.33,4747.15,4750.58,1723113
2022-06-14,4750.58,4816.95,4715.56,4781.69,8372530
2022-06-15,4781.69,4823.98,4754.92,4797.12,6600137
2022-06-16,4797.12,4799.83,4764.61,4767.31,1566426
2022-06-19,4767.31,4815.32,4738.59,4786.48,7024485
2022-06-20,4786.48,4802.90,4766.04,4782.45,4431104
2022-06-21,4782.45,4793.89,4757.70,4769.10,3391220
2022-06-22,4769.10,4780.72,4744.60,4756.19,3435699
2022-06-23,4756.19,4756.82,4722.14,4722.77,1132441
2022-06-26,4722.77,4730.00,4694.77,4701.96,2530829
2022-06-27,4701.96,4775.37,4664.63,4737.75,8939506
2022-06-28,4737.75,4799.34,4704.41,4765.80,8037482
2022-06-29,4765.80,4772.09,4736.66,4742.91,2318587
2022-06-30,4742.91,4751.78,4716.20,4725.03,2869238
2022-07-03,4725.03,4741.47,4705.06,4721.49,4479561
2022-07-04,4721.49,4756.25,4697.46,4732.18,6087825
2022-07-05,4732.18,4749.02,4712.49,4729.32,4558230
2022-07-06,4729.32,4733.07,4698.22,4701.94,1792009
2022-07-07,4701.94,4702.75,4668.45,4669.25,1171879
2022-07-10,4669.25,4670.84,4636.68,4638.25,1339814
2022-07-11,4638.25,4648.96,4613.91,4624.59,3308161
2022-07-12,4624.59,4669.54,4597.28,4642.14,6904080
2022-07-13,4642.14,4658.60,4622.78,4639.24,4547325
2022-07-14,4639.24,4654.83,4619.15,4634.73,4361351
2022-07-17,4634.73,4642.23,4607.60,4615.07,2617764
2022-07-18,4615.07,4617.44,4583.59,4585.94,1514094
2022-07-19,4585.94,4648.84,4552.54,4615.22,8284910
2022-07-20,4615.22,4669.99,4584.55,4639.16,7646262
2022-07-21,4639.16,4651.10,4615.89,4627.79,3573456
2022-07-24,4627.79,4634.33,4599.88,4606.38,2412174
2022-07-25,4606.38,4607.87,4574.18,4575.66,1322908
2022-07-26,4575.66,4608.97,4552.51,4585.77,6058744
2022-07-27,4585.77,4619.39,4562.49,4596.06,6076474
2022-07-28,4596.06,4605.16,4570.62,4579.69,2981035
2022-07-31,4579.69,4594.82,4559.63,4574.74,4303292
2022-08-01,4574.74,4615.34,4549.07,4589.59,6611145
2022-08-02,4589.59,4648.14,4557.68,4616.04,7953978
2022-08-03,4616.04,4619.00,4585.07,4588.01,1640432
2022-08-04,4588.01,4638.52,4558.87,4609.25,7349519
2022-08-07,4609.25,4621.12,4586.13,4597.97,3575068
2022-08-08,4597.97,4599.83,4566.16,4568.00,1403497
2022-08-09,4568.00,4579.99,4545.29,4557.25,3624931
2022-08-10,4557.25,4558.06,4524.81,4525.61,1177640
2022-08-11,4525.61,4569.90,4498.80,4542.97,6925823
2022-08-14,4542.97,4585.39,4516.76,4559.08,6770713
2022-08-15,4559.08,4573.19,4538.28,4552.37,4095027
2022-08-16,4552.37,4578.71,4531.70,4558.01,5540740
2022-08-17,4558.01,4572.23,4537.31,4551.52,4120198
2022-08-18,4551.52,4605.72,4521.20,4575.25,7660562
2022-08-21,4575.25,4641.93,4540.56,4607.00,8581584
2022-08-22,4607.00,4653.15,4579.33,4625.37,7006721
2022-08-23,4625.37,4674.39,4596.66,4645.56,7207578
2022-08-24,4645.56,4656.62,4621.47,4632.51,3381687
2022-08-25,4632.51,4640.68,4605.99,4614.12,2763614
2022-08-28,4614.12,4647.86,4590.73,4624.41,6069410
2022-08-29,4624.41,4625.68,4591.89,4593.15,1274382
2022-08-30,4593.15,4601.07,4566.70,4574.58,2724211
2022-08-31,4574.58,4627.99,4544.49,4597.74,7579389
2022-09-01,4597.74,4625.03,4576.62,4603.88,5593004
2022-09-04,4603.88,4609.51,4575.34,4580.94,2221844
2022-09-05,4580.94,4627.68,4553.13,4599.76,7070850
2022-09-06,4599.76,4612.04,4577.07,4589.33,3670884
2022-09-07,4589.33,4605.80,4570.37,4586.83,4589849
2022-09-08,4586.83,4644.33,4555.29,4612.61,7877126
2022-09-11,4612.61,4656.61,4585.66,4629.57,6841358
2022-09-12,4629.57,4651.29,4610.30,4632.01,5161556
2022-09-13,4632.01,4656.02,4611.95,4635.94,5331550
2022-09-14,4635.94,4642.60,4608.07,4614.71,2437757
2022-09-15,4614.71,4664.45,4585.77,4635.39,7270301
2022-09-18,4635.39,4643.58,4608.87,4617.03,2767455
2022-09-19,4617.03,4620.69,4586.67,4590.31,1793415
2022-09-20,4590.31,4626.25,4566.21,4602.09,6249417
2022-09-21,4602.09,4613.68,4578.78,4590.34,3518175
2022-09-22,4590.34,4652.73,4557.10,4619.28,8241666
2022-09-25,4619.28,4644.56,4598.80,4624.06,5432235
2022-09-26,4624.06,4632.92,4598.21,4607.04,2917043
2022-09-27,4607.04,4607.57,4574.00,4574.53,1115843
2022-09-28,4574.53,4635.51,4541.81,4602.59,8152091
2022-09-29,4602.59,4617.77,4582.40,4597.56,4297393
2022-10-02,4597.56,4653.49,4566.53,4622.30,7749279
2022-10-03,4622.30,4625.73,4591.69,4595.10,1742318
2022-10-04,4595.10,4604.26,4569.72,4578.84,2992558
2022-10-05,4578.84,4630.92,4549.19,4601.12,7475308
2022-10-06,4601.12,4627.68,4580.25,4606.79,5536248
2022-10-09,4606.79,4612.94,4578.69,4584.81,2335871
2022-10-10,4584.81,4596.86,4562.02,4574.04,3627263
2022-10-11,4574.04,4618.02,4547.20,4591.08,6867215
2022-10-12,4591.08,4619.23,4569.69,4597.80,5660665
2022-10-13,4597.80,4650.93,4567.74,4620.72,7538477
2022-10-16,4620.72,4621.04,4587.39,4587.70,1068552
2022-10-17,4587.70,4650.83,4554.21,4617.12,8300274
2022-10-18,4617.12,4657.18,4591.53,4631.51,6542283
2022-10-19,4631.51,4684.16,4601.53,4654.04,7473593
2022-10-20,4654.04,4681.59,4632.68,4660.21,5588031
2022-10-23,4660.21,4674.06,4638.45,4652.28,3972016
2022-10-24,4652.28,4677.52,4631.74,4656.95,5415672
2022-10-25,4656.95,4728.54,4620.36,4691.68,8857270
2022-10-26,4691.68,4701.82,4666.45,4676.56,3161008
2022-10-27,4676.56,4712.89,4652.11,4688.38,6228120
2022-10-30,4688.38,4714.16,4667.56,4693.31,5441323
2022-10-31,4693.31,4746.25,4663.08,4715.87,7442592
2022-11-01,4715.87,4739.12,4695.85,4719.09,5244272
2022-11-02,4719.09,4761.82,4692.31,4734.96,6673525
2022-11-03,4734.96,4749.87,4713.58,4728.48,4150102
2022-11-06,4728.48,4759.33,4705.79,4736.61,5797462
2022-11-07,4736.61,4796.12,4703.99,4763.32,7887208
2022-11-08,4763.32,4780.55,4743.75,4760.97,4616872
2022-11-09,4760.97,4771.54,4735.62,4746.16,3221021
2022-11-10,4746.16,4762.37,4725.83,4742.03,4415706
2022-11-13,4742.03,4757.09,4720.73,4735.77,4176234
2022-11-14,4735.77,4808.45,4698.60,4771.01,8848285
2022-11-15,4771.01,4826.88,4739.55,4795.27,7592352
2022-11-16,4795.27,4831.60,4770.52,4806.79,6161522
2022-11-17,4806.79,4811.66,4776.11,4780.95,2012585
2022-11-20,4780.95,4798.88,4761.86,4779.79,4750480
2022-11-21,4779.79,4812.48,4756.34,4788.98,5906069
2022-11-22,4788.98,4794.00,4758.56,4763.55,2047256
2022-11-23,4763.55,4814.25,4733.90,4784.48,7223422
2022-11-24,4784.48,4828.77,4757.00,4801.19,6743209
2022-11-27,4801.19,4816.97,4780.08,4795.84,4285631
2022-11-28,4795.84,4802.29,4766.62,4773.04,2344513
2022-11-29,4773.04,4787.39,4750.90,4765.22,4006275
2022-11-30,4765.22,4779.81,4743.34,4757.91,4061042
2022-12-01,4757.91,4760.03,4725.17,4727.28,1447085
2022-12-04,4727.28,4727.42,4693.01,4693.14,1028600
2022-12-05,4693.14,4710.54,4674.23,4691.62,4706824
2022-12-06,4691.62,4750.26,4659.41,4717.87,7864471
2022-12-07,4717.87,4718.55,4684.15,4684.82,1143518
2022-12-08,4684.82,4687.43,4653.03,4655.62,1556310
2022-12-11,4655.62,4728.18,4618.71,4690.98,8930006
2022-12-12,4690.98,4747.16,4659.62,4715.64,7684362
2022-12-13,4715.64,4748.40,4692.34,4725.04,5942832
2022-12-14,4725.04,4785.64,4692.07,4752.48,7977023
2022-12-15,4752.48,4813.53,4719.29,4780.14,7984465
2022-12-18,4780.14,4803.10,4760.07,4783.01,5199725
2022-12-19,4783.01,4849.36,4747.91,4814.03,8338854
2022-12-20,4814.03,4839.61,4792.96,4818.52,5377160
2022-12-21,4818.52,4826.52,4790.49,4798.46,2660322
2022-12-22,4798.46,4823.57,4777.59,4802.68,5348834
2022-12-25,4802.68,4813.23,4777.00,4787.51,3195781
2022-12-26,4787.51,4790.66,4755.46,4758.59,1657956
2022-12-27,4758.59,4764.97,4729.58,4735.93,2340294
2022-12-28,4735.93,4753.80,4717.12,4734.99,4773662
2022-12-29,4734.99,4762.18,4713.56,4740.72,5525960
2023-01-01,4740.72,4748.53,4713.09,4720.87,2646570
2023-01-02,4720.87,4746.86,4699.89,4725.86,5444135
2023-01-03,4725.86,4728.69,4693.97,4696.78,1597668
2023-01-04,4696.78,4699.60,4665.09,4667.90,1600994
2023-01-05,4667.90,4735.38,4632.70,4699.94,8540534
2023-01-08,4699.94,4700.91,4666.60,4667.57,1206412
2023-01-09,4667.57,4674.74,4639.92,4647.06,2536899
2023-01-10,4647.06,4648.90,4614.87,4616.70,1396193
2023-01-11,4616.70,4672.02,4585.84,4640.99,7685528
2023-01-12,4640.99,4711.40,4604.85,4674.99,8787620
2023-01-15,4674.99,4685.95,4650.60,4661.53,3344444
2023-01-16,4661.53,4726.59,4627.19,4692.02,8368347
2023-01-17,4692.02,4748.25,4660.65,4716.71,7686488
2023-01-18,4716.71,4720.10,4685.38,4688.75,1718621
2023-01-19,4688.75,4730.06,4662.55,4703.77,6588203
2023-01-22,4703.77,4711.14,4676.03,4683.37,2566838
2023-01-23,4683.37,4741.74,4651.28,4709.47,7852057
2023-01-24,4709.47,4738.59,4687.44,4716.52,5678429
2023-01-25,4716.52,4734.26,4697.74,4715.48,4762002
2023-01-26,4715.48,4715.84,4681.50,4681.86,1078086
2023-01-29,4681.86,4755.40,4644.54,4717.79,8972359
2023-01-30,4717.79,4720.64,4685.98,4688.82,1605315
2023-01-31,4688.82,4759.17,4652.57,4722.67,8730041
2023-02-01,4722.67,4735.91,4699.92,4713.13,3803326
2023-02-02,4713.13,4729.30,4693.00,4709.16,4430109
2023-02-05,4709.16,4714.53,4679.63,4684.97,2141255
2023-02-06,4684.97,4687.34,4652.97,4655.32,1504663
2023-02-07,4655.32,4723.01,4620.08,4687.53,8569718
2023-02-08,4687.53,4756.71,4651.69,4720.62,8645061
2023-02-09,4720.62,4746.15,4699.81,4725.31,5409705
2023-02-12,4725.31,4727.00,4692.42,4694.10,1357475
2023-02-13,4694.10,4748.84,4663.24,4717.82,7574794
2023-02-14,4717.82,4726.56,4691.18,4699.88,2851783
2023-02-15,4699.88,4705.17,4670.35,4675.62,2126714
2023-02-16,4675.62,4681.52,4646.80,4652.68,2263786
2023-02-19,4652.68,4674.54,4633.30,4655.16,5164231
2023-02-20,4655.16,4691.09,4630.90,4666.77,6210768
2023-02-21,4666.77,4680.99,4645.28,4659.47,4045370
2023-02-22,4659.47,4715.23,4628.34,4683.94,7680384
2023-02-23,4683.94,4757.11,4646.73,4719.62,8942969
2023-02-26,4719.62,4783.91,4685.39,4749.47,8252880
2023-02-27,4749.47,4779.59,4726.99,4757.07,5733573
2023-02-28,4757.07,4786.18,4734.92,4764.00,5656652
2023-03-01,4764.00,4769.81,4734.45,4740.23,2219650
2023-03-02,4740.23,4748.09,4712.65,4720.48,2657133
2023-03-05,4720.48,4777.03,4688.92,4745.30,7685150
2023-03-06,4745.30,4769.17,4725.00,4748.85,5279012
2023-03-07,4748.85,4752.58,4717.59,4721.29,1784396
2023-03-08,4721.29,4727.72,4692.60,4699.00,2361796
2023-03-09,4699.00,4716.69,4680.29,4697.98,4764300
2023-03-12,4697.98,4737.47,4672.38,4711.80,6448696
2023-03-13,4711.80,4711.89,4677.60,4677.69,1019924
2023-03-14,4677.69,4691.77,4656.00,4670.05,4008847
2023-03-15,4670.05,4683.99,4648.29,4662.20,3983367
2023-03-16,4662.20,4708.72,4634.26,4680.67,6992866
2023-03-19,4680.67,4718.63,4655.65,4693.54,6345987
2023-03-20,4693.54,4723.14,4671.38,4700.95,5721742
2023-03-21,4700.95,4756.30,4669.85,4725.04,7613957
2023-03-22,4725.04,4773.78,4696.18,4744.79,7109053
2023-03-23,4744.79,4792.20,4716.34,4763.63,6997153
2023-03-26,4763.63,4800.48,4738.78,4775.57,6216529
2023-03-27,4775.57,4778.58,4743.48,4746.48,1631378
2023-03-28,4746.48,4756.65,4720.88,4731.02,3142935
2023-03-29,4731.02,4766.49,4706.73,4742.14,6133916
2023-03-30,4742.14,4743.31,4708.67,4709.83,1246296
2023-04-02,4709.83,4736.42,4688.67,4715.24,5492421
2023-04-03,4715.24,4723.25,4687.98,4695.96,2699451
2023-04-04,4695.96,4697.31,4662.99,4664.33,1287139
2023-04-05,4664.33,4666.09,4631.95,4633.71,1378943
2023-04-06,4633.71,4683.34,4604.76,4654.27,7246467
2023-04-09,4654.27,4675.11,4635.24,4656.08,5087242
2023-04-10,4656.08,4661.36,4626.86,4632.12,2135836
2023-04-11,4632.12,4679.89,4603.82,4651.47,7108299
2023-04-12,4651.47,4711.16,4619.01,4678.51,7979938
2023-04-13,4678.51,4688.32,4653.09,4662.86,3096433
2023-04-16,4662.86,4690.88,4641.33,4669.32,5618278
2023-04-17,4669.32,4693.07,4649.25,4672.98,5298559
2023-04-18,4672.98,4727.73,4642.17,4696.76,7594067
2023-04-19,4696.76,4731.65,4672.76,4707.59,6109739
2023-04-20,4707.59,4773.41,4672.87,4738.45,8376440
2023-04-23,4738.45,4747.75,4712.15,4721.41,2962071
2023-04-24,4721.41,4735.18,4699.14,4712.88,3916015
2023-04-25,4712.88,4729.60,4693.23,4709.94,4546913
2023-04-26,4709.94,4777.93,4674.45,4742.20,8533779
2023-04-27,4742.20,4748.70,4713.42,4719.89,2370438
2023-04-30,4719.89,4741.79,4700.33,4722.22,5143312
2023-05-01,4722.22,4734.70,4698.81,4711.26,3642524
2023-05-02,4711.26,4729.20,4692.68,4710.61,4806344
2023-05-03,4710.61,4737.30,4689.42,4716.08,5498971
2023-05-04,4716.08,4771.71,4684.85,4740.32,7621639
2023-05-07,4740.32,4781.65,4713.98,4755.23,6557064
2023-05-08,4755.23,4829.57,4717.44,4791.49,8947222
2023-05-09,4791.49,4850.55,4758.89,4817.77,7804458
2023-05-10,4817.77,4827.19,4791.00,4800.39,2955932
2023-05-11,4800.39,4809.13,4773.15,4781.86,2821399
2023-05-14,4781.86,4836.92,4750.66,4805.57,7524314
2023-05-15,4805.57,4830.53,4784.73,4809.68,5336282
2023-05-16,4809.68,4850.19,4783.44,4823.88,6454835
2023-05-17,4823.88,4829.26,4793.52,4798.87,2114540
2023-05-18,4798.87,4799.02,4764.09,4764.24,1031447
2023-05-21,4764.24,4814.36,4734.79,4784.79,7180864
2023-05-22,4784.79,4793.92,4758.00,4767.10,2908470
2023-05-23,4767.10,4768.89,4734.00,4735.77,1374759
2023-05-24,4735.77,4801.38,4701.05,4766.43,8332818
2023-05-25,4766.43,4789.86,4746.22,4769.64,5239437
2023-05-28,4769.64,4772.98,4737.88,4741.20,1699554
2023-05-29,4741.20,4764.57,4721.08,4744.44,5244032
2023-05-30,4744.44,4760.76,4724.22,4740.53,4440775
2023-05-31,4740.53,4765.20,4719.96,4744.61,5339163
2023-06-01,4744.61,4745.79,4711.13,4712.30,1247839
2023-06-04,4712.30,4725.71,4689.78,4703.16,3845816
2023-06-05,4703.16,4758.71,4671.99,4727.38,7626920
2023-06-06,4727.38,4783.91,4695.82,4752.18,7677572
2023-06-07,4752.18,4796.79,4724.68,4769.18,6787894
2023-06-08,4769.18,4782.99,4746.60,4760.38,3896159
2023-06-11,4760.38,4774.03,4737.72,4751.34,3866563
2023-06-12,4751.34,4820.85,4715.23,4784.48,8600342
2023-06-13,4784.48,4811.33,4763.05,4789.87,5480212
2023-06-14,4789.87,4790.58,4755.65,4756.35,1148148
2023-06-15,4756.35,4773.55,4736.81,4754.00,4616495
2023-06-18,4754.00,4811.33,4722.09,4779.25,7712414
2023-06-19,4779.25,4788.12,4752.27,4761.11,2855658
2023-06-20,4761.11,4797.29,4736.49,4772.62,6169684
2023-06-21,4772.62,4805.54,4749.11,4781.98,5926097
2023-06-22,4781.98,4797.87,4761.11,4776.98,4322427
2023-06-25,4776.98,4846.77,4740.71,4810.24,8593244
2023-06-26,4810.24,4822.05,4785.61,4797.39,3454595
2023-06-27,4797.39,4871.48,4759.57,4833.38,8881790
2023-06-28,4833.38,4884.79,4803.32,4854.59,7220507
2023-06-29,4854.59,4867.37,4830.48,4843.23,3631241
2023-07-02,4843.23,4857.11,4820.17,4834.03,3867078
2023-07-03,4834.03,4859.82,4812.83,4838.60,5384807
2023-07-04,4838.60,4842.42,4806.77,4810.56,1789368
2023-07-05,4810.56,4881.10,4773.95,4844.22,8611625
2023-07-06,4844.22,4884.53,4817.97,4858.21,6419478
2023-07-09,4858.21,4859.48,4823.99,4825.25,1262311
2023-07-10,4825.25,4832.24,4796.30,4803.26,2448765
2023-07-11,4803.26,4832.67,4780.88,4810.26,5657853
2023-07-12,4810.26,4835.91,4789.18,4814.80,5383401
2023-07-13,4814.80,4832.67,4795.42,4813.28,4711831
2023-07-16,4813.28,4853.53,4787.13,4827.30,6433264
2023-07-17,4827.30,4829.65,4794.25,4796.58,1485973
2023-07-18,4796.58,4804.90,4769.00,4777.28,2734156
2023-07-19,4777.28,4791.99,4755.42,4770.11,4079046
2023-07-20,4770.11,4844.08,4732.41,4806.09,8903360
2023-07-23,4806.09,4865.95,4773.18,4832.85,7849074
2023-07-24,4832.85,4837.34,4801.64,4806.10,1928532
2023-07-25,4806.10,4853.73,4777.42,4824.93,6968895
2023-07-26,4824.93,4878.61,4794.10,4847.63,7389917
2023-07-27,4847.63,4858.86,4822.22,4833.41,3315054
2023-07-30,4833.41,4881.96,4804.33,4852.77,7015912
2023-07-31,4852.77,4870.67,4833.14,4851.04,4690020
2023-08-01,4851.04,4863.51,4826.69,4839.14,3571947
2023-08-02,4839.14,4855.49,4818.25,4834.58,4377743
2023-08-03,4834.58,4844.65,4808.26,4818.29,3082716
2023-08-06,4818.29,4853.00,4794.04,4828.70,6032544
2023-08-07,4828.70,4835.40,4799.47,4806.14,2387722
2023-08-08,4806.14,4838.94,4782.58,4815.34,5901337
2023-08-09,4815.34,4850.00,4791.12,4825.73,6030178
2023-08-10,4825.73,4842.03,4804.90,4821.20,4379183
2023-08-13,4821.20,4890.03,4785.14,4853.73,8479218
2023-08-14,4853.73,4900.84,4825.10,4872.10,6898182
2023-08-15,4872.10,4902.32,4849.27,4879.46,5685459
2023-08-16,4879.46,4916.26,4854.33,4891.07,6149691
2023-08-17,4891.07,4905.60,4868.23,4882.73,3969890
2023-08-20,4882.73,4885.85,4849.96,4853.06,1639883
2023-08-21,4853.06,4859.11,4823.08,4829.10,2246090
2023-08-22,4829.10,4899.44,4792.50,4862.59,8578635
2023-08-23,4862.59,4875.11,4838.20,4850.69,3575788
2023-08-24,4850.69,4914.65,4816.25,4880.00,8101748
2023-08-27,4880.00,4943.72,4845.55,4909.07,8057750
2023-08-28,4909.07,4955.70,4880.47,4926.99,6826508
2023-08-29,4926.99,4937.09,4900.02,4910.08,3050000
2023-08-30,4910.08,4941.32,4886.81,4918.01,5740569
2023-08-31,4918.01,4963.28,4889.85,4935.02,6725377
2023-09-03,4935.02,4976.16,4908.25,4949.31,6424176
2023-09-04,4949.31,4969.66,4929.71,4950.06,4960425
2023-09-05,4950.06,4993.91,4922.31,4966.08,6605727
2023-09-06,4966.08,4995.05,4943.44,4972.38,5557613
2023-09-07,4972.38,4972.64,4936.43,4936.68,1050651
2023-09-10,4936.68,4940.64,4904.25,4908.18,1800891
2023-09-11,4908.18,4921.84,4884.46,4898.09,3783641
2023-09-12,4898.09,4923.66,4876.81,4902.36,5344581
2023-09-13,4902.36,4915.32,4878.07,4891.00,3644204
2023-09-14,4891.00,4907.80,4870.13,4886.92,4435596
2023-09-17,4886.92,4910.05,4866.52,4889.63,5175548
2023-09-18,4889.63,4945.15,4858.00,4913.37,7468998
2023-09-19,4913.37,4922.44,4885.60,4894.64,2846810
2023-09-20,4894.64,4908.72,4871.38,4885.43,3876886
2023-09-21,4885.43,4957.02,4848.26,4919.59,8608607
2023-09-24,4919.59,4926.23,4889.64,4896.25,2350617
2023-09-25,4896.25,4914.77,4876.84,4895.35,4781927
2023-09-26,4895.35,4902.19,4865.75,4872.56,2396364
2023-09-27,4872.56,4911.15,4846.83,4885.35,6280349
2023-09-28,4885.35,4896.22,4859.35,4870.18,3224005
2023-10-01,4870.18,4935.30,4835.28,4900.18,8165603
2023-10-02,4900.18,4904.93,4868.72,4873.44,1969341
2023-10-03,4873.44,4880.93,4844.57,4852.03,2536454
2023-10-04,4852.03,4876.02,4831.41,4855.39,5249657
2023-10-05,4855.39,4928.54,4817.76,4890.63,8750925
2023-10-08,4890.63,4926.15,4865.92,4901.38,6052606
2023-10-09,4901.38,4921.84,4881.87,4902.32,4981858
2023-10-10,4902.32,4936.59,4878.01,4912.23,5958436
2023-10-11,4912.23,4912.75,4876.95,4877.47,1105795
2023-10-12,4877.47,4885.74,4849.26,4857.49,2695541
2023-10-15,4857.49,4876.97,4838.43,4857.90,4925205
2023-10-16,4857.90,4906.89,4828.61,4877.48,7029355
2023-10-17,4877.48,4881.01,4845.11,4848.62,1724039
2023-10-18,4848.62,4924.95,4809.91,4885.94,8984567
2023-10-19,4885.94,4896.47,4859.64,4870.15,3156618
2023-10-22,4870.15,4896.36,4848.72,4874.90,5400685
2023-10-23,4874.90,4902.11,4853.11,4880.29,5469855
2023-10-24,4880.29,4954.81,4842.13,4916.36,8820919
2023-10-25,4916.36,4916.64,4880.84,4881.13,1058813
2023-10-26,4881.13,4911.82,4858.12,4888.77,5714403
2023-10-29,4888.77,4900.28,4863.31,4874.79,3355589
2023-10-30,4874.79,4938.08,4840.52,4903.60,8031755
2023-10-31,4903.60,4925.05,4883.73,4905.18,5051543
2023-11-01,4905.18,4941.39,4880.19,4916.34,6093964
2023-11-02,4916.34,4946.38,4893.47,4923.47,5652846
2023-11-05,4923.47,4970.06,4894.84,4941.33,6814609
2023-11-06,4941.33,4957.98,4919.96,4936.60,4369375
2023-11-07,4936.60,4961.09,4915.59,4940.07,5255418
2023-11-08,4940.07,4980.00,4913.71,4953.57,6336934
2023-11-09,4953.57,4956.12,4919.78,4922.31,1515157
2023-11-12,4922.31,4928.09,4891.59,4897.33,2172805
2023-11-13,4897.33,4945.61,4868.18,4916.35,6951851
2023-11-14,4916.35,4992.04,4877.69,4953.08,8864643
2023-11-15,4953.08,5013.18,4919.71,4979.63,7738340
2023-11-16,4979.63,4994.53,4956.47,4971.35,3992695
2023-11-19,4971.35,5003.12,4947.73,4979.47,5751165
2023-11-20,4979.47,4980.89,4944.49,4945.90,1285356
2023-11-21,4945.90,5021.02,4907.36,4982.19,8792798
2023-11-22,4982.19,4994.69,4956.91,4969.37,3508058
2023-11-23,4969.37,4975.07,4938.24,4943.91,2147187
2023-11-26,4943.91,5017.45,4905.91,4979.19,8685493
2023-11-27,4979.19,5006.96,4956.94,4984.68,5468655
2023-11-28,4984.68,5015.19,4961.47,4991.95,5657167
2023-11-29,4991.95,5041.92,4961.97,5011.83,7004115
2023-11-30,5011.83,5061.45,4981.93,5031.43,6966289
2023-12-03,5031.43,5083.90,5000.50,5052.84,7148628
2023-12-04,5052.84,5104.56,5022.10,5073.70,7081995
2023-12-05,5073.70,5085.54,5047.18,5058.99,3334293
2023-12-06,5058.99,5063.82,5026.44,5031.25,1954903
2023-12-07,5031.25,5047.61,5008.98,5025.33,4252469
2023-12-10,5025.33,5059.70,5000.67,5034.99,5906001
2023-12-11,5034.99,5037.05,5000.18,5002.23,1409327
2023-12-12,5002.23,5006.47,4969.58,4973.80,1848868
2023-12-13,4973.80,4978.85,4942.06,4947.08,2014746
2023-12-14,4947.08,5022.96,4908.27,4983.86,8845233
2023-12-17,4983.86,4994.85,4957.25,4968.20,3204526
2023-12-18,4968.20,4978.11,4940.76,4950.63,2993861
2023-12-19,4950.63,4963.48,4925.89,4938.71,3595953
2023-12-20,4938.71,4951.81,4914.28,4927.35,3652777
2023-12-21,4927.35,4943.00,4905.22,4920.85,4176680
2023-12-24,4920.85,4941.57,4901.19,4921.91,4994821
2023-12-25,4921.91,4964.40,4894.71,4937.11,6526954
2023-12-26,4937.11,5013.57,4898.12,4974.29,8896536
2023-12-27,4974.29,5043.82,4937.60,5006.89,8375171
2023-12-28,5006.89,5059.27,4976.04,5028.30,7160390
2023-12-31,5028.30,5045.83,5007.07,5024.59,4486762
2024-01-01,5024.59,5024.94,4988.35,4988.70,1070336
2024-01-02,4988.70,5065.81,4949.36,5026.17,8886419
2024-01-03,5026.17,5032.61,4995.27,5001.68,2280692
2024-01-04,5001.68,5008.75,4971.51,4978.55,2413648
2024-01-07,4978.55,5028.88,4948.49,4998.70,7038374
2024-01-08,4998.70,5028.64,4975.64,5005.55,5611659
2024-01-09,5005.55,5066.29,4971.82,5032.38,7738443
2024-01-10,5032.38,5052.92,5012.51,5033.04,4949588
2024-01-11,5033.04,5037.13,5000.03,5004.09,1812997
2024-01-14,5004.09,5021.00,4982.50,4999.38,4378052
2024-01-15,4999.38,5034.26,4974.62,5009.45,5953395
2024-01-16,5009.45,5015.55,4978.37,4984.44,2218038
2024-01-17,4984.44,4997.73,4959.84,4973.10,3665809
2024-01-18,4973.10,4999.61,4951.30,4977.79,5383127
2024-01-21,4977.79,4983.56,4946.66,4952.40,2160116
2024-01-22,4952.40,5029.65,4913.10,4990.06,8935048
2024-01-23,4990.06,5033.78,4962.25,5005.89,6572119
2024-01-24,5005.89,5026.65,4986.00,5006.76,4972565
2024-01-25,5006.76,5064.33,4974.12,5031.53,7519101
2024-01-28,5031.53,5050.92,5011.89,5031.28,4853703
2024-01-29,5031.28,5066.90,5006.18,5041.74,5988717
2024-01-30,5041.74,5050.57,5012.83,5021.62,2751303
2024-01-31,5021.62,5034.48,4996.37,5009.20,3561213
2024-02-01,5009.20,5081.63,4971.42,5043.60,8541906
2024-02-04,5043.60,5078.95,5018.56,5053.86,5964986
2024-02-05,5053.86,5090.20,5028.45,5064.74,6027983
2024-02-06,5064.74,5129.52,5029.46,5094.04,7965466
2024-02-07,5094.04,5111.83,5072.56,5090.34,4493484
2024-02-08,5090.34,5149.89,5056.81,5116.18,7587345
2024-02-11,5116.18,5176.11,5082.45,5142.21,7592729
2024-02-12,5142.21,5145.65,5107.83,5111.26,1670130
2024-02-13,5111.26,5124.41,5085.61,5098.73,3572633
2024-02-14,5098.73,5107.69,5069.51,5078.43,2757030
2024-02-15,5078.43,5156.08,5038.68,5116.03,8828257
2024-02-18,5116.03,5142.33,5093.94,5120.22,5317181
2024-02-19,5120.22,5139.64,5099.96,5119.38,4791700
2024-02-20,5119.38,5145.45,5097.36,5123.42,5301200
2024-02-21,5123.42,5191.75,5086.76,5154.87,8154320
2024-02-22,5154.87,5155.03,5117.51,5117.66,1030075
2024-02-25,5117.66,5124.94,5086.83,5094.08,2422290
2024-02-26,5094.08,5151.16,5061.39,5118.31,7417386
2024-02-27,5118.31,5127.55,5089.20,5098.41,2805486
2024-02-28,5098.41,5111.28,5072.61,5085.45,3524862
2024-02-29,5085.45,5128.07,5057.79,5100.32,6439711
2024-03-03,5100.32,5128.51,5077.62,5105.79,5451268
2024-03-04,5105.79,5120.81,5081.81,5096.81,3942249
2024-03-05,5096.81,5170.69,5058.30,5131.93,8554629
2024-03-06,5131.93,5148.86,5109.43,5126.35,4300754
2024-03-07,5126.35,5177.72,5095.55,5146.80,7007784
2024-03-10,5146.80,5147.29,5109.79,5110.28,1095473
2024-03-11,5110.28,5118.90,5080.68,5089.27,2687277
2024-03-12,5089.27,5155.68,5053.37,5119.57,8054801
2024-03-13,5119.57,5131.83,5093.09,5105.32,3395576
2024-03-14,5105.32,5120.35,5081.35,5096.36,3944170
2024-03-17,5096.36,5103.58,5065.63,5072.82,2416632
2024-03-18,5072.82,5081.89,5043.89,5052.92,2788271
2024-03-19,5052.92,5065.08,5026.83,5038.95,3404766
2024-03-20,5038.95,5041.10,5004.18,5006.32,1426611
2024-03-21,5006.32,5014.36,4976.97,4984.98,2606893
2024-03-24,4984.98,5001.94,4963.57,4980.52,4402400
2024-03-25,4980.52,5050.75,4943.57,5013.56,8418072
2024-03-26,5013.56,5051.88,4987.56,5025.82,6184773
2024-03-27,5025.82,5032.21,4994.88,5001.23,2270404
2024-03-28,5001.23,5009.86,4972.43,4981.02,2724348
2024-03-31,4981.02,5057.56,4941.89,5018.15,8855246
2024-04-01,5018.15,5087.80,4981.30,5050.72,8342112
2024-04-02,5050.72,5064.25,5025.85,5039.34,3678772
2024-04-03,5039.34,5074.47,5014.39,5049.47,5951646
2024-04-04,5049.47,5054.27,5016.96,5021.74,1950857
2024-04-07,5021.74,5066.36,4993.54,5038.07,6614677
2024-04-08,5038.07,5114.79,4998.74,5075.17,8807304
2024-04-09,5075.17,5082.43,5044.63,5051.86,2429972
2024-04-10,5051.86,5100.40,5022.22,5070.66,6865397
2024-04-11,5070.66,5089.71,5050.44,5069.48,4755555
2024-04-14,5069.48,5092.55,5048.63,5071.69,5112791
2024-04-15,5071.69,5133.61,5037.39,5099.12,7764266
2024-04-16,5099.12,5122.57,5078.06,5101.51,5129732
2024-04-17,5101.51,5127.96,5079.40,5105.84,5332647
2024-04-18,5105.84,5124.45,5084.98,5103.58,4644615
2024-04-21,5103.58,5129.02,5081.83,5107.25,5263168
2024-04-22,5107.25,5149.80,5079.55,5122.02,6422873
2024-04-23,5122.02,5200.51,5081.87,5160.05,8839780
2024-04-24,5160.05,5233.88,5121.41,5194.97,8489197
2024-04-25,5194.97,5209.09,5169.56,5183.64,3716803
2024-04-28,5183.64,5245.71,5149.00,5210.89,7683093
2024-04-29,5210.89,5216.83,5178.21,5184.13,2141152
2024-04-30,5184.13,5259.18,5145.00,5219.78,8547770
2024-05-01,5219.78,5238.09,5197.84,5216.14,4507887
2024-05-02,5216.14,5246.49,5192.39,5222.71,5552366
2024-05-05,5222.71,5293.80,5184.85,5255.71,8249108
2024-05-06,5255.71,5264.36,5225.08,5233.71,2647496
2024-05-07,5233.71,5271.77,5207.24,5245.25,6056172
2024-05-08,5245.25,5284.88,5218.21,5257.78,6154149
2024-05-09,5257.78,5286.60,5234.46,5263.25,5435253
2024-05-12,5263.25,5315.66,5231.75,5284.03,6985905
2024-05-13,5284.03,5315.45,5259.75,5291.13,5596227
2024-05-14,5291.13,5362.47,5253.01,5324.11,8204492
2024-05-15,5324.11,5338.35,5297.87,5312.08,3674897
2024-05-16,5312.08,5316.91,5277.69,5282.49,1908676
2024-05-19,5282.49,5324.45,5254.55,5296.44,6288545
2024-05-20,5296.44,5356.39,5262.24,5322.03,7456481
2024-05-21,5322.03,5366.40,5293.15,5337.44,6424828
2024-05-22,5337.44,5348.23,5308.09,5318.83,3020747
2024-05-23,5318.83,5351.50,5294.03,5326.65,5663991
2024-05-26,5326.65,5371.88,5297.47,5342.61,6478017
2024-05-27,5342.61,5346.54,5307.20,5311.10,1734430
2024-05-28,5311.10,5314.45,5275.42,5278.75,1630761
2024-05-29,5278.75,5307.17,5255.51,5283.91,5401577
2024-05-30,5283.91,5317.86,5258.74,5292.65,5762928
2024-06-02,5292.65,5340.84,5262.54,5310.62,6690123
2024-06-03,5310.62,5356.49,5281.26,5327.04,6528840
2024-06-04,5327.04,5334.71,5295.03,5302.66,2439574
2024-06-05,5302.66,5373.71,5264.61,5335.43,8175411
2024-06-06,5335.43,5360.94,5313.05,5338.56,5193141
2024-06-09,5338.56,5349.76,5309.56,5320.72,3097702
2024-06-10,5320.72,5322.95,5283.98,5286.20,1419958
2024-06-11,5286.20,5305.91,5264.99,5284.69,4727812
2024-06-12,5284.69,5295.63,5255.86,5266.76,3070644
2024-06-13,5266.76,5300.52,5241.71,5275.42,5757098
2024-06-16,5275.42,5350.55,5236.04,5310.90,8466186
2024-06-17,5310.90,5343.93,5285.98,5318.98,5691735
2024-06-18,5318.98,5395.56,5278.98,5355.28,8520164
2024-06-19,5355.28,5369.97,5329.20,5343.85,3741598
2024-06-20,5343.85,5386.39,5315.56,5358.02,6294307
2024-06-23,5358.02,5381.32,5336.36,5359.66,5042489
2024-06-24,5359.66,5364.41,5324.85,5329.58,1887379
2024-06-25,5329.58,5401.55,5291.15,5362.88,8211694
2024-06-26,5362.88,5411.19,5332.54,5380.75,6657407
2024-06-27,5380.75,5422.69,5352.57,5394.44,6236865
2024-06-30,5394.44,5444.90,5363.27,5413.63,6777229
2024-07-01,5413.63,5494.36,5371.95,5452.38,8698251
2024-07-02,5452.38,5469.41,5427.64,5444.65,4123388
2024-07-03,5444.65,5472.75,5421.10,5449.18,5324245
2024-07-04,5449.18,5495.77,5419.22,5465.72,6498353
2024-07-07,5465.72,5518.48,5433.58,5486.22,6880281
2024-07-08,5486.22,5544.03,5452.28,5509.94,7186076
2024-07-09,5509.94,5523.11,5481.42,5494.56,3391049
2024-07-10,5494.56,5499.18,5458.65,5463.25,1840877
2024-07-11,5463.25,5528.87,5426.67,5492.09,7696056
2024-07-14,5492.09,5501.48,5460.39,5469.75,2709670
2024-07-15,5469.75,5545.61,5429.61,5505.21,8338511
2024-07-16,5505.21,5511.75,5470.92,5477.42,2187517
2024-07-17,5477.42,5544.66,5440.24,5507.28,7787551
2024-07-18,5507.28,5541.78,5481.36,5515.82,5706515
2024-07-21,5515.82,5521.30,5480.52,5485.97,1993792
2024-07-22,5485.97,5524.31,5458.77,5497.06,5958024
2024-07-23,5497.06,5524.70,5473.54,5501.16,5278223
2024-07-24,5501.16,5509.13,5468.15,5476.08,2448216
2024-07-25,5476.08,5555.46,5434.71,5513.81,8554423
2024-07-28,5513.81,5521.45,5480.42,5488.03,2386968
2024-07-29,5488.03,5541.07,5455.74,5508.65,6884122
2024-07-30,5508.65,5519.18,5477.82,5488.31,2910082
2024-07-31,5488.31,5564.87,5447.88,5524.18,8366083
2024-08-01,5524.18,5533.21,5491.93,5500.93,2634842
2024-08-04,5500.93,5577.54,5460.45,5536.80,8358333
2024-08-05,5536.80,5545.38,5504.06,5512.60,2548902
2024-08-06,5512.60,5512.79,5472.66,5472.85,1033710
2024-08-07,5472.85,5490.54,5448.53,5466.20,4232510
2024-08-08,5466.20,5484.07,5442.09,5459.94,4268758
2024-08-11,5459.94,5489.53,5435.84,5465.41,5414060
2024-08-12,5465.41,5470.14,5429.81,5434.52,1865946
2024-08-13,5434.52,5518.09,5391.81,5475.06,8858984
2024-08-14,5475.06,5486.61,5445.38,5456.89,3109224
2024-08-15,5456.89,5476.49,5434.35,5453.94,4591975
2024-08-18,5453.94,5468.41,5426.95,5441.39,3652914
2024-08-19,5441.39,5471.49,5417.16,5447.23,5452537
2024-08-20,5447.23,5513.42,5410.50,5476.48,7743930
2024-08-21,5476.48,5546.82,5438.24,5508.35,7983882
2024-08-22,5508.35,5575.81,5471.02,5538.28,7777331
2024-08-25,5538.28,5588.14,5506.96,5556.71,6655144
2024-08-26,5556.71,5557.74,5517.19,5518.22,1185219
2024-08-27,5518.22,5548.17,5493.84,5523.77,5416941
2024-08-28,5523.77,5543.98,5501.28,5521.48,4658950
2024-08-29,5521.48,5530.26,5489.03,5497.78,2590260
2024-09-01,5497.78,5501.65,5461.19,5465.05,1704698
2024-09-02,5465.05,5489.54,5442.70,5467.18,5088683
2024-09-03,5467.18,5530.26,5431.47,5494.37,7532338
2024-09-04,5494.37,5564.79,5456.06,5526.25,7973936
2024-09-05,5526.25,5538.83,5497.09,5509.64,3277674
2024-09-08,5509.64,5522.56,5480.90,5493.78,3344787
2024-09-09,5493.78,5507.84,5466.15,5480.17,3557990
2024-09-10,5480.17,5488.71,5447.81,5456.32,2559259
2024-09-11,5456.32,5458.29,5418.36,5420.32,1360939
2024-09-12,5420.32,5486.90,5383.51,5449.89,7790192
2024-09-15,5449.89,5492.84,5421.19,5464.06,6266769
2024-09-16,5464.06,5485.80,5442.68,5464.41,4914128
2024-09-17,5464.41,5534.92,5426.14,5496.42,8003875
2024-09-18,5496.42,5500.45,5459.99,5463.99,1733539
2024-09-19,5463.99,5465.84,5425.87,5427.70,1337688
2024-09-22,5427.70,5490.33,5392.25,5454.70,7532373
2024-09-23,5454.70,5529.64,5414.92,5489.60,8292901
2024-09-24,5489.60,5494.90,5454.33,5459.60,1964951
2024-09-25,5459.60,5463.47,5423.29,5427.14,1709019
2024-09-26,5427.14,5454.42,5403.92,5431.19,5278189
2024-09-29,5431.19,5437.32,5397.08,5403.18,2129252
2024-09-30,5403.18,5407.86,5367.99,5372.65,1867146
2024-10-01,5372.65,5388.89,5347.80,5364.02,4022736
2024-10-02,5364.02,5389.22,5341.68,5366.87,5163923
2024-10-03,5366.87,5379.43,5338.85,5351.38,3340089
2024-10-06,5351.38,5418.19,5314.67,5381.28,7859876
2024-10-07,5381.28,5425.79,5352.21,5396.64,6402297
2024-10-08,5396.64,5399.13,5359.57,5362.04,1461179
2024-10-09,5362.04,5378.79,5337.71,5354.43,4122942
2024-10-10,5354.43,5355.38,5316.32,5317.26,1177709
2024-10-13,5317.26,5379.10,5282.36,5344.02,7563751
2024-10-14,5344.02,5360.83,5319.87,5336.66,4145267
2024-10-15,5336.66,5418.18,5294.91,5376.12,8823491
2024-10-16,5376.12,5460.69,5333.21,5417.46,8981138
2024-10-17,5417.46,5429.70,5388.80,5401.00,3260185
2024-10-20,5401.00,5481.15,5359.56,5439.41,8672976
2024-10-21,5439.41,5439.67,5400.07,5400.32,1046673
2024-10-22,5400.32,5420.85,5378.99,5399.52,4801028
2024-10-23,5399.52,5416.04,5374.72,5391.21,4059499
2024-10-24,5391.21,5402.50,5361.91,5373.15,3093689
2024-10-27,5373.15,5389.82,5348.67,5365.31,4101131
2024-10-28,5365.31,5408.36,5336.78,5379.76,6316392
2024-10-29,5379.76,5387.59,5347.51,5355.30,2455521
2024-10-30,5355.30,5374.01,5332.73,5351.42,4493827
2024-10-31,5351.42,5360.93,5320.85,5330.32,2776989
2024-11-03,5330.32,5338.13,5298.42,5306.19,2465500
2024-11-04,5306.19,5307.85,5269.05,5270.70,1312448
2024-11-05,5270.70,5290.59,5249.77,5269.66,4774622
2024-11-06,5269.66,5314.08,5240.90,5285.24,6456961
2024-11-07,5285.24,5321.15,5259.39,5295.25,5890329
2024-11-10,5295.25,5358.04,5260.08,5322.68,7642626
2024-11-11,5322.68,5326.74,5287.53,5291.57,1763237
2024-11-12,5291.57,5322.49,5267.44,5298.33,5560802
2024-11-13,5298.33,5346.93,5268.05,5316.55,6714334
2024-11-14,5316.55,5380.74,5280.84,5344.84,7717661
2024-11-17,5344.84,5359.04,5318.41,5332.58,3657201
2024-11-18,5332.58,5360.09,5309.53,5337.01,5323079
2024-11-19,5337.01,5351.18,5310.61,5324.74,3653566
2024-11-20,5324.74,5338.12,5297.75,5311.09,3512860
2024-11-21,5311.09,5361.16,5280.28,5330.23,6802194
2024-11-24,5330.23,5412.90,5288.10,5370.45,8904286
2024-11-25,5370.45,5446.85,5330.38,5406.51,8461111
2024-11-26,5406.51,5452.53,5376.86,5422.78,6485013
2024-11-27,5422.78,5432.56,5391.93,5401.67,2803155
2024-11-28,5401.67,5437.51,5375.55,5411.34,5835288
2024-12-01,5411.34,5476.48,5375.06,5440.00,7704869
2024-12-02,5440.00,5460.04,5417.97,5438.00,4683504
2024-12-03,5438.00,5491.88,5405.54,5459.30,6968724
2024-12-04,5459.30,5494.89,5433.12,5468.66,5795096
2024-12-05,5468.66,5473.47,5433.11,5437.89,1878669
2024-12-08,5437.89,5495.32,5404.20,5461.49,7194753
2024-12-09,5461.49,5478.36,5436.55,5453.39,4089026
2024-12-10,5453.39,5487.79,5427.64,5462.00,5721982
2024-12-11,5462.00,5466.63,5426.34,5430.94,1846707
2024-12-12,5430.94,5468.30,5404.22,5441.53,5919993
2024-12-15,5441.53,5455.38,5414.10,5427.92,3546776
2024-12-16,5427.92,5434.75,5394.44,5401.24,2257921
2024-12-17,5401.24,5449.33,5370.88,5418.87,6621330
2024-12-18,5418.87,5468.14,5388.06,5437.23,6686385
2024-12-19,5437.23,5452.24,5410.84,5425.83,3761728
2024-12-22,5425.83,5428.68,5388.87,5391.71,1526371
2024-12-23,5391.71,5399.66,5359.47,5367.39,2474142
2024-12-24,5367.39,5371.10,5331.61,5335.30,1691460
2024-12-25,5335.30,5340.46,5301.03,5306.17,1968449
2024-12-26,5306.17,5312.77,5273.37,5279.94,2243381
2024-12-29,5279.94,5338.54,5246.25,5304.69,7380452
2024-12-30,5304.69,5316.79,5276.72,5288.79,3280898
2024-12-31,5288.79,5290.52,5251.84,5253.56,1327434
2025-01-01,5253.56,5323.75,5215.93,5285.89,8162037
2025-01-02,5285.89,5366.23,5244.67,5324.71,8797050
2025-01-05,5324.71,5335.68,5295.61,5306.54,3059636
2025-01-06,5306.54,5365.26,5272.74,5331.31,7369547
2025-01-07,5331.31,5366.91,5305.45,5341.01,5850240
2025-01-08,5341.01,5350.48,5310.47,5319.91,2773319
2025-01-09,5319.91,5393.67,5280.88,5354.38,8336316
2025-01-12,5354.38,5388.96,5328.82,5363.36,5773799
2025-01-13,5363.36,5378.38,5337.52,5352.52,3801817
2025-01-14,5352.52,5396.69,5323.63,5367.73,6395679
2025-01-15,5367.73,5383.30,5342.33,5357.87,3901063
2025-01-16,5357.87,5360.44,5321.15,5323.70,1478463
2025-01-19,5323.70,5344.37,5303.04,5323.71,4880967
2025-01-20,5323.71,5337.37,5296.97,5310.59,3565363
2025-01-21,5310.59,5365.79,5278.00,5333.06,7136591
2025-01-22,5333.06,5388.32,5300.39,5355.51,7125514
2025-01-23,5355.51,5426.10,5317.49,5387.85,8100034
2025-01-26,5387.85,5459.01,5349.54,5420.47,8109533
2025-01-27,5420.47,5497.61,5380.02,5456.88,8462654
2025-01-28,5456.88,5477.83,5435.51,5456.46,4838408
2025-01-29,5456.46,5522.54,5419.73,5485.62,7730624
2025-01-30,5485.62,5503.32,5461.22,5478.89,4225720
2025-02-02,5478.89,5503.84,5456.35,5481.30,5113820
2025-02-03,5481.30,5483.12,5443.03,5444.84,1333196
2025-02-04,5444.84,5479.60,5418.99,5453.71,5748045
2025-02-05,5453.71,5471.48,5429.61,5447.36,4259602
2025-02-06,5447.36,5521.53,5407.86,5481.79,8250582
2025-02-09,5481.79,5558.21,5441.43,5517.59,8362962
2025-02-10,5517.59,5550.60,5492.16,5525.13,5609087
2025-02-11,5525.13,5593.41,5487.47,5555.55,7816117
2025-02-12,5555.55,5617.58,5519.97,5581.84,7403806
2025-02-13,5581.84,5601.35,5558.32,5577.81,4495610
2025-02-16,5577.81,5590.99,5548.81,5561.95,3363134
2025-02-17,5561.95,5604.77,5533.01,5575.76,6203909
2025-02-18,5575.76,5593.89,5551.08,5569.20,4252503
2025-02-19,5569.20,5612.41,5540.10,5583.24,6224965
2025-02-20,5583.24,5656.77,5543.62,5616.91,8096604
2025-02-23,5616.91,5692.79,5576.40,5652.02,8213100
2025-02-24,5652.02,5667.47,5624.46,5639.88,3734945
2025-02-25,5639.88,5719.36,5598.06,5677.27,8415226
2025-02-26,5677.27,5692.66,5649.46,5664.82,3710733
2025-02-27,5664.82,5725.17,5629.55,5689.74,7226406
2025-03-02,5689.74,5698.24,5655.82,5664.28,2493106
2025-03-03,5664.28,5670.39,5628.45,5634.53,2078737
2025-03-04,5634.53,5651.61,5608.51,5625.58,4032681
2025-03-05,5625.58,5629.31,5587.94,5591.65,1663580
2025-03-06,5591.65,5641.91,5560.05,5610.21,6650445
2025-03-09,5610.21,5641.80,5585.04,5616.60,5487105
2025-03-10,5616.60,5618.06,5577.02,5578.47,1259979
2025-03-11,5578.47,5599.44,5556.24,5577.21,4759190
2025-03-12,5577.21,5631.74,5544.18,5598.57,6923010
2025-03-13,5598.57,5618.82,5575.57,5595.80,4615637
2025-03-16,5595.80,5663.70,5558.09,5625.79,7738305
2025-03-17,5625.79,5640.83,5598.06,5613.07,3673731
2025-03-18,5613.07,5670.23,5579.03,5636.05,7063888
2025-03-19,5636.05,5646.88,5604.56,5615.35,2921124
2025-03-20,5615.35,5672.67,5581.25,5638.43,7072599
2025-03-23,5638.43,5655.00,5611.94,5628.48,3938065
2025-03-24,5628.48,5632.08,5590.71,5594.29,1640980
2025-03-25,5594.29,5613.61,5570.51,5589.81,4452949
2025-03-26,5589.81,5638.79,5558.67,5607.54,6571502
2025-03-27,5607.54,5667.36,5572.60,5632.26,7231207
2025-03-30,5632.26,5690.99,5597.64,5656.22,7148113
2025-03-31,5656.22,5663.56,5621.52,5628.83,2297530
2025-04-01,5628.83,5685.52,5594.91,5651.47,7025137
2025-04-02,5651.47,5659.90,5617.77,5626.16,2491426
2025-04-03,5626.16,5634.31,5592.40,5600.52,2449485
2025-04-06,5600.52,5619.31,5576.24,5595.02,4356104
2025-04-07,5595.02,5599.58,5558.33,5562.88,1816220
2025-04-08,5562.88,5570.44,5529.06,5536.60,2360699
2025-04-09,5536.60,5545.22,5503.90,5512.49,2557441
2025-04-10,5512.49,5590.82,5471.39,5549.45,8455829
2025-04-13,5549.45,5578.73,5525.23,5554.49,5364506
2025-04-14,5554.49,5577.36,5532.48,5555.35,4962482
2025-04-15,5555.35,5559.48,5518.57,5522.68,1743587
2025-04-16,5522.68,5574.61,5490.68,5542.50,6794238
2025-04-17,5542.50,5596.39,5509.77,5563.54,6904561
2025-04-20,5563.54,5563.61,5523.13,5523.20,1012825
2025-04-21,5523.20,5528.63,5487.80,5493.20,1983230
2025-04-22,5493.20,5508.12,5466.33,5481.22,3717009
2025-04-23,5481.22,5484.49,5444.23,5447.48,1596879
2025-04-24,5447.48,5454.37,5413.91,5420.77,2264814
2025-04-27,5420.77,5470.79,5389.69,5439.60,6733161
2025-04-28,5439.60,5491.31,5407.89,5459.48,6829080
2025-04-29,5459.48,5470.25,5429.22,5439.95,2972325
2025-04-30,5439.95,5452.39,5411.30,5423.70,3286351
2025-05-01,5423.70,5440.20,5398.71,5415.18,4042764
2025-05-04,5415.18,5476.20,5380.32,5441.17,7439094
2025-05-05,5441.17,5461.35,5419.25,5439.43,4709910
2025-05-06,5439.43,5458.86,5416.87,5436.28,4571262
2025-05-07,5436.28,5447.15,5406.28,5417.11,2998456
2025-05-08,5417.11,5460.90,5388.19,5431.91,6337174
2025-05-11,5431.91,5446.83,5405.48,5420.38,3747908
2025-05-12,5420.38,5505.69,5377.10,5462.08,8983744
2025-05-13,5462.08,5475.75,5434.34,5447.97,3501474
2025-05-14,5447.97,5469.51,5426.69,5448.23,4906035
2025-05-15,5448.23,5468.54,5426.37,5446.68,4728292
2025-05-18,5446.68,5509.58,5411.08,5473.81,7536145
2025-05-19,5473.81,5486.83,5445.42,5458.40,3378978
2025-05-20,5458.40,5461.49,5421.41,5424.48,1565432
2025-05-21,5424.48,5459.52,5398.58,5433.58,5774519
2025-05-22,5433.58,5441.73,5401.22,5409.33,2500068
2025-05-25,5409.33,5419.22,5378.67,5388.52,2828497
2025-05-26,5388.52,5391.49,5351.93,5354.88,1549931
2025-05-27,5354.88,5386.81,5330.23,5362.13,5602640
2025-05-28,5362.13,5377.42,5336.53,5351.79,3850823
2025-05-29,5351.79,5392.86,5323.98,5364.99,6195713
2025-06-01,5364.99,5434.46,5327.33,5396.58,8020027
2025-06-02,5396.58,5465.61,5358.98,5427.80,7965740
2025-06-03,5427.80,5482.78,5394.99,5449.83,7045198
2025-06-04,5449.83,5474.21,5427.57,5451.93,5085562
2025-06-05,5451.93,5460.15,5419.50,5427.67,2506584
2025-06-08,5427.67,5488.72,5392.76,5453.64,7431721
2025-06-09,5453.64,5526.04,5414.74,5486.90,8132578
2025-06-10,5486.90,5538.70,5455.04,5506.72,6806687
2025-06-11,5506.72,5516.02,5474.84,5484.10,2688614
2025-06-12,5484.10,5503.26,5460.98,5480.13,4494410
2025-06-15,5480.13,5553.94,5440.68,5514.24,8199382
2025-06-16,5514.24,5531.60,5489.34,5506.68,4149211
2025-06-17,5506.68,5537.96,5481.88,5513.13,5504389
2025-06-18,5513.13,5518.74,5477.96,5483.54,2018004
2025-06-19,5483.54,5540.70,5449.84,5506.85,7146844
2025-06-22,5506.85,5553.89,5476.59,5523.54,6495850
2025-06-23,5523.54,5588.28,5487.10,5551.66,7595884
2025-06-24,5551.66,5607.41,5518.27,5573.89,7014849
2025-06-25,5573.89,5583.93,5542.16,5552.17,2802126
2025-06-26,5552.17,5570.31,5527.67,5545.78,4266358
2025-06-29,5545.78,5602.62,5512.03,5568.73,7086556
2025-06-30,5568.73,5604.41,5542.24,5577.88,5756550
2025-07-01,5577.88,5591.06,5548.87,5562.01,3362757
2025-07-02,5562.01,5571.44,5529.84,5539.23,2695301
2025-07-03,5539.23,5548.60,5507.17,5516.51,2692455
2025-07-06,5516.51,5591.11,5476.69,5551.04,8218415
2025-07-07,5551.04,5577.29,5527.87,5554.10,5174417
2025-07-08,5554.10,5576.66,5532.20,5554.76,4943175
2025-07-09,5554.76,5596.93,5526.06,5568.16,6166666
2025-07-10,5568.16,5572.93,5531.86,5536.60,1857235
2025-07-13,5536.60,5605.44,5498.72,5567.35,7842043
2025-07-14,5567.35,5647.84,5525.37,5605.57,8540843
2025-07-15,5605.57,5622.82,5579.90,5597.13,4077091
2025-07-16,5597.13,5648.60,5565.10,5616.46,6722393
2025-07-17,5616.46,5625.87,5583.87,5593.23,2674279
2025-07-20,5593.23,5651.87,5558.74,5617.22,7167318
2025-07-21,5617.22,5639.63,5595.22,5617.62,4917558
2025-07-22,5617.62,5688.41,5578.85,5649.43,7900308
2025-07-23,5649.43,5697.12,5618.58,5666.18,6461248
2025-07-24,5666.18,5702.56,5639.20,5675.54,5760871
2025-07-27,5675.54,5690.02,5646.96,5661.41,3552263
2025-07-28,5661.41,5690.10,5637.11,5665.79,5292215
2025-07-29,5665.79,5686.10,5642.35,5662.66,4585665
2025-07-30,5662.66,5751.45,5617.56,5706.01,8963477
2025-07-31,5706.01,5762.96,5671.82,5728.63,6993552
2025-08-03,5728.63,5749.97,5705.63,5726.97,4725274
2025-08-04,5726.97,5741.10,5697.70,5711.80,3467283
2025-08-05,5711.80,5767.23,5678.10,5733.41,6898593
2025-08-06,5733.41,5736.36,5694.30,5697.22,1513031
2025-08-07,5697.22,5744.26,5666.47,5713.42,6397016
2025-08-10,5713.42,5792.71,5671.48,5750.50,8340672
2025-08-11,5750.50,5796.07,5720.12,5765.62,6282270
2025-08-12,5765.62,5791.41,5742.06,5767.84,5086008
2025-08-13,5767.84,5819.73,5735.24,5787.02,6653120
2025-08-14,5787.02,5834.29,5755.96,5803.15,6366323
2025-08-17,5803.15,5813.98,5770.45,5781.25,2867592
2025-08-18,5781.25,5808.50,5757.15,5784.39,5169272
2025-08-19,5784.39,5810.47,5760.68,5786.76,5098525
2025-08-20,5786.76,5798.76,5755.20,5767.17,3075102
2025-08-21,5767.17,5828.55,5731.29,5792.50,7222462
2025-08-24,5792.50,5830.55,5764.63,5802.63,5812208
2025-08-25,5802.63,5802.87,5760.63,5760.87,1041872
2025-08-26,5760.87,5837.57,5719.70,5796.15,8146021
2025-08-27,5796.15,5812.61,5768.42,5784.85,3840706
2025-08-28,5784.85,5861.12,5743.77,5819.79,8101234
2025-08-31,5819.79,5833.02,5789.07,5802.26,3273285
2025-09-01,5802.26,5811.06,5767.79,5776.55,2517352
2025-09-02,5776.55,5791.50,5747.64,5762.55,3586522
2025-09-03,5762.55,5779.47,5735.46,5752.36,3937585
2025-09-04,5752.36,5779.58,5728.34,5755.55,5175480
2025-09-07,5755.55,5810.29,5721.99,5776.60,6831069
2025-09-08,5776.60,5808.88,5750.77,5783.02,5472256
2025-09-09,5783.02,5843.32,5747.46,5807.62,7148422
2025-09-10,5807.62,5834.98,5783.41,5810.75,5168209
2025-09-11,5810.75,5823.60,5779.76,5792.57,3210631
2025-09-14,5792.57,5808.61,5764.50,5780.51,3769513
2025-09-15,5780.51,5785.89,5743.19,5748.55,1931275
2025-09-16,5748.55,5830.74,5705.51,5787.41,8486042
2025-09-17,5787.41,5834.78,5756.32,5803.61,6372085
2025-09-18,5803.61,5886.04,5760.35,5842.49,8453600
2025-09-21,5842.49,5928.49,5797.90,5883.59,8631824
2025-09-22,5883.59,5891.18,5847.46,5855.01,2289471
2025-09-23,5855.01,5872.98,5828.17,5846.11,4068518
2025-09-24,5846.11,5904.24,5811.14,5869.14,6981310
2025-09-25,5869.14,5880.03,5836.01,5846.85,2855006
2025-09-28,5846.85,5924.08,5805.29,5882.26,8109362
2025-09-29,5882.26,5938.83,5847.74,5904.18,6867832
2025-09-30,5904.18,5918.36,5873.68,5887.82,3402023
2025-10-01,5887.82,5962.18,5847.14,5921.26,7909465
2025-10-02,5921.26,5936.81,5891.82,5907.33,3624725
2025-10-05,5907.33,5970.90,5870.33,5933.73,7263854
2025-10-06,5933.73,5989.67,5899.30,5955.12,6802160
2025-10-07,5955.12,6041.98,5909.95,5996.49,8585322
2025-10-08,5996.49,6001.13,5956.95,5961.57,1773834
2025-10-09,5961.57,6040.50,5919.12,5997.79,8120781
2025-10-12,5997.79,5998.29,5954.60,5955.09,1082956
2025-10-13,5955.09,6002.00,5923.74,5970.56,6265294
2025-10-14,5970.56,6033.69,5933.55,5996.52,7198662
2025-10-15,5996.52,6081.64,5951.84,6036.67,8450960
2025-10-16,6036.67,6115.73,5993.98,6072.79,8071570
2025-10-19,6072.79,6139.99,6034.11,6101.13,7369135
2025-10-20,6101.13,6107.37,6062.24,6068.45,2022668
2025-10-21,6068.45,6077.71,6032.44,6041.66,2525994
2025-10-22,6041.66,6059.58,6013.42,6031.30,3965534
2025-10-23,6031.30,6032.09,5988.12,5988.91,1131412
2025-10-26,5988.91,6082.80,5941.23,6034.75,8961899
2025-10-27,6034.75,6118.15,5990.57,6073.68,8321193
2025-10-28,6073.68,6074.36,6030.09,6030.76,1110528
2025-10-29,6030.76,6086.05,5996.31,6051.48,6712620
2025-10-30,6051.48,6125.45,6010.52,6084.27,7769444
2025-11-02,6084.27,6115.12,6058.14,6088.98,5293347
2025-11-03,6088.98,6151.83,6051.77,6114.46,7111488
2025-11-04,6114.46,6151.65,6086.06,6123.21,5643621
2025-11-05,6123.21,6123.29,6078.74,6078.82,1013203
2025-11-06,6078.82,6113.13,6051.51,6085.79,5491838
2025-11-09,6085.79,6116.37,6059.76,6090.32,5277057
2025-11-10,6090.32,6161.84,6050.10,6121.42,7603429
2025-11-11,6121.42,6150.59,6095.79,6124.95,5187002
2025-11-12,6124.95,6131.09,6085.80,6091.91,2003086
2025-11-13,6091.91,6112.60,6065.72,6086.39,4397359
2025-11-16,6086.39,6089.62,6044.96,6048.17,1530315
2025-11-17,6048.17,6111.35,6010.94,6073.97,7155041
2025-11-18,6073.97,6084.46,6039.01,6049.46,2728326
2025-11-19,6049.46,6089.95,6020.09,6060.52,5855109
2025-11-20,6060.52,6139.81,6017.70,6096.73,8066255
2025-11-23,6096.73,6138.84,6066.67,6108.73,5929663
2025-11-24,6108.73,6143.26,6081.27,6115.77,5494718
2025-11-25,6115.77,6195.85,6072.53,6152.35,8070061
2025-11-26,6152.35,6154.41,6109.41,6111.45,1334705
2025-11-27,6111.45,6128.46,6081.91,6098.88,3782475
2025-11-30,6098.88,6108.02,6062.55,6071.66,2499794
2025-12-01,6071.66,6154.79,6027.47,6110.33,8276783
2025-12-02,6110.33,6128.97,6082.22,6100.84,4051714
2025-12-03,6100.84,6111.14,6065.51,6075.77,2688786
2025-12-04,6075.77,6120.54,6044.85,6089.55,6089231
2025-12-07,6089.55,6093.42,6048.66,6052.51,1635768
2025-12-08,6052.51,6070.48,6024.24,6042.18,3970370
2025-12-09,6042.18,6086.98,6011.33,6056.07,6105384
2025-12-10,6056.07,6131.82,6014.47,6089.99,7867969
2025-12-11,6089.99,6094.12,6049.33,6053.43,1677880
2025-12-14,6053.43,6069.52,6023.51,6039.57,3658573
2025-12-15,6039.57,6046.10,6001.38,6007.88,2081652
2025-12-16,6007.88,6070.46,5970.96,6033.39,7144650
2025-12-17,6033.39,6039.92,5995.24,6001.74,2082133
2025-12-18,6001.74,6017.40,5971.82,5987.45,3610150
2025-12-21,5987.45,6059.50,5947.31,6019.15,7704012
2025-12-22,6019.15,6041.48,5994.90,6017.23,4709396
2025-12-23,6017.23,6091.08,5976.39,6050.02,7786796
2025-12-24,6050.02,6105.08,6015.60,6070.54,6689300
2025-12-25,6070.54,6129.03,6034.89,6093.24,6873696
2025-12-28,6093.24,6099.00,6053.98,6059.70,1944924
2025-12-29,6059.70,6127.90,6020.72,6088.72,7433847
2025-12-30,6088.72,6106.43,6059.95,6077.63,3908367
2025-12-31,6077.63,6110.64,6050.78,6083.76,5417866
2026-01-01,6083.76,6114.22,6057.77,6088.22,5270987
2026-01-04,6088.22,6151.68,6050.80,6114.09,7146742
2026-01-05,6114.09,6149.43,6086.34,6121.65,5538957
2026-01-06,6121.65,6137.16,6090.73,6106.20,3534053
2026-01-07,6106.20,6124.04,6077.42,6095.23,3922153
2026-01-08,6095.23,6132.27,6066.94,6103.94,5641529
2026-01-11,6103.94,6139.52,6076.12,6111.68,5556378
2026-01-12,6111.68,6147.51,6083.76,6119.56,5567935
2026-01-13,6119.56,6119.92,6075.36,6075.72,1058916
2026-01-14,6075.72,6130.70,6041.26,6096.12,6671296
2026-01-15,6096.12,6164.43,6057.00,6125.13,7417421
2026-01-18,6125.13,6138.14,6091.99,6104.96,3124451
2026-01-19,6104.96,6112.36,6067.06,6074.43,2212139
2026-01-20,6074.43,6097.53,6050.46,6073.56,4803943
2026-01-21,6073.56,6137.30,6036.08,6099.66,7171467
2026-01-22,6099.66,6114.98,6068.73,6084.01,3512242
2026-01-25,6084.01,6084.38,6040.08,6040.45,1060836
2026-01-26,6040.45,6127.64,5994.94,6081.82,8533299
2026-01-27,6081.82,6123.40,6051.99,6093.51,5904938
2026-01-28,6093.51,6163.62,6053.77,6123.69,7521433
2026-01-29,6123.69,6133.14,6087.45,6096.86,2543278
2026-02-01,6096.86,6119.56,6072.37,6095.07,4723559
2026-02-02,6095.07,6110.42,6064.20,6079.52,3519067
2026-02-03,6079.52,6167.30,6033.71,6121.18,8534739
2026-02-04,6121.18,6135.27,6089.01,6103.06,3301440
2026-02-05,6103.06,6188.57,6057.98,6143.19,8387071
2026-02-08,6143.19,6184.06,6113.45,6154.26,5841015
2026-02-09,6154.26,6179.77,6129.82,6155.32,4971913
2026-02-10,6155.32,6158.15,6113.03,6115.84,1458779
2026-02-11,6115.84,6155.71,6086.51,6126.34,5795438
2026-02-12,6126.34,6153.43,6101.41,6128.50,5068312
2026-02-15,6128.50,6135.04,6089.67,6096.18,2067524
2026-02-16,6096.18,6112.83,6066.44,6083.05,3731344
2026-02-17,6083.05,6142.54,6047.02,6106.36,6923971
2026-02-18,6106.36,6141.79,6078.60,6114.00,5546639
2026-02-19,6114.00,6126.11,6080.16,6092.24,2982064
2026-02-22,6092.24,6133.31,6062.56,6103.57,5872222
2026-02-23,6103.57,6168.65,6065.55,6130.46,7229458
2026-02-24,6130.46,6189.65,6094.41,6153.46,6880932
2026-02-25,6153.46,6183.84,6127.33,6157.69,5246399
2026-02-26,6157.69,6166.61,6120.74,6129.62,2449314
2026-03-01,6129.62,6140.42,6094.52,6105.27,2761282
2026-03-02,6105.27,6190.69,6060.22,6145.34,8379835
2026-03-03,6145.34,6154.80,6108.95,6118.37,2539540
2026-03-04,6118.37,6124.22,6079.01,6084.83,1956447
2026-03-05,6084.83,6094.60,6049.16,6058.89,2605864
2026-03-08,6058.89,6069.99,6024.57,6035.64,2833470
2026-03-09,6035.64,6109.94,5994.59,6068.68,7799759
2026-03-10,6068.68,6133.88,6030.70,6095.73,7257818
2026-03-11,6095.73,6150.77,6061.21,6116.13,6664437
2026-03-12,6116.13,6188.33,6075.61,6147.60,7624554
2026-03-15,6147.60,6151.72,6106.50,6110.59,1669032
2026-03-16,6110.59,6112.83,6068.11,6070.33,1365775
2026-03-17,6070.33,6093.18,6046.16,6069.01,4764163
2026-03-18,6069.01,6097.68,6043.68,6072.34,5172839
2026-03-19,6072.34,6120.27,6040.34,6088.18,6270816
2026-03-22,6088.18,6097.63,6052.19,6061.60,2551920
2026-03-23,6061.60,6089.01,6036.73,6064.13,5102572
2026-03-24,6064.13,6154.82,6017.36,6107.71,8712894
2026-03-25,6107.71,6128.00,6081.05,6101.31,4321159
2026-03-26,6101.31,6124.45,6077.17,6100.30,4791563
2026-03-29,6100.30,6118.76,6072.10,6090.52,4025342
2026-03-30,6090.52,6123.38,6063.69,6096.52,5405212
2026-03-31,6096.52,6167.58,6056.45,6127.31,7573148
2026-04-01,6127.31,6142.88,6096.40,6111.93,3541495
2026-04-02,6111.93,6112.77,6068.21,6069.04,1137414
2026-04-05,6069.04,6160.99,6021.82,6113.43,8780658
2026-04-06,6113.43,6123.18,6077.53,6087.23,2594684
2026-04-07,6087.23,6098.50,6052.85,6064.08,2851097
2026-04-08,6064.08,6080.74,6034.57,6051.20,3747427
2026-04-09,6051.20,6072.49,6025.82,6047.09,4518244
2026-04-12,6047.09,6087.99,6017.59,6058.43,5879595
2026-04-13,6058.43,6075.43,6029.27,6046.24,3806790
2026-04-14,6046.24,6068.28,6021.55,6043.58,4645507
2026-04-15,6043.58,6078.81,6016.04,6051.24,5556241
2026-04-16,6051.24,6071.16,6024.67,6044.57,4292078
2026-04-19,6044.57,6092.96,6012.47,6060.77,6309807
2026-04-20,6060.77,6090.13,6035.23,6064.57,5214368
2026-04-21,6064.57,6152.17,6018.87,6106.15,8536625
2026-04-22,6106.15,6129.63,6082.27,6105.75,4844478
2026-04-23,6105.75,6187.77,6061.86,6143.61,8187311
2026-04-26,6143.61,6161.27,6114.40,6132.02,3873765
2026-04-27,6132.02,6147.86,6101.31,6117.11,3582853
2026-04-28,6117.11,6122.05,6076.96,6081.88,1808401
2026-04-29,6081.88,6085.75,6041.04,6044.89,1636831
2026-04-30,6044.89,6085.40,6015.52,6055.98,5858264
2026-05-03,6055.98,6088.75,6029.27,6062.01,5410973
2026-05-04,6062.01,6090.41,6036.80,6065.18,5159156
2026-05-05,6065.18,6125.90,6028.77,6089.34,7004046
2026-05-06,6089.34,6138.41,6056.89,6105.87,6328360
2026-05-07,6105.87,6110.60,6065.62,6070.32,1774074
2026-05-10,6070.32,6078.53,6033.38,6041.56,2353532
2026-05-11,6041.56,6117.59,5999.91,6075.70,7893895
2026-05-12,6075.70,6086.73,6041.19,6052.18,2814917
2026-05-13,6052.18,6065.73,6020.05,6033.57,3240054
2026-05-14,6033.57,6066.73,6006.77,6039.91,5440912
2026-05-17,6039.91,6055.71,6009.83,6025.59,3615020
2026-05-18,6025.59,6051.00,6001.50,6026.91,4996947
2026-05-19,6026.91,6034.76,5989.97,5997.78,2302743
2026-05-20,5997.78,6066.56,5958.75,6027.33,7507716
2026-05-21,6027.33,6039.13,5993.85,6005.61,2957544
2026-05-24,6005.61,6010.49,5966.22,5971.07,1812722
2026-05-25,5971.07,5976.00,5931.97,5936.88,1826337
2026-05-26,5936.88,6021.24,5892.62,5976.68,8455178
2026-05-27,5976.68,6041.69,5939.00,6003.84,7304183
2026-05-28,6003.84,6044.87,5974.40,6015.37,5904218
2026-05-31,6015.37,6107.26,5968.31,6059.85,8823182
2026-06-01,6059.85,6104.87,6028.88,6073.83,6110459
2026-06-02,6073.83,6135.87,6036.93,6098.82,7074691
2026-06-03,6098.82,6166.77,6059.82,6127.58,7394890
2026-06-04,6127.58,6131.04,6086.05,6089.49,1564883
2026-06-07,6089.49,6179.82,6042.78,6132.78,8671090
2026-06-08,6132.78,6203.03,6092.89,6162.95,7503635
2026-06-09,6162.95,6189.01,6138.29,6164.34,5000788
2026-06-10,6164.34,6208.65,6133.36,6177.60,6026748
2026-06-11,6177.60,6199.11,6151.50,6173.00,4482750
2026-06-14,6173.00,6189.98,6142.99,6159.94,3751508
2026-06-15,6159.94,6169.02,6123.11,6132.16,2475000
2026-06-16,6132.16,6136.24,6091.14,6095.20,1665569
2026-06-17,6095.20,6096.12,6051.67,6052.58,1150377
2026-06-18,6052.58,6054.69,6010.41,6012.51,1349176
2026-06-21,6012.51,6020.84,5976.09,5984.38,2385425
2026-06-22,5984.38,6070.72,5939.32,6025.35,8530727
2026-06-23,6025.35,6067.89,5995.32,6037.80,5982613
2026-06-24,6037.80,6043.69,5999.07,6004.92,1975651
2026-06-25,6004.92,6034.21,5979.55,6008.82,5225891
2026-06-28,6008.82,6025.09,5979.38,5995.62,3708641
2026-06-29,5995.62,6012.23,5966.57,5983.14,3769581
2026-06-30,5983.14,5992.53,5947.87,5957.21,2569204
2026-07-01,5957.21,5997.18,5928.26,5968.17,5860596
2026-07-02,5968.17,5980.70,5935.76,5948.26,3100548
2026-07-05,5948.26,5965.47,5920.08,5937.26,3893998
2026-07-06,5937.26,6009.88,5897.05,5969.45,7771810
2026-07-07,5969.45,5983.19,5938.09,5951.79,3301886
2026-07-08,5951.79,5972.82,5926.90,5947.92,4533607
2026-07-09,5947.92,5970.38,5924.31,5946.76,4775617
2026-07-12,5946.76,6018.37,5906.87,5978.28,7706927
2026-07-13,5978.28,6052.25,5937.50,6011.25,7821364
2026-07-14,6011.25,6092.31,5967.94,6048.73,8205349
2026-07-15,6048.73,6064.75,6018.78,6034.77,3649005
2026-07-16,6034.77,6035.32,5991.35,5991.89,1090603
2026-07-19,5991.89,6024.02,5965.56,5997.67,5394341
2026-07-20,5997.67,6006.43,5961.75,5970.47,2461454
2026-07-21,5970.47,5986.44,5941.04,5956.98,3674657
2026-07-22,5956.98,6028.18,5917.21,5988.21,7675925
2026-07-23,5988.21,6056.35,5949.42,6017.37,7477606
2026-07-26,6017.37,6028.85,5983.68,5995.11,2906858
2026-07-27,5995.11,6003.40,5958.79,5967.05,2383436
2026-07-28,5967.05,6010.01,5937.03,5979.92,6030795
2026-07-29,5979.92,5986.62,5942.32,5948.98,2120541
2026-07-30,5948.98,6040.32,5902.28,5993.27,8850205