Date,Open,High,Low,Close,Volume
2015-12-31,8000.00,8002.56,7947.61,7950.15,1319410
2016-01-03,7950.15,7995.13,7914.18,7959.12,5524382
2016-01-04,7959.12,7982.79,7922.87,7946.50,3974211
2016-01-05,7946.50,7953.09,7897.52,7904.08,1829389
2016-01-06,7904.08,7934.45,7873.19,7903.57,4843004
2016-01-07,7903.57,7915.20,7858.67,7870.26,2471844
2016-01-10,7870.26,7896.39,7836.45,7862.56,4320850
2016-01-11,7862.56,7869.80,7814.64,7821.84,1920884
2016-01-12,7821.84,7916.13,7768.34,7862.36,7839849
2016-01-13,7862.36,7886.94,7827.44,7852.00,4127126
2016-01-14,7852.00,7952.12,7796.32,7896.12,8091358
2016-01-17,7896.12,7981.96,7845.50,7931.11,7411556
2016-01-18,7931.11,7959.51,7898.57,7926.96,4581550
2016-01-19,7926.96,7940.34,7883.23,7896.55,2687757
2016-01-20,7896.55,7924.35,7863.80,7891.58,4520301
2016-01-21,7891.58,7891.72,7838.10,7838.24,1017455
2016-01-24,7838.24,7872.18,7806.55,7840.48,5043415
2016-01-25,7840.48,7852.24,7796.11,7807.82,2499417
2016-01-26,7807.82,7837.24,7776.87,7806.29,4768175
2016-01-27,7806.29,7817.93,7762.07,7773.66,2491666
2016-01-28,7773.66,7802.29,7742.36,7770.97,4682235
2016-01-31,7770.97,7787.81,7730.89,7747.68,3167043
2016-02-01,7747.68,7809.50,7706.10,7767.82,6365843
2016-02-02,7767.82,7830.59,7725.86,7788.51,6402091
2016-02-03,7788.51,7876.10,7737.52,7824.87,7547393
2016-02-04,7824.87,7848.34,7789.38,7812.81,3999279
2016-02-07,7812.81,7828.38,7771.49,7787.00,2992318
2016-02-08,7787.00,7825.00,7753.96,7791.94,5242558
2016-02-09,7791.94,7861.86,7747.33,7817.10,6725308
2016-02-10,7817.10,7866.98,7779.69,7829.50,5786248
2016-02-11,7829.50,7918.38,7777.94,7866.58,7585871
2016-02-14,7866.58,7873.48,7818.37,7825.24,1877263
2016-02-15,7825.24,7833.98,7778.70,7787.40,2117215
2016-02-16,7787.40,7794.50,7739.88,7746.94,1910665
2016-02-17,7746.94,7860.68,7686.60,7799.93,8788477
2016-02-18,7799.93,7818.01,7760.58,7778.61,3318552
2016-02-21,7778.61,7866.15,7727.66,7814.96,7550274
2016-02-22,7814.96,7886.53,7769.70,7841.12,6792283
2016-02-23,7841.12,7870.31,7809.78,7838.97,4723593
2016-02-24,7838.97,7861.22,7802.47,7824.67,3838031
2016-02-25,7824.67,7905.63,7775.99,7856.74,7222016
2016-02-28,7856.74,7861.97,7807.35,7812.55,1665672
2016-02-29,7812.55,7821.20,7766.03,7774.64,2107270
2016-03-01,7774.64,7816.19,7740.35,7781.87,5411008
2016-03-02,7781.87,7824.90,7747.02,7790.01,5478120
2016-03-03,7790.01,7837.67,7753.47,7801.07,5691323
2016-03-06,7801.07,7829.88,7769.72,7798.51,4692592
2016-03-07,7798.51,7817.96,7760.20,7779.60,3494272
2016-03-08,7779.60,7786.79,7732.20,7739.35,1923525
2016-03-09,7739.35,7844.65,7682.08,7787.03,8400102
2016-03-10,7787.03,7863.83,7739.94,7816.56,7047462
2016-03-13,7816.56,7825.45,7770.20,7779.05,2137208
2016-03-14,7779.05,7801.35,7742.99,7765.25,3866872
2016-03-15,7765.25,7784.44,7726.97,7746.11,3471021
2016-03-16,7746.11,7751.26,7697.41,7702.53,1665706
2016-03-17,7702.53,7713.52,7658.52,7669.46,2426234
2016-03-20,7669.46,7693.22,7635.24,7658.97,4098285
2016-03-21,7658.97,7680.74,7623.33,7645.06,3842352
2016-03-22,7645.06,7728.16,7596.04,7678.93,7411522
2016-03-23,7678.93,7703.98,7645.61,7670.63,4262585
2016-03-24,7670.63,7693.65,7635.84,7658.82,4000480
2016-03-27,7658.82,7715.51,7619.34,7675.93,6156069
2016-03-28,7675.93,7756.94,7627.59,7708.40,7297256
2016-03-29,7708.40,7750.92,7673.92,7716.40,5473422
2016-03-30,7716.40,7724.07,7669.80,7677.42,1993209
2016-03-31,7677.42,7784.76,7619.57,7726.54,8535631
2016-04-03,7726.54,7746.58,7689.15,7709.15,3594513
2016-04-04,7709.15,7768.34,7668.63,7727.72,6256275
2016-04-05,7727.72,7745.58,7688.69,7706.50,3311042
2016-04-06,7706.50,7711.88,7658.24,7663.58,1697085
2016-04-07,7663.58,7722.89,7623.13,7682.34,6278600
2016-04-10,7682.34,7697.37,7641.50,7656.48,2956824
2016-04-11,7656.48,7672.67,7616.68,7632.82,3114471
2016-04-12,7632.82,7673.25,7599.29,7639.68,5393518
2016-04-13,7639.68,7653.48,7598.21,7611.96,2806310
2016-04-14,7611.96,7628.55,7572.77,7589.31,3180006
2016-04-17,7589.31,7661.80,7544.28,7616.60,6934362
2016-04-18,7616.60,7673.74,7577.05,7634.10,6192832
2016-04-19,7634.10,7671.02,7601.83,7638.73,5227023
2016-04-20,7638.73,7696.92,7598.75,7656.84,6234465
2016-04-21,7656.84,7762.07,7599.80,7704.67,8449725
2016-04-24,7704.67,7732.32,7673.11,7700.75,4588854
2016-04-25,7700.75,7767.76,7657.41,7724.29,6627160
2016-04-26,7724.29,7754.91,7694.09,7724.70,4910322
2016-04-27,7724.70,7752.50,7693.11,7720.90,4598834
2016-04-28,7720.90,7739.78,7682.69,7701.52,3445781
2016-05-01,7701.52,7774.52,7656.02,7728.85,6907956
2016-05-02,7728.85,7838.08,7670.19,7779.04,8590294
2016-05-03,7779.04,7876.77,7724.40,7821.83,8023662
2016-05-04,7821.83,7827.90,7773.31,7779.34,1775960
2016-05-05,7779.34,7801.88,7743.46,7765.96,3896570
2016-05-08,7765.96,7856.44,7713.97,7804.20,7694135
2016-05-09,7804.20,7920.06,7742.96,7858.39,8847668
2016-05-10,7858.39,7865.08,7810.08,7816.73,1850994
2016-05-11,7816.73,7866.70,7779.29,7829.19,5790534
2016-05-12,7829.19,7915.27,7778.64,7864.49,7456412
2016-05-15,7864.49,7914.68,7826.84,7876.97,5786899
2016-05-16,7876.97,7924.18,7840.37,7887.53,5646193
2016-05-17,7887.53,8006.55,7824.94,7943.51,8935528
2016-05-18,7943.51,7959.70,7901.77,7917.90,3037620
2016-05-19,7917.90,7930.53,7873.66,7886.23,2594444
2016-05-22,7886.23,7998.30,7826.15,7937.82,8618347
2016-05-23,7937.82,7969.86,7906.58,7938.61,4936488
2016-05-24,7938.61,8037.14,7883.29,7981.52,7968621
2016-05-25,7981.52,7988.21,7932.38,7939.03,1838203
2016-05-26,7939.03,8012.28,7892.85,7965.94,6816838
2016-05-29,7965.94,7966.75,7912.47,7913.27,1102057
2016-05-30,7913.27,8010.61,7858.45,7955.49,7928429
2016-05-31,7955.49,7979.45,7919.48,7943.40,4012002
2016-06-01,7943.40,7946.01,7891.44,7894.03,1328086
2016-06-02,7894.03,7953.90,7852.80,7912.57,6222359
2016-06-05,7912.57,8008.30,7858.33,7953.77,7855315
2016-06-06,7953.77,7977.48,7917.58,7941.25,3980041
2016-06-07,7941.25,8041.67,7885.23,7985.35,8053326
2016-06-08,7985.35,8033.95,7947.97,7996.53,5680109
2016-06-09,7996.53,8023.65,7962.59,7989.69,4391255
2016-06-12,7989.69,8106.24,7927.73,8043.86,8754663
2016-06-13,8043.86,8162.66,7980.96,8099.32,8819718
2016-06-14,8099.32,8153.43,8059.68,8113.71,5895061
2016-06-15,8113.71,8135.29,8074.85,8096.38,3659705
2016-06-16,8096.38,8125.59,8063.33,8092.52,4607475
2016-06-19,8092.52,8115.38,8054.76,8077.58,3824794
2016-06-20,8077.58,8102.63,8041.56,8066.58,4101783
2016-06-21,8066.58,8093.82,8032.26,8059.47,4376714
2016-06-22,8059.47,8063.61,8007.88,8011.99,1513786
2016-06-23,8011.99,8054.89,7976.63,8019.49,5414231
2016-06-26,8019.49,8039.22,7979.88,7999.57,3460768
2016-06-27,7999.57,8009.93,7953.07,7963.38,2295370
2016-06-28,7963.38,7978.76,7920.90,7936.21,2930384
2016-06-29,7936.21,7973.86,7902.94,7940.56,5192969
2016-06-30,7940.56,7944.55,7889.66,7893.63,1502880
2016-07-03,7893.63,7991.93,7838.51,7936.51,7983573
2016-07-04,7936.51,7967.88,7905.50,7936.88,4906652
2016-07-05,7936.88,7948.54,7891.78,7903.40,2469650
2016-07-06,7903.40,8000.14,7848.81,7945.27,7907133
2016-07-07,7945.27,7999.22,7906.05,7959.94,5935150
2016-07-10,7959.94,8071.08,7900.01,8010.77,8529012
2016-07-11,8010.77,8067.36,7970.44,8026.95,6034396
2016-07-12,8026.95,8047.91,7988.22,8009.14,3611796
2016-07-13,8009.14,8087.40,7960.97,8039.05,7014300
2016-07-14,8039.05,8088.39,8001.28,8050.57,5698696
2016-07-17,8050.57,8052.74,7997.55,7999.71,1269924
2016-07-18,7999.71,8001.78,7946.95,7949.01,1258847
2016-07-19,7949.01,7958.82,7902.44,7912.20,2233367
2016-07-20,7912.20,7922.03,7865.89,7875.68,2242866
2016-07-21,7875.68,7888.25,7831.68,7844.20,2595987
2016-07-24,7844.20,7919.93,7797.36,7872.92,6971742
2016-07-25,7872.92,7879.72,7824.60,7831.36,1863957
2016-07-26,7831.36,7893.71,7789.39,7851.63,6359053
2016-07-27,7851.63,7933.41,7802.58,7884.16,7247153
2016-07-28,7884.16,7903.60,7845.26,7864.66,3466529
2016-07-31,7864.66,7960.37,7810.54,7905.96,7881378
2016-08-01,7905.96,7969.65,7863.33,7926.90,6392935
2016-08-02,7926.90,7937.87,7881.35,7892.27,2383916
2016-08-03,7892.27,7904.08,7847.59,7859.35,2496296
2016-08-04,7859.35,7951.97,7806.36,7898.72,7742421
2016-08-07,7898.72,7906.22,7850.75,7858.21,1949451
2016-08-08,7858.21,7862.43,7808.04,7812.24,1537139
2016-08-09,7812.24,7880.26,7768.26,7836.15,6628943
2016-08-10,7836.15,7879.88,7800.91,7844.60,5496467
2016-08-11,7844.60,7949.97,7787.05,7892.06,8337242
2016-08-14,7892.06,7955.48,7849.56,7912.86,6385836
2016-08-15,7912.86,8019.61,7854.64,7961.03,8358299
2016-08-16,7961.03,7970.82,7914.36,7924.11,2229938
2016-08-17,7924.11,7934.78,7878.35,7888.97,2346433
2016-08-18,7888.97,7941.09,7850.57,7902.62,5868278
2016-08-21,7902.62,7914.86,7858.19,7870.37,2548559
2016-08-22,7870.37,7921.84,7832.25,7883.65,5844067
2016-08-23,7883.65,7886.49,7832.27,7835.09,1359739
2016-08-24,7835.09,7863.50,7803.21,7831.61,4626440
2016-08-25,7831.61,7856.77,7797.33,7822.46,4212071
2016-08-28,7822.46,7880.56,7782.04,7840.06,6166015
2016-08-29,7840.06,7861.99,7803.31,7825.20,3796913
2016-08-30,7825.20,7939.98,7764.29,7878.66,8783779
2016-08-31,7878.66,7968.85,7826.50,7916.44,7620438
2016-09-01,7916.44,7935.39,7876.95,7895.85,3393312
2016-09-04,7895.85,7970.35,7849.32,7923.65,6892524
2016-09-05,7923.65,7924.10,7870.19,7870.63,1056344
2016-09-06,7870.63,7941.77,7825.39,7896.38,6748971
2016-09-07,7896.38,7903.26,7847.96,7854.81,1871639
2016-09-08,7854.81,7905.37,7817.05,7867.55,5807064
2016-09-11,7867.55,7869.10,7815.30,7816.84,1197222
2016-09-12,7816.84,7850.93,7785.15,7819.23,5054458
2016-09-13,7819.23,7820.84,7767.36,7768.96,1205932
2016-09-14,7768.96,7824.64,7729.56,7785.15,6071399
2016-09-15,7785.15,7806.75,7748.53,7770.09,3774314
2016-09-18,7770.09,7836.83,7726.68,7793.29,6586282
2016-09-19,7793.29,7905.90,7733.24,7845.46,8704835
2016-09-20,7845.46,7848.32,7794.35,7797.19,1364540
2016-09-21,7797.19,7799.38,7745.91,7748.09,1281447
2016-09-22,7748.09,7774.67,7715.44,7742.00,4430864
2016-09-25,7742.00,7743.22,7690.36,7691.58,1158470
2016-09-26,7691.58,7719.46,7660.27,7688.14,4624759
2016-09-27,7688.14,7715.69,7656.61,7684.14,4582818
2016-09-28,7684.14,7748.08,7641.96,7705.78,6489437
2016-09-29,7705.78,7728.51,7670.55,7693.24,3949554
2016-10-02,7693.24,7720.12,7661.18,7688.04,4494032
2016-10-03,7688.04,7716.42,7657.13,7685.50,4690775
2016-10-04,7685.50,7697.71,7642.52,7654.68,2589163
2016-10-05,7654.68,7739.72,7604.95,7689.75,7497839
2016-10-06,7689.75,7766.63,7642.88,7719.57,7095816
2016-10-09,7719.57,7741.78,7683.85,7706.02,3876920
2016-10-10,7706.02,7822.13,7644.93,7760.60,8927572
2016-10-11,7760.60,7760.90,7708.13,7708.42,1037894
2016-10-12,7708.42,7724.97,7668.54,7685.03,3146159
2016-10-13,7685.03,7708.99,7650.85,7674.77,4116563
2016-10-16,7674.77,7725.09,7637.54,7687.80,5850342
2016-10-17,7687.80,7708.79,7651.38,7672.33,3730212
2016-10-18,7672.33,7698.40,7639.81,7665.86,4398148
2016-10-19,7665.86,7780.07,7605.56,7719.34,8866495
2016-10-20,7719.34,7836.39,7657.88,7774.49,8962414
2016-10-23,7774.49,7809.49,7742.57,7777.56,5105658
2016-10-24,7777.56,7819.31,7743.19,7784.91,5419684
2016-10-25,7784.91,7842.95,7744.61,7802.56,6176097
2016-10-26,7802.56,7807.03,7752.96,7757.40,1572427
2016-10-27,7757.40,7829.54,7712.07,7784.05,6843244
2016-10-30,7784.05,7853.45,7739.65,7808.91,6704595
2016-10-31,7808.91,7844.63,7776.64,7812.35,5131790
2016-11-01,7812.35,7920.16,7753.98,7861.44,8470507
2016-11-02,7861.44,7913.65,7823.06,7875.21,5881241
2016-11-03,7875.21,7891.88,7834.29,7850.91,3117078
2016-11-06,7850.91,7897.72,7814.53,7861.28,5634807
2016-11-07,7861.28,7938.65,7813.81,7890.99,7039368
2016-11-08,7890.99,7964.77,7844.74,7918.36,6861625
2016-11-09,7918.36,7923.66,7868.60,7873.87,1669478
2016-11-10,7873.87,7918.15,7838.34,7882.58,5512311
2016-11-13,7882.58,7903.85,7845.06,7866.29,3698765
2016-11-14,7866.29,7962.59,7811.95,7907.97,7907853
2016-11-15,7907.97,7936.70,7875.83,7904.55,4633401
2016-11-16,7904.55,7937.01,7873.24,7905.69,4961831
2016-11-17,7905.69,7926.90,7867.96,7889.13,3683264
2016-11-20,7889.13,7981.97,7835.99,7928.56,7735973
2016-11-21,7928.56,7983.47,7889.04,7943.88,5984156
2016-11-22,7943.88,8050.40,7885.66,7991.83,8329046
2016-11-23,7991.83,8001.04,7944.52,7953.69,2153360
2016-11-24,7953.69,7962.43,7906.29,7914.99,2099074
2016-11-27,7914.99,7916.40,7862.31,7863.72,1178532
2016-11-28,7863.72,7945.01,7814.81,7895.90,7218895
2016-11-29,7895.90,7924.64,7863.86,7892.58,4639917
2016-11-30,7892.58,7897.04,7842.36,7846.80,1565054
2016-12-01,7846.80,7856.73,7801.01,7810.90,2265912
2016-12-04,7810.90,7928.86,7748.88,7866.40,8940020
2016-12-05,7866.40,7896.46,7835.54,7865.60,4821947
2016-12-06,7865.60,7934.06,7821.33,7889.66,6627743
2016-12-07,7889.66,7900.17,7844.02,7854.49,2332716
2016-12-08,7854.49,7915.36,7813.00,7873.77,6282544
2016-12-11,7873.77,7964.28,7821.50,7911.76,7637722
2016-12-12,7911.76,7936.70,7876.78,7901.68,4151337
2016-12-13,7901.68,7903.89,7849.70,7851.90,1280178
2016-12-14,7851.90,7963.71,7791.99,7903.41,8629183
2016-12-15,7903.41,7909.18,7854.10,7859.84,1729218
2016-12-18,7859.84,7861.00,7807.35,7808.51,1148182
2016-12-19,7808.51,7840.00,7777.78,7809.26,4935459
2016-12-20,7809.26,7872.31,7767.10,7830.03,6399691
2016-12-21,7830.03,7831.75,7778.17,7779.88,1219890
2016-12-22,7779.88,7874.74,7726.28,7820.86,7889883
2016-12-25,7820.86,7864.49,7785.70,7829.29,5496090
2016-12-26,7829.29,7859.27,7798.61,7828.59,4828635
2016-12-27,7828.59,7858.54,7797.90,7827.84,4825788
2016-12-28,7827.84,7838.43,7782.68,7793.21,2351748
2016-12-29,7793.21,7875.69,7744.05,7826.32,7307750
2017-01-01,7826.32,7904.14,7778.76,7856.40,7076508
2017-01-02,7856.40,7961.12,7799.05,7903.42,8300000
2017-01-03,7903.42,7927.06,7867.52,7891.12,3990569
2017-01-04,7891.12,7898.82,7843.35,7851.01,1975377
2017-01-05,7851.01,7864.16,7807.61,7820.71,2674176
2017-01-08,7820.71,7879.76,7779.96,7838.91,6210425
2017-01-09,7838.91,7955.46,7777.33,7893.45,8855727
2017-01-10,7893.45,7923.51,7862.40,7892.45,4807613
2017-01-11,7892.45,7894.83,7840.66,7843.02,1300651
2017-01-12,7843.02,7920.45,7795.56,7872.81,7050891
2017-01-15,7872.81,7880.95,7825.50,7833.60,2033641
2017-01-16,7833.60,7944.40,7774.10,7884.52,8594581
2017-01-17,7884.52,7980.75,7830.16,7926.11,7894204
2017-01-18,7926.11,7974.47,7888.97,7937.28,5685596
2017-01-19,7937.28,8023.87,7886.28,7972.64,7425548
2017-01-22,7972.64,8044.04,7927.05,7998.30,6718998
2017-01-23,7998.30,8015.07,7956.62,7973.34,3096810
2017-01-24,7973.34,7974.35,7919.97,7920.97,1126886
2017-01-25,7920.97,7994.96,7874.57,7948.40,6858607
2017-01-26,7948.40,7995.04,7911.83,7958.42,5600617
2017-01-29,7958.42,7958.68,7904.58,7904.83,1031927
2017-01-30,7904.83,7925.75,7866.89,7887.76,3646364
2017-01-31,7887.76,7997.93,7828.37,7938.15,8530349
2017-02-01,7938.15,7949.85,7893.08,7904.73,2474005
2017-02-02,7904.73,8012.62,7846.11,7953.64,8415603
2017-02-05,7953.64,8035.87,7904.17,7986.20,7219341
2017-02-06,7986.20,8103.40,7924.01,8040.79,8786454
2017-02-07,8040.79,8152.41,7980.49,8091.73,8499657
2017-02-08,8091.73,8125.82,8059.35,8093.44,5000925
2017-02-09,8093.44,8178.98,8042.43,8127.75,7302606
2017-02-12,8127.75,8212.06,8077.10,8161.20,7231858
2017-02-13,8161.20,8200.26,8126.86,8165.89,5208436
2017-02-14,8165.89,8168.80,8112.65,8115.53,1355795
2017-02-15,8115.53,8215.74,8059.17,8159.07,7945541
2017-02-16,8159.07,8176.82,8117.03,8134.73,3175205
2017-02-19,8134.73,8145.14,8087.35,8097.71,2279355
2017-02-20,8097.71,8153.57,8057.43,8113.21,5974039
2017-02-21,8113.21,8123.23,8065.68,8075.65,2234567
2017-02-22,8075.65,8118.71,8040.06,8083.09,5406618
2017-02-23,8083.09,8112.60,8050.35,8079.85,4650685
2017-02-26,8079.85,8129.92,8041.71,8091.72,5719855
2017-02-27,8091.72,8149.71,8050.69,8108.59,6070919
2017-02-28,8108.59,8194.43,8057.43,8143.05,7308813
2017-03-01,8143.05,8266.57,8078.20,8201.26,8964403
2017-03-02,8201.26,8294.81,8147.08,8240.37,7605589
2017-03-05,8240.37,8242.70,8186.18,8188.49,1281755
2017-03-06,8188.49,8275.01,8136.89,8223.19,7301543
2017-03-07,8223.19,8265.61,8187.47,8229.86,5343964
2017-03-08,8229.86,8285.02,8189.51,8244.59,5902846
2017-03-09,8244.59,8269.86,8207.60,8232.83,4064609
2017-03-12,8232.83,8246.16,8186.98,8200.26,2619375
2017-03-13,8200.26,8314.22,8138.71,8252.29,8505418
2017-03-14,8252.29,8265.38,8206.13,8219.17,2586934
2017-03-15,8219.17,8233.68,8174.30,8188.75,2765157
2017-03-16,8188.75,8216.78,8154.19,8182.20,4422805
2017-03-19,8182.20,8243.79,8139.64,8201.13,6201851
2017-03-20,8201.13,8202.07,8146.15,8147.09,1114643
2017-03-21,8147.09,8181.13,8114.59,8148.63,4988340
2017-03-22,8148.63,8158.76,8100.94,8111.02,2242695
2017-03-23,8111.02,8111.03,8055.96,8055.97,1001165
2017-03-26,8055.97,8101.78,8019.43,8065.21,5535356
2017-03-27,8065.21,8073.62,8016.79,8025.16,2042798
2017-03-28,8025.16,8075.74,7986.98,8037.49,5758058
2017-03-29,8037.49,8040.69,7985.33,7988.50,1397187
2017-03-30,7988.50,8109.04,7925.11,8045.20,8935493
2017-04-02,8045.20,8059.03,8001.00,8014.77,2718655
2017-04-03,8014.77,8038.07,7977.86,8001.13,3907167
2017-04-04,8001.13,8011.16,7954.37,7964.36,2254115
2017-04-05,7964.36,7982.01,7923.57,7941.17,3216289
2017-04-06,7941.17,8049.18,7882.42,7990.07,8398628
2017-04-09,7990.07,7992.72,7937.82,7940.46,1331995
2017-04-10,7940.46,7953.04,7896.03,7908.56,2584293
2017-04-11,7908.56,7918.09,7862.05,7871.53,2204903
2017-04-12,7871.53,7875.49,7821.08,7825.01,1502469
2017-04-13,7825.01,7849.70,7790.43,7815.09,4156001
2017-04-16,7815.09,7843.69,7783.49,7812.08,4659327
2017-04-17,7812.08,7868.66,7772.24,7828.74,6098868
2017-04-18,7828.74,7846.47,7788.93,7806.61,3264746
2017-04-19,7806.61,7822.97,7765.92,7782.23,3095233
2017-04-20,7782.23,7793.55,7737.92,7749.19,2454526
2017-04-23,7749.19,7766.58,7709.67,7727.01,3243861
2017-04-24,7727.01,7841.68,7666.38,7780.64,8845953
2017-04-25,7780.64,7787.66,7733.11,7740.10,1902777
2017-04-26,7740.10,7824.56,7690.35,7774.59,7426680
2017-04-27,7774.59,7776.50,7723.24,7725.13,1244821
2017-04-30,7725.13,7816.92,7672.78,7764.30,7776954
2017-05-01,7764.30,7780.96,7724.13,7740.74,3146536
2017-05-02,7740.74,7829.46,7689.46,7777.93,7625171
2017-05-03,7777.93,7862.45,7728.07,7812.37,7410390
2017-05-04,7812.37,7818.13,7763.68,7769.40,1736762
2017-05-07,7769.40,7851.89,7720.29,7802.58,7320336
2017-05-08,7802.58,7827.05,7767.99,7792.43,4136419
2017-05-09,7792.43,7858.16,7749.33,7814.94,6530692
2017-05-10,7814.94,7835.75,7777.53,7798.30,3663648
2017-05-11,7798.30,7800.55,7747.05,7749.29,1288374
2017-05-14,7749.29,7779.21,7719.11,7749.04,4861659
2017-05-15,7749.04,7845.64,7694.88,7791.19,7988443
2017-05-16,7791.19,7800.54,7745.34,7754.64,2199588
2017-05-17,7754.64,7852.92,7699.87,7797.84,8062997
2017-05-18,7797.84,7887.27,7746.16,7835.34,7628052
2017-05-21,7835.34,7844.77,7789.25,7798.64,2203395
2017-05-22,7798.64,7817.89,7760.17,7779.37,3468038
2017-05-23,7779.37,7831.78,7741.13,7793.47,5915809
2017-05-24,7793.47,7821.79,7761.80,7790.10,4633127
2017-05-25,7790.10,7801.09,7745.50,7756.43,2410116
2017-05-28,7756.43,7814.46,7716.22,7774.15,6185048
2017-05-29,7774.15,7803.86,7743.65,7773.36,4822119
2017-05-30,7773.36,7875.30,7717.22,7818.83,8222565
2017-05-31,7818.83,7840.48,7782.02,7803.63,3769101
2017-06-01,7803.63,7860.25,7763.80,7820.34,6103703
2017-06-04,7820.34,7923.25,7763.73,7866.31,8238717
2017-06-05,7866.31,7874.18,7818.84,7826.68,2001303
2017-06-06,7826.68,7848.68,7790.08,7812.04,3811213
2017-06-07,7812.04,7862.00,7774.61,7824.51,5791906
2017-06-08,7824.51,7849.66,7790.27,7815.40,4214986
2017-06-11,7815.40,7817.57,7763.98,7766.14,1277983
2017-06-12,7766.14,7791.11,7732.16,7757.10,4215466
2017-06-13,7757.10,7805.68,7720.31,7768.83,5743484
2017-06-14,7768.83,7775.33,7720.99,7727.46,1837345
2017-06-15,7727.46,7799.31,7682.31,7754.00,6842729
2017-06-18,7754.00,7761.14,7706.74,7713.84,1920130
2017-06-19,7713.84,7827.82,7653.50,7767.06,8822633
2017-06-20,7767.06,7767.12,7714.36,7714.42,1007030
2017-06-21,7714.42,7738.16,7679.88,7703.59,4078257
2017-06-22,7703.59,7707.96,7654.59,7658.93,1567181
2017-06-25,7658.93,7713.20,7620.32,7674.50,6041700
2017-06-26,7674.50,7760.89,7624.23,7710.38,7551200
2017-06-27,7710.38,7794.04,7661.00,7744.44,7404320
2017-06-28,7744.44,7746.61,7693.50,7695.65,1280075
2017-06-29,7695.65,7784.85,7644.30,7733.26,7672290
2017-07-02,7733.26,7780.06,7697.16,7743.91,5667386
2017-07-03,7743.91,7799.07,7704.76,7759.84,6055486
2017-07-04,7759.84,7851.99,7707.27,7799.15,7774862
2017-07-05,7799.15,7889.93,7746.98,7837.50,7689711
2017-07-06,7837.50,7928.98,7784.98,7876.20,7701268
2017-07-09,7876.20,7893.46,7835.72,7852.93,3192249
2017-07-10,7852.93,7968.58,7791.64,7906.87,8804629
2017-07-11,7906.87,7911.22,7856.47,7860.80,1550754
2017-07-12,7860.80,7899.49,7827.33,7866.00,5257784
2017-07-13,7866.00,7892.31,7832.35,7858.64,4345473
2017-07-16,7858.64,7933.76,7811.98,7886.93,6937277
2017-07-17,7886.93,7889.34,7835.20,7837.59,1304801
2017-07-18,7837.59,7884.55,7801.18,7848.09,5645576
2017-07-19,7848.09,7865.31,7807.77,7824.94,3194170
2017-07-20,7824.94,7837.98,7781.64,7794.63,2666632
2017-07-23,7794.63,7892.87,7739.77,7837.71,8038271
2017-07-24,7837.71,7842.84,7788.37,7793.47,1654766
2017-07-25,7793.47,7822.12,7762.05,7790.70,4676611
2017-07-26,7790.70,7863.44,7745.07,7817.65,6856893
2017-07-27,7817.65,7864.64,7781.28,7828.22,5652400
2017-07-30,7828.22,7841.27,7784.91,7797.91,2668072
2017-07-31,7797.91,7840.10,7763.33,7805.48,5434773
2017-08-01,7805.48,7817.35,7761.43,7773.25,2520404
2017-08-02,7773.25,7869.85,7719.04,7815.35,7974348
2017-08-03,7815.35,7893.68,7767.63,7845.78,7105246
2017-08-06,7845.78,7866.12,7807.81,7828.10,3592112
2017-08-07,7828.10,7924.39,7773.86,7869.86,7928772
2017-08-08,7869.86,7950.84,7821.06,7901.84,7201646
2017-08-09,7901.84,7927.13,7867.18,7892.45,4200857
2017-08-10,7892.45,7944.51,7854.05,7906.05,5864677
2017-08-13,7906.05,7906.50,7852.71,7853.16,1057304
2017-08-14,7853.16,7944.35,7800.70,7891.64,7679972
2017-08-15,7891.64,7927.38,7859.16,7894.89,5115397
2017-08-16,7894.89,7993.68,7839.58,7938.07,8005555
2017-08-17,7938.07,7940.95,7886.35,7889.21,1362791
2017-08-20,7889.21,7889.32,7835.73,7835.84,1014266
2017-08-21,7835.84,7920.33,7785.85,7870.12,7379732
2017-08-22,7870.12,7898.31,7837.84,7866.02,4582647
2017-08-23,7866.02,7896.86,7835.39,7866.22,4894615
2017-08-24,7866.22,7878.13,7821.79,7833.64,2513168
2017-08-27,7833.64,7862.41,7802.04,7830.80,4672873
2017-08-28,7830.80,7855.00,7795.81,7819.97,4089780
2017-08-29,7819.97,7849.21,7788.81,7818.05,4739197
2017-08-30,7818.05,7850.25,7787.03,7819.24,4966803
2017-08-31,7819.24,7826.53,7771.65,7778.91,1933093
2017-09-03,7778.91,7781.95,7728.39,7731.42,1391152
2017-09-04,7731.42,7845.13,7671.13,7784.42,8797770
2017-09-05,7784.42,7790.32,7736.02,7741.89,1757887
2017-09-06,7741.89,7763.59,7705.64,7727.29,3802366
2017-09-07,7727.29,7746.60,7689.35,7708.62,3499108
2017-09-10,7708.62,7781.46,7663.16,7735.83,6897496
2017-09-11,7735.83,7817.67,7687.05,7768.68,7306172
2017-09-12,7768.68,7874.47,7711.16,7816.59,8404149
2017-09-13,7816.59,7845.40,7785.13,7813.93,4685253
2017-09-14,7813.93,7895.07,7765.20,7846.14,7235905
2017-09-17,7846.14,7860.63,7803.78,7818.22,2846227
2017-09-18,7818.22,7882.52,7775.57,7839.76,6454492
2017-09-19,7839.76,7914.43,7793.31,7867.81,6924897
2017-09-20,7867.81,7926.10,7827.23,7885.42,6158676
2017-09-21,7885.42,7973.91,7833.86,7922.11,7538545
2017-09-24,7922.11,7927.70,7872.54,7878.11,1706481
2017-09-25,7878.11,7925.95,7841.28,7889.07,5674828
2017-09-26,7889.07,7906.98,7848.99,7866.85,3270747
2017-09-27,7866.85,7881.91,7824.78,7839.79,2913991
2017-09-28,7839.79,7869.01,7808.48,7837.70,4728017
2017-10-01,7837.70,7870.37,7806.47,7839.13,4984430
2017-10-02,7839.13,7891.19,7800.87,7852.86,5880761
2017-10-03,7852.86,7921.73,7808.48,7877.21,6651577
2017-10-04,7877.21,7975.94,7821.96,7920.39,8012928
2017-10-05,7920.39,7974.29,7881.27,7935.09,5940123
2017-10-08,7935.09,8007.47,7889.23,7961.46,6778840
2017-10-09,7961.46,8054.12,7908.20,8000.60,7689574
2017-10-10,8000.60,8065.76,7957.20,8022.24,6425411
2017-10-11,8022.24,8132.34,7962.53,8072.26,8443141
2017-10-12,8072.26,8158.58,8021.02,8107.12,7347702
2017-10-15,8107.12,8120.66,8062.28,8075.77,2669958
2017-10-16,8075.77,8153.87,8027.49,8105.41,6977812
2017-10-17,8105.41,8116.12,8058.45,8069.11,2320644
2017-10-18,8069.11,8125.51,8028.71,8085.03,6007098
2017-10-19,8085.03,8135.04,8046.90,8096.86,5716186
2017-10-22,8096.86,8120.68,8059.78,8083.56,3941735
2017-10-23,8083.56,8105.96,8045.51,8067.86,3770164
2017-10-24,8067.86,8168.51,8011.46,8111.80,7991598
2017-10-25,8111.80,8202.95,8058.71,8149.62,7544307
2017-10-26,8149.62,8235.52,8098.34,8184.02,7292489
2017-10-29,8184.02,8185.15,8129.30,8130.42,1137379
2017-10-30,8130.42,8242.43,8069.75,8181.38,8461694
2017-10-31,8181.38,8205.17,8143.71,8167.46,3907407
2017-11-01,8167.46,8195.94,8133.38,8161.84,4486865
2017-11-02,8161.84,8170.22,8112.75,8121.09,2027229
2017-11-05,8121.09,8154.13,8089.03,8122.06,4948251
2017-11-06,8122.06,8164.63,8086.54,8129.07,5373388
2017-11-07,8129.07,8221.10,8075.63,8167.40,7574245
2017-11-08,8167.40,8218.65,8128.62,8179.81,5748353
2017-11-09,8179.81,8262.37,8129.67,8212.03,7130281
2017-11-12,8212.03,8240.24,8177.45,8205.65,4436076
2017-11-13,8205.65,8210.91,8153.90,8159.14,1641049
2017-11-14,8159.14,8195.54,8125.76,8162.15,5090877
2017-11-15,8162.15,8186.19,8124.80,8148.81,3946056
2017-11-16,8148.81,8172.92,8111.60,8135.68,3959670
2017-11-19,8135.68,8148.61,8090.18,8103.06,2588511
2017-11-20,8103.06,8106.60,8050.72,8054.24,1437517
2017-11-21,8054.24,8155.74,7997.56,8098.75,8037551
2017-11-22,8098.75,8114.59,8055.69,8071.49,2956515
2017-11-23,8071.49,8177.81,8013.02,8119.00,8243792
2017-11-26,8119.00,8120.69,8065.15,8066.83,1208024
2017-11-27,8066.83,8071.09,8015.27,8019.51,1528223
2017-11-28,8019.51,8041.15,7981.33,8002.92,3698216
2017-11-29,8002.92,8017.37,7959.47,7973.86,2804423
2017-11-30,7973.86,7978.94,7923.55,7928.60,1636968
2017-12-03,7928.60,8008.70,7879.97,7959.88,7134122
2017-12-04,7959.88,8062.89,7902.88,8005.57,8160082
2017-12-05,8005.57,8074.99,7960.61,8029.89,6616083
2017-12-06,8029.89,8083.31,7990.67,8044.01,5884842
2017-12-07,8044.01,8073.04,8011.18,8040.19,4608333
2017-12-10,8040.19,8062.69,8002.51,8024.98,3798902
2017-12-11,8024.98,8043.30,7984.28,8002.56,3283710
2017-12-12,8002.56,8022.42,7963.17,7982.99,3482510
2017-12-13,7982.99,8011.08,7949.87,7977.94,4518758
2017-12-14,7977.94,7991.22,7933.78,7947.00,2664060
2017-12-17,7947.00,8048.88,7890.45,7992.01,8115946
2017-12-18,7992.01,8016.85,7956.41,7981.22,4108984
2017-12-19,7981.22,8066.82,7930.47,8015.85,7359224
2017-12-20,8015.85,8068.22,7977.04,8029.34,5841975
2017-12-21,8029.34,8083.16,7989.98,8043.72,5902914
2017-12-24,8043.72,8073.50,8011.45,8041.22,4702537
2017-12-25,8041.22,8141.59,7984.98,8085.04,7993930
2017-12-26,8085.04,8124.30,8050.81,8090.05,5233882
2017-12-27,8090.05,8147.04,8049.37,8106.29,6027331
2017-12-28,8106.29,8113.63,8056.79,8064.09,1905144
2017-12-31,8064.09,8107.72,8028.32,8071.92,5435219
2018-01-01,8071.92,8143.05,8026.18,8097.17,6666941
2018-01-02,8097.17,8173.93,8049.32,8125.92,6908950
2018-01-03,8125.92,8132.74,8075.90,8082.69,1840260
2018-01-04,8082.69,8090.41,8033.64,8041.31,1954698
2018-01-07,8041.31,8052.08,7994.83,8005.55,2338683
2018-01-08,8005.55,8056.54,7967.26,8018.19,5782338
2018-01-09,8018.19,8036.02,7977.17,7994.95,3223936
2018-01-10,7994.95,8084.43,7942.77,8032.00,7527674
2018-01-11,8032.00,8060.87,7999.13,8027.99,4594787
2018-01-14,8027.99,8079.69,7989.39,8041.03,5807990
2018-01-15,8041.03,8047.53,7991.34,7997.82,1809259
2018-01-16,7997.82,8002.70,7947.20,7952.06,1610939
2018-01-17,7952.06,7986.43,7919.93,7954.29,5040192
2018-01-18,7954.29,7982.26,7921.28,7949.23,4516769
2018-01-21,7949.23,8052.20,7892.29,7994.92,8164128
2018-01-22,7994.92,8020.93,7960.17,7986.16,4253875
2018-01-23,7986.16,8002.00,7943.87,7959.66,2983539
2018-01-24,7959.66,7980.25,7921.10,7941.65,3587688
2018-01-25,7941.65,8014.17,7895.73,7968.09,6782373
2018-01-28,7968.09,8079.66,7907.99,8019.17,8542901
2018-01-29,8019.17,8101.98,7969.33,8051.94,7214951
2018-01-30,8051.94,8151.66,7995.90,8095.32,7959019
2018-01-31,8095.32,8208.34,8034.38,8147.01,8528189
2018-02-01,8147.01,8212.32,8103.18,8168.38,6379252
2018-02-04,8168.38,8185.68,8125.94,8143.18,3117146
2018-02-05,8143.18,8206.07,8100.25,8163.03,6272736
2018-02-06,8163.03,8190.90,8128.53,8156.37,4413923
2018-02-07,8156.37,8177.50,8116.88,8137.96,3590089
2018-02-08,8137.96,8174.69,8104.51,8141.23,5109876
2018-02-11,8141.23,8170.97,8108.27,8137.99,4652297
2018-02-12,8137.99,8168.19,8105.39,8135.59,4711179
2018-02-13,8135.59,8245.67,8075.60,8185.32,8372942
2018-02-14,8185.32,8197.00,8138.55,8150.19,2427709
2018-02-15,8150.19,8156.82,8099.86,8106.45,1813751
2018-02-18,8106.45,8125.87,8066.03,8085.39,3395267
2018-02-19,8085.39,8085.99,8030.94,8031.53,1073491
2018-02-20,8031.53,8092.64,7989.52,8050.52,6231138
2018-02-21,8050.52,8054.63,7998.96,8003.05,1510185
2018-02-22,8003.05,8026.44,7966.29,7989.64,3922976
2018-02-25,7989.64,8029.82,7955.31,7995.47,5296673
2018-02-26,7995.47,8052.32,7955.08,8011.85,6051028
2018-02-27,8011.85,8074.54,7969.32,8031.90,6309499
2018-02-28,8031.90,8042.69,7985.50,7996.25,2343689
2018-03-01,7996.25,8023.04,7962.07,7988.85,4351131
2018-03-04,7988.85,8009.35,7950.03,7970.48,3566392
2018-03-05,7970.48,8085.67,7909.07,8023.84,8705521
2018-03-06,8023.84,8118.44,7969.73,8064.05,7743827
2018-03-07,8064.05,8143.14,8015.45,8094.35,7026989
2018-03-08,8094.35,8116.33,8055.92,8077.86,3715500
2018-03-11,8077.86,8098.56,8038.58,8059.23,3562448
2018-03-12,8059.23,8083.61,8022.83,8047.17,4024622
2018-03-13,8047.17,8118.97,8001.24,8072.90,6706961
2018-03-14,8072.90,8090.18,8031.09,8048.32,3140329
2018-03-15,8048.32,8102.03,8008.94,8062.58,5892626
2018-03-18,8062.58,8096.83,8030.22,8064.46,5013237
2018-03-19,8064.46,8071.00,8014.64,8021.15,1810802
2018-03-20,8021.15,8120.61,7965.28,8064.44,7964334
2018-03-21,8064.44,8072.25,8015.58,8023.34,1967661
2018-03-22,8023.34,8038.64,7980.39,7995.64,2907201
2018-03-25,7995.64,8041.95,7959.08,8005.34,5573079
2018-03-26,8005.34,8125.42,7942.07,8061.71,8903566
2018-03-27,8061.71,8067.86,8011.61,8017.73,1762860
2018-03-28,8017.73,8026.17,7969.66,7978.05,2052194
2018-03-29,7978.05,8015.04,7944.91,7981.88,5154286
2018-04-01,7981.88,7987.56,7931.97,7937.62,1711111
2018-04-02,7937.62,8052.98,7876.22,7991.17,8735013
2018-04-03,7991.17,7999.58,7943.26,7951.64,2053155
2018-04-04,7951.64,8008.93,7911.20,7968.41,6085288
2018-04-05,7968.41,8000.97,7936.89,7969.45,4954869
2018-04-08,7969.45,7984.86,7926.95,7942.30,2933504
2018-04-09,7942.30,7951.98,7895.68,7905.32,2218724
2018-04-10,7905.32,7913.58,7857.88,7866.10,2045096
2018-04-11,7866.10,7882.84,7825.30,7841.99,3128669
2018-04-12,7841.99,7845.48,7791.38,7794.84,1444753
2018-04-15,7794.84,7813.08,7755.64,7773.82,3339026
2018-04-16,7773.82,7827.40,7735.17,7788.68,5971982
2018-04-17,7788.68,7866.56,7741.19,7818.89,7096707
2018-04-18,7818.89,7843.68,7784.42,7809.18,4169993
2018-04-19,7809.18,7880.79,7763.91,7835.37,6796776
2018-04-22,7835.37,7900.98,7792.22,7857.70,6507921
2018-04-23,7857.70,7953.10,7803.70,7898.83,7871330
2018-04-24,7898.83,8018.03,7836.14,7954.90,8936385
2018-04-25,7954.90,7970.90,7912.94,7928.89,3011728
2018-04-26,7928.89,7935.05,7879.71,7885.83,1776371
2018-04-29,7885.83,7978.37,7832.80,7925.08,7724142
2018-04-30,7925.08,8022.84,7870.07,7967.54,7941460
2018-05-01,7967.54,8005.89,7933.93,7972.26,5218449
2018-05-02,7972.26,8038.68,7928.46,7994.76,6493381
2018-05-03,7994.76,8108.64,7933.76,8047.24,8630452
2018-05-06,8047.24,8092.91,8010.78,8056.40,5530898
2018-05-07,8056.40,8169.97,7995.36,8108.53,8577434
2018-05-08,8108.53,8219.12,8048.43,8158.65,8412037
2018-05-09,8158.65,8216.58,8117.47,8175.31,6047050
2018-05-10,8175.31,8177.85,8121.72,8124.23,1309636
2018-05-13,8124.23,8137.39,8078.99,8092.10,2619547
2018-05-14,8092.10,8101.00,8043.87,8052.73,2100240
2018-05-15,8052.73,8077.08,8016.35,8040.66,4023319
2018-05-16,8040.66,8053.41,7995.68,8008.38,2586316
2018-05-17,8008.38,8042.63,7976.16,8010.40,5023799
2018-05-20,8010.40,8034.85,7974.38,7998.79,4051817
2018-05-21,7998.79,8019.95,7960.39,7981.51,3645679
2018-05-22,7981.51,7990.70,7934.25,7943.39,2151063
2018-05-23,7943.39,7973.01,7911.68,7941.29,4728463
2018-05-24,7941.29,7942.33,7888.15,7889.19,1130967
2018-05-27,7889.19,7919.29,7858.20,7888.29,4815363
2018-05-28,7888.29,7891.34,7837.04,7840.07,1386591
2018-05-29,7840.07,7902.84,7797.93,7860.59,6375514
2018-05-30,7860.59,7966.45,7802.81,7908.32,8350034
2018-05-31,7908.32,7949.46,7873.85,7914.96,5359533
2018-06-03,7914.96,7985.70,7869.74,7940.34,6712654
2018-06-04,7940.34,8041.53,7884.06,7984.93,8088408
2018-06-05,7984.93,8008.73,7948.60,7972.36,3980624
2018-06-06,7972.36,8016.39,7936.68,7980.67,5475720
2018-06-07,7980.67,8066.37,7929.88,8015.36,7363820
2018-06-10,8015.36,8128.48,7954.58,8067.30,8583196
2018-06-11,8067.30,8123.49,8026.98,8083.09,5998045
2018-06-12,8083.09,8087.21,8031.32,8035.41,1509602
2018-06-13,8035.41,8102.53,7991.21,8058.20,6500582
2018-06-14,8058.20,8079.26,8019.32,8040.33,3612962
2018-06-17,8040.33,8047.24,7990.96,7997.83,1859087
2018-06-18,7997.83,7998.36,7943.92,7944.45,1066117
2018-06-19,7944.45,7949.64,7894.43,7899.59,1653806
2018-06-20,7899.59,7921.28,7862.27,7883.91,3745610
2018-06-21,7883.91,7904.51,7845.88,7866.43,3613134
2018-06-24,7866.43,7885.74,7827.55,7846.80,3453909
2018-06-25,7846.80,7858.59,7802.41,7814.15,2502503
2018-06-26,7814.15,7817.87,7763.90,7767.59,1474965
2018-06-27,7767.59,7793.59,7734.37,7760.34,4346604
2018-06-28,7760.34,7763.93,7710.36,7713.94,1463100
2018-07-01,7713.94,7767.38,7675.48,7728.85,5984945
2018-07-02,7728.85,7818.29,7677.34,7766.52,7665226
2018-07-03,7766.52,7789.52,7731.07,7754.03,3960733
2018-07-04,7754.03,7780.99,7721.62,7748.55,4476406
2018-07-05,7748.55,7861.34,7688.56,7800.94,8743106
2018-07-08,7800.94,7840.86,7767.17,7807.06,5328737
2018-07-09,7807.06,7910.75,7750.21,7853.55,8282681
2018-07-10,7853.55,7868.58,7811.55,7826.53,2913580
2018-07-11,7826.53,7943.86,7764.69,7881.59,8900445
2018-07-12,7881.59,7911.05,7850.17,7879.62,4737105
2018-07-15,7879.62,7883.64,7829.16,7833.15,1509979
2018-07-16,7833.15,7841.06,7785.93,7793.80,2009190
2018-07-17,7793.80,7830.33,7761.27,7797.79,5173010
2018-07-18,7797.79,7892.35,7744.26,7838.54,7865637
2018-07-19,7838.54,7861.96,7802.92,7826.30,3988305
2018-07-22,7826.30,7857.61,7795.60,7826.90,4923731
2018-07-23,7826.90,7829.36,7775.62,7778.06,1313888
2018-07-24,7778.06,7787.17,7732.12,7741.19,2171124
2018-07-25,7741.19,7823.43,7692.24,7774.28,7322599
2018-07-26,7774.28,7775.74,7722.59,7724.05,1188065
2018-07-29,7724.05,7818.25,7670.82,7764.75,7890980
2018-07-30,7764.75,7855.41,7712.70,7803.11,7702949
2018-07-31,7803.11,7817.32,7760.83,7775.00,2821502
2018-08-01,7775.00,7882.53,7716.83,7824.00,8481207
2018-08-02,7824.00,7827.11,7773.23,7776.32,1398113
2018-08-05,7776.32,7780.58,7726.74,7730.97,1547530
2018-08-06,7730.97,7812.09,7682.46,7763.38,7275137
2018-08-07,7763.38,7854.85,7711.04,7802.25,7741426
2018-08-08,7802.25,7914.88,7742.18,7854.40,8699485
2018-08-09,7854.40,7944.01,7802.51,7891.87,7606104
2018-08-12,7891.87,7948.32,7851.89,7908.26,6066220
2018-08-13,7908.26,7928.90,7870.09,7890.69,3610699
2018-08-14,7890.69,7920.73,7859.65,7889.69,4807441
2018-08-15,7889.69,7981.87,7836.78,7928.70,7705829
2018-08-16,7928.70,7975.53,7892.12,7938.89,5614506
2018-08-19,7938.89,7948.52,7892.25,7901.83,2212482
2018-08-20,7901.83,8000.45,7846.57,7944.89,7993587
2018-08-21,7944.89,7953.19,7897.21,7905.46,2044238
2018-08-22,7905.46,7922.50,7864.61,7881.59,3154561
2018-08-23,7881.59,7891.54,7835.59,7845.49,2262825
2018-08-26,7845.49,7870.86,7811.28,7836.61,4233230
2018-08-27,7836.61,7852.03,7795.02,7810.38,2967009
2018-08-28,7810.38,7816.99,7762.34,7768.92,1846879
2018-08-29,7768.92,7855.59,7718.31,7804.74,7514814
2018-08-30,7804.74,7837.25,7773.66,7806.15,4983161
2018-09-02,7806.15,7814.58,7759.51,7767.89,2079080
2018-09-03,7767.89,7848.26,7719.56,7799.73,7222325
2018-09-04,7799.73,7827.31,7767.47,7795.04,4536351
2018-09-05,7795.04,7855.67,7753.78,7814.31,6292764
2018-09-06,7814.31,7883.65,7769.86,7839.05,6689094
2018-09-09,7839.05,7871.19,7808.01,7840.15,4959910
2018-09-10,7840.15,7846.59,7791.78,7798.18,1821262
2018-09-11,7798.18,7800.12,7746.70,7748.62,1248456
2018-09-12,7748.62,7753.17,7699.45,7703.97,1587174
2018-09-13,7703.97,7800.21,7650.06,7746.01,7997908
2018-09-16,7746.01,7755.56,7700.62,7710.14,2233744
2018-09-17,7710.14,7758.58,7673.50,7721.89,5751474
2018-09-18,7721.89,7746.26,7687.77,7712.11,4156035
2018-09-19,7712.11,7744.12,7681.43,7713.44,4978292
2018-09-20,7713.44,7742.64,7682.97,7712.17,4786145
2018-09-23,7712.17,7717.02,7663.47,7668.29,1628978
2018-09-24,7668.29,7697.55,7638.17,7667.43,4815432
2018-09-25,7667.43,7675.28,7621.30,7629.11,2024519
2018-09-26,7629.11,7650.09,7593.09,7614.03,3750068
2018-09-27,7614.03,7647.74,7582.97,7616.67,5078497
2018-09-30,7616.67,7728.74,7557.26,7668.92,8799931
2018-10-01,7668.92,7719.25,7631.71,7681.97,5852640
2018-10-02,7681.97,7682.75,7630.40,7631.17,1100823
2018-10-03,7631.17,7657.46,7599.09,7625.37,4445713
2018-10-04,7625.37,7642.68,7586.62,7603.89,3270027
2018-10-07,7603.89,7628.34,7570.62,7595.05,4215740
2018-10-08,7595.05,7696.18,7539.64,7640.44,8295198
2018-10-09,7640.44,7721.89,7592.03,7673.27,7335562
2018-10-10,7673.27,7679.08,7625.56,7631.33,1756584
2018-10-11,7631.33,7719.99,7580.34,7668.75,7681721
2018-10-14,7668.75,7709.13,7635.14,7675.49,5382578
2018-10-15,7675.49,7709.01,7644.35,7677.86,5056687
2018-10-16,7677.86,7730.08,7639.95,7692.09,5938614
2018-10-17,7692.09,7804.08,7632.52,7744.11,8744410
2018-10-18,7744.11,7747.59,7694.16,7697.62,1449382
2018-10-21,7697.62,7759.75,7656.05,7718.08,6399211
2018-10-22,7718.08,7747.06,7687.41,7716.38,4754389
2018-10-23,7716.38,7726.17,7671.37,7681.11,2268004
2018-10-24,7681.11,7707.20,7648.55,7674.62,4396844
2018-10-25,7674.62,7703.37,7644.07,7672.82,4745850
2018-10-28,7672.82,7686.98,7631.39,7645.50,2845884
2018-10-29,7645.50,7662.82,7606.63,7623.89,3264849
2018-10-30,7623.89,7647.16,7589.61,7612.85,4052126
2018-10-31,7612.85,7676.76,7570.85,7634.65,6516358
2018-11-01,7634.65,7694.95,7593.91,7654.11,6336556
2018-11-04,7654.11,7707.59,7615.79,7669.20,6006550
2018-11-05,7669.20,7778.06,7610.81,7719.30,8612757
2018-11-06,7719.30,7835.98,7657.96,7774.21,8945301
2018-11-07,7774.21,7827.16,7735.79,7788.67,5942455
2018-11-08,7788.67,7815.68,7756.06,7783.06,4468415
2018-11-11,7783.06,7846.43,7740.84,7804.09,6424417
2018-11-12,7804.09,7884.21,7755.76,7835.68,7193175
2018-11-13,7835.68,7877.68,7801.08,7843.04,5416666
2018-11-14,7843.04,7851.73,7796.34,7804.99,2107235
2018-11-15,7804.99,7839.83,7773.05,7807.88,5092043
2018-11-18,7807.88,7879.36,7762.67,7833.99,6790843
2018-11-19,7833.99,7917.32,7784.43,7867.54,7327091
2018-11-20,7867.54,7883.06,7825.81,7841.28,2972393
2018-11-21,7841.28,7864.21,7805.27,7828.16,3924279
2018-11-22,7828.16,7831.43,7777.48,7780.73,1417318
2018-11-25,7780.73,7805.37,7746.41,7771.02,4167558
2018-11-26,7771.02,7871.38,7715.46,7815.50,8150308
2018-11-27,7815.50,7836.69,7778.37,7799.51,3711248
2018-11-28,7799.51,7823.00,7764.20,7787.65,4010871
2018-11-29,7787.65,7859.19,7742.46,7813.85,6802263
2018-12-02,7813.85,7818.08,7763.99,7768.21,1542215
2018-12-03,7768.21,7818.83,7730.64,7781.20,5835665
2018-12-04,7781.20,7798.42,7741.33,7758.50,3213477
2018-12-05,7758.50,7817.80,7717.82,7777.02,6243552
2018-12-06,7777.02,7809.24,7746.10,7778.31,4975274
2018-12-09,7778.31,7890.98,7718.29,7830.55,8717283
2018-12-10,7830.55,7866.73,7798.06,7834.23,5148593
2018-12-11,7834.23,7863.71,7803.15,7832.63,4763031
2018-12-12,7832.63,7845.53,7789.17,7802.02,2647016
2018-12-13,7802.02,7806.63,7752.52,7757.11,1590672
2018-12-16,7757.11,7865.49,7698.68,7806.69,8532270
2018-12-17,7806.69,7832.73,7773.24,7799.25,4336008
2018-12-18,7799.25,7873.07,7753.21,7826.87,6903120
2018-12-19,7826.87,7847.34,7789.13,7809.56,3616323
2018-12-20,7809.56,7810.48,7757.23,7758.14,1117592
2018-12-23,7758.14,7864.11,7700.58,7806.19,8419272
2018-12-24,7806.19,7808.91,7755.24,7757.95,1348525
2018-12-25,7757.95,7783.74,7724.64,7750.41,4325102
2018-12-26,7750.41,7754.08,7700.56,7704.20,1472462
2018-12-27,7704.20,7737.96,7672.90,7706.65,5062208
2018-12-30,7706.65,7708.90,7656.03,7658.26,1291872
2018-12-31,7658.26,7698.87,7624.60,7665.18,5396021
2019-01-01,7665.18,7673.54,7619.44,7627.76,2090706
2019-01-02,7627.76,7645.70,7589.47,7607.35,3351234
2019-01-03,7607.35,7692.40,7557.73,7642.54,7523285
2019-01-06,7642.54,7663.69,7606.55,7627.66,3767352
2019-01-07,7627.66,7677.38,7590.77,7640.43,5836522
2019-01-08,7640.43,7657.15,7601.14,7617.80,3187585
2019-01-09,7617.80,7658.82,7584.09,7625.07,5425480
2019-01-10,7625.07,7648.57,7590.95,7614.41,4081069
2019-01-13,7614.41,7635.14,7578.30,7598.99,3722256
2019-01-14,7598.99,7609.61,7555.41,7565.99,2398422
2019-01-15,7565.99,7569.15,7517.00,7520.15,1418209
2019-01-16,7520.15,7546.17,7488.63,7514.63,4460631
2019-01-17,7514.63,7567.41,7476.91,7529.62,6019513
2019-01-20,7529.62,7530.98,7479.52,7480.88,1181275
2019-01-21,7480.88,7589.62,7423.01,7531.36,8736042
2019-01-22,7531.36,7551.11,7495.08,7514.78,3622085
2019-01-23,7514.78,7581.76,7471.92,7538.76,6703600
2019-01-24,7538.76,7560.49,7503.91,7525.59,3881824
2019-01-27,7525.59,7589.26,7483.91,7547.45,6539471
2019-01-28,7547.45,7585.86,7514.86,7553.24,5318518
2019-01-29,7553.24,7554.99,7503.28,7505.01,1231310
2019-01-30,7505.01,7513.31,7460.31,7468.57,2105006
2019-01-31,7468.57,7569.34,7413.60,7514.04,8359362
2019-02-03,7514.04,7537.47,7480.62,7504.02,4117832
2019-02-04,7504.02,7508.91,7456.76,7461.63,1652023
2019-02-05,7461.63,7477.74,7423.10,7439.16,3159465
2019-02-06,7439.16,7529.56,7388.02,7478.15,7874725
2019-02-07,7478.15,7582.25,7421.96,7525.71,8513854
2019-02-10,7525.71,7526.10,7474.90,7475.29,1052160
2019-02-11,7475.29,7565.31,7424.20,7513.95,7835322
2019-02-12,7513.95,7521.65,7468.74,7476.40,2023834
2019-02-13,7476.40,7515.52,7443.72,7482.82,5370781
2019-02-14,7482.82,7562.53,7435.43,7514.94,7332956
2019-02-17,7514.94,7518.81,7466.84,7470.69,1515294
2019-02-18,7470.69,7488.98,7433.73,7451.98,3448662
2019-02-19,7451.98,7457.20,7405.32,7410.52,1700960
2019-02-20,7410.52,7420.31,7367.59,7377.34,2321570
2019-02-21,7377.34,7441.37,7335.89,7399.79,6619135
2019-02-24,7399.79,7409.21,7356.65,7366.03,2272668
2019-02-25,7366.03,7453.52,7316.12,7403.36,7775994
2019-02-26,7403.36,7412.36,7359.88,7368.84,2215534
2019-02-27,7368.84,7393.76,7337.51,7362.41,4381412
2019-02-28,7362.41,7397.71,7331.40,7366.69,5211899
2019-03-03,7366.69,7370.89,7319.85,7324.03,1571193
2019-03-04,7324.03,7341.32,7287.31,7304.55,3360528
2019-03-05,7304.55,7354.71,7268.30,7318.39,5962620
2019-03-06,7318.39,7410.25,7267.02,7358.60,8019444
2019-03-07,7358.60,7369.96,7317.20,7328.51,2543347
2019-03-10,7328.51,7366.68,7296.55,7334.69,5361488
2019-03-11,7334.69,7444.51,7276.79,7386.20,8893621
2019-03-12,7386.20,7422.67,7354.71,7391.16,5263203
2019-03-13,7391.16,7457.82,7348.72,7415.24,6741838
2019-03-14,7415.24,7498.21,7366.84,7449.59,7527057
2019-03-17,7449.59,7519.07,7405.98,7475.32,6853429
2019-03-18,7475.32,7515.80,7442.15,7482.60,5437002
2019-03-19,7482.60,7560.66,7435.81,7513.68,7253086
2019-03-20,7513.68,7526.05,7471.99,7484.32,2647359
2019-03-21,7484.32,7512.61,7454.73,7483.01,4780315
2019-03-24,7483.01,7501.01,7445.75,7463.70,3405041
2019-03-25,7463.70,7485.93,7429.73,7451.92,3978326
2019-03-26,7451.92,7547.23,7398.98,7493.98,8105109
2019-03-27,7493.98,7573.47,7446.65,7525.93,7316255
2019-03-28,7525.93,7582.12,7486.95,7543.05,6179663
2019-03-31,7543.05,7556.21,7501.75,7514.86,2744718
2019-04-01,7514.86,7573.88,7474.88,7533.80,6320061
2019-04-02,7533.80,7560.81,7502.91,7529.91,4584705
2019-04-03,7529.91,7624.69,7476.95,7571.45,8032475
2019-04-04,7571.45,7592.27,7535.69,7556.47,3749794
2019-04-07,7556.47,7568.01,7513.86,7525.35,2526783
2019-04-08,7525.35,7542.68,7487.30,7504.57,3301714
2019-04-09,7504.57,7519.12,7464.57,7479.07,2938786
2019-04-10,7479.07,7496.57,7441.46,7458.91,3339231
2019-04-11,7458.91,7549.77,7407.55,7498.14,7885768
2019-04-14,7498.14,7575.69,7451.50,7528.85,7220370
2019-04-15,7528.85,7539.06,7485.43,7495.59,2355384
2019-04-16,7495.59,7496.47,7445.36,7446.24,1117969
2019-04-17,7446.24,7468.04,7412.07,7433.84,3927880
2019-04-18,7433.84,7448.02,7394.05,7408.19,2908573
2019-04-21,7408.19,7418.05,7365.33,7375.15,2331652
2019-04-22,7375.15,7400.19,7343.87,7368.89,4394650
2019-04-23,7368.89,7467.76,7314.86,7413.40,8332133
2019-04-24,7413.40,7482.69,7369.96,7439.09,6860150
2019-04-25,7439.09,7461.07,7405.10,7427.04,3954012
2019-04-28,7427.04,7477.97,7390.20,7441.07,5959396
2019-04-29,7441.07,7448.78,7396.37,7404.04,2036796
2019-04-30,7404.04,7454.41,7367.47,7417.77,5939300
2019-05-01,7417.77,7492.50,7372.35,7446.90,7123696
2019-05-02,7446.90,7523.38,7400.76,7477.06,7194924
2019-05-05,7477.06,7522.65,7442.04,7487.58,5683847
2019-05-06,7487.58,7563.73,7441.47,7517.44,7158367
2019-05-07,7517.44,7522.46,7470.19,7475.18,1667866
2019-05-08,7475.18,7538.03,7433.91,7496.64,6520987
2019-05-09,7496.64,7499.62,7447.99,7450.95,1396742
2019-05-12,7450.95,7479.18,7421.53,7449.76,4788957
2019-05-13,7449.76,7470.50,7414.77,7435.47,3784053
2019-05-14,7435.47,7436.75,7385.95,7387.23,1172153
2019-05-15,7387.23,7408.59,7353.12,7374.45,3891529
2019-05-16,7374.45,7483.08,7316.88,7425.12,8806378
2019-05-19,7425.12,7431.19,7379.29,7385.33,1817935
2019-05-20,7385.33,7395.00,7342.48,7352.10,2308916
2019-05-21,7352.10,7462.75,7293.86,7404.10,8921296
2019-05-22,7404.10,7469.35,7362.13,7427.26,6667421
2019-05-23,7427.26,7444.89,7390.10,7407.69,3374451
2019-05-26,7407.69,7489.25,7359.82,7441.16,7462139
2019-05-27,7441.16,7456.44,7402.15,7417.38,3053943
2019-05-28,7417.38,7427.93,7374.97,7385.47,2421467
2019-05-29,7385.47,7472.92,7335.53,7422.72,7762242
2019-05-30,7422.72,7432.45,7379.66,7389.35,2310836
2019-06-02,7389.35,7402.53,7349.11,7362.24,2783299
2019-06-03,7362.24,7396.38,7331.65,7365.78,5154938
2019-06-04,7365.78,7453.18,7315.90,7403.05,7771433
2019-06-05,7403.05,7491.34,7352.76,7440.79,7793278
2019-06-06,7440.79,7455.48,7401.33,7415.97,2973559
2019-06-09,7415.97,7483.41,7373.18,7440.48,6769067
2019-06-10,7440.48,7468.64,7411.09,7439.24,4784739
2019-06-11,7439.24,7465.66,7408.56,7434.96,4551440
2019-06-12,7434.96,7447.14,7393.66,7405.78,2637071
2019-06-13,7405.78,7438.82,7375.48,7408.52,5091015
2019-06-16,7408.52,7444.25,7377.24,7412.95,5221913
2019-06-17,7412.95,7479.13,7370.63,7436.67,6708779
2019-06-18,7436.67,7459.32,7403.20,7425.81,4045438
2019-06-19,7425.81,7525.17,7371.47,7470.49,8318312
2019-06-20,7470.49,7529.11,7430.77,7489.29,6317524
2019-06-23,7489.29,7520.44,7459.47,7490.62,4981344
2019-06-24,7490.62,7491.92,7440.74,7442.03,1173971
2019-06-25,7442.03,7470.29,7412.70,7440.95,4796639
2019-06-26,7440.95,7457.56,7402.93,7419.49,3232064
2019-06-27,7419.49,7435.24,7380.97,7396.67,3122222
2019-06-30,7396.67,7437.59,7363.53,7404.43,5479458
2019-07-01,7404.43,7412.80,7360.47,7368.80,2130932
2019-07-02,7368.80,7372.46,7321.54,7325.17,1496399
2019-07-03,7325.17,7344.94,7290.30,7310.04,3699314
2019-07-04,7310.04,7341.05,7280.71,7311.72,5011282
2019-07-07,7311.72,7395.61,7263.24,7346.90,7629835
2019-07-08,7346.90,7360.05,7306.92,7320.02,2789540
2019-07-09,7320.02,7395.44,7274.59,7349.83,7206447
2019-07-10,7349.83,7459.11,7292.09,7400.96,8855864
2019-07-11,7400.96,7454.25,7363.34,7416.55,6083470
2019-07-14,7416.55,7439.17,7383.19,7405.78,4049759
2019-07-15,7405.78,7508.75,7350.17,7452.79,8507818
2019-07-16,7452.79,7564.81,7393.81,7505.41,8914437
2019-07-17,7505.41,7575.85,7461.32,7531.61,6874554
2019-07-18,7531.61,7538.53,7485.70,7492.58,1919032
2019-07-21,7492.58,7557.55,7450.51,7515.34,6615775
2019-07-22,7515.34,7530.48,7475.71,7490.80,3014163
2019-07-23,7490.80,7593.19,7435.20,7537.25,8422839
2019-07-24,7537.25,7548.71,7494.71,7506.13,2520816
2019-07-25,7506.13,7527.16,7470.97,7491.97,3801920
2019-07-28,7491.97,7572.18,7444.37,7524.38,7352572
2019-07-29,7524.38,7617.65,7471.99,7564.98,7962894
2019-07-30,7564.98,7591.99,7533.89,7560.89,4571159
2019-07-31,7560.89,7568.76,7515.50,7523.33,2041563
2019-08-01,7523.33,7532.93,7479.49,7489.04,2275342
2019-08-04,7489.04,7596.23,7431.71,7538.52,8655212
2019-08-05,7538.52,7559.80,7503.33,7524.57,3823148
2019-08-06,7524.57,7553.10,7494.88,7523.41,4791495
2019-08-07,7523.41,7541.37,7485.84,7503.76,3387414
2019-08-08,7503.76,7598.18,7451.00,7545.13,8030658
2019-08-11,7545.13,7559.05,7504.39,7518.26,2844684
2019-08-12,7518.26,7614.33,7464.87,7560.64,8101097
2019-08-13,7560.64,7568.18,7514.99,7522.50,1997427
2019-08-14,7522.50,7611.69,7471.58,7560.52,7768244
2019-08-15,7560.52,7569.06,7515.63,7524.13,2129595
2019-08-18,7524.13,7556.99,7493.60,7526.46,5056790
2019-08-19,7526.46,7597.53,7482.08,7553.00,6895507
2019-08-20,7553.00,7581.75,7523.28,7552.03,4806241
2019-08-21,7552.03,7578.78,7520.83,7547.56,4542078
2019-08-22,7547.56,7566.88,7510.85,7530.13,3559807
2019-08-25,7530.13,7548.68,7492.96,7511.47,3464368
2019-08-26,7511.47,7532.40,7476.21,7497.10,3786625
2019-08-27,7497.10,7497.81,7446.73,7447.43,1094478
2019-08-28,7447.43,7450.69,7399.33,7402.56,1437311
2019-08-29,7402.56,7456.69,7364.63,7418.68,6123765
2019-09-01,7418.68,7432.27,7378.55,7392.10,2832853
2019-09-02,7392.10,7399.92,7347.81,7355.60,2058401
2019-09-03,7355.60,7424.88,7312.30,7381.43,6886831
2019-09-04,7381.43,7404.37,7348.55,7371.46,4108264
2019-09-05,7371.46,7477.08,7314.99,7420.24,8660973
2019-09-08,7420.24,7423.27,7372.15,7375.17,1409156
2019-09-09,7375.17,7472.53,7321.67,7418.71,8254046
2019-09-10,7418.71,7523.31,7362.49,7466.73,8578360
2019-09-11,7466.73,7466.91,7416.16,7416.34,1024074
2019-09-12,7416.34,7428.24,7374.95,7386.80,2603532
2019-09-15,7386.80,7420.83,7356.19,7390.21,5143895
2019-09-16,7390.21,7390.69,7340.39,7340.87,1064917
2019-09-17,7340.87,7401.97,7300.57,7361.55,6490054
2019-09-18,7361.55,7366.64,7315.41,7320.47,1690912
2019-09-19,7320.47,7348.76,7291.98,7320.28,4865020
2019-09-22,7320.28,7396.52,7274.55,7350.60,7246947
2019-09-23,7350.60,7354.66,7303.76,7307.80,1552743
2019-09-24,7307.80,7394.23,7258.41,7344.60,7757716
2019-09-25,7344.60,7440.61,7291.66,7387.37,8207544
2019-09-26,7387.37,7480.98,7335.19,7428.52,8062722
2019-09-29,7428.52,7461.36,7398.23,7431.07,5076337
2019-09-30,7431.07,7458.60,7401.27,7428.79,4705178
2019-10-01,7428.79,7533.04,7372.68,7476.56,8554183
2019-10-02,7476.56,7573.20,7423.07,7519.40,8154218
2019-10-03,7519.40,7614.90,7466.21,7561.42,8073182
2019-10-06,7561.42,7621.65,7520.89,7581.01,6360459
2019-10-07,7581.01,7606.21,7548.46,7573.64,4324691
2019-10-08,7573.64,7619.01,7538.46,7583.78,5644890
2019-10-09,7583.78,7612.71,7553.99,7582.92,4814883
2019-10-10,7582.92,7613.20,7553.18,7583.46,4921090
2019-10-13,7583.46,7694.07,7524.66,7634.87,8753635
2019-10-14,7634.87,7714.47,7587.14,7666.54,7250788
2019-10-15,7666.54,7704.68,7633.76,7671.87,5276748
2019-10-16,7671.87,7700.50,7641.26,7669.89,4732750
2019-10-17,7669.89,7669.90,7617.82,7617.83,1001508
2019-10-20,7617.83,7728.33,7558.98,7669.09,8725000
2019-10-21,7669.09,7699.60,7639.06,7669.57,4915569
2019-10-22,7669.57,7710.33,7635.82,7676.55,5400377
2019-10-23,7676.55,7688.83,7633.68,7645.91,2599176
2019-10-24,7645.91,7673.71,7614.86,7642.64,4635425
2019-10-27,7642.64,7733.52,7590.82,7681.44,7780727
2019-10-28,7681.44,7739.91,7641.24,7699.62,6232613
2019-10-29,7699.62,7779.36,7651.68,7731.22,7225651
2019-10-30,7731.22,7750.37,7693.13,7712.23,3475891
2019-10-31,7712.23,7786.40,7666.27,7740.28,6958641
2019-11-03,7740.28,7837.44,7685.95,7782.81,8019581
2019-11-04,7782.81,7804.75,7746.46,7768.36,3819204
2019-11-05,7768.36,7867.83,7713.12,7812.28,8110596
2019-11-06,7812.28,7822.83,7767.19,7777.70,2350548
2019-11-07,7777.70,7802.15,7743.26,7767.68,4143998
2019-11-10,7767.68,7800.86,7736.44,7769.61,5021810
2019-11-11,7769.61,7773.90,7720.09,7724.36,1551886
2019-11-12,7724.36,7816.27,7671.96,7763.61,7783607
2019-11-13,7763.61,7763.80,7711.04,7711.24,1025617
2019-11-14,7711.24,7828.05,7649.88,7766.26,8956927
2019-11-17,7766.26,7774.58,7719.80,7728.08,2071364
2019-11-18,7728.08,7813.03,7678.20,7762.91,7455349
2019-11-19,7762.91,7785.42,7727.12,7749.59,3899005
2019-11-20,7749.59,7810.89,7708.20,7769.39,6340603
2019-11-21,7769.39,7789.94,7732.09,7752.59,3644341
2019-11-24,7752.59,7800.45,7716.07,7763.87,5711454
2019-11-25,7763.87,7859.29,7710.11,7805.24,7924657
2019-11-26,7805.24,7922.81,7743.38,7860.51,8925925
2019-11-27,7860.51,7866.22,7811.45,7817.14,1727606
2019-11-28,7817.14,7826.18,7770.89,7779.89,2156858
2019-12-01,7779.89,7792.60,7736.64,7749.30,2633436
2019-12-02,7749.30,7766.98,7709.99,7727.62,3280795
2019-12-03,7727.62,7832.12,7670.66,7774.82,8370541
2019-12-04,7774.82,7798.92,7740.14,7764.21,4100205
2019-12-05,7764.21,7811.99,7727.68,7775.41,5704355
2019-12-08,7775.41,7827.44,7737.32,7789.28,5899039
2019-12-09,7789.28,7900.85,7729.61,7840.80,8659567
2019-12-10,7840.80,7866.92,7807.17,7833.27,4331618
2019-12-11,7833.27,7889.50,7793.51,7849.66,6075685
2019-12-12,7849.66,7870.42,7811.98,7832.70,3644855
2019-12-15,7832.70,7844.41,7788.35,7800.02,2495919
2019-12-16,7800.02,7825.24,7766.00,7791.20,4233813
2019-12-17,7791.20,7896.97,7733.62,7839.04,8389403
2019-12-18,7839.04,7858.88,7800.74,7820.53,3530589
2019-12-19,7820.53,7841.70,7783.35,7804.48,3706755
2019-12-22,7804.48,7814.05,7758.71,7768.24,2226543
2019-12-23,7768.24,7781.98,7725.85,7739.54,2768964
2019-12-24,7739.54,7832.58,7686.69,7779.46,7827846
2019-12-25,7779.46,7806.61,7747.02,7774.15,4489609
2019-12-26,7774.15,7793.93,7736.24,7755.98,3544375
2019-12-29,7755.98,7778.71,7720.40,7743.09,3930418
2019-12-30,7743.09,7754.80,7699.34,7711.00,2511934
2019-12-31,7711.00,7712.47,7659.75,7661.21,1190157
2020-01-01,7661.21,7679.20,7622.73,7640.67,3347805
2020-01-02,7640.67,7728.27,7590.03,7677.40,7626851
2020-01-05,7677.40,7752.96,7631.03,7706.41,7039643
2020-01-06,7706.41,7709.60,7656.49,7659.66,1413340
2020-01-07,7659.66,7737.76,7612.42,7690.32,7167695
2020-01-08,7690.32,7795.51,7633.22,7738.05,8426165
2020-01-09,7738.05,7741.61,7688.20,7691.74,1460356
2020-01-12,7691.74,7718.42,7659.54,7686.19,4467798
2020-01-13,7686.19,7796.79,7627.14,7737.35,8683058
2020-01-14,7737.35,7808.85,7692.30,7763.65,6822187
2020-01-15,7763.65,7778.09,7721.81,7736.21,2860493
2020-01-16,7736.21,7752.79,7696.17,7712.70,3143655
2020-01-19,7712.70,7742.26,7682.50,7712.06,4832167
2020-01-20,7712.06,7758.98,7675.97,7722.84,5679115
2020-01-21,7722.84,7739.38,7682.85,7699.34,3141289
2020-01-22,7699.34,7770.52,7654.50,7725.53,6823628
2020-01-23,7725.53,7827.58,7669.47,7771.19,8256995
2020-01-26,7771.19,7794.57,7735.99,7759.34,4009293
2020-01-27,7759.34,7859.11,7704.02,7803.47,8129903
2020-01-28,7803.47,7856.30,7765.02,7817.78,5927469
2020-01-29,7817.78,7818.41,7765.17,7765.80,1081001
2020-01-30,7765.80,7789.76,7731.07,7754.99,4084327
2020-02-02,7754.99,7762.93,7708.33,7716.23,2023868
2020-02-03,7716.23,7763.40,7680.04,7727.16,5689746
2020-02-04,7727.16,7781.45,7688.37,7742.58,6020233
2020-02-05,7742.58,7836.77,7689.32,7783.22,7879526
2020-02-06,7783.22,7819.62,7750.78,7787.16,5168861
2020-02-09,7787.16,7789.27,7735.88,7737.98,1270953
2020-02-10,7737.98,7752.12,7696.09,7710.19,2827777
2020-02-11,7710.19,7724.46,7668.59,7682.82,2851680
2020-02-12,7682.82,7684.12,7631.64,7632.94,1169821
2020-02-13,7632.94,7690.39,7593.23,7650.59,6201954
2020-02-16,7650.59,7658.79,7604.84,7612.99,2071536
2020-02-17,7612.99,7613.37,7561.59,7561.97,1050171
2020-02-18,7561.97,7600.81,7529.18,7568.00,5335390
2020-02-19,7568.00,7624.12,7528.93,7584.97,6161762
2020-02-20,7584.97,7609.59,7551.96,7576.55,4245336
2020-02-23,7576.55,7595.95,7539.70,7559.06,3561419
2020-02-24,7559.06,7570.07,7516.04,7526.99,2455692
2020-02-25,7526.99,7581.30,7488.69,7542.91,6088648
2020-02-26,7542.91,7567.15,7509.91,7534.12,4213374
2020-02-27,7534.12,7543.81,7490.27,7499.92,2286659
2020-03-01,7499.92,7506.77,7454.17,7460.99,1913443
2020-03-02,7460.99,7473.11,7419.47,7431.54,2624588
2020-03-03,7431.54,7544.75,7372.18,7484.96,8987997
2020-03-04,7484.96,7500.33,7445.72,7461.03,3053052
2020-03-05,7461.03,7469.45,7416.73,7425.11,2128395
2020-03-08,7425.11,7431.74,7379.70,7386.29,1893038
2020-03-09,7386.29,7414.66,7357.42,7385.79,4840809
2020-03-10,7385.79,7438.45,7348.43,7401.01,6058127
2020-03-11,7401.01,7500.38,7346.73,7445.76,8335116
2020-03-12,7445.76,7457.75,7404.25,7416.19,2610048
2020-03-15,7416.19,7421.73,7370.02,7375.53,1747119
2020-03-16,7375.53,7460.52,7326.50,7411.25,7647565
2020-03-17,7411.25,7497.60,7361.64,7447.75,7694101
2020-03-18,7447.75,7551.73,7391.68,7495.30,8528703
2020-03-19,7495.30,7511.52,7456.62,7472.79,3163717
2020-03-22,7472.79,7554.33,7424.77,7506.09,7426303
2020-03-23,7506.09,7552.94,7470.54,7517.34,5736213
2020-03-24,7517.34,7574.23,7478.12,7534.92,6216906
2020-03-25,7534.92,7569.56,7503.73,7538.35,5139986
2020-03-26,7538.35,7566.27,7508.11,7536.02,4702983
2020-03-29,7536.02,7559.68,7502.63,7526.26,4140466
2020-03-30,7526.26,7550.11,7493.08,7516.89,4168484
2020-03-31,7516.89,7626.71,7458.54,7567.96,8762345
2020-04-01,7567.96,7668.16,7512.96,7612.83,8267729
2020-04-02,7612.83,7704.71,7560.72,7652.33,7845130
2020-04-05,7652.33,7689.78,7619.83,7657.26,5247633
2020-04-06,7657.26,7709.19,7619.49,7671.35,5932030
2020-04-07,7671.35,7690.56,7633.71,7652.87,3503257
2020-04-08,7652.87,7695.48,7618.49,7661.07,5492181
2020-04-09,7661.07,7766.72,7603.87,7709.16,8466700
2020-04-12,7709.16,7720.54,7665.39,7676.73,2476200
2020-04-13,7676.73,7706.12,7646.65,7676.05,4829320
2020-04-14,7676.05,7692.97,7636.67,7653.55,3205075
2020-04-15,7653.55,7751.26,7599.23,7696.64,8097290
2020-04-16,7696.64,7762.87,7653.59,7719.70,6592386
2020-04-19,7719.70,7723.41,7670.09,7673.78,1480486
2020-04-20,7673.78,7763.31,7622.36,7711.64,7699862
2020-04-21,7711.64,7767.84,7672.20,7728.31,6114711
2020-04-22,7728.31,7795.54,7684.83,7751.92,6626268
2020-04-23,7751.92,7779.97,7720.33,7748.36,4617249
2020-04-26,7748.36,7817.98,7703.96,7773.44,6729629
2020-04-27,7773.44,7827.10,7734.76,7788.35,5975754
2020-04-28,7788.35,7797.56,7742.42,7751.58,2182784
2020-04-29,7751.58,7773.06,7715.10,7736.53,3770473
2020-04-30,7736.53,7750.94,7694.86,7709.22,2862277
2020-05-03,7709.22,7730.26,7672.70,7693.70,3729801
2020-05-04,7693.70,7802.01,7635.45,7743.39,8570576
2020-05-05,7743.39,7853.44,7684.39,7794.06,8619170
2020-05-06,7794.06,7822.05,7762.14,7790.12,4591632
2020-05-07,7790.12,7897.48,7731.98,7838.97,8463271
2020-05-10,7838.97,7851.36,7795.08,7807.42,2579766
2020-05-11,7807.42,7907.19,7751.97,7851.44,8101611
2020-05-12,7851.44,7923.11,7806.04,7877.57,6781893
2020-05-13,7877.57,7901.81,7842.29,7866.50,4077400
2020-05-14,7866.50,7871.17,7816.62,7821.25,1593072
2020-05-17,7821.25,7894.34,7775.42,7848.35,6859773
2020-05-18,7848.35,7956.12,7789.92,7897.32,8445404
2020-05-19,7897.32,7924.17,7863.86,7890.68,4399348
2020-05-20,7890.68,7914.59,7855.07,7878.94,4030246
2020-05-21,7878.94,7894.84,7837.42,7853.26,3017112
2020-05-24,7853.26,7875.67,7816.78,7839.15,3853772
2020-05-25,7839.15,7844.07,7789.64,7794.52,1626646
2020-05-26,7794.52,7873.09,7746.78,7825.16,7125857
2020-05-27,7825.16,7843.08,7785.51,7803.38,3289677
2020-05-28,7803.38,7818.85,7762.05,7777.47,2982304
2020-05-31,7777.47,7876.93,7722.21,7821.36,8104972
2020-06-01,7821.36,7876.74,7781.94,7837.24,6040397
2020-06-02,7837.24,7856.29,7798.36,7817.36,3430555
2020-06-03,7817.36,7819.61,7765.98,7768.22,1287791
2020-06-04,7768.22,7853.26,7718.20,7803.01,7439266
2020-06-07,7803.01,7863.96,7761.62,7822.47,6304732
2020-06-08,7822.47,7877.15,7783.29,7837.90,6007647
2020-06-09,7837.90,7852.17,7795.43,7809.64,2819615
2020-06-10,7809.64,7884.31,7763.27,7837.77,6938168
2020-06-11,7837.77,7842.46,7788.09,7792.75,1597873
2020-06-14,7792.75,7812.35,7754.58,7774.14,3514780
2020-06-15,7774.14,7885.60,7714.55,7825.62,8664197
2020-06-16,7825.62,7910.26,7775.60,7860.02,7391803
2020-06-17,7860.02,7890.34,7829.39,7859.72,4858093
2020-06-18,7859.72,7932.21,7814.00,7886.35,6816152
2020-06-21,7886.35,7899.93,7843.04,7856.57,2722770
2020-06-22,7856.57,7865.87,7810.24,7819.49,2182887
2020-06-23,7819.49,7848.64,7788.26,7817.40,4727366
2020-06-24,7817.40,7891.84,7771.09,7845.37,6924108
2020-06-25,7845.37,7917.87,7799.69,7872.04,6822496
2020-06-28,7872.04,7921.06,7834.79,7883.76,5731172
2020-06-29,7883.76,7967.66,7833.86,7917.55,7329149
2020-06-30,7917.55,7975.15,7877.09,7934.60,6110253
2020-07-01,7934.60,7971.53,7901.58,7938.50,5160905
2020-07-02,7938.50,8021.71,7888.71,7971.72,7271227
2020-07-05,7971.72,7990.69,7931.87,7950.79,3379492
2020-07-06,7950.79,8013.88,7908.25,7971.24,6349897
2020-07-07,7971.24,7979.88,7923.63,7932.23,2083676
2020-07-08,7932.23,7939.87,7884.14,7891.75,1963545
2020-07-09,7891.75,7920.40,7859.67,7888.31,4631481
2020-07-12,7888.31,7904.88,7847.23,7863.74,3099828
2020-07-13,7863.74,7901.10,7830.74,7868.08,5195747
2020-07-14,7868.08,7886.49,7828.51,7846.87,3338991
2020-07-15,7846.87,7894.04,7810.35,7857.48,5653017
2020-07-16,7857.48,7964.59,7799.26,7906.01,8409430
2020-07-19,7906.01,7956.88,7868.02,7918.82,5805761
2020-07-20,7918.82,7953.84,7886.54,7921.55,5076577
2020-07-21,7921.55,7997.28,7874.51,7950.07,6937928
2020-07-22,7950.07,8035.47,7899.47,7984.65,7365123
2020-07-23,7984.65,8014.22,7952.62,7982.19,4703840
2020-07-26,7982.19,8007.05,7946.67,7971.49,4114574
2020-07-27,7971.49,7990.23,7931.47,7950.16,3350411
2020-07-28,7950.16,8046.62,7895.55,7991.73,7868141
2020-07-29,7991.73,8009.89,7951.14,7969.25,3272702
2020-07-30,7969.25,8004.90,7936.62,7972.25,5094958
2020-08-02,7972.25,7979.45,7923.55,7930.71,1902812
2020-08-03,7930.71,8024.25,7877.22,7970.48,7745644
2020-08-04,7970.48,8068.60,7915.23,8013.06,7932098
2020-08-05,8013.06,8072.03,7971.86,8030.74,6141186
2020-08-06,8030.74,8061.79,7999.50,8030.56,4866735
2020-08-09,8030.56,8113.04,7980.80,8063.09,7195164
2020-08-10,8063.09,8162.00,8007.32,8105.94,7916598
2020-08-11,8105.94,8161.75,8065.66,8121.39,5969307
2020-08-12,8121.39,8182.87,8079.02,8140.40,6217489
2020-08-13,8140.40,8153.12,8094.72,8107.38,2562379
2020-08-16,8107.38,8172.55,8063.71,8128.76,6386694
2020-08-17,8128.76,8237.84,8069.16,8177.87,8332407
2020-08-18,8177.87,8181.24,8124.89,8128.24,1411865
2020-08-19,8128.24,8131.92,8075.83,8079.48,1452229
2020-08-20,8079.48,8200.00,8015.87,8135.94,8873251
2020-08-23,8135.94,8233.09,8080.63,8177.49,7798388
2020-08-24,8177.49,8189.75,8131.21,8143.42,2499245
2020-08-25,8143.42,8161.12,8101.46,8119.10,3173353
2020-08-26,8119.10,8119.55,8064.31,8064.76,1055281
2020-08-27,8064.76,8095.90,8033.35,8064.49,4861076
2020-08-30,8064.49,8077.12,8019.26,8031.84,2566049
2020-08-31,8031.84,8143.69,7971.47,8082.94,8515877
2020-09-01,8082.94,8106.15,8045.50,8068.67,3871056
2020-09-02,8068.67,8079.84,8022.31,8033.43,2384670
2020-09-03,8033.43,8037.56,7982.01,7986.11,1513511
2020-09-06,7986.11,8000.98,7943.09,7957.91,2862517
2020-09-07,7957.91,8012.55,7918.42,7972.99,5962551
2020-09-08,7972.99,8058.99,7922.11,8007.89,7381515
2020-09-09,8007.89,8045.34,7974.51,8011.94,5168792
2020-09-10,8011.94,8126.11,7950.78,8064.56,8633024
2020-09-13,8064.56,8108.60,8028.64,8072.65,5453223
2020-09-14,8072.65,8131.66,8031.29,8090.21,6123216
2020-09-15,8090.21,8140.56,8051.95,8102.24,5729423
2020-09-16,8102.24,8182.48,8053.12,8133.17,7061968
2020-09-17,8133.17,8133.66,8078.31,8078.79,1059122
2020-09-20,8078.79,8192.85,8017.51,8131.17,8585082
2020-09-21,8131.17,8222.47,8077.99,8169.04,7541083
2020-09-22,8169.04,8171.57,8115.49,8118.00,1309842
2020-09-23,8118.00,8146.69,8084.41,8113.08,4533333
2020-09-24,8113.08,8123.01,8065.48,8075.37,2223902
2020-09-27,8075.37,8085.13,8027.90,8037.62,2208710
2020-09-28,8037.62,8069.41,8006.21,8038.00,4907510
2020-09-29,8038.00,8049.61,7992.18,8003.73,2443758
2020-09-30,8003.73,8083.60,7955.00,8034.67,7089060
2020-10-01,8034.67,8069.41,8002.21,8036.94,5040946
2020-10-04,8036.94,8057.30,7997.69,8018.01,3533984
2020-10-05,8018.01,8036.32,7977.35,7995.61,3284224
2020-10-06,7995.61,8101.45,7937.51,8043.01,8266975
2020-10-07,8043.01,8161.97,7980.05,8098.57,8827914
2020-10-08,8098.57,8107.71,8050.48,8059.57,2127537
2020-10-11,8059.57,8066.97,8010.43,8017.80,1918930
2020-10-12,8017.80,8066.13,7980.45,8028.73,5658882
2020-10-13,8028.73,8105.81,7980.94,8057.85,6952331
2020-10-14,8057.85,8099.11,8022.96,8064.19,5330144
2020-10-15,8064.19,8106.16,8029.03,8070.97,5360219
2020-10-18,8070.97,8107.00,8037.95,8073.96,5091941
2020-10-19,8073.96,8126.54,8034.94,8087.44,5833950
2020-10-20,8087.44,8105.76,8046.32,8064.59,3265260
2020-10-21,8064.59,8162.70,8009.11,8106.93,7879698
2020-10-22,8106.93,8180.53,8060.20,8133.65,6763683
2020-10-25,8133.65,8147.54,8088.89,8102.72,2707338
2020-10-26,8102.72,8116.08,8057.78,8071.09,2648936
2020-10-27,8071.09,8090.88,8031.18,8050.93,3452674
2020-10-28,8050.93,8129.72,8002.46,8081.08,7019787
2020-10-29,8081.08,8198.48,8018.58,8135.56,8732990
2020-11-01,8135.56,8220.01,8084.84,8169.08,7234259
2020-11-02,8169.08,8189.80,8129.20,8149.87,3535939
2020-11-03,8149.87,8194.64,8113.48,8158.21,5465192
2020-11-04,8158.21,8202.51,8121.98,8166.23,5441769
2020-11-05,8166.23,8187.38,8126.69,8147.79,3589128
2020-11-08,8147.79,8173.69,8111.92,8137.79,4178875
2020-11-09,8137.79,8141.11,8085.05,8088.35,1408539
2020-11-10,8088.35,8100.59,8042.66,8054.84,2512688
2020-11-11,8054.84,8160.14,7996.79,8101.75,8207373
2020-11-12,8101.75,8168.68,8057.45,8124.26,6467901
2020-11-15,8124.26,8145.71,8085.23,8106.63,3639951
2020-11-16,8106.63,8138.17,8075.14,8106.69,4884019
2020-11-17,8106.69,8206.95,8050.32,8150.28,7953189
2020-11-18,8150.28,8160.91,8102.96,8113.55,2304252
2020-11-19,8113.55,8159.84,8076.69,8122.95,5542146
2020-11-22,8122.95,8124.55,8069.01,8070.60,1197736
2020-11-23,8070.60,8077.37,8020.92,8027.65,1838923
2020-11-24,8027.65,8072.86,7991.41,8036.58,5515089
2020-11-25,8036.58,8082.27,8000.13,8045.79,5534876
2020-11-26,8045.79,8092.48,8008.96,8055.60,5577297
2020-11-29,8055.60,8159.32,7998.12,8101.51,8136179
2020-11-30,8101.51,8209.44,8042.38,8149.97,8297942
2020-12-01,8149.97,8271.07,8085.97,8206.63,8852709
2020-12-02,8206.63,8325.98,8143.12,8262.04,8738751
2020-12-03,8262.04,8293.61,8229.62,8261.18,4820267
2020-12-06,8261.18,8341.55,8211.63,8291.81,6998491
2020-12-07,8291.81,8305.54,8245.86,8259.54,2656138
2020-12-08,8259.54,8327.03,8214.65,8282.02,6435185
2020-12-09,8282.02,8301.46,8240.42,8259.81,3347976
2020-12-10,8259.81,8261.64,8205.11,8206.93,1221673
2020-12-13,8206.93,8320.32,8145.58,8258.58,8476028
2020-12-14,8258.58,8260.52,8203.97,8205.89,1234499
2020-12-15,8205.89,8303.20,8150.35,8247.37,7768689
2020-12-16,8247.37,8311.15,8203.86,8267.52,6276131
2020-12-17,8267.52,8292.26,8229.98,8254.67,3991392
2020-12-20,8254.67,8259.87,8202.55,8207.73,1630521
2020-12-21,8207.73,8225.53,8165.40,8183.15,3168827
2020-12-22,8183.15,8261.70,8134.44,8212.82,6951989
2020-12-23,8212.82,8222.19,8164.13,8173.45,2140500
2020-12-24,8173.45,8185.61,8127.12,8139.23,2487448
2020-12-27,8139.23,8183.59,8103.01,8147.34,5449622
2020-12-28,8147.34,8176.93,8114.22,8143.80,4631961
2020-12-29,8143.80,8235.79,8090.34,8182.07,7565329
2020-12-30,8182.07,8196.94,8137.72,8152.54,2817626
2020-12-31,8152.54,8180.57,8118.23,8146.24,4438237
2021-01-03,8146.24,8197.08,8107.66,8158.44,5735802
2021-01-04,8158.44,8169.78,8111.59,8122.88,2389334
2021-01-05,8122.88,8154.68,8091.26,8123.06,4892661
2021-01-06,8123.06,8232.05,8063.50,8172.13,8332201
2021-01-07,8172.13,8262.92,8119.03,8209.58,7498079
2021-01-10,8209.58,8212.27,8155.87,8158.55,1328566
2021-01-11,8158.55,8172.32,8113.54,8127.26,2687860
2021-01-12,8127.26,8172.17,8090.87,8135.75,5477194
2021-01-13,8135.75,8171.79,8102.56,8138.59,5079286
2021-01-14,8138.59,8243.37,8080.51,8184.96,8136111
2021-01-17,8184.96,8279.56,8130.45,8224.78,7660013
2021-01-18,8224.78,8245.16,8184.27,8204.60,3478155
2021-01-19,8204.60,8229.30,8167.46,8192.12,4010288
2021-01-20,8192.12,8195.23,8138.85,8141.94,1379869
2021-01-21,8141.94,8240.51,8086.10,8184.38,7858504
2021-01-24,8184.38,8189.65,8132.79,8138.03,1643724
2021-01-25,8138.03,8194.07,8097.58,8153.55,5970096
2021-01-26,8153.55,8200.33,8116.42,8163.16,5553669
2021-01-27,8163.16,8190.67,8128.39,8155.87,4369753
2021-01-28,8155.87,8275.06,8092.55,8211.31,8764026
2021-01-31,8211.31,8311.59,8154.68,8254.66,7896982
2021-02-01,8254.66,8346.91,8200.83,8292.82,7521707
2021-02-02,8292.82,8329.92,8258.86,8295.94,5094993
2021-02-03,8295.94,8306.08,8247.26,8257.35,2221776
2021-02-04,8257.35,8324.78,8212.49,8279.79,6432921
2021-02-07,8279.79,8344.28,8235.94,8300.31,6296330
2021-02-08,8300.31,8400.87,8243.36,8343.62,7861385
2021-02-09,8343.62,8372.30,8308.50,8337.15,4436728
2021-02-10,8337.15,8434.46,8281.28,8378.31,7701371
2021-02-11,8378.31,8404.70,8341.25,8367.60,4149142
2021-02-14,8367.60,8399.95,8335.05,8367.40,4866460
2021-02-15,8367.40,8397.88,8333.46,8363.93,4643449
2021-02-16,8363.93,8375.80,8316.09,8327.90,2418381
2021-02-17,8327.90,8345.02,8284.25,8301.31,3055452
2021-02-18,8301.31,8415.54,8239.42,8353.26,8455898
2021-02-21,8353.26,8411.54,8311.47,8369.67,6002434
2021-02-22,8369.67,8380.86,8321.28,8332.42,2337037
2021-02-23,8332.42,8401.36,8286.83,8355.64,6472050
2021-02-24,8355.64,8365.95,8306.69,8316.96,2234636
2021-02-25,8316.96,8375.95,8275.00,8333.91,6044547
2021-02-28,8333.91,8342.45,8283.77,8292.27,2025240
2021-03-01,8292.27,8304.28,8245.03,8256.98,2448319
2021-03-02,8256.98,8261.21,8204.11,8208.31,1511316
2021-03-03,8208.31,8275.69,8163.58,8230.84,6448799
2021-03-04,8230.84,8238.88,8181.03,8189.02,1976817
2021-03-07,8189.02,8292.98,8131.12,8234.75,8070679
2021-03-08,8234.75,8316.62,8184.72,8266.40,7076063
2021-03-09,8266.40,8292.46,8229.85,8255.89,4153463
2021-03-10,8255.89,8291.93,8222.40,8258.43,5055967
2021-03-11,8258.43,8344.29,8206.89,8292.54,7240363
2021-03-14,8292.54,8320.00,8256.86,8284.29,4311591
2021-03-15,8284.29,8307.49,8245.49,8268.64,3800514
2021-03-16,8268.64,8279.19,8220.45,8230.95,2275034
2021-03-17,8230.95,8283.42,8191.57,8243.98,5784533
2021-03-18,8243.98,8338.75,8189.26,8283.76,7637654
2021-03-21,8283.76,8304.58,8243.18,8263.95,3513408
2021-03-22,8263.95,8287.96,8225.89,8249.86,3905624
2021-03-23,8249.86,8273.79,8211.83,8235.72,3900720
2021-03-24,8235.72,8299.69,8192.16,8256.03,6288820
2021-03-25,8256.03,8264.35,8206.25,8214.53,2008196
2021-03-28,8214.53,8238.55,8176.81,8200.78,3923045
2021-03-29,8200.78,8256.46,8160.31,8215.91,5934602
2021-03-30,8215.91,8235.84,8175.12,8195.00,3425582
2021-03-31,8195.00,8211.70,8151.94,8168.58,3037962
2021-04-01,8168.58,8220.65,8129.51,8181.51,5784087
2021-04-04,8181.51,8201.89,8141.29,8161.62,3491117
2021-04-05,8161.62,8190.83,8128.13,8157.32,4578806
2021-04-06,8157.32,8158.71,8102.99,8104.37,1170610
2021-04-07,8104.37,8150.52,8067.59,8113.70,5538134
2021-04-08,8113.70,8137.06,8076.17,8099.49,3878909
2021-04-11,8099.49,8119.15,8059.29,8078.90,3427503
2021-04-12,8078.90,8110.69,8047.39,8079.18,4899965
2021-04-13,8079.18,8105.61,8044.18,8070.58,4271604
2021-04-14,8070.58,8168.95,8014.99,8113.07,7888100
2021-04-15,8113.07,8145.21,8081.34,8113.49,4909945
2021-04-18,8113.49,8114.22,8058.95,8059.68,1090226
2021-04-19,8059.68,8066.82,8010.35,8017.45,1885733
2021-04-20,8017.45,8137.67,7954.10,8073.87,8901406
2021-04-21,8073.87,8122.75,8036.18,8085.01,5668106
2021-04-22,8085.01,8115.36,8052.88,8083.22,4753737
2021-04-25,8083.22,8109.15,8047.81,8073.71,4207681
2021-04-26,8073.71,8115.25,8038.68,8080.19,5338580
2021-04-27,8080.19,8103.02,8042.49,8065.28,3825445
2021-04-28,8065.28,8074.65,8017.59,8026.92,2162105
2021-04-29,8026.92,8046.46,7987.12,8006.62,3434979
2021-05-02,8006.62,8018.10,7960.91,7972.35,2434190
2021-05-03,7972.35,8030.07,7931.71,7989.34,6098010
2021-05-04,7989.34,8007.64,7948.87,7967.12,3290637
2021-05-05,7967.12,7990.33,7930.47,7953.64,3913305
2021-05-06,7953.64,7972.32,7913.70,7932.33,3348731
2021-05-09,7932.33,8036.71,7874.91,7978.96,8238888
2021-05-10,7978.96,7999.67,7940.36,7961.03,3596124
2021-05-11,7961.03,7999.99,7927.21,7966.15,5247599
2021-05-12,7966.15,8013.16,7929.40,7976.37,5613065
2021-05-13,7976.37,8006.81,7945.04,7975.48,4815980
2021-05-16,7975.48,8055.92,7926.60,8006.85,7127949
2021-05-17,8006.85,8079.17,7960.84,8033.00,6746502
2021-05-18,8033.00,8048.32,7990.00,8005.26,2906207
2021-05-19,8005.26,8031.86,7970.88,7997.46,4323113
2021-05-20,7997.46,8074.68,7949.69,8026.74,6972530
2021-05-23,8026.74,8028.35,7973.45,7975.05,1200137
2021-05-24,7975.05,8078.40,7917.90,8020.92,8166426
2021-05-25,8020.92,8025.93,7970.24,7975.22,1624485
2021-05-26,7975.22,7991.42,7933.27,7949.42,3031104
2021-05-27,7949.42,8004.63,7909.74,7964.88,5991220
2021-05-30,7964.88,7973.12,7917.02,7925.23,2035699
2021-05-31,7925.23,7946.89,7887.70,7909.31,3732441
2021-06-01,7909.31,7910.35,7856.39,7857.42,1130829
2021-06-02,7857.42,7877.37,7819.08,7838.99,3539506
2021-06-03,7838.99,7907.43,7794.80,7863.10,6637482
2021-06-06,7863.10,7894.44,7832.29,7863.63,4918587
2021-06-07,7863.63,7867.32,7813.02,7816.69,1469238
2021-06-08,7816.69,7894.49,7769.17,7846.78,7079561
2021-06-09,7846.78,7875.72,7815.21,7844.14,4687825
2021-06-10,7844.14,7923.91,7795.84,7875.42,7158230
2021-06-13,7875.42,7982.39,7817.20,7923.82,8392009
2021-06-14,7923.82,7945.78,7886.53,7908.45,3771879
2021-06-15,7908.45,8005.98,7853.57,7950.80,7939814
2021-06-16,7950.80,8004.20,7911.78,7965.11,5908161
2021-06-17,7965.11,8009.72,7929.23,7973.80,5504080
2021-06-20,7973.80,8054.65,7924.79,8005.44,7147325
2021-06-21,8005.44,8021.14,7962.91,7978.56,2961351
2021-06-22,7978.56,8016.95,7944.91,7983.28,5217764
2021-06-23,7983.28,8085.58,7926.49,8028.46,8114094
2021-06-24,8028.46,8043.59,7985.35,8000.43,2884910
2021-06-27,8000.43,8061.63,7958.46,8019.56,6246262
2021-06-28,8019.56,8079.30,7978.07,8037.71,6173456
2021-06-29,8037.71,8037.81,7983.21,7983.31,1012174
2021-06-30,7983.31,8006.64,7946.64,7969.94,3922908
2021-07-01,7969.94,7999.10,7937.70,7966.85,4658744
2021-07-04,7966.85,8081.34,7905.69,8019.78,8676474
2021-07-05,8019.78,8024.44,7968.85,7973.48,1581035
2021-07-06,7973.48,8048.95,7926.41,8001.71,6903292
2021-07-07,8001.71,8040.07,7968.02,8006.35,5211145
2021-07-08,8006.35,8018.79,7961.37,7973.76,2553978
2021-07-11,7973.76,8078.73,7916.03,8020.65,8240432
2021-07-12,8020.65,8028.27,7971.94,7979.52,1949519
2021-07-13,7979.52,7988.90,7932.42,7941.75,2175068
2021-07-14,7941.75,7965.60,7905.75,7929.57,4003497
2021-07-15,7929.57,7939.28,7883.05,7892.72,2224931
2021-07-18,7892.72,7914.65,7855.62,7877.50,3777640
2021-07-19,7877.50,7922.09,7841.84,7886.40,5525823
2021-07-20,7886.40,7889.32,7835.06,7837.97,1370713
2021-07-21,7837.97,7851.25,7794.76,7808.00,2695027
2021-07-22,7808.00,7908.62,7752.24,7852.55,8140740
2021-07-25,7852.55,7866.06,7809.41,7822.87,2720198
2021-07-26,7822.87,7832.73,7777.20,7787.01,2260562
2021-07-27,7787.01,7866.71,7738.88,7818.38,7181584
2021-07-28,7818.38,7823.12,7768.87,7773.59,1606721
2021-07-29,7773.59,7823.64,7736.22,7786.21,5807578
2021-08-01,7786.21,7840.08,7747.42,7801.22,5981687
2021-08-02,7801.22,7804.06,7750.39,7753.21,1363614
2021-08-03,7753.21,7864.49,7693.75,7804.63,8669410
2021-08-04,7804.63,7899.46,7750.98,7845.53,7874382
2021-08-05,7845.53,7885.58,7811.60,7851.63,5324211
2021-08-08,7851.63,7910.24,7810.96,7869.48,6179389
2021-08-09,7869.48,7972.04,7812.87,7915.11,8193004
2021-08-10,7915.11,8032.04,7853.19,7969.71,8821844
2021-08-11,7969.71,7975.05,7919.63,7924.95,1670850
2021-08-12,7924.95,7935.02,7878.74,7888.76,2270884
2021-08-15,7888.76,7969.68,7839.93,7920.65,7189849
2021-08-16,7920.65,7986.29,7877.27,7942.79,6477126
2021-08-17,7942.79,7946.29,7891.51,7894.99,1441358
2021-08-18,7894.99,7916.79,7857.78,7879.54,3761556
2021-08-19,7879.54,7976.53,7824.92,7921.62,7931550
2021-08-22,7921.62,7921.92,7868.06,7868.35,1037757
2021-08-23,7868.35,7875.20,7820.10,7826.91,1870301
2021-08-24,7826.91,7829.79,7775.94,7778.80,1367455
2021-08-25,7778.80,7805.20,7745.80,7772.18,4393415
2021-08-26,7772.18,7802.09,7741.84,7771.76,4849417
2021-08-29,7771.76,7828.46,7731.98,7788.60,6118175
2021-08-30,7788.60,7860.99,7743.10,7815.34,6841666
2021-08-31,7815.34,7913.71,7760.38,7858.45,8032235
2021-09-01,7858.45,7862.51,7808.16,7812.20,1517043
2021-09-02,7812.20,7833.42,7775.11,7796.29,3715843
2021-09-05,7796.29,7866.82,7751.44,7821.83,6752091
2021-09-06,7821.83,7895.73,7775.70,7849.44,6897393
2021-09-07,7849.44,7911.72,7807.45,7869.62,6349279
2021-09-08,7869.62,7895.93,7835.94,7862.22,4342318
2021-09-09,7862.22,7866.88,7812.36,7816.99,1592558
2021-09-12,7816.99,7825.39,7770.26,7778.62,2075308
2021-09-13,7778.62,7803.02,7744.13,7768.50,4136248
2021-09-14,7768.50,7799.83,7737.92,7769.26,4935871
2021-09-15,7769.26,7778.79,7723.70,7733.19,2227263
2021-09-16,7733.19,7736.80,7683.41,7687.00,1467215
2021-09-19,7687.00,7712.07,7653.63,7678.67,4260665
2021-09-20,7678.67,7687.41,7633.13,7641.83,2138477
2021-09-21,7641.83,7730.33,7590.87,7679.12,7668552
2021-09-22,7679.12,7693.72,7637.98,7652.52,2900274
2021-09-23,7652.52,7687.75,7620.82,7656.03,5142283
2021-09-26,7656.03,7664.25,7610.25,7618.43,2073593
2021-09-27,7618.43,7642.72,7584.95,7609.21,4188031
2021-09-28,7609.21,7674.26,7566.81,7631.74,6572016
2021-09-29,7631.74,7654.75,7597.21,7620.19,4015672
2021-09-30,7620.19,7638.92,7582.54,7601.22,3457270
2021-10-03,7601.22,7607.01,7553.98,7559.73,1761008
2021-10-04,7559.73,7671.55,7500.55,7611.96,8828120
2021-10-05,7611.96,7635.11,7577.68,7600.79,4041323
2021-10-06,7600.79,7608.72,7555.17,7563.05,2042592
2021-10-07,7563.05,7584.56,7527.87,7549.34,3844272
2021-10-10,7549.34,7551.41,7499.64,7501.70,1273525
2021-10-11,7501.70,7514.82,7460.65,7473.73,2750102
2021-10-12,7473.73,7575.37,7418.45,7519.74,8397462
2021-10-13,7519.74,7582.27,7478.48,7540.89,6487208
2021-10-14,7540.89,7618.80,7494.01,7571.73,7216872
2021-10-17,7571.73,7577.94,7525.01,7531.20,1821021
2021-10-18,7531.20,7604.82,7485.89,7559.34,7015706
2021-10-19,7559.34,7572.77,7518.13,7531.51,2776234
2021-10-20,7531.51,7549.95,7494.25,7512.64,3448285
2021-10-21,7512.64,7568.99,7473.63,7529.90,6192352
2021-10-24,7529.90,7639.88,7471.45,7581.04,8761522
2021-10-25,7581.04,7688.65,7523.33,7630.56,8612585
2021-10-26,7630.56,7712.22,7582.11,7663.55,7350480
2021-10-27,7663.55,7690.42,7631.69,7658.54,4506069
2021-10-28,7658.54,7686.47,7627.50,7655.42,4647256
2021-10-31,7655.42,7705.04,7618.49,7668.06,5823422
2021-11-01,7668.06,7670.69,7617.98,7620.60,1343209
2021-11-02,7620.60,7634.97,7579.68,7594.00,2885631
2021-11-03,7594.00,7624.82,7564.05,7594.86,4944513
2021-11-04,7594.86,7607.06,7552.49,7564.64,2606275
2021-11-07,7564.64,7631.17,7521.81,7588.22,6661042
2021-11-08,7588.22,7684.04,7534.74,7630.27,8047085
2021-11-09,7630.27,7650.33,7593.55,7613.56,3628600
2021-11-10,7613.56,7631.13,7575.09,7592.60,3306824
2021-11-11,7592.60,7603.72,7549.43,7560.51,2464471
2021-11-14,7560.51,7649.63,7509.52,7598.39,7743518
2021-11-15,7598.39,7622.38,7564.82,7588.77,4156310
2021-11-16,7588.77,7673.75,7539.22,7623.96,7530006
2021-11-17,7623.96,7633.76,7579.59,7589.33,2284362
2021-11-18,7589.33,7616.22,7557.98,7584.85,4542832
2021-11-21,7584.85,7596.82,7542.37,7554.29,2577023
2021-11-22,7554.29,7619.13,7512.10,7576.82,6584465
2021-11-23,7576.82,7667.32,7525.30,7615.53,7799725
2021-11-24,7615.53,7688.36,7570.31,7642.97,6938854
2021-11-25,7642.97,7738.01,7589.65,7684.40,7977160
2021-11-28,7684.40,7686.40,7633.73,7635.72,1260322
2021-11-29,7635.72,7730.07,7582.66,7676.73,7948834
2021-11-30,7676.73,7682.84,7629.22,7635.29,1795781
2021-12-01,7635.29,7660.17,7602.13,7626.98,4257956
2021-12-02,7626.98,7742.17,7566.42,7681.18,8940294
2021-12-05,7681.18,7763.87,7632.22,7714.70,7373662
2021-12-06,7714.70,7738.81,7680.43,7704.52,4125960
2021-12-07,7704.52,7742.20,7671.80,7709.46,5246570
2021-12-08,7709.46,7732.93,7674.75,7698.18,4044135
2021-12-09,7698.18,7722.80,7664.40,7688.99,4197668
2021-12-12,7688.99,7789.37,7633.62,7733.68,8200994
2021-12-13,7733.68,7750.23,7693.63,7710.13,3140534
2021-12-14,7710.13,7802.37,7657.65,7749.62,7806412
2021-12-15,7749.62,7785.18,7717.56,7753.10,5136899
2021-12-16,7753.10,7849.92,7698.86,7795.38,7996193
2021-12-19,7795.38,7805.40,7750.01,7759.99,2285528
2021-12-20,7759.99,7843.83,7710.42,7794.04,7387620
2021-12-21,7794.04,7847.17,7755.51,7808.56,5944444
2021-12-22,7808.56,7883.87,7761.96,7837.10,6968347
2021-12-23,7837.10,7847.18,7791.49,7801.53,2286488
2021-12-26,7801.53,7905.92,7744.43,7848.48,8318621
2021-12-27,7848.48,7849.95,7796.30,7797.77,1188203
2021-12-28,7797.77,7799.07,7745.81,7747.10,1166838
2021-12-29,7747.10,7758.35,7702.98,7714.18,2452057
2021-12-30,7714.18,7739.47,7680.80,7706.06,4278429
2022-01-02,7706.06,7788.77,7657.04,7739.53,7362002
2022-01-03,7739.53,7829.37,7687.85,7777.43,7678086
2022-01-04,7777.43,7797.44,7739.67,7759.63,3572359
2022-01-05,7759.63,7861.02,7703.72,7804.79,8205315
2022-01-06,7804.79,7822.97,7765.48,7783.62,3330041
2022-01-09,7783.62,7794.54,7739.01,7749.88,2403326
2022-01-10,7749.88,7825.95,7703.15,7779.04,7030109
2022-01-11,7779.04,7892.23,7718.82,7831.61,8741255
2022-01-12,7831.61,7855.92,7796.70,7820.98,4104663
2022-01-13,7820.98,7900.77,7772.73,7852.32,7169718
2022-01-16,7852.32,7869.95,7812.28,7829.85,3245061
2022-01-17,7829.85,7853.42,7794.40,7817.93,4009705
2022-01-18,7817.93,7841.05,7782.22,7805.31,3957475
2022-01-19,7805.31,7863.48,7764.92,7822.99,6174794
2022-01-20,7822.99,7865.68,7788.17,7830.82,5451783
2022-01-23,7830.82,7944.45,7770.31,7883.54,8726714
2022-01-24,7883.54,7914.00,7852.85,7883.31,4863786
2022-01-25,7883.31,7905.10,7846.17,7867.92,3764231
2022-01-26,7867.92,7983.92,7806.46,7922.04,8810768
2022-01-27,7922.04,7935.08,7878.08,7891.06,2645370
2022-01-30,7891.06,7901.17,7845.11,7855.16,2280384
2022-01-31,7855.16,7943.40,7803.77,7891.77,7542969
2022-02-01,7891.77,7906.39,7849.20,7863.77,2852880
2022-02-02,7863.77,7889.99,7830.06,7856.25,4333573
2022-02-03,7856.25,7960.02,7799.24,7902.68,8256652
2022-02-06,7902.68,8019.38,7840.88,7957.16,8819650
2022-02-07,7957.16,7996.31,7923.29,7962.41,5257133
2022-02-08,7962.41,8024.18,7920.33,7981.99,6285150
2022-02-09,7981.99,8079.08,7927.08,8023.88,7879012
2022-02-10,8023.88,8132.71,7964.63,8073.09,8384396
2022-02-13,8073.09,8106.24,8041.11,8074.25,4961796
2022-02-14,8074.25,8093.34,8033.79,8052.83,3364300
2022-02-15,8052.83,8053.22,7998.45,7998.84,1048696
2022-02-16,7998.84,8090.40,7945.89,8037.19,7619924
2022-02-17,8037.19,8106.72,7992.11,8061.51,6608847
2022-02-20,8061.51,8074.27,8016.40,8029.11,2583367
2022-02-21,8029.11,8033.87,7978.19,7982.92,1592866
2022-02-22,7982.92,8015.35,7951.42,7983.84,4945987
2022-02-23,7983.84,8090.74,7925.39,8031.93,8321742
2022-02-24,8031.93,8092.66,7990.05,8050.68,6213957
2022-02-27,8050.68,8056.39,8000.33,8006.01,1709053
2022-02-28,8006.01,8052.90,7969.20,8016.05,5597153
2022-03-01,8016.05,8134.36,7953.40,8071.28,8816529
2022-03-02,8071.28,8177.32,8012.91,8118.61,8231378
2022-03-03,8118.61,8169.44,8080.11,8130.87,5742935
2022-03-06,8130.87,8161.23,8098.44,8128.79,4733916
2022-03-07,8128.79,8151.93,8090.99,8114.09,3846296
2022-03-08,8114.09,8139.18,8077.85,8102.91,4092421
2022-03-09,8102.91,8143.72,8068.07,8108.85,5299451
2022-03-10,8108.85,8207.67,8053.01,8151.53,7887139
2022-03-13,8151.53,8175.81,8114.43,8138.67,3978943
2022-03-14,8138.67,8191.95,8099.23,8152.44,5846467
2022-03-15,8152.44,8247.27,8097.92,8192.49,7687242
2022-03-16,8192.49,8311.57,8129.11,8247.77,8735836
2022-03-17,8247.77,8253.61,8196.18,8201.99,1708299
2022-03-20,8201.99,8272.29,8156.22,8226.39,6579938
2022-03-21,8226.39,8276.83,8187.76,8238.14,5696433
2022-03-22,8238.14,8264.66,8202.12,8228.60,4218278
2022-03-23,8228.60,8329.14,8171.84,8272.07,7898559
2022-03-24,8272.07,8334.16,8229.11,8291.09,6194067
2022-03-27,8291.09,8411.01,8227.17,8346.66,8709739
2022-03-28,8346.66,8427.35,8296.78,8377.28,6976440
2022-03-29,8377.28,8425.55,8339.07,8387.28,5562071
2022-03-30,8387.28,8400.00,8339.92,8352.58,2516015
2022-03-31,8352.58,8437.27,8301.24,8385.72,7146913
2022-04-03,8385.72,8470.43,8334.28,8418.79,7133779
2022-04-04,8418.79,8453.56,8385.37,8420.13,4970438
2022-04-05,8420.13,8443.23,8380.32,8403.38,3743312
2022-04-06,8403.38,8467.57,8359.32,8423.41,6242524
2022-04-07,8423.41,8443.68,8381.47,8401.69,3406344
2022-04-10,8401.69,8509.00,8342.05,8449.02,8098971
2022-04-11,8449.02,8513.08,8404.90,8468.86,6221639
2022-04-12,8468.86,8470.19,8412.36,8413.68,1157064
2022-04-13,8413.68,8508.30,8358.59,8452.95,7547222
2022-04-14,8452.95,8464.83,8404.51,8416.33,2404458
2022-04-17,8416.33,8421.01,8362.72,8367.37,1555932
2022-04-18,8367.37,8412.33,8330.38,8375.30,5421399
2022-04-19,8375.30,8436.55,8332.38,8393.54,6124314
2022-04-20,8393.54,8496.96,8335.32,8438.43,7936282
2022-04-21,8438.43,8475.24,8404.22,8441.01,5054835
2022-04-24,8441.01,8472.37,8407.22,8438.57,4714540
2022-04-25,8438.57,8535.43,8382.61,8479.20,7631447
2022-04-26,8479.20,8485.82,8426.63,8433.22,1780864
2022-04-27,8433.22,8437.50,8379.20,8383.46,1508470
2022-04-28,8383.46,8408.40,8345.28,8370.18,3974759
2022-05-01,8370.18,8450.08,8320.52,8400.25,6932818
2022-05-02,8400.25,8501.50,8342.79,8443.75,7839437
2022-05-03,8443.75,8556.29,8382.12,8494.28,8299554
2022-05-04,8494.28,8596.78,8436.15,8538.34,7844032
2022-05-05,8538.34,8555.77,8493.49,8510.86,3040775
2022-05-08,8510.86,8615.80,8451.80,8556.42,7939163
2022-05-09,8556.42,8659.76,8497.83,8600.86,7847839
2022-05-10,8600.86,8671.40,8554.02,8624.43,6445816
2022-05-11,8624.43,8689.94,8579.35,8644.76,6226920
2022-05-12,8644.76,8655.80,8594.39,8605.39,2277572
2022-05-15,8605.39,8650.83,8567.63,8613.04,5387894
2022-05-16,8613.04,8684.87,8565.70,8637.40,6496159
2022-05-17,8637.40,8650.06,8588.30,8600.92,2466563
2022-05-18,8600.92,8619.84,8556.77,8575.64,3200342
2022-05-19,8575.64,8602.05,8537.25,8563.63,4080212
2022-05-22,8563.63,8587.17,8523.18,8546.67,3748148
2022-05-23,8546.67,8565.61,8502.90,8521.79,3216495
2022-05-24,8521.79,8532.97,8472.37,8483.50,2312414
2022-05-25,8483.50,8487.36,8428.82,8432.66,1455658
2022-05-26,8432.66,8556.03,8367.14,8490.06,8769684
2022-05-29,8490.06,8520.00,8454.89,8484.80,4526097
2022-05-30,8484.80,8565.56,8434.55,8515.13,6922427
2022-05-31,8515.13,8602.55,8462.39,8549.60,7193244
2022-06-01,8549.60,8610.48,8506.39,8567.17,6054595
2022-06-02,8567.17,8661.97,8511.64,8606.18,7481790
2022-06-05,8606.18,8613.24,8553.08,8560.10,1820507
2022-06-06,8560.10,8570.64,8509.93,8520.43,2231241
2022-06-07,8520.43,8590.80,8473.84,8544.09,6467078
2022-06-08,8544.09,8569.59,8505.24,8530.70,3984807
2022-06-09,8530.70,8559.62,8494.49,8523.38,4389368
2022-06-12,8523.38,8611.32,8470.44,8558.16,7211625
2022-06-13,8558.16,8558.33,8500.17,8500.34,1019478
2022-06-14,8500.34,8603.34,8442.01,8544.70,7862311
2022-06-15,8544.70,8581.83,8510.11,8547.23,5048765
2022-06-16,8547.23,8575.07,8510.11,8537.92,4257853
2022-06-19,8537.92,8644.24,8478.30,8584.29,7983401
2022-06-20,8584.29,8604.14,8540.94,8560.73,3311831
2022-06-21,8560.73,8561.02,8502.82,8503.10,1033264
2022-06-22,8503.10,8611.40,8442.85,8550.81,8085973
2022-06-23,8550.81,8594.70,8513.75,8557.61,5334156
2022-06-26,8557.61,8571.97,8510.33,8524.65,2679046
2022-06-27,8524.65,8545.99,8482.82,8504.11,3503360
2022-06-28,8504.11,8573.93,8457.77,8527.46,6449074
2022-06-29,8527.46,8557.55,8492.14,8522.21,4528532
2022-06-30,8522.21,8571.47,8483.28,8532.49,5568895
2022-07-03,8532.49,8540.93,8480.93,8489.33,1989917
2022-07-04,8489.33,8497.10,8437.56,8445.29,1915054
2022-07-05,8445.29,8450.49,8391.87,8397.05,1615912
2022-07-06,8397.05,8416.27,8354.50,8373.68,3290020
2022-07-07,8373.68,8436.02,8330.37,8392.61,6171947
2022-07-10,8392.61,8409.21,8348.13,8364.67,2977743
2022-07-11,8364.67,8415.65,8325.50,8376.42,5682716
2022-07-12,8376.42,8406.85,8342.38,8372.80,4632544
2022-07-13,8372.80,8407.77,8339.41,8374.38,4987722
2022-07-14,8374.38,8403.70,8339.52,8368.83,4501337
2022-07-17,8368.83,8488.02,8304.97,8423.75,8630178
2022-07-18,8423.75,8440.42,8379.11,8395.73,2979183
2022-07-19,8395.73,8413.18,8351.87,8369.27,3079218
2022-07-20,8369.27,8416.01,8331.62,8378.32,5498182
2022-07-21,8378.32,8489.66,8317.28,8428.26,8285459
2022-07-24,8428.26,8459.86,8394.74,8426.33,4749691
2022-07-25,8426.33,8498.33,8379.40,8451.25,6569890
2022-07-26,8451.25,8562.49,8390.07,8500.94,8239883
2022-07-27,8500.94,8533.64,8467.75,8500.44,4846090
2022-07-28,8500.44,8587.37,8447.92,8534.63,7178635
2022-07-31,8534.63,8598.26,8490.46,8553.99,6175788
2022-08-01,8553.99,8630.19,8505.21,8581.26,6701748
2022-08-02,8581.26,8595.48,8533.72,8547.89,2657750
2022-08-03,8547.89,8593.93,8510.05,8556.06,5426508
2022-08-04,8556.06,8607.43,8516.28,8567.59,5650000
2022-08-07,8567.59,8596.21,8530.91,8559.50,4340569
2022-08-08,8559.50,8562.29,8503.49,8506.26,1325377
2022-08-09,8506.26,8542.64,8472.03,8508.40,5024176
2022-08-10,8508.40,8604.39,8452.58,8548.31,7560425
2022-08-11,8548.31,8589.16,8512.36,8553.19,5205727
2022-08-14,8553.19,8663.82,8491.97,8602.25,8157613
2022-08-15,8602.25,8701.44,8545.04,8643.96,7650651
2022-08-16,8643.96,8673.35,8607.34,8636.71,4400891
2022-08-17,8636.71,8648.66,8587.08,8598.98,2383641
2022-08-18,8598.98,8705.13,8539.26,8645.09,7944581
2022-08-21,8645.09,8655.85,8594.51,8605.22,2244204
2022-08-22,8605.22,8689.81,8553.28,8637.68,7035596
2022-08-23,8637.68,8661.65,8597.06,8620.98,3775548
2022-08-24,8620.98,8630.20,8569.40,8578.58,2068998
2022-08-25,8578.58,8582.41,8523.22,8527.03,1446810
2022-08-28,8527.03,8597.70,8480.33,8550.86,6476886
2022-08-29,8550.86,8639.01,8497.77,8585.71,7208607
2022-08-30,8585.71,8620.69,8551.79,8586.77,4950617
2022-08-31,8586.77,8607.22,8543.86,8564.26,3381927
2022-09-01,8564.26,8600.24,8530.03,8566.00,4996364
2022-09-04,8566.00,8599.25,8532.76,8566.01,4880349
2022-09-05,8566.01,8621.55,8524.69,8580.16,5824005
2022-09-06,8580.16,8658.11,8530.69,8608.47,6765603
2022-09-07,8608.47,8639.20,8573.08,8603.79,4569341
2022-09-08,8603.79,8604.97,8546.26,8547.43,1136454
2022-09-11,8547.43,8650.70,8488.88,8591.85,7849657
2022-09-12,8591.85,8683.80,8537.28,8629.00,7350925
2022-09-13,8629.00,8752.44,8562.96,8685.97,8652606
2022-09-14,8685.97,8708.39,8643.86,8666.24,3581858
2022-09-15,8666.24,8787.95,8600.73,8722.02,8558436
2022-09-18,8722.02,8823.93,8663.53,8765.15,7705795
2022-09-19,8765.15,8809.21,8727.50,8771.53,5295541
2022-09-20,8771.53,8793.68,8728.63,8750.73,3525205
2022-09-21,8750.73,8756.24,8695.48,8700.95,1629355
2022-09-22,8700.95,8817.50,8637.23,8753.39,8324039
2022-09-25,8753.39,8776.02,8710.98,8733.55,3584567
2022-09-26,8733.55,8740.16,8679.24,8685.81,1756618
2022-09-27,8685.81,8794.39,8625.01,8733.25,8000685
2022-09-28,8733.25,8760.06,8694.09,8720.87,4069855
2022-09-29,8720.87,8741.98,8677.54,8698.60,3420919
2022-10-02,8698.60,8799.10,8640.68,8740.90,7658813
2022-10-03,8740.90,8857.75,8676.96,8793.43,8314403
2022-10-04,8793.43,8801.84,8740.07,8748.43,1955589
2022-10-05,8748.43,8762.71,8699.79,8714.01,2631755
2022-10-06,8714.01,8737.12,8672.22,8695.28,3651543
2022-10-09,8695.28,8820.66,8628.38,8753.31,8693964
2022-10-10,8753.31,8781.79,8715.27,8743.71,4252846
2022-10-11,8743.71,8747.33,8687.08,8690.68,1414609
2022-10-12,8690.68,8707.80,8644.57,8661.62,2969375
2022-10-13,8661.62,8766.41,8602.24,8706.72,7855418
2022-10-16,8706.72,8741.87,8672.45,8707.59,4936934
2022-10-17,8707.59,8734.72,8668.85,8695.94,4115157
2022-10-18,8695.94,8823.23,8628.35,8755.18,8772805
2022-10-19,8755.18,8760.01,8699.38,8704.18,1551851
2022-10-20,8704.18,8800.08,8647.92,8743.55,7464643
2022-10-23,8743.55,8755.26,8693.01,8704.66,2338340
2022-10-24,8704.66,8718.53,8656.01,8669.82,2592695
2022-10-25,8669.82,8786.61,8606.09,8722.49,8351165
2022-10-26,8722.49,8828.73,8662.43,8768.36,7885356
2022-10-27,8768.36,8789.34,8724.61,8745.54,3392798
2022-10-30,8745.54,8755.23,8693.47,8703.12,2108058
2022-10-31,8703.12,8735.73,8668.49,8701.09,4747187
2022-11-01,8701.09,8792.64,8646.40,8737.72,7285493
2022-11-02,8737.72,8848.59,8675.96,8786.48,8068655
2022-11-03,8786.48,8815.10,8748.32,8776.90,4257167
2022-11-06,8776.90,8782.21,8721.32,8726.59,1604115
2022-11-07,8726.59,8776.96,8686.74,8737.07,5566289
2022-11-08,8737.07,8743.61,8682.68,8689.19,1748628
2022-11-09,8689.19,8742.12,8648.51,8701.38,5681995
2022-11-10,8701.38,8760.45,8658.45,8717.44,5934293
2022-11-13,8717.44,8839.78,8651.58,8773.50,8554903
2022-11-14,8773.50,8855.31,8722.16,8803.79,6852469
2022-11-15,8803.79,8834.65,8767.18,8798.02,4506001
2022-11-16,8798.02,8824.50,8758.18,8784.62,4009327
2022-11-17,8784.62,8905.33,8719.18,8839.48,8448868
2022-11-20,8839.48,8871.44,8803.44,8835.38,4614746
2022-11-21,8835.38,8932.25,8778.43,8875.04,7445233
2022-11-22,8875.04,8932.11,8832.40,8889.40,5804526
2022-11-23,8889.40,8894.68,8833.03,8838.28,1593861
2022-11-24,8838.28,8904.66,8792.36,8858.64,6195953
2022-11-27,8858.64,8869.73,8806.86,8817.91,2252777
2022-11-28,8817.91,8898.28,8766.97,8847.18,6776680
2022-11-29,8847.18,8870.13,8804.37,8827.28,3594821
2022-11-30,8827.28,8828.40,8768.19,8769.30,1126954
2022-12-01,8769.30,8866.69,8712.33,8809.46,7496536
2022-12-04,8809.46,8826.86,8762.75,8780.09,2975171
2022-12-05,8780.09,8835.48,8738.29,8793.62,5760390
2022-12-06,8793.62,8881.31,8740.09,8827.58,7086762
2022-12-07,8827.58,8929.85,8768.69,8870.68,7670336
2022-12-08,8870.68,8892.74,8827.05,8849.05,3486419
2022-12-11,8849.05,8981.23,8779.31,8911.00,8880692
2022-12-12,8911.00,8948.86,8875.24,8913.09,5013648
2022-12-13,8913.09,8966.31,8871.74,8924.92,5638374
2022-12-14,8924.92,9041.69,8860.55,8976.95,8211659
2022-12-15,8976.95,9047.91,8929.03,8999.86,6338443
2022-12-18,8999.86,9101.13,8940.92,9041.91,7549588
2022-12-19,9041.91,9165.25,8974.88,9097.81,8412997
2022-12-20,9097.81,9185.80,9043.43,9131.22,6978052
2022-12-21,9131.22,9163.66,9093.57,9126.00,4553395
2022-12-22,9126.00,9160.84,9090.17,9125.01,4818038
2022-12-25,9125.01,9136.56,9071.76,9083.26,2265809
2022-12-26,9083.26,9196.36,9019.83,9132.59,7983127
2022-12-27,9132.59,9265.95,9061.72,9194.60,8760116
2022-12-28,9194.60,9217.91,9149.71,9172.96,3535048
2022-12-29,9172.96,9215.94,9134.69,9177.65,5172119
2023-01-01,9177.65,9281.50,9117.33,9220.89,7572565
2023-01-02,9220.89,9288.19,9173.69,9240.89,6119101
2023-01-03,9240.89,9342.42,9181.25,9282.51,7453703
2023-01-04,9282.51,9315.82,9244.48,9277.78,4588717
2023-01-05,9277.78,9325.83,9237.41,9285.43,5351303
2023-01-08,9285.43,9296.21,9230.52,9241.25,2161213
2023-01-09,9241.25,9261.05,9193.41,9213.14,3141906
2023-01-10,9213.14,9245.99,9175.24,9208.06,4564986
2023-01-11,9208.06,9339.16,9137.82,9268.46,8627983
2023-01-12,9268.46,9347.53,9216.88,9295.80,6565466
2023-01-15,9295.80,9388.67,9239.15,9331.81,7093484
2023-01-16,9331.81,9401.67,9283.40,9353.15,6187345
2023-01-17,9353.15,9364.31,9298.07,9309.17,2192729
2023-01-18,9309.17,9432.48,9241.49,9364.40,8270130
2023-01-19,9364.40,9434.13,9315.96,9385.58,6172633
2023-01-22,9385.58,9388.93,9324.39,9327.72,1357030
2023-01-23,9327.72,9350.37,9281.43,9304.02,3428257
2023-01-24,9304.02,9331.16,9261.25,9288.34,3917181
2023-01-25,9288.34,9388.80,9228.98,9329.17,7391700
2023-01-26,9329.17,9356.24,9286.17,9313.19,3901200
2023-01-29,9313.19,9329.53,9262.27,9278.55,2754320
2023-01-30,9278.55,9385.01,9217.03,9323.20,7630075
2023-01-31,9323.20,9363.03,9285.70,9325.52,5022290
2023-02-01,9325.52,9390.97,9278.73,9344.08,6017386
2023-02-02,9344.08,9393.88,9302.92,9352.68,5405486
2023-02-05,9352.68,9363.20,9297.11,9307.58,2124862
2023-02-06,9307.58,9307.95,9244.66,9245.03,1039711
2023-02-07,9245.03,9273.24,9203.45,9231.62,4051268
2023-02-08,9231.62,9309.79,9180.46,9258.48,6542249
2023-02-09,9258.48,9352.54,9201.49,9295.33,7154629
2023-02-12,9295.33,9383.25,9240.48,9328.20,6900754
2023-02-13,9328.20,9383.12,9285.22,9340.08,5607784
2023-02-14,9340.08,9365.26,9295.60,9320.72,3695473
2023-02-15,9320.72,9323.40,9259.46,9262.12,1287277
2023-02-16,9262.12,9277.45,9210.79,9226.05,2654801
2023-02-19,9226.05,9235.24,9170.34,9179.48,1995576
2023-02-20,9179.48,9257.26,9128.59,9206.22,6544170
2023-02-21,9206.22,9206.37,9143.82,9143.97,1016632
2023-02-22,9143.97,9192.27,9103.85,9152.11,5388271
2023-02-23,9152.11,9161.30,9096.91,9106.06,2004766
2023-02-26,9106.06,9133.62,9064.94,9092.46,4026611
2023-02-27,9092.46,9094.34,9032.14,9034.01,1206893
2023-02-28,9034.01,9121.99,8979.79,9067.57,7002400
2023-03-01,9067.57,9156.27,9013.00,9101.49,7018072
2023-03-02,9101.49,9235.02,9030.64,9163.69,8784773
2023-03-05,9163.69,9300.30,9091.56,9227.68,8870404
2023-03-06,9227.68,9274.79,9187.77,9234.85,5324348
2023-03-07,9234.85,9336.35,9175.24,9276.47,7455246
2023-03-08,9276.47,9294.49,9227.06,9245.01,2942112
2023-03-09,9245.01,9256.84,9191.16,9202.93,2278772
2023-03-12,9202.93,9332.00,9133.43,9262.06,8551646
2023-03-13,9262.06,9391.95,9192.12,9321.56,8550857
2023-03-14,9321.56,9323.56,9259.78,9261.77,1214677
2023-03-15,9261.77,9362.34,9202.43,9302.73,7407304
2023-03-16,9302.73,9342.67,9265.24,9305.17,5029972
2023-03-19,9305.17,9356.30,9263.62,9314.71,5465397
2023-03-20,9314.71,9414.52,9255.51,9355.06,7355555
2023-03-21,9355.06,9380.44,9310.62,9335.95,3712791
2023-03-22,9335.95,9348.69,9282.17,9294.85,2364266
2023-03-23,9294.85,9320.22,9250.82,9276.14,3729732
2023-03-26,9276.14,9390.34,9211.83,9325.69,7932647
2023-03-27,9325.69,9346.63,9278.13,9299.00,3244615
2023-03-28,9299.00,9411.70,9235.18,9347.55,7863168
2023-03-29,9347.55,9387.50,9309.94,9349.89,5022873
2023-03-30,9349.89,9372.70,9303.57,9326.32,3439780
2023-04-02,9326.32,9419.39,9269.53,9362.38,7089197
2023-04-03,9362.38,9435.82,9312.60,9385.92,6316803
2023-04-04,9385.92,9458.67,9336.33,9408.96,6283093
2023-04-05,9408.96,9444.16,9371.49,9406.68,4741152
2023-04-06,9406.68,9502.07,9348.85,9444.01,7147770
2023-04-09,9444.01,9538.74,9386.33,9480.83,7107887
2023-04-10,9480.83,9510.72,9438.91,9468.76,4152366
2023-04-11,9468.76,9486.27,9417.66,9435.10,2849108
2023-04-12,9435.10,9437.44,9372.81,9375.13,1247496
2023-04-13,9375.13,9509.33,9303.35,9437.08,8656172
2023-04-16,9437.08,9472.51,9399.58,9435.00,4754149
2023-04-17,9435.00,9553.84,9368.62,9487.10,8035253
2023-04-18,9487.10,9542.38,9443.59,9498.82,5585905
2023-04-19,9498.82,9622.70,9430.46,9553.94,8196227
2023-04-20,9553.94,9641.76,9498.49,9586.12,6804492
2023-04-23,9586.12,9660.21,9535.56,9609.52,6274897
2023-04-24,9609.52,9743.16,9537.37,9670.54,8508676
2023-04-25,9670.54,9815.20,9594.26,9738.38,8888545
2023-04-26,9738.38,9807.78,9689.14,9758.43,6056481
2023-04-27,9758.43,9758.67,9692.36,9692.60,1024828
2023-04-30,9692.60,9698.61,9631.33,9637.31,1620747
2023-05-01,9637.31,9764.80,9567.31,9694.38,8263991
2023-05-02,9694.38,9737.29,9654.85,9697.74,5078017
2023-05-03,9697.74,9730.08,9656.18,9688.49,4334430
2023-05-04,9688.49,9815.76,9618.43,9745.30,8230761
2023-05-07,9745.30,9867.14,9677.06,9798.53,8001577
2023-05-08,9798.53,9831.48,9756.74,9789.67,4362928
2023-05-09,9789.67,9792.51,9725.34,9728.17,1290123
2023-05-10,9728.17,9772.58,9688.00,9732.40,5128840
2023-05-11,9732.40,9774.44,9693.09,9735.12,5039574
2023-05-14,9735.12,9823.82,9678.89,9767.41,6775411
2023-05-15,9767.41,9883.89,9701.06,9817.20,7793141
2023-05-16,9817.20,9824.05,9755.72,9762.53,1697702
2023-05-17,9762.53,9792.01,9718.40,9747.84,4019958
2023-05-18,9747.84,9770.53,9698.73,9721.36,3327812
2023-05-21,9721.36,9780.28,9675.96,9734.81,5670644
2023-05-22,9734.81,9767.49,9693.25,9725.90,4357098
2023-05-23,9725.90,9746.00,9675.00,9695.03,3066186
2023-05-24,9695.03,9726.95,9653.17,9685.05,4291735
2023-05-25,9685.05,9705.58,9634.75,9655.22,3120164
2023-05-28,9655.22,9668.18,9599.44,9612.33,2341598
2023-05-29,9612.33,9756.28,9536.45,9679.86,8894307
2023-05-30,9679.86,9705.44,9633.37,9658.90,3642489
2023-05-31,9658.90,9692.58,9618.60,9652.26,4487379
2023-06-01,9652.26,9741.18,9596.16,9684.89,6811694
2023-06-04,9684.89,9687.38,9621.01,9623.49,1257407
2023-06-05,9623.49,9660.42,9585.84,9622.77,4836865
2023-06-06,9622.77,9626.40,9560.17,9563.78,1377229
2023-06-07,9563.78,9664.74,9503.54,9604.25,7298251
2023-06-08,9604.25,9690.38,9549.28,9635.24,6723388
2023-06-11,9635.24,9663.41,9590.99,9619.12,3924245
2023-06-12,9619.12,9620.07,9554.52,9555.46,1098353
2023-06-13,9555.46,9608.36,9512.65,9565.50,5480281
2023-06-14,9565.50,9573.02,9506.23,9513.71,1786076
2023-06-15,9513.71,9523.14,9456.23,9465.61,1991049
2023-06-18,9465.61,9498.18,9425.79,9458.34,4440877
2023-06-19,9458.34,9531.99,9408.24,9481.78,6296056
2023-06-20,9481.78,9529.80,9440.91,9488.90,5309670
2023-06-21,9488.90,9579.64,9432.55,9523.09,6938511
2023-06-22,9523.09,9559.16,9485.48,9521.55,4787517
2023-06-25,9521.55,9598.10,9470.25,9546.67,6387551
2023-06-26,9546.67,9674.08,9476.91,9603.91,8306515
2023-06-27,9603.91,9739.73,9530.98,9666.33,8593792
2023-06-28,9666.33,9802.08,9593.27,9728.55,8558024
2023-06-29,9728.55,9756.55,9683.54,9711.49,3878223
2023-07-02,9711.49,9753.68,9672.18,9714.35,5048216
2023-07-03,9714.35,9813.04,9654.56,9753.02,7154423
2023-07-04,9753.02,9793.73,9714.13,9754.84,4986968
2023-07-05,9754.84,9808.94,9711.10,9765.15,5484122
2023-07-06,9765.15,9820.01,9721.11,9775.92,5510082
2023-07-09,9775.92,9870.15,9717.60,9811.61,6966083
2023-07-10,9811.61,9859.28,9770.06,9817.70,5234842
2023-07-11,9817.70,9912.12,9759.21,9853.41,6958333
2023-07-12,9853.41,9898.95,9812.53,9858.05,5148902
2023-07-13,9858.05,9971.26,9792.65,9905.55,7633710
2023-07-16,9905.55,9997.37,9847.78,9939.40,6832510
2023-07-17,9939.40,9957.97,9885.91,9904.42,2868758
2023-07-18,9904.42,10028.59,9834.95,9958.74,8014060
2023-07-19,9958.74,10096.05,9884.39,10021.23,8465946
2023-07-20,10021.23,10045.88,9971.73,9996.31,3458984
2023-07-23,9996.31,10003.40,9933.79,9940.84,1709224
2023-07-24,9940.84,10042.87,9879.29,9981.06,7191975
2023-07-25,9981.06,9993.57,9922.73,9935.18,2252914
2023-07-26,9935.18,10060.79,9865.11,9990.34,8052537
2023-07-27,9990.34,10069.46,9936.95,10015.93,6343930
2023-07-30,10015.93,10031.80,9959.89,9975.69,2583882
2023-07-31,9975.69,10055.61,9922.04,10001.83,6377331
2023-08-01,10001.83,10004.38,9935.84,9938.38,1255144
2023-08-02,9938.38,10056.68,9870.94,9988.91,7785219
2023-08-03,9988.91,10114.22,9918.81,10043.74,8016941
2023-08-06,10043.74,10066.43,9992.63,10015.25,3258950
2023-08-07,10015.25,10062.68,9973.28,10020.69,5190260
2023-08-08,10020.69,10154.38,9947.49,10080.74,8304698
2023-08-09,10080.74,10198.05,10013.32,10130.29,7688683
2023-08-10,10130.29,10204.60,10078.30,10152.49,6132338
2023-08-13,10152.49,10168.47,10095.61,10111.52,2573936
2023-08-14,10111.52,10120.40,10049.57,10058.40,1877674
2023-08-15,10058.40,10126.97,10008.66,10077.14,5944787
2023-08-16,10077.14,10088.81,10017.52,10029.14,2157990
2023-08-17,10029.14,10075.77,9987.42,10034.04,5159259
2023-08-20,10034.04,10158.36,9964.19,10088.14,7960939
2023-08-21,10088.14,10102.16,10030.22,10044.18,2390192
2023-08-22,10044.18,10083.02,10005.11,10043.95,4866769
2023-08-23,10043.95,10155.98,9978.52,10090.25,7514128
2023-08-24,10090.25,10177.40,10033.70,10120.69,6603875
2023-08-27,10120.69,10154.43,10077.30,10111.01,4333539
2023-08-28,10111.01,10235.64,10040.86,10165.11,7937688
2023-08-29,10165.11,10176.62,10104.78,10116.24,2132373
2023-08-30,10116.24,10211.70,10056.62,10151.87,6892901
2023-08-31,10151.87,10188.06,10110.10,10146.27,4564951
2023-09-03,10146.27,10281.76,10072.12,10207.16,8309019
2023-09-04,10207.16,10331.29,10136.95,10260.72,7878189
2023-09-05,10260.72,10409.68,10181.41,10329.83,8729252
2023-09-06,10329.83,10365.65,10286.58,10322.37,4467146
2023-09-07,10322.37,10339.12,10264.91,10281.59,2622736
2023-09-10,10281.59,10403.38,10212.05,10333.48,7763923
2023-09-11,10333.48,10343.20,10270.66,10280.32,1940089
2023-09-12,10280.32,10295.33,10221.84,10236.78,2459876
2023-09-13,10236.78,10279.95,10195.81,10238.97,5002297
2023-09-14,10238.97,10270.32,10193.00,10224.30,4061179
2023-09-17,10224.30,10241.92,10168.16,10185.71,2722942
2023-09-18,10185.71,10214.00,10137.82,10166.06,3777709
2023-09-19,10166.06,10241.51,10113.56,10188.90,6163751
2023-09-20,10188.90,10280.88,10130.36,10222.15,6745267
2023-09-21,10222.15,10333.61,10156.49,10267.65,7423491
2023-09-24,10267.65,10294.16,10217.87,10244.32,3581138
2023-09-25,10244.32,10253.13,10181.41,10190.18,1860185
2023-09-26,10190.18,10213.34,10138.42,10161.52,3272976
2023-09-27,10161.52,10278.59,10093.98,10210.72,7646673
2023-09-28,10210.72,10321.41,10145.36,10255.77,7401028
2023-10-01,10255.77,10272.79,10198.96,10215.91,2659499
2023-10-02,10215.91,10278.48,10167.96,10230.46,5693689
2023-10-03,10230.46,10247.86,10174.11,10191.45,2701131
2023-10-04,10191.45,10344.69,10110.77,10263.44,8916392
2023-10-05,10263.44,10264.01,10194.18,10194.75,1055521
2023-10-08,10194.75,10296.61,10132.62,10234.25,7093827
2023-10-09,10234.25,10238.10,10167.67,10171.51,1376989
2023-10-10,10171.51,10216.18,10130.16,10174.81,5065500
2023-10-11,10174.81,10299.51,10104.48,10228.80,7912448
2023-10-12,10228.80,10338.95,10163.60,10273.46,7374622
2023-10-15,10273.46,10318.33,10231.78,10276.64,5056961
2023-10-16,10276.64,10419.03,10199.67,10341.57,8490329
2023-10-17,10341.57,10420.58,10287.35,10366.23,6242626
2023-10-18,10366.23,10401.09,10322.02,10356.86,4363237
2023-10-19,10356.86,10389.59,10311.13,10343.82,4160802
2023-10-22,10343.82,10347.07,10276.04,10279.28,1314334
2023-10-23,10279.28,10359.94,10224.61,10305.14,6317661
2023-10-24,10305.14,10384.28,10250.96,10329.97,6257201
2023-10-25,10329.97,10360.17,10282.53,10312.68,3923079
2023-10-26,10312.68,10391.77,10258.50,10337.46,6253566
2023-10-29,10337.46,10348.97,10275.96,10287.41,2112860
2023-10-30,10287.41,10291.54,10220.68,10224.79,1402194
2023-10-31,10224.79,10338.56,10158.29,10271.75,7504286
2023-11-01,10271.75,10292.92,10217.95,10239.06,3061111
2023-11-02,10239.06,10284.57,10197.23,10242.73,5085013
2023-11-05,10242.73,10297.25,10197.63,10252.11,5403155
2023-11-06,10252.11,10287.33,10208.94,10244.13,4435288
2023-11-07,10244.13,10257.50,10184.66,10197.96,2304869
2023-11-08,10197.96,10221.25,10146.25,10169.47,3283504
2023-11-09,10169.47,10175.26,10104.79,10110.54,1568724
2023-11-12,10110.54,10144.87,10067.67,10101.96,4395096
2023-11-13,10101.96,10137.10,10059.75,10094.87,4478669
2023-11-14,10094.87,10159.51,10046.47,10111.03,5794753
2023-11-15,10111.03,10200.74,10053.51,10143.04,6689026
2023-11-16,10143.04,10176.73,10099.47,10133.13,4321982
2023-11-19,10133.13,10168.06,10090.55,10125.45,4446707
2023-11-20,10125.45,10161.09,10083.45,10119.07,4519993
2023-11-21,10119.07,10193.70,10066.99,10141.50,6146776
2023-11-22,10141.50,10292.35,10061.81,10212.10,8857921
2023-11-23,10212.10,10214.36,10144.47,10146.72,1221330
2023-11-26,10146.72,10197.46,10103.22,10153.93,5286385
2023-11-27,10153.93,10234.85,10099.49,10180.26,6361728
2023-11-28,10180.26,10311.06,10107.71,10238.10,8126371
2023-11-29,10238.10,10283.30,10196.39,10241.58,5074142
2023-11-30,10241.58,10377.84,10166.90,10302.72,8291460
2023-12-03,10302.72,10339.48,10260.36,10297.10,4568449
2023-12-04,10297.10,10449.85,10216.34,10368.52,8843381
2023-12-05,10368.52,10378.69,10305.80,10315.91,1980452
2023-12-06,10315.91,10325.00,10252.73,10261.77,1880898
2023-12-07,10261.77,10291.81,10214.67,10244.66,3927434
2023-12-10,10244.66,10337.63,10185.63,10278.40,6762037
2023-12-11,10278.40,10303.04,10227.15,10251.73,3397050
2023-12-12,10251.73,10258.49,10187.23,10193.95,1659636
2023-12-13,10193.95,10203.84,10132.20,10142.03,1969547
2023-12-14,10142.03,10177.02,10099.44,10134.40,4450240
2023-12-17,10134.40,10187.51,10090.08,10143.15,5373319
2023-12-18,10143.15,10240.08,10082.94,10179.65,6936316
2023-12-19,10179.65,10317.42,10104.59,10241.89,8373799
2023-12-20,10241.89,10256.25,10183.18,10197.48,2401817
2023-12-21,10197.48,10353.05,10115.94,10270.92,8995679
2023-12-24,10270.92,10286.34,10212.81,10228.16,2501063
2023-12-25,10228.16,10259.65,10182.37,10213.82,4078463
2023-12-26,10213.82,10239.16,10163.53,10188.81,3480967
2023-12-27,10188.81,10264.48,10136.18,10211.73,6165363
2023-12-28,10211.73,10275.48,10163.36,10227.04,5736591
2023-12-31,10227.04,10234.46,10163.20,10170.58,1725514
2024-01-01,10170.58,10261.13,10112.61,10202.97,6700034
2024-01-02,10202.97,10220.42,10146.84,10164.22,2709533
2024-01-03,10164.22,10264.90,10102.60,10203.04,7062654
2024-01-04,10203.04,10314.71,10137.35,10248.73,7438408
2024-01-07,10248.73,10329.51,10194.09,10274.74,6330624
2024-01-08,10274.74,10369.79,10214.88,10309.73,6825720
2024-01-09,10309.73,10337.71,10260.77,10288.69,3713820
2024-01-10,10288.69,10318.87,10241.51,10271.64,3933196
2024-01-11,10271.64,10306.03,10227.72,10262.08,4348045
2024-01-14,10262.08,10357.97,10201.95,10297.63,6859602
2024-01-15,10297.63,10393.60,10237.38,10333.14,6850582
2024-01-16,10333.14,10353.42,10278.26,10298.48,2962962
2024-01-17,10298.48,10331.52,10253.37,10286.38,4209087
2024-01-18,10286.38,10300.95,10227.53,10242.03,2416117
2024-01-21,10242.03,10313.52,10190.78,10262.17,6003806
2024-01-22,10262.17,10364.76,10199.62,10301.96,7095610
2024-01-23,10301.96,10311.89,10239.51,10249.38,1963134
2024-01-24,10249.38,10400.29,10169.39,10319.76,8803909
2024-01-25,10319.76,10338.88,10264.09,10283.14,2852503
2024-01-28,10283.14,10435.15,10202.68,10354.13,8824965
2024-01-29,10354.13,10446.22,10295.15,10387.05,6696604
2024-01-30,10387.05,10405.88,10330.71,10349.48,2813100
2024-01-31,10349.48,10363.30,10289.63,10303.38,2334945
2024-02-01,10303.38,10324.15,10249.06,10269.76,3015226
2024-02-04,10269.76,10283.22,10210.19,10223.59,2310733
2024-02-05,10223.59,10232.03,10160.55,10168.95,1826406
2024-02-06,10168.95,10169.90,10100.62,10101.56,1093106
2024-02-07,10101.56,10138.72,10060.86,10098.00,4678737
2024-02-08,10098.00,10114.49,10041.87,10058.29,2632681
2024-02-11,10058.29,10091.12,10014.65,10047.44,4263580
2024-02-12,10047.44,10096.69,10004.74,10053.95,5250445
2024-02-13,10053.95,10182.04,9982.70,10110.38,8087105
2024-02-14,10110.38,10232.83,10041.02,10163.11,7859979
2024-02-15,10163.11,10272.11,10098.48,10207.20,7359190
2024-02-18,10207.20,10264.91,10161.03,10218.69,5523010
2024-02-19,10218.69,10324.23,10155.17,10260.45,7215637
2024-02-20,10260.45,10341.55,10205.68,10286.64,6338305
2024-02-21,10286.64,10366.11,10232.39,10311.73,6273731
2024-02-22,10311.73,10374.03,10263.64,10325.87,5663888
2024-02-25,10325.87,10384.20,10279.19,10337.46,5521124
2024-02-26,10337.46,10400.17,10289.16,10351.80,5672599
2024-02-27,10351.80,10439.33,10294.47,10381.83,6538065
2024-02-28,10381.83,10518.51,10306.66,10442.90,8240980
2024-02-29,10442.90,10546.06,10379.69,10482.61,7052949
2024-03-03,10482.61,10531.71,10438.88,10487.96,5171502
2024-03-04,10487.96,10496.67,10423.33,10432.00,1831207
2024-03-05,10432.00,10497.45,10382.47,10447.85,5748113
2024-03-06,10447.85,10488.89,10407.13,10448.17,4897530
2024-03-07,10448.17,10510.18,10399.84,10461.79,5625137
2024-03-10,10461.79,10508.48,10418.99,10465.66,5091426
2024-03-11,10465.66,10466.18,10394.99,10395.51,1049485
2024-03-12,10395.51,10495.42,10333.59,10433.28,6956104
2024-03-13,10433.28,10575.70,10355.90,10497.84,8416220
2024-03-14,10497.84,10540.91,10456.26,10499.32,4960699
2024-03-17,10499.32,10500.98,10429.28,10430.93,1157441
2024-03-18,10430.93,10452.37,10376.25,10397.63,3055829
2024-03-19,10397.63,10428.45,10350.19,10380.97,3964506
2024-03-20,10380.97,10498.15,10312.84,10429.70,7562482
2024-03-21,10429.70,10569.97,10353.11,10492.92,8343587
2024-03-24,10492.92,10497.06,10424.80,10428.91,1394238
2024-03-25,10428.91,10487.34,10381.93,10440.31,5504561
2024-03-26,10440.31,10467.59,10389.94,10417.16,3612825
2024-03-27,10417.16,10564.18,10338.16,10484.67,8583230
2024-03-28,10484.67,10566.92,10428.92,10511.03,6317009
2024-03-31,10511.03,10648.13,10435.39,10572.05,8196879
2024-04-01,10572.05,10612.90,10530.91,10571.76,4864814
2024-04-02,10571.76,10625.99,10525.96,10580.15,5333161
2024-04-03,10580.15,10584.69,10511.74,10516.25,1429080
2024-04-04,10516.25,10522.27,10449.40,10455.38,1572325
2024-04-07,10455.38,10524.97,10404.29,10473.79,5886351
2024-04-08,10473.79,10491.00,10415.65,10432.79,2642764
2024-04-09,10432.79,10443.63,10370.13,10380.92,2039094
2024-04-10,10380.92,10404.90,10328.48,10352.40,3309910
2024-04-11,10352.40,10458.05,10288.51,10393.91,7171262
2024-04-14,10393.91,10400.13,10328.03,10334.22,1598456
2024-04-15,10334.22,10490.20,10252.19,10407.59,8937174
2024-04-16,10407.59,10421.62,10347.51,10361.47,2347908
2024-04-17,10361.47,10388.25,10311.26,10337.97,3583744
2024-04-18,10337.97,10349.36,10276.37,10287.70,2101474
2024-04-21,10287.70,10402.22,10220.77,10334.98,7506035
2024-04-22,10334.98,10359.04,10282.92,10306.92,3328292
2024-04-23,10306.92,10318.63,10245.77,10257.42,2136145
2024-04-24,10257.42,10267.47,10195.36,10205.35,1978978
2024-04-25,10205.35,10237.65,10160.32,10192.59,4165432
2024-04-28,10192.59,10226.98,10149.21,10183.57,4374519
2024-04-29,10183.57,10229.26,10141.82,10187.49,5100068
2024-04-30,10187.49,10191.86,10121.62,10125.96,1428497
2024-05-01,10125.96,10157.86,10081.17,10113.02,4149931
2024-05-02,10113.02,10145.41,10068.68,10101.03,4202640
2024-05-05,10101.03,10184.01,10045.98,10128.80,6450823
2024-05-06,10128.80,10167.25,10088.87,10127.31,4795713
2024-05-07,10127.31,10143.71,10070.91,10087.25,2620027
2024-05-08,10087.25,10173.32,10031.11,10117.01,6565740
2024-05-09,10117.01,10123.54,10053.25,10059.74,1645198
2024-05-12,10059.74,10086.76,10011.75,10038.71,3685562
2024-05-13,10038.71,10083.94,9997.49,10042.69,5106584
2024-05-14,10042.69,10113.57,9992.16,10062.94,6031721
2024-05-15,10062.94,10080.37,10007.75,10025.12,2732578
2024-05-16,10025.12,10078.58,9980.94,10034.36,5406687
2024-05-19,10034.36,10084.60,9991.33,10041.53,5288614
2024-05-20,10041.53,10062.57,9989.19,10010.16,3094410
2024-05-21,10010.16,10028.17,9955.76,9973.71,2799382
2024-05-22,9973.71,9991.16,9919.14,9936.52,2749211
2024-05-23,9936.52,10063.58,9865.93,9992.59,8104389
2024-05-26,9992.59,10134.57,9916.46,10057.95,8618004
2024-05-27,10057.95,10065.47,9995.33,10002.81,1746844
2024-05-28,10002.81,10047.57,9961.84,10006.58,5095850
2024-05-29,10006.58,10018.55,9947.67,9959.58,2195884
2024-05-30,9959.58,10018.41,9913.62,9972.39,5614849
2024-06-02,9972.39,10025.44,9928.49,9981.50,5402126
2024-06-03,9981.50,10000.13,9927.76,9946.33,2866358
2024-06-04,9946.33,9953.16,9883.95,9890.74,1686556
2024-06-05,9890.74,9923.94,9848.51,9881.68,4356550
2024-06-06,9881.68,9949.54,9832.64,9900.41,5962757
2024-06-09,9900.41,9903.33,9835.39,9838.30,1295301
2024-06-10,9838.30,9887.66,9796.07,9845.40,5292455
2024-06-11,9845.40,9936.28,9788.11,9878.80,6818415
2024-06-12,9878.80,9996.10,9811.87,9928.84,7774417
2024-06-13,9928.84,9954.09,9880.42,9905.61,3543175
2024-06-16,9905.61,10050.44,9828.67,9972.98,8766666
2024-06-17,9972.98,10110.25,9898.61,10035.41,8457235
2024-06-18,10035.41,10049.89,9978.19,9992.60,2442043
2024-06-19,9992.60,10093.74,9931.24,10032.14,7140843
2024-06-20,10032.14,10120.82,9975.18,10063.69,6677091
2024-06-23,10063.69,10115.01,10020.19,10071.48,5322393
2024-06-24,10071.48,10121.50,10028.43,10078.43,5274279
2024-06-25,10078.43,10142.20,10030.38,10094.08,5767318
2024-06-26,10094.08,10206.76,10028.29,10140.67,7517558
2024-06-27,10140.67,10225.36,10084.89,10169.42,6500308
2024-06-30,10169.42,10170.04,10100.84,10101.46,1061248
2024-07-01,10101.46,10135.41,10058.37,10092.28,4360871
2024-07-02,10092.28,10166.87,10040.29,10114.75,6152263
2024-07-03,10114.75,10144.01,10068.07,10097.27,3892215
2024-07-04,10097.27,10200.72,10034.81,10138.01,7185665
2024-07-07,10138.01,10252.47,10071.47,10185.62,7563477
2024-07-08,10185.62,10191.67,10121.03,10127.04,1593552
2024-07-09,10127.04,10150.59,10076.00,10099.49,3325274
2024-07-10,10099.49,10171.75,10048.31,10120.47,6067283
2024-07-11,10120.47,10177.00,10074.94,10131.43,5498593
2024-07-14,10131.43,10162.97,10086.33,10117.83,4113031
2024-07-15,10117.83,10160.35,10077.39,10119.90,4997016
2024-07-16,10119.90,10139.54,10065.98,10085.55,2940672
2024-07-17,10085.55,10124.75,10046.40,10085.59,4882270
2024-07-18,10085.59,10202.88,10018.16,10135.12,7686008
2024-07-21,10135.12,10184.87,10092.01,10141.74,5253120
2024-07-22,10141.74,10295.63,10060.95,10214.26,8966323
2024-07-23,10214.26,10219.04,10148.52,10153.27,1467592
2024-07-24,10153.27,10273.68,10084.54,10204.60,7769272
2024-07-25,10204.60,10232.14,10156.02,10183.50,3698525
2024-07-28,10183.50,10245.35,10135.90,10197.67,5675102
2024-07-29,10197.67,10263.75,10148.50,10214.49,5822462
2024-07-30,10214.49,10353.81,10138.78,10277.63,8412208
2024-07-31,10277.63,10395.90,10209.37,10327.31,7641872
2024-08-01,10327.31,10345.34,10270.78,10288.74,2746021
2024-08-04,10288.74,10303.56,10230.06,10244.82,2440706
2024-08-05,10244.82,10262.25,10188.40,10205.76,2701234
2024-08-06,10205.76,10214.67,10143.19,10152.06,1873285
2024-08-07,10152.06,10198.09,10110.26,10156.27,5117352
2024-08-08,10156.27,10168.33,10096.41,10108.40,2186522
2024-08-11,10108.40,10193.86,10052.43,10137.72,6537585
2024-08-12,10137.72,10165.86,10090.05,10118.13,3775480
2024-08-13,10118.13,10122.49,10052.72,10057.06,1431069
2024-08-14,10057.06,10087.96,10011.99,10042.84,4072256
2024-08-15,10042.84,10050.36,9980.33,9987.81,1748422
2024-08-18,9987.81,10015.45,9940.78,9968.37,3768209
2024-08-19,9968.37,10032.64,9920.42,9984.61,5810631
2024-08-20,9984.61,9998.28,9927.13,9940.74,2369513
2024-08-21,9940.74,9975.85,9899.59,9934.68,4531275
2024-08-22,9934.68,10033.73,9874.21,9973.03,7086042
2024-08-25,9973.03,10124.52,9893.52,10044.45,8972085
2024-08-26,10044.45,10143.69,9983.64,10082.65,7053600
2024-08-27,10082.65,10105.16,10031.14,10053.57,3231824
2024-08-28,10053.57,10203.99,9974.26,10124.11,8889471
2024-08-29,10124.11,10213.37,10066.73,10155.80,6668518
2024-09-01,10155.80,10214.85,10109.28,10168.27,5581310
2024-09-02,10168.27,10223.84,10122.97,10178.50,5455006
2024-09-03,10178.50,10269.38,10120.39,10211.08,6709362
2024-09-04,10211.08,10215.86,10145.36,10150.11,1467832
2024-09-05,10150.11,10160.28,10088.87,10098.99,2002023
2024-09-08,10098.99,10114.23,10041.91,10057.09,2509465
2024-09-09,10057.09,10069.41,9998.10,10010.36,2224725
2024-09-10,10010.36,10019.01,9948.92,9957.52,1863854
2024-09-11,9957.52,10010.50,9913.69,9966.62,5402160
2024-09-12,9966.62,9988.40,9915.35,9937.07,3185322
2024-09-15,9937.07,10071.55,9863.79,9997.82,8373834
2024-09-16,9997.82,10015.03,9942.91,9960.05,2720781
2024-09-17,9960.05,10075.79,9893.48,10008.90,7682956
2024-09-18,10008.90,10157.98,9930.18,10078.71,8865294
2024-09-19,10078.71,10143.35,10030.34,10094.91,5798662
2024-09-22,10094.91,10115.61,10041.96,10062.60,3050960
2024-09-23,10062.60,10151.40,10005.53,10094.15,6671570
2024-09-24,10094.15,10103.93,10032.99,10042.73,1969135
2024-09-25,10042.73,10185.56,9966.17,10108.50,8622668
2024-09-26,10108.50,10154.58,10066.79,10112.85,5125994
2024-09-29,10112.85,10128.69,10056.13,10071.89,2565534
2024-09-30,10071.89,10099.40,10024.19,10051.65,3731412
2024-10-01,10051.65,10165.09,9985.69,10098.82,7561899
2024-10-02,10098.82,10118.23,10044.87,10064.21,2921193
2024-10-03,10064.21,10181.93,9996.67,10114.06,7710528
2024-10-06,10114.06,10117.22,10047.78,10050.92,1312620
2024-10-07,10050.92,10131.22,9996.95,10077.12,6369444
2024-10-08,10077.12,10200.09,10007.65,10130.26,7893347
2024-10-09,10130.26,10192.79,10082.53,10145.00,5711488
2024-10-10,10145.00,10278.63,10071.51,10204.71,8243621
2024-10-13,10204.71,10321.33,10137.23,10253.52,7613203
2024-10-14,10253.52,10384.28,10180.81,10311.16,8091838
2024-10-15,10311.16,10340.82,10263.44,10293.06,3877057
2024-10-16,10293.06,10305.45,10232.52,10244.85,2203429
2024-10-17,10244.85,10273.40,10196.75,10225.25,3787002
2024-10-20,10225.25,10262.09,10183.47,10220.29,4603086
2024-10-21,10220.29,10240.71,10166.28,10186.62,2997359
2024-10-22,10186.62,10218.51,10141.41,10173.26,4130315
2024-10-23,10173.26,10237.29,10124.88,10188.84,5755041
2024-10-24,10188.84,10240.97,10144.74,10196.83,5328326
2024-10-27,10196.83,10232.06,10154.04,10189.25,4455109
2024-10-28,10189.25,10206.23,10132.86,10149.78,2666255
2024-10-29,10149.78,10185.60,10107.75,10143.55,4529663
2024-10-30,10143.55,10272.99,10071.59,10200.62,8094718
2024-10-31,10200.62,10290.59,10142.78,10232.57,6670061
2024-11-03,10232.57,10262.60,10185.66,10215.64,3934705
2024-11-04,10215.64,10229.77,10156.93,10171.00,2382475
2024-11-05,10171.00,10216.62,10129.30,10174.91,5099794
2024-11-06,10174.91,10270.47,10115.11,10210.46,6876783
2024-11-07,10210.46,10300.01,10152.76,10242.12,6651714
2024-11-10,10242.12,10245.08,10174.81,10177.75,1288786
2024-11-11,10177.75,10324.38,10099.49,10245.60,8689231
2024-11-12,10245.60,10380.34,10171.46,10305.77,8235768
2024-11-13,10305.77,10393.83,10248.36,10336.25,6570370
2024-11-14,10336.25,10374.55,10294.81,10333.09,4705384
2024-11-17,10333.09,10348.26,10274.37,10289.48,2467969
2024-11-18,10289.48,10425.99,10214.59,10350.66,8277880
2024-11-19,10350.66,10430.19,10296.23,10375.63,6258573
2024-11-20,10375.63,10524.89,10295.93,10444.66,8681652
2024-11-21,10444.66,10452.44,10379.62,10387.35,1744650
2024-11-24,10387.35,10536.80,10307.56,10456.47,8682133
2024-11-25,10456.47,10535.41,10401.99,10480.81,6210150
2024-11-26,10480.81,10562.66,10425.22,10506.93,6304012
2024-11-27,10506.93,10618.17,10440.63,10551.60,7309396
2024-11-28,10551.60,10636.41,10494.76,10579.42,6386796
2024-12-01,10579.42,10582.48,10509.90,10512.94,1289300
2024-12-02,10512.94,10570.94,10465.91,10523.86,5473696
2024-12-03,10523.86,10561.17,10480.41,10517.69,4544924
2024-12-04,10517.69,10591.98,10464.75,10538.93,6033847
2024-12-05,10538.93,10627.18,10480.88,10568.96,6508367
2024-12-08,10568.96,10600.86,10521.17,10553.02,4017866
2024-12-09,10553.02,10681.14,10480.51,10608.25,7870987
2024-12-10,10608.25,10674.78,10557.90,10624.34,5746742
2024-12-11,10624.34,10761.22,10548.50,10684.94,8138957
2024-12-12,10684.94,10697.05,10621.53,10633.59,2134053
2024-12-15,10633.59,10723.04,10574.87,10664.15,6522153
2024-12-16,10664.15,10698.72,10617.70,10652.23,4241529
2024-12-17,10652.23,10789.98,10576.00,10713.31,8156378
2024-12-18,10713.31,10747.25,10666.06,10699.96,4167935
2024-12-19,10699.96,10728.41,10648.71,10677.10,3658916
2024-12-22,10677.10,10730.04,10631.49,10684.41,5271296
2024-12-23,10684.41,10695.28,10620.07,10630.88,2017421
2024-12-24,10630.88,10638.59,10564.52,10572.18,1724451
2024-12-25,10572.18,10612.48,10530.62,10570.92,4812139
2024-12-26,10570.92,10596.33,10518.27,10543.62,3403943
2024-12-29,10543.62,10551.75,10478.17,10486.26,1771467
2024-12-30,10486.26,10497.92,10423.86,10435.47,2112242
2024-12-31,10435.47,10463.24,10385.50,10413.20,3660836
2025-01-01,10413.20,10518.39,10349.34,10454.27,7133299
2025-01-02,10454.27,10599.54,10375.81,10520.58,8504938
2025-01-05,10520.58,10597.44,10466.70,10543.44,6121433
2025-01-06,10543.44,10592.00,10499.76,10548.30,5143278
2025-01-07,10548.30,10572.81,10495.12,10519.57,3323559
2025-01-08,10519.57,10596.34,10465.72,10542.38,6119067
2025-01-09,10542.38,10648.91,10477.70,10583.98,7134739
2025-01-12,10583.98,10654.86,10532.10,10602.89,5901440
2025-01-13,10602.89,10705.71,10539.41,10641.99,6987071
2025-01-14,10641.99,10787.99,10562.80,10708.31,8441015
2025-01-15,10708.31,10735.85,10656.32,10683.80,3571913
2025-01-16,10683.80,10716.48,10635.81,10668.44,4058779
2025-01-19,10668.44,10704.67,10623.20,10659.40,4395438
2025-01-20,10659.40,10782.84,10588.32,10711.41,7668312
2025-01-21,10711.41,10865.08,10629.28,10782.41,8667524
2025-01-22,10782.41,10867.42,10724.92,10809.79,6331344
2025-01-23,10809.79,10870.93,10760.89,10821.97,5523971
2025-01-26,10821.97,10961.62,10744.63,10883.84,8146639
2025-01-27,10883.84,10890.17,10814.73,10821.02,1582064
2025-01-28,10821.02,10970.42,10740.17,10889.05,8472222
2025-01-29,10889.05,10959.82,10836.46,10907.14,5829458
2025-01-30,10907.14,10912.39,10837.05,10842.26,1480932
2025-02-02,10842.26,10873.12,10791.85,10822.65,3846399
2025-02-03,10822.65,10869.70,10778.83,10825.86,5049314
2025-02-04,10825.86,10829.77,10755.31,10759.20,1361282
2025-02-05,10759.20,10780.50,10702.19,10723.42,2979835
2025-02-06,10723.42,10724.91,10651.74,10653.22,1139540
2025-02-09,10653.22,10691.11,10609.33,10647.19,4556447
2025-02-10,10647.19,10649.38,10576.56,10578.73,1205864
2025-02-11,10578.73,10635.93,10531.83,10588.98,5433470
2025-02-12,10588.98,10674.47,10531.80,10617.14,6399759
2025-02-13,10617.14,10626.25,10551.93,10560.99,1857818
2025-02-16,10560.99,10613.16,10515.95,10568.10,5264437
2025-02-17,10568.10,10581.04,10506.10,10518.98,2224554
2025-02-18,10518.98,10658.29,10442.52,10581.37,8269032
2025-02-19,10581.37,10612.75,10533.11,10564.44,3965775
2025-02-20,10564.44,10589.42,10511.51,10536.42,3364163
2025-02-23,10536.42,10661.48,10465.06,10589.76,7772839
2025-02-24,10589.76,10630.75,10548.60,10589.59,4870816
2025-02-25,10589.59,10638.61,10545.62,10594.63,5151920
2025-02-26,10594.63,10623.26,10544.22,10572.80,3702572
2025-02-27,10572.80,10597.25,10519.41,10543.80,3312894
2025-03-02,10543.80,10564.06,10487.47,10507.66,2921159
2025-03-03,10507.66,10621.30,10440.50,10553.84,7391563
2025-03-04,10553.84,10570.99,10495.11,10512.20,2625342
2025-03-05,10512.20,10643.73,10438.56,10569.69,8005212
2025-03-06,10569.69,10648.41,10515.01,10593.61,6173148
2025-03-09,10593.61,10671.58,10539.14,10617.00,6141495
2025-03-10,10617.00,10741.98,10545.47,10670.09,7737414
2025-03-11,10670.09,10695.49,10616.76,10642.09,3380658
2025-03-12,10642.09,10644.16,10571.40,10573.46,1194684
2025-03-13,10573.46,10631.13,10526.39,10584.02,5451097
2025-03-16,10584.02,10598.29,10522.92,10537.12,2347427
2025-03-17,10537.12,10643.11,10472.65,10578.39,7118244
2025-03-18,10578.39,10615.20,10534.19,10570.98,4479595
2025-03-19,10570.98,10656.53,10513.82,10599.22,6406790
2025-03-20,10599.22,10623.02,10545.17,10568.90,3245507
2025-03-23,10568.90,10705.57,10493.27,10629.50,8156241
2025-03-24,10629.50,10649.61,10572.48,10592.52,2892078
2025-03-25,10592.52,10751.60,10508.74,10667.22,8909807
2025-03-26,10667.22,10697.24,10617.36,10647.33,3814368
2025-03-27,10647.33,10670.08,10592.16,10614.84,3136625
2025-03-30,10614.84,10640.79,10562.30,10588.18,3444478
2025-03-31,10588.18,10607.10,10530.55,10549.40,2787311
2025-04-01,10549.40,10564.95,10489.50,10504.98,2473765
2025-04-02,10504.98,10583.50,10450.53,10528.93,6182853
2025-04-03,10528.93,10672.43,10450.93,10593.94,8408401
2025-04-06,10593.94,10628.23,10547.77,10582.02,4236831
2025-04-07,10582.02,10618.62,10537.64,10574.21,4458264
2025-04-08,10574.21,10706.69,10500.07,10632.15,8010973
2025-04-09,10632.15,10661.48,10582.02,10611.29,3759156
2025-04-10,10611.29,10617.70,10544.09,10550.46,1604046
2025-04-13,10550.46,10592.80,10509.01,10551.35,4928360
2025-04-14,10551.35,10586.95,10506.44,10542.01,4374074
2025-04-15,10542.01,10701.61,10458.16,10617.16,8953532
2025-04-16,10617.16,10633.02,10557.03,10572.83,2493895
2025-04-17,10572.83,10577.21,10504.35,10508.71,1414917
2025-04-20,10508.71,10577.32,10457.85,10526.37,5840054
2025-04-21,10526.37,10558.38,10478.95,10510.91,4040912
2025-04-22,10510.91,10590.41,10456.10,10535.47,6215020
2025-04-23,10535.47,10562.83,10484.52,10511.81,3596947
2025-04-24,10511.81,10553.26,10470.79,10512.23,4902743
2025-04-27,10512.23,10588.63,10458.54,10534.82,6107716
2025-04-28,10534.82,10595.38,10486.81,10547.31,5557544
2025-04-29,10547.31,10691.18,10469.13,10612.52,8412722
2025-04-30,10612.52,10648.88,10567.76,10604.09,4426337
2025-05-01,10604.09,10708.91,10539.88,10644.46,7055178
2025-05-04,10644.46,10654.08,10579.45,10589.02,1904183
2025-05-05,10589.02,10626.13,10544.98,10582.06,4504218
2025-05-06,10582.06,10607.70,10529.50,10555.08,3423182
2025-05-07,10555.08,10594.25,10512.80,10551.95,4710459
2025-05-08,10551.95,10559.07,10485.68,10492.76,1674691
2025-05-11,10492.76,10565.74,10440.35,10513.23,5994890
2025-05-12,10513.23,10546.51,10466.84,10500.08,4164883
2025-05-13,10500.08,10610.13,10434.23,10544.01,7271090
2025-05-14,10544.01,10555.65,10481.20,10492.78,2103635
2025-05-15,10492.78,10520.07,10442.06,10469.29,3600788
2025-05-18,10469.29,10618.31,10389.45,10537.94,8626748
2025-05-19,10537.94,10559.89,10482.92,10504.79,3082750
2025-05-20,10504.79,10588.21,10448.58,10531.85,6351508
2025-05-21,10531.85,10532.64,10460.93,10461.72,1075000
2025-05-22,10461.72,10495.88,10416.34,10450.47,4265569
2025-05-25,10450.47,10573.86,10379.92,10502.96,7750377
2025-05-26,10502.96,10533.94,10454.93,10485.85,3949176
2025-05-27,10485.85,10645.52,10402.12,10561.19,8985425
2025-05-28,10561.19,10583.69,10506.42,10528.86,3130727
2025-05-29,10528.86,10566.58,10485.68,10523.38,4582613
2025-06-01,10523.38,10561.01,10480.17,10517.77,4575651
2025-06-02,10517.77,10547.50,10468.71,10498.37,3825891
2025-06-03,10498.37,10580.49,10442.64,10524.62,6308641
2025-06-04,10524.62,10539.03,10464.03,10478.38,2369581
2025-06-05,10478.38,10527.39,10434.70,10483.69,5169204
2025-06-08,10483.69,10519.97,10439.74,10475.99,4460596
2025-06-09,10475.99,10540.35,10426.75,10491.03,5700548
2025-06-10,10491.03,10506.71,10431.62,10447.23,2493998
2025-06-11,10447.23,10461.56,10387.10,10401.37,2371810
2025-06-12,10401.37,10410.75,10337.83,10347.16,1901886
2025-06-15,10347.16,10451.69,10283.70,10387.97,7133607
2025-06-16,10387.97,10412.65,10336.01,10360.62,3375617
2025-06-17,10360.62,10374.16,10300.49,10313.97,2306927
2025-06-18,10313.97,10397.86,10258.05,10341.79,6421364
2025-06-19,10341.79,10360.46,10285.64,10304.24,2805349
2025-06-22,10304.24,10317.11,10243.99,10256.80,2249005
2025-06-23,10256.80,10284.40,10207.91,10235.45,3690603
2025-06-24,10235.45,10266.10,10188.99,10219.59,3994341
2025-06-25,10219.59,10264.35,10178.08,10222.83,5061454
2025-06-26,10222.83,10235.86,10163.25,10176.22,2274657
2025-06-29,10176.22,10189.21,10116.92,10129.85,2275925
2025-06-30,10129.85,10202.62,10078.41,10151.08,6077606
2025-07-01,10151.08,10208.01,10105.33,10162.22,5506858
2025-07-02,10162.22,10316.90,10081.09,10235.19,8983436
2025-07-03,10235.19,10380.99,10157.09,10302.37,8630795
2025-07-06,10302.37,10451.69,10222.83,10371.61,8720541
2025-07-07,10371.61,10397.03,10320.31,10345.66,3450205
2025-07-08,10345.66,10476.52,10272.68,10403.13,8054355
2025-07-09,10403.13,10511.54,10338.13,10446.26,7249039
2025-07-10,10446.26,10490.53,10404.38,10448.63,5009567
2025-07-13,10448.63,10570.02,10378.82,10499.86,7681618
2025-07-14,10499.86,10535.83,10455.57,10491.51,4425685
2025-07-15,10491.51,10651.54,10407.63,10567.06,8994855
2025-07-16,10567.06,10586.57,10510.01,10529.45,2845919
2025-07-17,10529.45,10556.65,10478.42,10505.56,3583813
2025-07-20,10505.56,10523.84,10448.00,10466.21,2739403
2025-07-21,10466.21,10506.83,10425.59,10466.22,4880589
2025-07-22,10466.22,10598.67,10392.36,10524.40,8056755
2025-07-23,10524.40,10585.46,10476.24,10537.23,5576543
2025-07-24,10537.23,10538.49,10466.63,10467.88,1118964
2025-07-27,10467.88,10517.09,10424.15,10473.34,5177846
2025-07-28,10473.34,10513.55,10432.38,10472.60,4839609
2025-07-29,10472.60,10492.43,10416.43,10436.20,2894375
2025-07-30,10436.20,10517.02,10381.10,10461.78,6280418
2025-07-31,10461.78,10491.72,10413.25,10443.14,3861934
2025-08-03,10443.14,10502.68,10395.73,10455.21,5540157
2025-08-04,10455.21,10548.23,10395.64,10488.47,6697805
2025-08-05,10488.47,10560.90,10436.27,10508.60,5976851
2025-08-06,10508.60,10544.22,10463.99,10499.58,4389643
2025-08-07,10499.58,10507.60,10434.34,10442.32,1763340
2025-08-10,10442.32,10530.02,10384.70,10472.24,6517695
2025-08-11,10472.24,10490.84,10415.15,10433.69,2776165
2025-08-12,10433.69,10452.58,10377.08,10395.90,2810356
2025-08-13,10395.90,10549.37,10314.62,10467.54,8817798
2025-08-14,10467.54,10499.29,10420.32,10452.02,4033058
2025-08-17,10452.02,10501.00,10408.41,10457.37,5172187
2025-08-18,10457.37,10594.16,10381.96,10518.32,8210493
2025-08-19,10518.32,10544.55,10466.63,10492.80,3493655
2025-08-20,10492.80,10526.19,10446.63,10479.98,4182167
2025-08-21,10479.98,10611.81,10406.32,10537.74,8029115
2025-08-24,10537.74,10574.53,10493.80,10530.57,4491289
2025-08-25,10530.57,10553.46,10476.30,10499.12,3173628
2025-08-26,10499.12,10526.50,10448.42,10475.73,3606995
2025-08-27,10475.73,10489.97,10415.35,10429.52,2359293
2025-08-28,10429.52,10487.25,10382.80,10440.47,5479903
2025-08-31,10440.47,10521.24,10385.37,10466.01,6277469
2025-09-01,10466.01,10609.30,10388.23,10531.04,8431001
2025-09-02,10531.04,10617.07,10473.82,10559.69,6434327
2025-09-03,10559.69,10584.76,10506.86,10531.86,3373868
2025-09-04,10531.86,10542.81,10468.61,10479.51,2039746
2025-09-07,10479.51,10483.39,10411.29,10415.14,1370233
2025-09-08,10415.14,10494.34,10360.68,10439.74,6229526
2025-09-09,10439.74,10455.60,10380.81,10396.60,2518861
2025-09-10,10396.60,10403.06,10330.89,10337.31,1620953
2025-09-11,10337.31,10349.48,10276.31,10288.42,2177777
2025-09-14,10288.42,10337.47,10245.20,10294.22,5201680
2025-09-15,10294.22,10309.86,10236.12,10251.70,2519821
2025-09-16,10251.70,10267.61,10194.09,10209.93,2551954
2025-09-17,10209.93,10264.79,10164.79,10219.61,5421536
2025-09-18,10219.61,10330.37,10154.20,10264.68,7400171
2025-09-21,10264.68,10281.98,10208.02,10225.26,2685390
2025-09-22,10225.26,10310.98,10168.90,10254.46,6511762
2025-09-23,10254.46,10281.07,10204.85,10231.40,3595336
2025-09-24,10231.40,10300.21,10181.15,10249.87,5911419
2025-09-25,10249.87,10278.63,10201.90,10230.60,3805692
2025-09-28,10230.60,10245.32,10172.23,10186.89,2438648
2025-09-29,10186.89,10301.90,10120.03,10234.73,7563374
2025-09-30,10234.73,10380.68,10156.57,10302.01,8636659
2025-10-01,10302.01,10409.78,10237.49,10344.98,7263443
2025-10-02,10344.98,10365.41,10290.13,10310.49,2974588
2025-10-05,10310.49,10449.00,10234.83,10372.88,8337997
2025-10-06,10372.88,10428.09,10327.21,10382.38,5403052
2025-10-07,10382.38,10408.11,10331.24,10356.91,3478395
2025-10-08,10356.91,10436.04,10302.61,10381.61,6243038
2025-10-09,10381.61,10516.85,10306.96,10441.76,8190809
2025-10-12,10441.76,10477.35,10397.58,10433.14,4408127
2025-10-13,10433.14,10496.79,10384.26,10447.84,5685116
2025-10-14,10447.84,10468.32,10392.33,10412.74,2960048
2025-10-15,10412.74,10413.75,10342.80,10343.80,1097119
2025-10-16,10343.80,10354.12,10281.36,10291.63,1997565
2025-10-19,10291.63,10292.08,10222.09,10222.54,1044101
2025-10-20,10222.54,10262.19,10182.87,10222.52,4878703
2025-10-21,10222.52,10308.27,10166.15,10251.74,6513717
2025-10-22,10251.74,10316.87,10202.78,10267.83,5776303
2025-10-23,10267.83,10289.25,10214.24,10235.59,3086213
2025-10-26,10235.59,10322.96,10178.61,10265.81,6566906
2025-10-27,10265.81,10301.64,10223.00,10258.80,4489986
2025-10-28,10258.80,10360.15,10196.71,10297.81,7052983
2025-10-29,10297.81,10355.11,10251.57,10308.82,5490466
2025-10-30,10308.82,10452.46,10231.31,10374.46,8518484
2025-11-02,10374.46,10406.74,10328.27,10360.52,4112345
2025-11-03,10360.52,10450.40,10302.32,10392.02,6617729
2025-11-04,10392.02,10441.38,10348.43,10397.76,5195130
2025-11-05,10397.76,10458.68,10349.95,10410.81,5597633
2025-11-06,10410.81,10462.75,10366.23,10418.14,5282030
2025-11-09,10418.14,10486.53,10367.58,10435.88,5853257
2025-11-10,10435.88,10532.90,10374.91,10471.72,6842181
2025-11-11,10471.72,10511.69,10430.59,10470.56,4816700
2025-11-12,10470.56,10538.51,10420.02,10487.90,5826200
2025-11-13,10487.90,10510.75,10433.89,10456.68,3179320
2025-11-16,10456.68,10603.44,10377.68,10523.93,8555075
2025-11-17,10523.93,10668.49,10445.56,10589.63,8447290
2025-11-18,10589.63,10661.75,10537.29,10609.32,5942386
2025-11-19,10609.32,10639.35,10559.86,10589.83,3830486
2025-11-20,10589.83,10590.36,10518.33,10518.85,1049862
2025-11-23,10518.85,10534.26,10459.05,10474.39,2464711
2025-11-24,10474.39,10484.62,10410.99,10421.17,1976268
2025-11-25,10421.17,10441.67,10365.85,10386.28,2967249
2025-11-26,10386.28,10418.27,10339.79,10371.74,4079629
2025-11-27,10371.74,10453.35,10316.50,10397.98,6325754
2025-11-30,10397.98,10403.52,10331.56,10337.07,1532784
2025-12-01,10337.07,10412.55,10284.14,10359.51,6120473
2025-12-02,10359.51,10392.79,10314.16,10347.40,4212277
2025-12-03,10347.40,10479.01,10274.15,10405.35,8079801
2025-12-04,10405.35,10435.74,10357.54,10387.88,3920576
2025-12-07,10387.88,10488.09,10325.87,10425.85,6969170
2025-12-08,10425.85,10435.67,10362.48,10372.24,1941632
2025-12-09,10372.24,10525.24,10291.20,10443.64,8813271
2025-12-10,10443.64,10453.35,10380.06,10389.72,1929766
2025-12-11,10389.72,10404.80,10330.55,10345.56,2451611
2025-12-14,10345.56,10478.64,10271.78,10404.44,8131893
2025-12-15,10404.44,10546.79,10327.16,10469.03,8427400
2025-12-16,10469.03,10511.47,10427.75,10470.18,4943072
2025-12-17,10470.18,10520.33,10426.11,10476.23,5209773
2025-12-18,10476.23,10543.33,10425.99,10493.01,5795404
2025-12-21,10493.01,10532.35,10451.28,10490.61,4749348
2025-12-22,10490.61,10515.58,10438.17,10463.08,3380246
2025-12-23,10463.08,10517.73,10417.38,10472.00,5367112
2025-12-24,10472.00,10521.98,10427.97,10477.93,5203772
2025-12-25,10477.93,10550.28,10425.78,10498.04,5976646
2025-12-28,10498.04,10513.53,10438.44,10453.87,2475857
2025-12-29,10453.87,10460.56,10387.94,10394.59,1639677
2025-12-30,10394.59,10534.07,10318.37,10457.39,8332304
2025-12-31,10457.39,10601.26,10379.43,10522.81,8454972
2026-01-01,10522.81,10578.45,10476.61,10532.21,5390397
2026-01-04,10532.21,10599.24,10481.86,10548.81,5780555
2026-01-05,10548.81,10566.09,10490.21,10507.42,2637791
2026-01-06,10507.42,10536.73,10458.11,10487.36,3789266
2026-01-07,10487.36,10494.23,10421.34,10428.17,1654732
2026-01-08,10428.17,10463.18,10383.66,10418.64,4357647
2026-01-11,10418.64,10553.74,10343.94,10478.62,8169615
2026-01-12,10478.62,10588.94,10412.72,10522.78,7288168
2026-01-13,10522.78,10681.91,10439.14,10597.69,8947873
2026-01-14,10597.69,10667.59,10546.13,10615.95,5864780
2026-01-15,10615.95,10626.72,10552.00,10562.71,2014197
2026-01-18,10562.71,10591.67,10512.77,10541.67,3741803
2026-01-19,10541.67,10679.49,10465.68,10603.07,8208093
2026-01-20,10603.07,10652.57,10558.89,10608.37,5166152
2026-01-21,10608.37,10743.10,10533.34,10667.65,8072770
2026-01-22,10667.65,10684.00,10607.55,10623.83,2532887
2026-01-25,10623.83,10656.52,10576.26,10608.91,4077366
2026-01-26,10608.91,10611.82,10539.07,10541.96,1274108
2026-01-27,10541.96,10678.75,10466.35,10602.70,8172496
2026-01-28,10602.70,10614.17,10539.37,10550.77,2081172
2026-01-29,10550.77,10568.49,10492.49,10510.14,2679149
2026-02-01,10510.14,10546.50,10466.08,10502.42,4460253
2026-02-02,10502.42,10518.28,10443.07,10458.87,2510905
2026-02-03,10458.87,10578.63,10389.62,10509.05,7621227
2026-02-04,10509.05,10527.22,10451.39,10469.50,2729492
2026-02-05,10469.50,10620.64,10388.88,10539.48,8699897
2026-02-08,10539.48,10565.13,10487.22,10512.81,3433676
2026-02-09,10512.81,10595.18,10456.95,10539.18,6313545
2026-02-10,10539.18,10670.36,10465.60,10596.38,7981481
2026-02-11,10596.38,10601.15,10528.04,10532.78,1449828
2026-02-12,10532.78,10549.06,10473.54,10489.75,2545747
2026-02-15,10489.75,10517.96,10439.74,10467.89,3688991
2026-02-16,10467.89,10512.05,10425.98,10470.14,5003017
2026-02-17,10470.14,10488.56,10412.93,10431.29,2759430
2026-02-18,10431.29,10537.30,10367.07,10472.83,7155761
2026-02-19,10472.83,10477.30,10405.10,10409.54,1426577
2026-02-22,10409.54,10422.94,10348.97,10362.32,2287928
2026-02-23,10362.32,10426.39,10313.46,10377.46,5715123
2026-02-24,10377.46,10388.40,10315.26,10326.14,2053840
2026-02-25,10326.14,10361.91,10282.88,10318.63,4464574
2026-02-26,10318.63,10336.18,10261.79,10279.27,2700411
2026-03-01,10279.27,10291.79,10218.93,10231.39,2218141
2026-03-02,10231.39,10268.45,10189.73,10226.78,4622702
2026-03-03,10226.78,10231.33,10160.78,10165.31,1444958
2026-03-04,10165.31,10215.20,10122.07,10171.94,5252812
2026-03-05,10171.94,10245.52,10120.10,10193.58,6095644
2026-03-08,10193.58,10244.43,10149.93,10200.75,5282098
2026-03-09,10200.75,10285.68,10144.74,10229.51,6491186
2026-03-10,10229.51,10262.42,10184.77,10217.64,4216735
2026-03-11,10217.64,10223.21,10152.47,10158.01,1545164
2026-03-12,10158.01,10160.72,10091.08,10093.77,1266598
2026-03-15,10093.77,10107.09,10035.29,10048.54,2319307
2026-03-16,10048.54,10054.24,9984.62,9990.29,1567489
2026-03-17,9990.29,10140.39,9911.24,10060.79,8912379
2026-03-18,10060.79,10088.32,10013.18,10040.66,3736694
2026-03-19,10040.66,10185.12,9963.52,10107.47,8682407
2026-03-22,10107.47,10255.12,10029.02,10176.14,8761865
2026-03-23,10176.14,10204.65,10128.48,10156.94,3802229
2026-03-24,10156.94,10169.37,10097.35,10109.72,2223251
2026-03-25,10109.72,10141.55,10064.99,10096.78,4148388
2026-03-26,10096.78,10162.95,10047.81,10113.90,5849245
2026-03-29,10113.90,10119.20,10049.23,10054.49,1523353
2026-03-30,10054.49,10135.82,10000.14,10081.33,6405281
2026-03-31,10081.33,10129.65,10038.88,10087.17,5211076
2026-04-01,10087.17,10096.41,10025.66,10034.85,1916049
2026-04-02,10034.85,10053.57,9980.82,9999.48,2865877
2026-04-05,9999.48,10047.68,9957.27,10005.45,5221056
2026-04-06,10005.45,10095.49,9948.07,10037.92,6734670
2026-04-07,10037.92,10076.70,9998.85,10037.63,4863511
2026-04-08,10037.63,10039.77,9971.09,9973.21,1212517
2026-04-09,9973.21,9996.27,9922.85,9945.85,3312551
2026-04-12,9945.85,10062.77,9878.90,9995.48,7731515
2026-04-13,9995.48,10030.66,9954.02,9989.17,4518792
2026-04-14,9989.17,10008.97,9936.26,9956.01,2983024
2026-04-15,9956.01,10047.48,9898.23,9989.51,6803223
2026-04-16,9989.51,10004.23,9932.78,9947.44,2473216
2026-04-19,9947.44,9948.23,9880.49,9881.28,1079423
2026-04-20,9881.28,9934.11,9837.68,9890.48,5411968
2026-04-21,9890.48,9970.59,9836.98,9916.94,6409122
2026-04-22,9916.94,10066.57,9838.25,9987.32,8935082
2026-04-23,9987.32,10081.51,9928.48,10022.47,6891083
2026-04-26,10022.47,10049.13,9974.47,10001.07,3659842
2026-04-27,10001.07,10067.55,9952.23,10018.63,5883333
2026-04-28,10018.63,10104.33,9962.78,10048.33,6573902
2026-04-29,10048.33,10106.12,10002.52,10060.26,5558710
2026-04-30,10060.26,10082.97,10009.05,10031.70,3257510
2026-05-03,10031.70,10151.35,9963.54,10082.85,7793758
2026-05-04,10082.85,10193.22,10017.92,10128.00,7439060
2026-05-05,10128.00,10162.35,10085.02,10119.33,4390946
2026-05-06,10119.33,10186.62,10069.91,10137.11,5883984
2026-05-07,10137.11,10173.95,10095.93,10132.75,4634224
2026-05-10,10132.75,10169.40,10091.46,10128.09,4616975
2026-05-11,10128.09,10160.28,10083.50,10115.65,4177914
2026-05-12,10115.65,10255.45,10040.01,10179.33,8477537
2026-05-13,10179.33,10285.97,10115.52,10221.89,7268930
2026-05-14,10221.89,10293.38,10170.69,10242.08,6008882
2026-05-17,10242.08,10322.02,10187.77,10267.57,6302331
2026-05-18,10267.57,10386.81,10198.99,10317.89,7680144
2026-05-19,10317.89,10410.04,10258.97,10350.94,6710219
2026-05-20,10350.94,10355.51,10284.11,10288.66,1441941
2026-05-21,10288.66,10290.55,10220.23,10222.11,1183950
2026-05-24,10222.11,10228.40,10157.45,10163.71,1615260
2026-05-25,10163.71,10212.94,10120.72,10169.93,5229698
2026-05-26,10169.93,10272.10,10107.75,10209.68,7113683
2026-05-27,10209.68,10220.48,10148.51,10159.25,2057338
2026-05-28,10159.25,10202.00,10118.62,10161.36,4998936
2026-05-31,10161.36,10200.00,10121.35,10159.99,4802674
2026-06-01,10159.99,10184.07,10109.12,10133.14,3369787
2026-06-02,10133.14,10164.38,10087.81,10119.00,4082990
2026-06-03,10119.00,10177.92,10072.62,10131.47,5584259
2026-06-04,10131.47,10282.96,10051.58,10202.50,8885939
2026-06-07,10202.50,10268.41,10153.37,10219.20,5815192
2026-06-08,10219.20,10257.95,10178.88,10217.62,4791769
2026-06-09,10217.62,10287.12,10167.15,10236.56,5939128
2026-06-10,10236.56,10294.59,10190.20,10248.18,5528875
2026-06-11,10248.18,10312.78,10199.42,10263.94,5758539
2026-06-14,10263.94,10331.59,10214.03,10281.59,5862688
2026-06-15,10281.59,10369.08,10224.45,10311.77,6557373
2026-06-16,10311.77,10340.83,10263.60,10292.60,3817901
2026-06-17,10292.60,10323.38,10245.85,10276.57,3989951
2026-06-18,10276.57,10309.81,10231.76,10264.95,4234019
2026-06-21,10264.95,10278.33,10205.35,10218.67,2303189
2026-06-22,10218.67,10245.79,10169.68,10196.75,3654252
2026-06-23,10196.75,10205.84,10134.38,10143.43,1892146
2026-06-24,10143.43,10179.42,10101.57,10137.53,4547736
2026-06-25,10137.53,10269.53,10064.65,10196.23,8188923
2026-06-28,10196.23,10215.25,10141.33,10160.28,2865089
2026-06-29,10160.28,10227.87,10110.65,10178.15,5884876
2026-06-30,10178.15,10218.97,10138.18,10178.99,4927297
2026-07-01,10178.99,10194.12,10121.28,10136.35,2486179
2026-07-02,10136.35,10142.92,10072.49,10079.02,1647942
2026-07-05,10079.02,10127.09,10036.66,10084.71,5202709
2026-07-06,10084.71,10115.86,10039.64,10070.75,4088751
2026-07-07,10070.75,10092.60,10018.82,10040.61,3170267
2026-07-08,10040.61,10074.23,9997.68,10031.27,4348491
2026-07-09,10031.27,10051.40,9978.32,9998.38,3006138
2026-07-12,9998.38,10062.14,9950.53,10014.22,5785185
2026-07-13,10014.22,10075.67,9967.17,10028.55,5697976
2026-07-14,10028.55,10044.31,9972.34,9988.04,2571673
2026-07-15,9988.04,10026.26,9948.89,9987.10,4826028
2026-07-16,9987.10,10022.90,9946.15,9981.93,4584499
2026-07-19,9981.93,10054.78,9930.84,10003.57,6118689
2026-07-20,10003.57,10029.84,9955.41,9981.62,3626131
2026-07-21,9981.62,10014.97,9938.89,9972.21,4341392
2026-07-22,9972.21,10123.93,9892.63,10043.77,8980521
2026-07-23,10043.77,10100.44,9998.39,10055.00,5518827
2026-07-26,10055.00,10189.08,9981.58,10115.21,8301989
2026-07-27,10115.21,10199.42,10059.68,10143.72,6490500
2026-07-28,10143.72,10209.87,10094.65,10160.72,5837448
2026-07-29,10160.72,10189.17,10113.12,10141.51,3799622
2026-07-30,10141.51,10151.47,10080.17,10090.08,1981961