Date,Open,High,Low,Close,Volume
2015-12-31,500.00,502.88,497.80,500.68,5396536
2016-01-03,500.68,506.26,497.74,503.30,6875171
2016-01-04,503.30,510.35,499.95,506.97,7660390
2016-01-05,506.97,512.83,503.94,509.78,6986762
2016-01-06,509.78,513.04,507.45,510.70,5570336
2016-01-07,510.70,517.34,507.44,514.06,7386419
2016-01-10,514.06,514.98,510.32,511.23,2780692
2016-01-11,511.23,513.27,509.23,511.27,4913648
2016-01-12,511.27,512.57,508.18,509.47,3538374
2016-01-13,509.47,511.06,506.86,508.45,4111659
2016-01-14,508.45,516.64,504.76,512.93,8238443
2016-01-17,512.93,519.72,509.62,516.39,7449588
2016-01-18,516.39,521.08,513.64,518.33,6312997
2016-01-19,518.33,519.30,514.64,515.61,2878052
2016-01-20,515.61,520.56,512.79,517.74,6453395
2016-01-21,517.74,519.66,515.59,517.52,4718038
2016-01-24,517.52,525.72,513.81,521.98,8165809
2016-01-25,521.98,523.48,519.11,520.61,3883127
2016-01-26,520.61,521.48,516.72,517.58,2660116
2016-01-27,517.58,518.84,514.36,515.62,3435048
2016-01-28,515.62,516.68,512.11,513.17,3072119
2016-01-31,513.17,514.44,510.01,511.27,3472565
2016-02-01,511.27,519.10,507.68,515.49,8019101
2016-02-02,515.49,522.13,512.21,518.83,7353703
2016-02-03,518.83,519.61,514.81,515.58,2488717
2016-02-04,515.58,515.71,510.54,510.67,1251303
2016-02-07,510.67,512.23,508.01,509.57,4061213
2016-02-08,509.57,510.61,506.07,507.11,3041906
2016-02-09,507.11,507.85,503.16,503.89,2464986
2016-02-10,503.89,505.67,501.65,503.43,4527983
2016-02-11,503.43,511.96,499.67,508.17,8465466
2016-02-14,508.17,514.05,505.12,510.99,6993484
2016-02-15,510.99,512.56,508.35,509.92,4087345
2016-02-16,509.92,514.15,507.33,511.55,6092729
2016-02-17,511.55,512.15,507.31,507.91,2170130
2016-02-18,507.91,512.08,505.33,509.50,6072633
2016-02-21,509.50,515.89,506.31,512.68,7257030
2016-02-22,512.68,519.24,509.43,515.97,7328257
2016-02-23,515.97,519.73,513.49,517.24,5817181
2016-02-24,517.24,523.79,513.99,520.52,7291700
2016-02-25,520.52,520.93,515.90,516.31,1801200
2016-02-28,516.31,521.65,513.39,518.71,6654320
2016-02-29,518.71,518.99,513.88,514.15,1530075
2016-03-01,514.15,516.23,512.14,514.21,4922290
2016-03-02,514.21,515.71,511.41,512.91,3917386
2016-03-03,512.91,513.07,507.94,508.10,1305486
2016-03-06,508.10,509.63,505.42,506.96,4024862
2016-03-07,506.96,516.43,502.93,512.36,8939711
2016-03-08,512.36,512.85,507.94,508.42,1951268
2016-03-09,508.42,509.15,504.44,505.17,2442249
2016-03-10,505.17,505.19,500.07,500.09,1054629
2016-03-13,500.09,505.53,497.19,502.62,6800754
2016-03-14,502.62,503.88,499.55,500.81,3507784
2016-03-15,500.81,507.70,497.50,504.38,7595473
2016-03-16,504.38,505.48,501.04,502.13,3187277
2016-03-17,502.13,502.91,498.29,499.07,2554801
2016-03-20,499.07,506.49,495.63,503.02,7895576
2016-03-21,503.02,503.75,499.08,499.80,2444170
2016-03-22,499.80,500.76,496.27,497.23,2916632
2016-03-23,497.23,499.90,495.10,497.76,5288271
2016-03-24,497.76,505.18,494.32,501.71,7904766
2016-03-27,501.71,509.23,498.24,505.73,7926611
2016-03-28,505.73,506.79,502.31,503.37,3106893
2016-03-29,503.37,509.03,500.40,506.04,6902400
2016-03-30,506.04,508.08,504.06,506.09,4918072
2016-03-31,506.09,507.96,503.97,505.83,4684773
2016-04-03,505.83,506.73,502.14,503.03,2770404
2016-04-04,503.03,505.62,500.91,503.49,5224348
2016-04-05,503.49,506.31,501.30,504.12,5355246
2016-04-06,504.12,509.67,501.17,506.71,6842112
2016-04-07,506.71,508.32,504.17,505.78,4178772
2016-04-10,505.78,514.33,502.01,510.52,8451646
2016-04-11,510.52,515.42,507.74,512.63,6450857
2016-04-12,512.63,515.05,510.52,512.94,5114677
2016-04-13,512.94,513.10,507.98,508.13,1307304
2016-04-14,508.13,510.20,506.14,508.20,4929972
2016-04-17,508.20,509.40,504.98,506.18,3365397
2016-04-18,506.18,507.32,502.88,504.02,3255555
2016-04-19,504.02,507.32,501.70,504.99,5612791
2016-04-20,504.99,505.63,500.89,501.52,2264266
2016-04-21,501.52,501.84,496.93,497.24,1629732
2016-04-24,497.24,498.65,494.47,495.88,3832647
2016-04-25,495.88,498.28,493.82,496.22,5144615
2016-04-26,496.22,503.36,492.86,499.98,7763168
2016-04-27,499.98,500.94,496.45,497.41,2922873
2016-04-28,497.41,503.79,494.25,500.62,7339780
2016-05-01,500.62,510.06,496.62,506.02,8989197
2016-05-02,506.02,510.44,503.38,507.80,6216803
2016-05-03,507.80,509.41,505.25,506.87,4183093
2016-05-04,506.87,515.78,502.99,511.87,8641152
2016-05-05,511.87,511.89,506.70,506.72,1047770
2016-05-08,506.72,512.61,503.68,509.55,7007887
2016-05-09,509.55,510.09,505.24,505.77,2052366
2016-05-10,505.77,511.17,502.86,508.25,6749108
2016-05-11,508.25,509.34,504.85,505.94,3147496
2016-05-12,505.94,514.68,502.12,510.82,8556172
2016-05-15,510.82,511.67,507.00,507.84,2654149
2016-05-16,507.84,509.33,505.09,506.58,3935253
2016-05-17,506.58,513.35,503.29,510.04,7485905
2016-05-18,510.04,518.00,506.42,514.35,8096227
2016-05-19,514.35,516.25,512.21,514.11,4704492
2016-05-22,514.11,514.72,509.86,510.46,2174897
2016-05-23,510.46,511.18,506.44,507.15,2408676
2016-05-24,507.15,516.34,503.20,512.35,8788545
2016-05-25,512.35,513.87,509.60,511.11,3956481
2016-05-26,511.11,513.18,509.11,511.17,4924828
2016-05-29,511.17,512.46,508.06,509.35,3520747
2016-05-30,509.35,517.42,505.70,513.74,8163991
2016-05-31,513.74,514.75,510.16,511.17,2978017
2016-06-01,511.17,519.41,507.48,515.67,8234430
2016-06-02,515.67,516.26,511.37,511.95,2130761
2016-06-05,511.95,519.57,508.42,516.01,7901577
2016-06-06,516.01,516.67,511.82,512.47,2262928
2016-06-07,512.47,515.03,510.32,512.89,5190123
2016-06-08,512.89,518.89,509.79,515.78,7028840
2016-06-09,515.78,517.89,513.75,515.86,4939574
2016-06-12,515.86,517.76,513.69,515.58,4675411
2016-06-13,515.58,516.97,512.59,513.98,3693141
2016-06-14,513.98,515.31,510.92,512.25,3597702
2016-06-15,512.25,513.74,509.46,510.96,3919958
2016-06-16,510.96,511.07,505.94,506.06,1227812
2016-06-19,506.06,506.35,501.37,501.66,1570644
2016-06-20,501.66,506.12,499.02,503.47,6257098
2016-06-21,503.47,504.46,499.96,500.94,2966186
2016-06-22,500.94,501.54,496.82,497.41,2191735
2016-06-23,497.41,503.22,494.42,500.20,7020164
2016-06-26,500.20,501.83,497.75,499.37,4241598
2016-06-27,499.37,508.43,495.47,504.50,8794307
2016-06-28,504.50,504.77,499.81,500.08,1542489
2016-06-29,500.08,508.41,496.38,504.68,8387379
2016-06-30,504.68,513.69,500.79,509.76,8711694
2016-07-03,509.76,509.84,504.70,504.78,1157407
2016-07-04,504.78,505.65,501.06,501.94,2736865
2016-07-05,501.94,504.61,499.79,502.46,5277229
2016-07-06,502.46,502.56,497.51,497.60,1198251
2016-07-07,497.60,502.69,494.81,499.88,6623388
2016-07-10,499.88,500.29,495.46,495.87,1824245
2016-07-11,495.87,498.01,493.89,496.03,4998353
2016-07-12,496.03,502.47,492.86,499.28,7380281
2016-07-13,499.28,499.62,494.76,495.09,1686076
2016-07-14,495.09,502.45,491.68,499.01,7891049
2016-07-17,499.01,507.24,495.34,503.54,8340877
2016-07-18,503.54,511.58,499.92,507.92,8196056
2016-07-19,507.92,510.50,505.79,508.36,5209670
2016-07-20,508.36,510.32,506.36,508.31,4838511
2016-07-21,508.31,517.34,504.40,513.39,8687517
2016-07-24,513.39,521.76,509.65,517.98,8287551
2016-07-25,517.98,526.27,514.25,522.50,8206515
2016-07-26,522.50,527.60,519.63,524.72,6493792
2016-07-27,524.72,526.53,522.32,524.14,4458024
2016-07-28,524.14,527.88,521.63,525.37,5778223
2016-07-31,525.37,527.54,523.30,525.47,4948216
2016-08-01,525.47,527.84,523.34,525.71,5054423
2016-08-02,525.71,535.43,521.56,531.24,8886968
2016-08-03,531.24,538.14,527.85,534.73,7384122
2016-08-04,534.73,537.83,532.37,535.47,5410082
2016-08-07,535.47,537.54,533.38,535.45,4866083
2016-08-08,535.45,535.53,530.12,530.19,1134842
2016-08-09,530.19,539.94,526.02,535.73,8858333
2016-08-10,535.73,538.13,533.56,535.96,5048902
2016-08-11,535.96,539.32,533.53,536.88,5533710
2016-08-14,536.88,537.81,532.93,533.86,2732510
2016-08-15,533.86,535.87,531.69,533.70,4768758
2016-08-16,533.70,541.67,530.01,537.95,7914060
2016-08-17,537.95,542.95,535.06,540.05,6365946
2016-08-18,540.05,547.02,536.62,543.56,7358984
2016-08-21,543.56,544.98,540.34,541.75,3609224
2016-08-22,541.75,548.22,538.45,544.90,7091975
2016-08-23,544.90,553.51,541.00,549.58,8152914
2016-08-24,549.58,551.20,546.62,548.24,3952537
2016-08-25,548.24,557.09,544.27,553.08,8243930
2016-08-28,553.08,553.90,548.79,549.60,2483882
2016-08-29,549.60,551.40,546.93,548.73,4277331
2016-08-30,548.73,551.41,546.45,549.13,5155144
2016-08-31,549.13,549.51,544.15,544.52,1685219
2016-09-01,544.52,552.66,540.76,548.86,7916941
2016-09-04,548.86,548.95,543.42,543.50,1158950
2016-09-05,543.50,543.55,538.05,538.10,1090260
2016-09-06,538.10,538.75,533.67,534.32,2204698
2016-09-07,534.32,541.66,530.80,538.12,7588683
2016-09-08,538.12,539.75,535.29,536.92,4032338
2016-09-11,536.92,542.12,533.98,539.17,6473936
2016-09-12,539.17,540.66,536.11,537.61,3777674
2016-09-13,537.61,541.58,535.00,538.97,5844787
2016-09-14,538.97,547.30,535.16,543.46,8057990
2016-09-15,543.46,543.50,537.98,538.01,1059259
2016-09-18,538.01,538.48,533.29,533.75,1860939
2016-09-19,533.75,534.44,529.44,530.12,2290192
2016-09-20,530.12,531.06,526.25,527.18,2766769
2016-09-21,527.18,528.45,523.88,525.15,3414128
2016-09-22,525.15,534.13,521.21,530.15,8503875
2016-09-25,530.15,531.86,527.54,529.25,4233539
2016-09-26,529.25,533.14,526.69,530.58,5837688
2016-09-27,530.58,534.86,527.91,532.18,6032373
2016-09-28,532.18,541.84,528.04,537.65,8792901
2016-09-29,537.65,539.51,535.20,537.06,4464951
2016-10-02,537.06,541.74,534.27,538.94,6209019
2016-10-03,538.94,540.43,535.89,537.38,3778189
2016-10-04,537.38,538.25,533.33,534.20,2629252
2016-10-05,534.20,536.00,531.69,533.48,4367146
2016-10-06,533.48,542.64,529.47,538.59,8522736
2016-10-09,538.59,540.02,535.44,536.87,3663923
2016-10-10,536.87,538.39,533.88,535.40,3840089
2016-10-11,535.40,536.13,531.14,531.86,2359876
2016-10-12,531.86,532.87,528.09,529.10,2902297
2016-10-13,529.10,537.09,525.41,533.38,7961179
2016-10-16,533.38,535.31,531.09,533.02,4622942
2016-10-17,533.02,534.44,529.91,531.34,3677709
2016-10-18,531.34,532.96,528.57,530.20,4063751
2016-10-19,530.20,531.07,526.22,527.09,2645267
2016-10-20,527.09,527.26,522.00,522.17,1323491
2016-10-23,522.17,523.46,518.96,520.25,3481138
2016-10-24,520.25,527.73,516.73,524.18,7760185
2016-10-25,524.18,530.59,520.95,527.34,7172976
2016-10-26,527.34,527.62,522.44,522.72,1546673
2016-10-27,522.72,529.36,519.43,526.04,7301028
2016-10-30,526.04,535.14,522.07,531.13,8559499
2016-10-31,531.13,531.44,526.23,526.54,1593689
2016-11-01,526.54,528.44,524.26,526.16,4601131
2016-11-02,526.16,535.75,522.05,531.59,8816392
2016-11-03,531.59,537.67,528.43,534.49,6955521
2016-11-06,534.49,535.56,530.78,531.84,2993827
2016-11-07,531.84,533.06,528.40,529.61,3276989
2016-11-08,529.61,531.83,527.51,529.73,4965500
2016-11-09,529.73,533.58,527.18,531.02,5812448
2016-11-10,531.02,532.23,527.58,528.78,3274622
2016-11-13,528.78,534.83,525.63,531.67,6956961
2016-11-14,531.67,540.53,527.74,536.57,8390329
2016-11-15,536.57,538.25,533.85,535.53,4142626
2016-11-16,535.53,544.21,531.64,540.28,8263237
2016-11-17,540.28,544.70,537.55,541.96,6060802
2016-11-20,541.96,542.07,536.63,536.74,1214334
2016-11-21,536.74,538.47,534.09,535.81,4217661
2016-11-22,535.81,536.43,531.37,531.98,2157201
2016-11-23,531.98,535.87,529.42,533.30,5823079
2016-11-24,533.30,537.84,530.55,535.08,6153566
2016-11-27,535.08,543.26,531.33,539.48,8012860
2016-11-28,539.48,542.40,537.16,540.08,5302194
2016-11-29,540.08,540.30,534.94,535.15,1404286
2016-11-30,535.15,536.20,531.41,532.46,2961111
2016-12-01,532.46,533.51,528.76,529.81,2985013
2016-12-04,529.81,529.97,524.67,524.83,1303155
2016-12-05,524.83,529.65,522.03,526.84,6335288
2016-12-06,526.84,527.47,522.51,523.14,2204869
2016-12-07,523.14,523.23,517.97,518.06,1183504
2016-12-08,518.06,521.18,515.75,518.86,5468724
2016-12-11,518.86,523.55,516.12,520.79,6295096
2016-12-12,520.79,522.55,518.35,520.10,4378669
2016-12-13,520.10,521.51,517.09,518.49,3694753
2016-12-14,518.49,519.31,514.55,515.37,2589026
2016-12-15,515.37,519.88,512.68,517.18,6221982
2016-12-18,517.18,518.91,514.73,516.46,4346707
2016-12-19,516.46,517.19,512.40,513.12,2419993
2016-12-20,513.12,513.66,508.78,509.31,2046776
2016-12-21,509.31,510.20,505.58,506.47,2757921
2016-12-22,506.47,506.53,501.41,501.47,1121330
2016-12-25,501.47,502.57,498.15,499.24,3186385
2016-12-26,499.24,499.87,495.19,495.81,2261728
2016-12-27,495.81,496.32,491.59,492.10,2026371
2016-12-28,492.10,494.18,490.14,492.22,4974142
2016-12-29,492.22,496.48,489.67,493.92,6191460
2017-01-01,493.92,502.29,490.23,498.57,8468449
2017-01-02,498.57,499.44,494.91,495.77,2743381
2017-01-03,495.77,496.21,491.44,491.87,1880452
2017-01-04,491.87,498.97,488.53,495.61,7780898
2017-01-05,495.61,502.86,492.23,499.45,7827434
2017-01-08,499.45,508.27,495.62,504.41,8662037
2017-01-09,504.41,505.57,501.16,502.31,3297050
2017-01-10,502.31,509.16,499.02,505.84,7559636
2017-01-11,505.84,509.63,503.38,507.16,5869547
2017-01-12,507.16,511.84,504.44,509.12,6350240
2017-01-15,509.12,511.82,506.94,509.64,5273319
2017-01-16,509.64,511.60,507.63,509.58,4836316
2017-01-17,509.58,511.25,507.11,508.77,4273799
2017-01-18,508.77,510.45,506.32,508.00,4301817
2017-01-19,508.00,517.41,503.99,513.35,8895679
2017-01-22,513.35,521.93,509.56,518.10,8401063
2017-01-23,518.10,525.96,514.48,522.31,7978463
2017-01-24,522.31,525.29,520.03,523.00,5380967
2017-01-25,523.00,527.29,520.35,524.63,6065363
2017-01-26,524.63,526.01,521.54,522.92,3636591
2017-01-29,522.92,526.36,520.50,523.94,5625514
2017-01-30,523.94,533.08,519.96,529.05,8600034
2017-01-31,529.05,529.91,525.06,525.90,2609533
2017-02-01,525.90,528.10,523.82,526.02,4962654
2017-02-02,526.02,527.25,522.66,523.89,3338408
2017-02-05,523.89,532.32,520.10,528.50,8230624
2017-02-06,528.50,534.10,525.47,531.06,6725720
2017-02-07,531.06,531.38,526.18,526.50,1613820
2017-02-08,526.50,534.21,522.90,530.58,7833196
2017-02-09,530.58,535.28,527.80,532.49,6248045
2017-02-12,532.49,538.20,529.42,535.12,6759602
2017-02-13,535.12,537.12,532.93,534.93,4750582
2017-02-14,534.93,540.87,531.80,537.72,6862962
2017-02-15,537.72,542.21,534.97,539.45,6109087
2017-02-16,539.45,540.16,535.12,535.82,2316117
2017-02-19,535.82,537.38,532.90,534.45,3903806
2017-02-20,534.45,535.52,530.75,531.81,2995610
2017-02-21,531.81,533.33,528.87,530.39,3863134
2017-02-22,530.39,539.84,526.30,535.71,8703909
2017-02-23,535.71,545.35,531.56,541.16,8752503
2017-02-26,541.16,543.17,538.92,540.94,4724965
2017-02-27,540.94,550.36,536.83,546.21,8596604
2017-02-28,546.21,547.15,542.18,543.11,2713100
2017-03-01,543.11,551.85,539.18,547.89,8234945
2017-03-02,547.89,554.08,544.65,550.82,6915226
2017-03-05,550.82,552.59,548.08,549.85,4210733
2017-03-06,549.85,550.25,544.90,545.30,1726406
2017-03-07,545.30,551.61,542.03,548.32,6993106
2017-03-08,548.32,557.84,544.17,553.65,8578737
2017-03-09,553.65,555.60,551.19,553.14,4532681
2017-03-12,553.14,554.89,550.35,552.10,4163580
2017-03-13,552.10,553.29,548.41,549.59,3150445
2017-03-14,549.59,551.24,546.67,548.31,3987105
2017-03-15,548.31,548.72,543.40,543.82,1759979
2017-03-16,543.82,550.64,540.41,547.21,7259190
2017-03-19,547.21,548.54,543.80,545.12,3423010
2017-03-20,545.12,546.27,541.45,542.59,3115637
2017-03-21,542.59,551.34,538.67,547.38,8238305
2017-03-22,547.38,552.08,544.55,549.24,6173731
2017-03-23,549.24,550.65,545.94,547.34,3563888
2017-03-26,547.34,547.57,542.14,542.37,1421124
2017-03-27,542.37,549.79,538.80,546.20,7572599
2017-03-28,546.20,551.42,543.23,548.44,6438065
2017-03-29,548.44,553.08,545.62,550.25,6140980
2017-03-30,550.25,551.33,546.40,547.47,2952949
2017-04-02,547.47,553.96,544.15,550.62,7071502
2017-04-03,550.62,551.02,545.67,546.07,1731207
2017-04-04,546.07,547.51,542.86,544.30,3648113
2017-04-05,544.30,554.19,540.06,549.90,8797530
2017-04-06,549.90,557.33,546.31,553.72,7525137
2017-04-09,553.72,556.09,551.51,553.88,4991426
2017-04-10,553.88,560.20,550.58,556.89,6949485
2017-04-11,556.89,557.92,552.90,553.93,2856104
2017-04-12,553.93,554.66,549.48,550.20,2316220
2017-04-13,550.20,552.33,548.05,550.17,4860699
2017-04-16,550.17,556.67,546.84,553.32,7057441
2017-04-17,553.32,559.65,550.02,556.33,6955829
2017-04-18,556.33,560.48,553.63,557.77,5864506
2017-04-19,557.77,565.18,554.17,561.55,7462482
2017-04-20,561.55,566.52,558.61,563.56,6243587
2017-04-23,563.56,566.60,561.14,564.18,5294238
2017-04-24,564.18,571.55,560.56,567.91,7404561
2017-04-25,567.91,569.34,564.45,565.88,3512825
2017-04-26,565.88,571.37,562.77,568.26,6483230
2017-04-27,568.26,568.95,563.60,564.28,2217009
2017-04-30,564.28,564.90,559.55,560.16,2096879
2017-05-01,560.16,562.27,557.88,559.99,4764814
2017-05-02,559.99,561.24,556.33,557.57,3233161
2017-05-03,557.57,560.65,555.16,558.23,5329080
2017-05-04,558.23,559.61,554.79,556.17,3472325
2017-05-07,556.17,560.16,553.50,557.49,5786351
2017-05-08,557.49,567.10,553.28,562.85,8542764
2017-05-09,562.85,567.20,560.07,564.41,5939094
2017-05-10,564.41,567.28,562.04,564.90,5209910
2017-05-11,564.90,571.60,561.47,568.15,7071262
2017-05-14,568.15,575.78,564.46,572.06,7498456
2017-05-15,572.06,574.25,569.80,571.99,4837174
2017-05-16,571.99,573.85,569.19,571.04,4247908
2017-05-17,571.04,572.46,567.54,568.95,3483744
2017-05-18,568.95,577.63,564.97,573.61,8001474
2017-05-21,573.61,574.99,570.02,571.39,3406035
2017-05-22,571.39,574.33,568.98,571.92,5228292
2017-05-23,571.92,572.51,567.06,567.65,2036145
2017-05-24,567.65,576.05,563.74,572.12,7878978
2017-05-25,572.12,580.98,568.07,576.90,8065432
2017-05-28,576.90,582.07,573.86,579.01,6274519
2017-05-29,579.01,581.51,576.70,579.19,5000068
2017-05-30,579.19,586.61,575.53,582.92,7328497
2017-05-31,582.92,591.91,578.81,587.77,8049931
2017-06-01,587.77,592.66,584.77,589.65,6102640
2017-06-04,589.65,595.10,586.50,591.93,6350823
2017-06-05,591.93,592.93,587.54,588.54,2695713
2017-06-06,588.54,594.33,585.29,591.07,6520027
2017-06-07,591.07,601.09,586.66,596.63,8465740
2017-06-08,596.63,596.96,591.09,591.41,1545198
2017-06-11,591.41,591.76,585.95,586.30,1585562
2017-06-12,586.30,586.30,580.33,580.33,1006584
2017-06-13,580.33,589.04,576.31,584.98,7931721
2017-06-14,584.98,585.94,580.58,581.53,2632578
2017-06-15,581.53,582.87,577.80,579.13,3306687
2017-06-18,579.13,579.24,573.41,573.52,1188614
2017-06-19,573.52,575.98,571.23,573.69,4994410
2017-06-20,573.69,574.67,569.44,570.41,2699382
2017-06-21,570.41,580.46,566.04,576.05,8649211
2017-06-22,576.05,577.78,573.00,574.73,4004389
2017-06-25,574.73,575.60,570.30,571.16,2518004
2017-06-26,571.16,571.53,565.95,566.32,1646844
2017-06-27,566.32,567.45,562.39,563.52,2995850
2017-06-28,563.52,568.19,560.64,565.31,6095884
2017-06-29,565.31,572.93,561.63,569.22,7514849
2017-07-02,569.22,572.31,566.78,569.85,5302126
2017-07-03,569.85,580.14,565.43,575.67,8766358
2017-07-04,575.67,579.38,573.03,576.74,5586556
2017-07-05,576.74,581.86,573.70,578.82,6256550
2017-07-06,578.82,583.14,576.01,580.31,5862757
2017-07-09,580.31,587.46,576.72,583.84,7195301
2017-07-10,583.84,583.95,578.08,578.19,1192455
2017-07-11,578.19,588.52,573.73,584.01,8718415
2017-07-12,584.01,592.22,580.12,588.30,7674417
2017-07-13,588.30,588.56,582.73,582.99,1443175
2017-07-16,582.99,585.13,580.53,582.66,4666666
2017-07-17,582.66,583.46,578.02,578.81,2357235
2017-07-18,578.81,579.58,574.18,574.95,2342043
2017-07-19,574.95,577.52,572.63,575.19,5040843
2017-07-20,575.19,576.10,570.81,571.72,2577091
2017-07-23,571.72,578.81,568.16,575.23,7222393
2017-07-24,575.23,578.08,572.83,575.68,5174279
2017-07-25,575.68,577.21,572.31,573.84,3667318
2017-07-26,573.84,575.23,570.26,571.64,3417558
2017-07-27,571.64,581.19,567.41,576.92,8400308
2017-07-30,576.92,587.75,572.33,583.10,8961248
2017-07-31,583.10,583.84,578.36,579.09,2260871
2017-08-01,579.09,579.70,574.19,574.80,2052263
2017-08-02,574.80,578.93,572.04,576.17,5792215
2017-08-03,576.17,583.03,572.67,579.51,7085665
2017-08-06,579.51,582.99,576.92,580.40,5463477
2017-08-07,580.40,583.94,577.79,581.33,5493552
2017-08-08,581.33,584.32,578.87,581.86,5225274
2017-08-09,581.86,586.42,578.97,583.52,5967283
2017-08-10,583.52,584.92,579.85,581.25,3398593
2017-08-13,581.25,590.14,577.17,586.03,8013031
2017-08-14,586.03,592.61,582.57,589.13,6897016
2017-08-15,589.13,590.22,584.90,585.98,2840672
2017-08-16,585.98,587.02,581.71,582.75,2782270
2017-08-17,582.75,584.26,579.27,580.77,3586008
2017-08-20,580.77,587.83,577.20,584.24,7153120
2017-08-21,584.24,594.99,579.64,590.35,8866323
2017-08-22,590.35,597.99,586.59,594.21,7367592
2017-08-23,594.21,595.79,590.74,592.32,3669272
2017-08-24,592.32,596.16,589.59,593.43,5598525
2017-08-27,593.43,597.24,590.72,594.52,5575102
2017-08-28,594.52,596.14,591.10,592.71,3722462
2017-08-29,592.71,594.67,589.87,591.83,4312208
2017-08-30,591.83,592.15,586.32,586.64,1541872
2017-08-31,586.64,587.61,582.24,583.20,2646021
2017-09-03,583.20,592.82,578.92,588.50,8340706
2017-09-04,588.50,594.47,585.20,591.16,6601234
2017-09-05,591.16,592.80,587.81,589.44,3773285
2017-09-06,589.44,592.02,587.07,589.65,5017352
2017-09-07,589.65,598.83,585.47,594.62,8086522
2017-09-10,594.62,595.47,589.95,590.80,2437585
2017-09-11,590.80,594.81,588.04,592.04,5675480
2017-09-12,592.04,592.23,586.33,586.52,1331069
2017-09-13,586.52,587.09,581.48,582.05,1972256
2017-09-14,582.05,585.93,579.34,583.22,5648422
2017-09-17,583.22,587.15,580.50,584.43,5668209
2017-09-18,584.43,588.46,581.67,585.70,5710631
2017-09-19,585.70,595.21,581.44,590.91,8269513
2017-09-20,590.91,600.85,586.52,596.42,8431275
2017-09-21,596.42,607.66,591.66,602.85,8986042
2017-09-24,602.85,613.96,598.10,609.17,8872085
2017-09-25,609.17,611.69,606.76,609.28,4953600
2017-09-26,609.28,616.64,605.55,612.89,7131824
2017-09-27,612.89,613.98,608.43,609.52,2789471
2017-09-28,609.52,615.63,606.13,612.22,6568518
2017-10-01,612.22,613.74,608.46,609.98,3481310
2017-10-02,609.98,610.19,604.12,604.33,1355006
2017-10-03,604.33,614.89,599.73,610.25,8609362
2017-10-04,610.25,610.47,604.40,604.62,1367832
2017-10-05,604.62,613.62,600.45,609.42,7902023
2017-10-08,609.42,615.17,606.12,611.86,6409465
2017-10-09,611.86,613.78,608.74,610.65,4124725
2017-10-10,610.65,611.12,605.19,605.66,1763854
2017-10-11,605.66,607.05,601.76,603.15,3302160
2017-10-12,603.15,610.33,599.48,606.64,7085322
2017-10-15,606.64,607.41,601.72,602.49,2273834
2017-10-16,602.49,603.47,597.95,598.92,2620781
2017-10-17,598.92,602.77,596.17,600.02,5582956
2017-10-18,600.02,602.28,597.58,599.84,4765294
2017-10-19,599.84,608.33,595.82,604.28,7698662
2017-10-22,604.28,605.46,600.05,601.22,2950960
2017-10-23,601.22,603.37,598.59,600.73,4571570
2017-10-24,600.73,605.23,597.81,602.29,5869135
2017-10-25,602.29,603.21,597.65,598.57,2522668
2017-10-26,598.57,601.21,596.16,598.79,5025994
2017-10-29,598.79,608.94,594.32,604.43,8465534
2017-10-30,604.43,612.83,600.42,608.80,7631412
2017-10-31,608.80,609.08,603.06,603.33,1461899
2017-11-01,603.33,604.43,598.98,600.07,2821193
2017-11-02,600.07,604.00,597.31,601.22,5610528
2017-11-05,601.22,604.28,598.69,601.75,5212620
2017-11-06,601.75,611.52,597.37,607.10,8269444
2017-11-07,607.10,615.90,602.98,611.75,7793347
2017-11-08,611.75,613.34,608.12,609.71,3611488
2017-11-09,609.71,611.63,606.62,608.53,4143621
2017-11-12,608.53,608.84,602.84,603.15,1513203
2017-11-13,603.15,612.33,598.93,608.08,7991838
2017-11-14,608.08,608.55,602.66,603.13,1777057
2017-11-15,603.13,608.15,600.05,605.06,6103429
2017-11-16,605.06,609.19,602.23,606.34,5687002
2017-11-19,606.34,608.47,603.62,605.74,4503086
2017-11-20,605.74,616.97,600.96,612.13,8897359
2017-11-21,612.13,621.53,607.83,617.19,8030315
2017-11-22,617.19,625.83,613.09,621.69,7655041
2017-11-23,621.69,624.89,619.06,622.26,5228326
2017-11-26,622.26,623.10,617.30,618.13,2355109
2017-11-27,618.13,624.33,614.69,620.87,6566255
2017-11-28,620.87,626.78,617.50,623.40,6429663
2017-11-29,623.40,632.89,619.04,628.49,7994718
2017-11-30,628.49,630.74,625.74,627.98,4570061
2017-12-03,627.98,637.18,623.69,632.85,7834705
2017-12-04,632.85,634.93,629.79,631.86,4282475
2017-12-05,631.86,634.59,629.33,632.06,4999794
2017-12-06,632.06,634.45,629.50,631.89,4776783
2017-12-07,631.89,632.87,627.05,628.03,2551714
2017-12-10,628.03,629.40,623.87,625.24,3188786
2017-12-11,625.24,636.12,620.49,631.33,8589231
2017-12-12,631.33,636.66,628.08,633.41,6135768
2017-12-13,633.41,634.34,628.47,629.40,2470370
2017-12-14,629.40,635.79,625.87,632.25,6605384
2017-12-17,632.25,633.12,627.22,628.08,2367969
2017-12-18,628.08,633.48,624.83,630.22,6177880
2017-12-19,630.22,630.95,624.99,625.72,2158573
2017-12-20,625.72,626.71,620.96,621.94,2581652
2017-12-21,621.94,622.35,616.26,616.66,1644650
2017-12-24,616.66,622.88,613.22,619.42,6582133
2017-12-25,619.42,620.11,614.23,614.91,2110150
2017-12-26,614.91,624.75,610.48,620.28,8204012
2017-12-27,620.28,627.95,616.43,624.07,7209396
2017-12-28,624.07,626.12,621.05,623.10,4286796
2017-12-31,623.10,626.22,620.49,623.61,5189300
2018-01-01,623.61,631.69,619.63,627.69,7373696
2018-01-02,627.69,629.85,624.81,626.97,4444924
2018-01-03,626.97,628.81,623.58,625.41,3933847
2018-01-04,625.41,626.30,620.48,621.36,2408367
2018-01-07,621.36,626.11,618.30,623.05,5917866
2018-01-08,623.05,632.03,618.83,627.78,7770987
2018-01-09,627.78,629.44,624.09,625.75,3646742
2018-01-10,625.75,627.65,622.47,624.36,4038957
2018-01-11,624.36,626.26,621.09,622.98,4034053
2018-01-14,622.98,628.89,619.60,625.50,6422153
2018-01-15,625.50,626.21,620.29,621.00,2141529
2018-01-16,621.00,622.90,617.77,619.66,4056378
2018-01-17,619.66,624.74,616.52,621.59,6067935
2018-01-18,621.59,623.18,617.85,619.44,3558916
2018-01-21,619.44,620.78,615.32,616.66,3171296
2018-01-22,616.66,621.38,613.63,618.34,5917421
2018-01-23,618.34,619.96,614.68,616.30,3624451
2018-01-24,616.30,618.59,613.74,616.03,4712139
2018-01-25,616.03,616.22,610.06,610.25,1303943
2018-01-28,610.25,614.37,607.39,611.51,5671467
2018-01-29,611.51,613.36,608.28,610.12,4012242
2018-01-30,610.12,611.68,606.45,608.01,3560836
2018-01-31,608.01,610.71,605.56,608.25,5033299
2018-02-01,608.25,610.32,605.43,607.49,4404938
2018-02-04,607.49,616.80,603.23,612.50,8021433
2018-02-05,612.50,615.24,610.03,612.77,5043278
2018-02-06,612.77,612.90,606.75,606.88,1223559
2018-02-07,606.88,607.50,601.71,602.33,2019067
2018-02-08,602.33,602.35,596.23,596.25,1034739
2018-02-11,596.25,600.56,593.38,597.69,5801440
2018-02-12,597.69,600.02,595.37,597.70,4887071
2018-02-13,597.70,599.70,594.86,596.85,4341015
2018-02-14,596.85,600.46,594.19,597.78,5471913
2018-02-15,597.78,599.55,594.57,596.34,3958779
2018-02-18,596.34,597.11,591.52,592.29,2295438
2018-02-19,592.29,593.81,588.74,590.25,3568312
2018-02-20,590.25,591.18,585.75,586.67,2567524
2018-02-21,586.67,591.83,583.60,588.75,6231344
2018-02-22,588.75,590.18,585.08,586.50,3423971
2018-02-25,586.50,588.29,583.43,585.22,4046639
2018-02-26,585.22,586.67,581.62,583.07,3482064
2018-02-27,583.07,592.75,578.77,588.41,8372222
2018-02-28,588.41,590.02,585.04,586.64,3729458
2018-03-01,586.64,589.98,584.07,587.41,5380932
2018-03-04,587.41,591.54,584.62,588.74,5746399
2018-03-05,588.74,591.18,586.42,588.85,4949314
2018-03-06,588.85,596.24,585.16,592.53,7261282
2018-03-07,592.53,599.14,589.05,595.64,6879835
2018-03-08,595.64,596.86,591.56,592.76,3039540
2018-03-11,592.76,594.81,590.06,592.11,4456447
2018-03-12,592.11,599.20,588.49,595.57,7105864
2018-03-13,595.57,595.76,589.82,590.02,1333470
2018-03-14,590.02,599.66,585.71,595.32,8299759
2018-03-15,595.32,595.77,589.99,590.44,1757818
2018-03-18,590.44,591.72,586.51,587.78,3164437
2018-03-19,587.78,592.72,584.77,589.70,6124554
2018-03-20,589.70,590.39,584.82,585.50,2169032
2018-03-21,585.50,587.18,582.27,583.94,3865775
2018-03-22,583.94,584.10,578.25,578.40,1264163
2018-03-25,578.40,579.95,575.03,576.57,3672839
2018-03-26,576.57,582.77,573.24,579.43,6770816
2018-03-27,579.43,582.04,577.08,579.69,5051920
2018-03-28,579.69,580.04,574.36,574.71,1602572
2018-03-29,574.71,581.82,571.13,578.22,7212894
2018-04-01,578.22,580.43,575.93,578.14,4821159
2018-04-02,578.14,585.46,574.50,581.79,7291563
2018-04-03,581.79,591.78,577.42,587.36,8525342
2018-04-04,587.36,589.07,584.16,585.86,3905212
2018-04-05,585.86,594.95,581.72,590.77,8073148
2018-04-08,590.77,595.56,587.79,592.57,6041495
2018-04-09,592.57,596.50,589.82,593.75,5637414
2018-04-10,593.75,601.24,590.02,597.49,7280658
2018-04-11,597.49,598.74,593.45,594.69,3094684
2018-04-12,594.69,598.02,592.10,595.43,5351097
2018-04-15,595.43,605.04,591.11,600.69,8247427
2018-04-16,600.69,601.90,596.55,597.75,3018244
2018-04-17,597.75,603.34,594.54,600.11,6379595
2018-04-18,600.11,605.55,596.92,602.35,6306790
2018-04-19,602.35,602.44,596.36,596.45,1145507
2018-04-22,596.45,598.27,593.34,595.16,4056241
2018-04-23,595.16,597.42,592.77,595.02,4792078
2018-04-24,595.02,605.86,590.38,601.16,8809807
2018-04-25,601.16,601.59,595.74,596.17,1714368
2018-04-26,596.17,603.16,592.57,599.54,7036625
2018-04-29,599.54,602.88,596.94,600.27,5344478
2018-04-30,600.27,601.28,595.81,596.82,2687311
2018-05-01,596.82,606.73,592.42,602.29,8373765
2018-05-02,602.29,602.94,597.22,597.87,2082853
2018-05-03,597.87,598.65,593.05,593.83,2308401
2018-05-06,593.83,595.69,590.81,592.67,4136831
2018-05-07,592.67,593.48,587.95,588.75,2358264
2018-05-08,588.75,590.46,585.54,587.25,3910973
2018-05-09,587.25,591.19,584.52,588.45,5659156
2018-05-10,588.45,588.75,582.94,583.24,1504046
2018-05-13,583.24,584.30,579.04,580.10,2828360
2018-05-14,580.10,589.52,575.88,585.27,8274074
2018-05-15,585.27,586.35,581.07,582.15,2853532
2018-05-16,582.15,582.96,577.55,578.35,2393895
2018-05-17,578.35,585.73,574.70,582.05,7314917
2018-05-20,582.05,582.48,576.83,577.25,1740054
2018-05-21,577.25,581.72,574.40,578.86,5940912
2018-05-22,578.86,583.71,575.90,580.74,6115020
2018-05-23,580.74,581.03,575.29,575.58,1496947
2018-05-24,575.58,586.04,571.09,581.51,8802743
2018-05-27,581.51,590.39,577.43,586.28,8007716
2018-05-28,586.28,589.79,583.67,587.17,5457544
2018-05-29,587.17,592.51,584.05,589.38,6312722
2018-05-30,589.38,599.07,585.06,594.71,8326337
2018-05-31,594.71,605.85,589.98,601.07,8955178
2018-06-03,601.07,601.55,595.74,596.22,1804183
2018-06-04,596.22,597.06,591.51,592.34,2404218
2018-06-05,592.34,599.91,588.60,596.14,7323182
2018-06-06,596.14,602.21,592.80,598.85,6610459
2018-06-07,598.85,599.19,593.31,593.65,1574691
2018-06-10,593.65,595.37,590.41,592.12,3894890
2018-06-11,592.12,601.29,587.94,597.07,8064883
2018-06-12,597.07,597.17,591.16,591.26,1171090
2018-06-13,591.26,591.85,586.20,586.79,2003635
2018-06-14,586.79,587.09,581.30,581.59,1500788
2018-06-17,581.59,583.64,579.00,581.05,4526748
2018-06-18,581.05,583.52,578.73,581.20,4982750
2018-06-19,581.20,586.36,578.15,583.30,6251508
2018-06-20,583.30,590.01,579.81,586.50,6975000
2018-06-21,586.50,595.80,582.30,591.56,8165569
2018-06-24,591.56,591.95,586.17,586.55,1650377
2018-06-25,586.55,588.22,583.29,584.96,3849176
2018-06-26,584.96,591.50,581.52,588.04,6885425
2018-06-27,588.04,594.93,584.49,591.36,7030727
2018-06-28,591.36,597.10,588.12,593.85,6482613
2018-07-01,593.85,595.91,591.16,593.22,4475651
2018-07-02,593.22,593.65,587.88,588.31,1725891
2018-07-03,588.31,589.02,583.47,584.18,2208641
2018-07-04,584.18,586.09,581.34,583.24,4269581
2018-07-05,583.24,585.91,580.87,583.53,5069204
2018-07-08,583.53,584.33,578.89,579.68,2360596
2018-07-09,579.68,580.02,574.34,574.68,1600548
2018-07-10,574.68,576.64,572.00,573.95,4393998
2018-07-11,573.95,574.68,569.30,570.02,2271810
2018-07-12,570.02,578.30,566.15,574.39,7801886
2018-07-15,574.39,575.56,570.45,571.61,3033607
2018-07-16,571.61,574.65,569.17,572.20,5275617
2018-07-17,572.20,572.89,567.50,568.19,2206927
2018-07-18,568.19,570.08,565.47,567.36,4321364
2018-07-19,567.36,573.33,564.12,570.07,6705349
2018-07-22,570.07,571.87,567.19,568.98,4149005
2018-07-23,568.98,570.45,565.59,567.05,3590603
2018-07-24,567.05,567.56,562.11,562.61,1894341
2018-07-25,562.61,573.17,558.13,568.64,8961454
2018-07-26,568.64,570.44,565.78,567.59,4174657
2018-07-29,567.59,568.25,562.89,563.56,2175925
2018-07-30,563.56,565.23,560.55,562.22,3977606
2018-07-31,562.22,562.45,556.87,557.10,1406858
2018-08-01,557.10,558.14,553.13,554.18,2883436
2018-08-02,554.18,563.70,550.00,559.49,8530795
2018-08-05,559.49,565.20,556.34,562.04,6620541
2018-08-06,562.04,569.28,558.47,565.69,7350205
2018-08-07,565.69,566.23,560.81,561.34,1954355
2018-08-08,561.34,568.16,557.89,564.69,7149039
2018-08-09,564.69,565.76,560.69,561.77,2909567
2018-08-12,561.77,563.22,558.41,559.85,3581618
2018-08-13,559.85,564.97,556.87,561.98,6325685
2018-08-14,561.98,572.38,557.54,567.90,8894855
2018-08-15,567.90,578.10,563.50,573.66,8745919
2018-08-16,573.66,581.33,569.94,577.58,7483813
2018-08-19,577.58,579.68,575.12,577.22,4639403
2018-08-20,577.22,579.40,574.89,577.07,4780589
2018-08-21,577.07,581.57,574.21,578.70,5956755
2018-08-22,578.70,578.97,573.25,573.53,1476543
2018-08-23,573.53,574.69,569.57,570.73,3018964
2018-08-26,570.73,573.35,568.40,571.02,5077846
2018-08-27,571.02,572.02,566.83,567.81,2739609
2018-08-28,567.81,573.97,564.52,570.67,6794375
2018-08-29,570.67,579.74,566.57,575.61,8180418
2018-08-30,575.61,577.20,572.34,573.92,3761934
2018-09-02,573.92,575.32,570.36,571.75,3440157
2018-09-03,571.75,572.67,567.42,568.33,2597805
2018-09-04,568.33,576.74,564.42,572.80,7876851
2018-09-05,572.80,574.68,570.03,571.91,4289643
2018-09-06,571.91,579.93,568.10,576.09,7663340
2018-09-09,576.09,576.91,571.55,572.37,2417695
2018-09-10,572.37,574.47,569.96,572.06,4676165
2018-09-11,572.06,573.04,567.83,568.80,2710356
2018-09-12,568.80,574.81,565.55,571.55,6717798
2018-09-13,571.55,580.12,567.58,576.13,7933058
2018-09-16,576.13,582.96,572.63,579.44,7072187
2018-09-17,579.44,588.51,575.32,584.36,8110493
2018-09-18,584.36,584.59,578.78,579.01,1393655
2018-09-19,579.01,588.01,574.91,583.87,8082167
2018-09-20,583.87,584.42,578.81,579.35,1929115
2018-09-23,579.35,581.32,576.65,578.61,4391289
2018-09-24,578.61,578.65,572.79,572.83,1073628
2018-09-25,572.83,580.53,569.10,576.78,7506995
2018-09-26,576.78,578.66,573.96,575.84,4259293
2018-09-27,575.84,579.12,573.32,576.59,5379903
2018-09-30,576.59,578.43,573.70,575.53,4177469
2018-10-01,575.53,577.45,572.79,574.70,4331001
2018-10-02,574.70,584.16,570.49,579.91,8334327
2018-10-03,579.91,581.23,576.15,577.47,3273868
2018-10-04,577.47,586.14,573.46,582.10,7939746
2018-10-07,582.10,585.19,579.62,582.70,5270233
2018-10-08,582.70,591.86,578.55,587.67,8129526
2018-10-09,587.67,588.51,583.05,583.87,2418861
2018-10-10,583.87,591.76,580.07,587.92,7520953
2018-10-11,587.92,592.77,584.94,589.77,6077777
2018-10-14,589.77,596.83,586.17,593.21,7101680
2018-10-15,593.21,594.05,588.54,589.38,2419821
2018-10-16,589.38,599.34,584.99,594.91,8451954
2018-10-17,594.91,595.10,589.16,589.35,1321536
2018-10-18,589.35,589.53,583.64,583.81,1300171
2018-10-21,583.81,584.74,579.37,580.29,2585390
2018-10-22,580.29,582.27,577.60,579.58,4411762
2018-10-23,579.58,587.35,575.82,583.56,7495336
2018-10-24,583.56,592.06,579.59,588.05,7811419
2018-10-25,588.05,589.64,584.65,586.24,3705692
2018-10-28,586.24,595.90,581.94,591.56,8338648
2018-10-29,591.56,593.02,587.91,589.36,3463374
2018-10-30,589.36,590.27,584.84,585.74,2536659
2018-10-31,585.74,592.88,582.12,589.25,7163443
2018-11-01,589.25,600.11,584.61,595.42,8874588
2018-11-04,595.42,597.35,592.50,594.42,4237997
2018-11-05,594.42,601.97,590.67,598.20,7303052
2018-11-06,598.20,599.62,594.43,595.84,3378395
2018-11-07,595.84,597.72,592.82,594.69,4143038
2018-11-08,594.69,596.53,591.63,593.46,4090809
2018-11-11,593.46,598.85,590.31,595.68,6308127
2018-11-12,595.68,599.52,592.95,596.79,5585116
2018-11-13,596.79,607.76,592.10,603.02,8860048
2018-11-14,603.02,605.62,600.61,603.21,4997119
2018-11-15,603.21,604.96,599.91,601.65,3897565
2018-11-18,601.65,612.90,596.87,608.07,8944101
2018-11-19,608.07,609.15,603.64,604.72,2778703
2018-11-20,604.72,605.57,599.95,600.80,2413717
2018-11-21,600.80,609.25,596.79,605.21,7676303
2018-11-22,605.21,606.41,601.01,602.20,2986213
2018-11-25,602.20,604.29,599.46,601.55,4466906
2018-11-26,601.55,611.58,597.10,607.09,8389986
2018-11-27,607.09,618.46,602.26,613.58,8952983
2018-11-28,613.58,617.10,610.89,614.41,5390466
2018-11-29,614.41,620.23,611.08,616.89,6418484
2018-12-02,616.89,626.32,612.56,621.96,8012345
2018-12-03,621.96,632.62,617.28,627.90,8517729
2018-12-04,627.90,630.83,625.33,628.25,5095130
2018-12-05,628.25,629.82,624.41,625.97,3497633
2018-12-06,625.97,626.09,619.78,619.90,1182030
2018-12-09,619.90,628.79,615.71,624.57,7753257
2018-12-10,624.57,631.23,620.99,627.62,6742181
2018-12-11,627.62,628.70,622.99,624.06,2716700
2018-12-12,624.06,624.51,618.44,618.89,1726200
2018-12-13,618.89,621.74,616.37,619.22,5079320
2018-12-16,619.22,629.69,614.60,625.03,8455075
2018-12-17,625.03,630.79,621.69,627.44,6347290
2018-12-18,627.44,627.97,621.91,622.43,1842386
2018-12-19,622.43,626.77,619.49,623.82,5730486
2018-12-20,623.82,635.50,618.86,630.49,8949862
2018-12-23,630.49,640.94,625.84,636.25,8364711
2018-12-24,636.25,641.03,633.15,637.92,5876268
2018-12-25,637.92,640.39,635.43,637.90,4867249
2018-12-26,637.90,639.80,634.49,636.39,3979629
2018-12-27,636.39,638.44,633.25,635.30,4225754
2018-12-30,635.30,639.04,632.48,636.22,5432784
2018-12-31,636.22,645.97,631.75,641.46,8020473
2019-01-01,641.46,643.46,638.18,640.17,4112277
2019-01-02,640.17,645.22,636.98,642.02,5979801
2019-01-03,642.02,651.39,637.64,646.97,7820576
2019-01-06,646.97,658.89,641.88,653.75,8869170
2019-01-07,653.75,654.30,647.99,648.54,1841632
2019-01-08,648.54,655.38,644.83,651.66,6713271
2019-01-09,651.66,656.44,648.51,653.28,5829766
2019-01-10,653.28,655.47,650.19,652.38,4351611
2019-01-13,652.38,662.40,647.79,657.77,8031893
2019-01-14,657.77,663.79,654.27,660.27,6327400
2019-01-15,660.27,672.37,655.09,667.14,8843072
2019-01-16,667.14,675.15,663.06,671.05,7109773
2019-01-17,671.05,675.64,667.89,672.48,5695404
2019-01-20,672.48,673.59,667.44,668.54,2649348
2019-01-21,668.54,676.98,664.35,672.76,7280246
2019-01-22,672.76,681.21,668.54,676.97,7267112
2019-01-23,676.97,680.15,674.19,677.37,5103772
2019-01-24,677.37,679.32,673.64,675.59,3876646
2019-01-27,675.59,681.88,671.95,678.24,6375857
2019-01-28,678.24,679.96,674.14,675.85,3539677
2019-01-29,675.85,686.73,670.96,681.80,8232304
2019-01-30,681.80,688.10,678.15,684.44,6354972
2019-01-31,684.44,684.64,677.79,677.99,1290397
2019-02-03,677.99,687.54,673.46,682.97,7680555
2019-02-04,682.97,684.02,677.73,678.78,2537791
2019-02-05,678.78,679.24,672.63,673.09,1689266
2019-02-06,673.09,677.35,670.02,674.28,5554732
2019-02-07,674.28,680.28,670.74,676.72,6257647
2019-02-10,676.72,687.21,671.94,682.39,8069615
2019-02-11,682.39,685.80,679.53,682.94,5188168
2019-02-12,682.94,685.57,680.25,682.88,4847873
2019-02-13,682.88,692.71,678.26,688.05,7764780
2019-02-14,688.05,688.68,682.07,682.70,1914197
2019-02-17,682.70,683.13,676.46,676.89,1641803
2019-02-18,676.89,679.00,673.42,675.52,4108093
2019-02-19,675.52,683.52,671.42,679.40,7066152
2019-02-20,679.40,689.69,674.66,684.91,7972770
2019-02-21,684.91,696.44,679.82,691.30,8432887
2019-02-24,691.30,701.78,686.48,696.92,7977366
2019-02-25,696.92,698.44,692.29,693.80,3174108
2019-02-26,693.80,704.56,688.89,699.61,8072496
2019-02-27,699.61,710.23,694.73,705.31,7981172
2019-02-28,705.31,712.41,701.38,708.46,6579149
2019-03-03,708.46,715.02,704.66,711.21,6360253
2019-03-04,711.21,712.21,705.60,706.60,2410905
2019-03-05,706.60,710.99,703.40,707.79,5521227
2019-03-06,707.79,715.04,703.80,711.04,6629492
2019-03-07,711.04,712.18,705.65,706.78,2599897
2019-03-10,706.78,708.43,702.27,703.91,3333676
2019-03-11,703.91,706.18,700.42,702.68,4213545
2019-03-12,702.68,704.71,698.82,700.84,3881481
2019-03-13,700.84,702.49,696.39,698.03,3349828
2019-03-14,698.03,699.04,692.56,693.57,2445747
2019-03-17,693.57,693.97,687.17,687.57,1588991
2019-03-18,687.57,700.33,682.14,694.84,8903017
2019-03-19,694.84,697.38,691.89,694.43,4659430
2019-03-20,694.43,702.63,690.23,698.40,7055761
2019-03-21,698.40,707.33,693.98,702.88,7326577
2019-03-24,702.88,708.96,699.24,705.30,6187928
2019-03-25,705.30,715.06,700.63,710.36,7615123
2019-03-26,710.36,711.04,704.23,704.91,1953840
2019-03-27,704.91,705.87,699.30,700.25,2364574
2019-03-28,700.25,707.35,696.33,703.41,6600411
2019-03-31,703.41,705.61,699.82,702.01,4118141
2019-04-01,702.01,704.48,698.88,701.35,4522702
2019-04-02,701.35,710.36,696.90,705.89,7344958
2019-04-03,705.89,705.99,698.87,698.98,1152812
2019-04-04,698.98,709.63,694.09,704.70,7995644
2019-04-07,704.70,708.20,701.75,705.26,5182098
2019-04-08,705.26,707.65,701.96,704.35,4391186
2019-04-09,704.35,715.39,699.34,710.33,8116735
2019-04-10,710.33,712.07,705.93,707.66,3445164
2019-04-11,707.66,707.78,700.64,700.76,1166598
2019-04-14,700.76,712.01,695.70,706.90,8219307
2019-04-15,706.90,711.16,703.75,707.99,5467489
2019-04-16,707.99,709.28,702.88,704.15,2812379
2019-04-17,704.15,706.01,700.00,701.85,3636694
2019-04-18,701.85,708.93,697.94,704.99,6582407
2019-04-21,704.99,707.57,702.01,704.59,4661865
2019-04-22,704.59,709.43,701.27,706.11,5702229
2019-04-23,706.11,706.90,700.21,701.00,2123251
2019-04-24,701.00,701.73,695.06,695.79,2048388
2019-04-25,695.79,696.31,689.55,690.07,1749245
2019-04-28,690.07,691.74,685.76,687.43,3423353
2019-04-29,687.43,693.66,683.78,690.00,6305281
2019-04-30,690.00,691.46,685.35,686.80,3111076
2019-05-01,686.80,691.80,683.49,688.49,5816049
2019-05-02,688.49,691.08,685.69,688.28,4765877
2019-05-05,688.28,691.55,685.44,688.71,5121056
2019-05-06,688.71,691.22,685.77,688.27,4634670
2019-05-07,688.27,700.69,682.93,695.29,8763511
2019-05-08,695.29,696.76,690.60,692.06,3112517
2019-05-09,692.06,693.59,687.51,689.03,3212551
2019-05-12,689.03,693.59,685.84,690.39,5631515
2019-05-13,690.39,701.97,685.27,696.80,8418792
2019-05-14,696.80,699.52,694.10,696.81,4883024
2019-05-15,696.81,704.14,692.84,700.15,6703223
2019-05-16,700.15,711.78,694.98,706.57,8373216
2019-05-19,706.57,709.56,703.75,706.75,4979423
2019-05-20,706.75,715.75,702.29,711.26,7311968
2019-05-21,711.26,717.72,707.49,713.93,6309122
2019-05-22,713.93,721.78,709.76,717.59,6835082
2019-05-23,717.59,718.88,712.38,713.66,2791083
2019-05-26,713.66,718.19,710.40,714.93,5559842
2019-05-27,714.93,720.06,711.51,716.63,5783333
2019-05-28,716.63,719.12,713.38,715.86,4473902
2019-05-29,715.86,716.19,709.11,709.43,1458710
2019-05-30,709.43,712.90,706.49,709.95,5157510
2019-06-02,709.95,719.98,705.20,715.20,7693758
2019-06-03,715.20,719.16,712.09,716.06,5339060
2019-06-04,716.06,727.74,710.84,722.47,8290946
2019-06-05,722.47,732.91,717.57,727.98,7783984
2019-06-06,727.98,730.55,724.74,727.32,4534224
2019-06-09,727.32,728.42,721.71,722.80,2516975
2019-06-10,722.80,734.03,717.69,728.87,8077914
2019-06-11,728.87,729.88,723.09,724.08,2377537
2019-06-12,724.08,732.93,719.62,728.43,7168930
2019-06-13,728.43,730.55,724.46,726.58,3908882
2019-06-16,726.58,727.45,720.60,721.47,2202331
2019-06-17,721.47,721.89,714.81,715.22,1580144
2019-06-18,715.22,722.50,711.21,718.47,6610219
2019-06-19,718.47,727.70,713.91,723.11,7341941
2019-06-20,723.11,726.45,720.16,723.50,5083950
2019-06-23,723.50,725.32,719.09,720.91,3515260
2019-06-24,720.91,724.36,717.93,721.38,5129698
2019-06-25,721.38,724.53,718.48,721.63,5013683
2019-06-26,721.63,727.26,718.06,723.67,5957338
2019-06-27,723.67,731.80,719.41,727.51,6898936
2019-06-30,727.51,730.20,724.48,727.17,4702674
2019-07-01,727.17,727.37,720.08,720.28,1269787
2019-07-02,720.28,731.22,715.25,726.15,7982990
2019-07-03,726.15,735.85,721.44,731.11,7484259
2019-07-04,731.11,744.36,725.42,738.61,8785939
2019-07-07,738.61,740.61,734.35,736.35,3715192
2019-07-08,736.35,749.44,730.68,743.72,8691769
2019-07-09,743.72,754.62,738.63,749.49,7839128
2019-07-10,749.49,753.90,746.17,750.57,5428875
2019-07-11,750.57,752.57,746.18,748.17,3658539
2019-07-14,748.17,748.74,741.48,742.04,1762688
2019-07-15,742.04,754.60,736.51,749.01,8457373
2019-07-16,749.01,751.05,744.70,746.73,3717901
2019-07-17,746.73,747.39,740.21,740.87,1889951
2019-07-18,740.87,752.53,735.58,747.19,8134019
2019-07-21,747.19,749.59,743.48,745.87,4203189
2019-07-22,745.87,747.77,741.37,743.27,3554252
2019-07-23,743.27,754.04,738.22,748.95,7792146
2019-07-24,748.95,761.60,743.38,755.97,8447736
2019-07-25,755.97,756.79,749.61,750.43,2088923
2019-07-28,750.43,751.75,744.95,746.26,2765089
2019-07-29,746.26,748.34,742.05,744.12,3784876
2019-07-30,744.12,757.71,738.29,751.83,8827297
2019-07-31,751.83,754.37,748.31,750.85,4386179
2019-08-01,750.85,751.26,743.88,744.29,1547942
2019-08-04,744.29,745.85,739.26,740.81,3102709
2019-08-05,740.81,752.08,735.64,746.86,7988751
2019-08-06,746.86,750.27,743.82,747.23,5070267
2019-08-07,747.23,749.66,743.57,745.99,4248491
2019-08-08,745.99,759.84,740.10,753.88,8906138
2019-08-11,753.88,754.39,747.04,747.55,1685185
2019-08-12,747.55,757.86,742.62,752.89,7597976
2019-08-13,752.89,754.00,747.03,748.13,2471673
2019-08-14,748.13,749.42,742.61,743.90,2726028
2019-08-15,743.90,756.56,738.33,750.94,8484499
2019-08-18,750.94,762.44,745.67,757.12,8018689
2019-08-19,757.12,759.04,752.53,754.43,3526131
2019-08-20,754.43,755.37,748.28,749.21,2241392
2019-08-21,749.21,752.12,746.30,749.21,4880521
2019-08-22,749.21,759.04,744.40,754.20,7418827
2019-08-25,754.20,766.26,748.77,760.78,8201989
2019-08-26,760.78,763.36,757.23,759.80,4390500
2019-08-27,759.80,760.36,752.98,753.53,1737448
2019-08-28,753.53,758.70,749.99,755.15,5699622
2019-08-29,755.15,755.82,748.55,749.21,1881961
2019-09-01,749.21,754.67,745.60,751.05,5815329
2019-09-02,751.05,757.21,747.25,753.39,6067626
2019-09-03,753.39,766.77,747.60,760.92,8688237
2019-09-04,760.92,769.71,756.37,765.13,6985802
2019-09-05,765.13,767.92,761.86,764.65,4639334
2019-09-08,764.65,767.05,760.77,763.17,4142661
2019-09-09,763.17,776.43,757.38,770.58,8582201
2019-09-10,770.58,773.47,767.43,770.32,4748079
2019-09-11,770.32,780.88,765.25,775.77,7578566
2019-09-12,775.77,781.77,771.94,777.93,5937860
2019-09-15,777.93,778.49,770.93,771.49,1727194
2019-09-16,771.49,778.55,767.38,774.42,6329286
2019-09-17,774.42,775.50,768.29,769.36,2386111
2019-09-18,769.36,778.03,764.81,773.45,6910013
2019-09-19,773.45,775.56,769.01,771.12,3728155
2019-09-22,771.12,771.32,763.59,763.79,1260288
2019-09-23,763.79,774.40,758.73,769.30,7629869
2019-09-24,769.30,770.92,764.11,765.73,3108504
2019-09-25,765.73,771.52,761.98,767.76,5893724
2019-09-26,767.76,777.28,762.99,772.48,7220096
2019-09-29,772.48,783.70,767.22,778.41,7803669
2019-09-30,778.41,780.45,773.80,775.83,3619753
2019-10-01,775.83,775.84,767.95,767.96,1014026
2019-10-02,767.96,771.68,764.77,768.50,5146982
2019-10-03,768.50,773.97,764.83,770.30,5771707
2019-10-06,770.30,783.01,764.64,777.30,8344993
2019-10-07,777.30,784.82,773.05,780.55,6471776
2019-10-08,780.55,791.55,775.33,786.29,7682921
2019-10-09,786.29,799.85,780.36,793.86,8546330
2019-10-10,793.86,803.39,789.01,798.51,7111385
2019-10-13,798.51,801.45,795.16,798.11,4686728
2019-10-14,798.11,801.41,794.95,798.26,4951371
2019-10-15,798.26,799.37,791.95,793.06,2399142
2019-10-16,793.06,805.49,787.41,799.79,8116460
2019-10-17,799.79,814.60,793.48,808.22,8893449
2019-10-20,808.22,810.38,803.50,805.65,3668381
2019-10-21,805.65,810.02,802.18,806.55,5305452
2019-10-22,806.55,817.98,801.14,812.53,7705898
2019-10-23,812.53,819.74,808.26,815.46,6252434
2019-10-24,815.46,826.66,810.09,821.25,7587037
2019-10-27,821.25,824.31,817.86,820.91,4722050
2019-10-28,820.91,825.90,817.23,822.22,5484636
2019-10-29,822.22,823.28,815.58,816.64,2294547
2019-10-30,816.64,818.49,811.35,813.20,3275240
2019-10-31,813.20,816.20,809.80,812.81,4698319
2019-11-03,812.81,827.46,806.50,821.09,8761316
2019-11-04,821.09,829.71,816.41,825.01,6698799
2019-11-05,825.01,835.26,819.87,830.09,7226817
2019-11-06,830.09,837.67,825.68,833.23,6320679
2019-11-07,833.23,834.34,826.55,827.65,2326063
2019-11-10,827.65,841.48,821.52,835.30,8403463
2019-11-11,835.30,842.88,830.87,838.43,6305967
2019-11-12,838.43,838.84,830.56,830.97,1490363
2019-11-13,830.97,833.10,825.97,828.09,3561591
2019-11-14,828.09,830.62,823.77,826.29,4050514
2019-11-17,826.29,837.45,820.90,832.03,7525034
2019-11-18,832.03,834.55,827.66,830.18,4034533
2019-11-19,830.18,831.75,824.28,825.84,2887654
2019-11-20,825.84,837.72,820.25,832.09,7763408
2019-11-21,832.09,836.15,828.63,832.69,5155624
2019-11-24,832.69,839.77,828.40,835.47,6150720
2019-11-25,835.47,840.71,831.68,836.91,5538820
2019-11-26,836.91,837.97,830.11,831.15,2258196
2019-11-27,831.15,831.30,822.92,823.06,1173045
2019-11-28,823.06,825.69,818.95,821.56,4184602
2019-12-01,821.56,830.12,816.90,825.43,6675582
2019-12-02,825.43,835.88,820.24,830.65,7287962
2019-12-03,830.65,840.39,825.64,835.35,7034087
2019-12-04,835.35,841.21,831.39,837.24,5741117
2019-12-05,837.24,839.61,832.57,834.93,3828806
2019-12-08,834.93,835.28,827.00,827.35,1420610
2019-12-09,827.35,828.82,821.33,822.80,2788134
2019-12-10,822.80,823.73,815.94,816.86,2128909
2019-12-11,816.86,825.37,812.22,820.71,6677503
2019-12-12,820.71,820.84,812.56,812.68,1149965
2019-12-15,812.68,817.73,809.00,814.05,5521604
2019-12-16,814.05,814.97,807.27,808.19,2138100
2019-12-17,808.19,810.74,804.11,806.66,4159945
2019-12-18,806.66,806.93,798.89,799.17,1340226
2019-12-19,799.17,808.83,794.26,803.90,7135733
2019-12-22,803.90,813.66,798.95,808.69,7151406
2019-12-23,808.69,823.73,802.29,817.26,8918106
2019-12-24,817.26,817.27,808.94,808.95,1003737
2019-12-25,808.95,813.78,805.34,810.17,5457681
2019-12-26,810.17,821.31,804.84,815.93,7588580
2019-12-29,815.93,817.63,810.38,812.07,3075445
2019-12-30,812.07,813.22,805.67,806.81,2412105
2019-12-31,806.81,821.13,800.61,814.87,8684979
2020-01-01,814.87,829.33,808.60,823.00,8684190
2020-01-02,823.00,823.29,815.09,815.37,1348010
2020-01-05,815.37,826.44,810.04,821.07,7540637
2020-01-06,821.07,825.10,817.65,821.68,5163305
2020-01-07,821.68,827.01,817.90,823.23,5598731
2020-01-08,823.23,834.24,817.89,828.87,7488888
2020-01-09,828.87,831.23,824.26,826.62,3846124
2020-01-12,826.62,827.85,820.22,821.45,2497599
2020-01-13,821.45,823.80,816.91,819.25,3863065
2020-01-14,819.25,831.94,813.47,826.11,8065980
2020-01-15,826.11,828.07,820.89,822.85,3377949
2020-01-16,822.85,835.38,817.09,829.58,7996502
2020-01-19,829.58,833.63,826.13,830.18,5156207
2020-01-20,830.18,832.32,825.21,827.33,3573113
2020-01-21,827.33,837.60,822.19,832.42,7222530
2020-01-22,832.42,840.41,827.88,835.85,6450137
2020-01-23,835.85,843.77,831.33,839.22,6416426
2020-01-26,839.22,842.48,835.96,839.21,4874485
2020-01-27,839.21,849.81,833.94,844.50,7281104
2020-01-28,844.50,855.04,839.23,849.74,7241220
2020-01-29,849.74,852.53,845.62,848.41,4285699
2020-01-30,848.41,850.09,842.51,844.18,2982441
2020-02-02,844.18,844.51,836.11,836.43,1380829
2020-02-03,836.43,851.60,829.91,845.01,8789506
2020-02-04,845.01,848.31,841.73,845.03,4887482
2020-02-05,845.03,858.43,838.97,852.32,8168587
2020-02-06,852.32,858.23,848.30,854.20,5719238
2020-02-09,854.20,868.25,847.94,861.94,8329561
2020-02-10,861.94,871.74,856.82,866.59,6937825
2020-02-11,866.59,874.78,861.91,870.07,6408230
2020-02-12,870.07,885.38,863.42,878.66,8642009
2020-02-13,878.66,878.68,869.74,869.76,1021879
2020-02-16,869.76,877.28,865.25,872.75,6189814
2020-02-17,872.75,872.89,864.09,864.23,1158161
2020-02-18,864.23,864.88,856.49,857.14,1754080
2020-02-19,857.14,871.45,850.79,865.05,8397325
2020-02-20,865.05,869.45,861.41,865.80,5211351
2020-02-23,865.80,868.80,861.87,864.86,4467764
2020-02-24,864.86,879.20,858.50,872.77,8364094
2020-02-25,872.77,886.51,866.55,880.23,8134910
2020-02-26,880.23,883.31,876.27,879.35,4496262
2020-02-27,879.35,879.72,871.00,871.37,1423456
2020-03-01,871.37,875.96,867.65,872.24,5262174
2020-03-02,872.24,876.55,868.60,872.91,5172908
2020-03-03,872.91,882.75,867.75,877.56,6908744
2020-03-04,877.56,890.70,871.48,884.58,7926474
2020-03-05,884.58,885.31,876.77,877.50,1831035
2020-03-08,877.50,880.27,873.06,875.82,4153292
2020-03-09,875.82,877.98,870.41,872.56,3461145
2020-03-10,872.56,878.88,868.37,874.68,5803978
2020-03-11,874.68,877.73,870.73,873.78,4490432
2020-03-12,873.78,875.71,868.02,869.93,3199519
2020-03-15,869.93,872.91,865.91,868.89,4425068
2020-03-16,868.89,870.85,863.23,865.18,3253497
2020-03-17,865.18,866.46,858.45,859.72,2474931
2020-03-18,859.72,859.74,851.00,851.02,1027640
2020-03-19,851.02,853.39,846.20,848.56,3775823
2020-03-22,848.56,851.63,844.91,847.98,4620713
2020-03-23,847.98,857.65,842.94,852.58,6945027
2020-03-24,852.58,852.91,844.44,844.77,1390740
2020-03-25,844.77,848.32,841.41,844.97,4970198
2020-03-26,844.97,845.40,837.07,837.49,1510562
2020-03-29,837.49,848.53,832.11,843.10,7431584
2020-03-30,843.10,852.44,838.17,847.48,6856721
2020-03-31,847.48,850.07,843.06,845.65,4057578
2020-04-01,845.65,845.85,837.36,837.55,1231687
2020-04-02,837.55,843.04,833.69,839.16,5613614
2020-04-05,839.16,839.94,831.88,832.64,1919410
2020-04-06,832.64,833.58,825.69,826.62,2124382
2020-04-07,826.62,829.57,823.00,825.96,4574211
2020-04-08,825.96,833.82,821.47,829.31,6429389
2020-04-09,829.31,834.23,825.63,830.54,5443004
2020-04-12,830.54,840.39,825.50,835.32,7071844
2020-04-13,835.32,838.68,832.04,835.41,4920850
2020-04-14,835.41,843.64,830.80,839.01,6520884
2020-04-15,839.01,853.15,832.77,846.85,8439849
2020-04-16,846.85,862.01,840.30,855.40,8727126
2020-04-19,855.40,870.60,848.82,863.96,8691358
2020-04-20,863.96,866.56,859.39,861.99,4011556
2020-04-21,861.99,866.28,858.38,862.67,5181550
2020-04-22,862.67,873.58,857.25,868.12,7287757
2020-04-23,868.12,872.25,864.55,868.67,5120301
2020-04-26,868.67,874.37,864.66,870.35,5617455
2020-04-27,870.35,876.15,866.31,872.10,5643415
2020-04-28,872.10,882.53,866.78,877.18,7099417
2020-04-29,877.18,882.14,873.35,878.30,5368175
2020-04-30,878.30,888.78,872.95,883.40,7091666
2020-05-03,883.40,888.12,879.62,884.33,5282235
2020-05-04,884.33,897.06,878.35,891.03,7767043
2020-05-05,891.03,901.26,885.72,895.91,6965843
2020-05-06,895.91,897.71,889.71,891.50,3002091
2020-05-07,891.50,905.57,885.13,899.14,8147393
2020-05-10,899.14,914.82,892.31,907.92,8599279
2020-05-11,907.92,910.28,902.51,904.85,3592318
2020-05-12,904.85,905.62,896.88,897.64,1842558
2020-05-13,897.64,909.11,891.96,903.40,7325308
2020-05-14,903.40,904.65,896.24,897.49,2386248
2020-05-17,897.49,911.78,891.04,905.27,8185871
2020-05-18,905.27,914.05,900.32,909.07,6477263
2020-05-19,909.07,910.63,902.36,903.91,2717215
2020-05-20,903.91,912.78,898.93,907.78,6510665
2020-05-21,907.78,908.13,899.11,899.46,1388477
2020-05-24,899.46,912.91,893.24,906.63,7918552
2020-05-25,906.63,920.95,900.15,914.42,8150274
2020-05-26,914.42,916.60,908.67,910.84,3392283
2020-05-27,910.84,915.85,906.91,911.91,5323593
2020-05-28,911.91,927.27,905.12,920.42,8438031
2020-05-31,920.42,933.86,914.14,927.53,7822016
2020-06-01,927.53,935.81,922.65,930.90,6265672
2020-06-02,930.90,932.49,924.01,925.59,2707270
2020-06-03,925.59,926.53,917.70,918.62,2011008
2020-06-04,918.62,926.19,913.96,921.51,6078120
2020-06-07,921.51,922.70,914.07,915.25,2291323
2020-06-08,915.25,920.18,911.32,916.24,5292592
2020-06-09,916.24,930.53,909.74,923.97,8094272
2020-06-10,923.97,925.38,916.86,918.26,2523525
2020-06-11,918.26,922.22,914.58,918.55,5000102
2020-06-14,918.55,931.37,912.44,925.22,7647462
2020-06-15,925.22,935.06,919.91,929.73,6737208
2020-06-16,929.73,932.95,925.50,928.72,4466872
2020-06-17,928.72,943.12,922.16,936.50,8071021
2020-06-18,936.50,937.69,928.90,930.08,2265706
2020-06-21,930.08,940.95,924.47,935.32,7026234
2020-06-22,935.32,938.77,931.41,934.87,4698285
2020-06-23,934.87,950.63,927.91,943.61,8442352
2020-06-24,943.61,958.04,936.99,951.37,8011522
2020-06-25,951.37,968.87,943.89,961.31,8862585
2020-06-28,961.31,964.77,957.15,960.61,4600480
2020-06-29,960.61,962.30,953.58,955.25,2756069
2020-06-30,955.25,969.46,948.66,962.82,7897256
2020-07-01,962.82,963.85,954.70,955.73,2073422
2020-07-02,955.73,957.25,948.47,949.99,2593209
2020-07-05,949.99,954.56,946.06,950.63,5135631
2020-07-06,950.63,953.66,945.88,948.92,4194513
2020-07-07,948.92,950.68,942.12,943.87,2856275
2020-07-08,943.87,946.62,938.73,941.47,3911042
2020-07-09,941.47,949.98,936.49,944.98,6297085
2020-07-12,944.98,955.52,939.42,949.93,6878600
2020-07-13,949.93,962.88,943.70,956.61,7556824
2020-07-14,956.61,959.20,951.09,953.68,3714471
2020-07-15,953.68,954.63,945.51,946.46,1993518
2020-07-16,946.46,948.73,940.53,942.79,3406310
2020-07-19,942.79,956.41,936.40,949.97,7780006
2020-07-20,949.97,962.84,943.76,956.59,7534362
2020-07-21,956.59,958.31,949.64,951.35,2792832
2020-07-22,951.35,958.32,946.76,953.71,5827023
2020-07-23,953.71,955.46,946.85,948.59,2834465
2020-07-26,948.59,948.64,939.01,939.06,1049725
2020-07-27,939.06,939.23,929.78,929.96,1188854
2020-07-28,929.96,941.51,924.17,935.69,7227160
2020-07-29,935.69,936.16,926.94,927.41,1510322
2020-07-30,927.41,932.08,923.52,928.19,5198834
2020-08-02,928.19,942.49,921.65,935.90,8045781
2020-08-03,935.90,948.49,929.81,942.36,7507956
2020-08-04,942.36,947.08,938.41,943.12,5190294
2020-08-05,943.12,959.65,935.93,952.39,8623662
2020-08-06,952.39,961.27,947.27,956.13,6375960
2020-08-09,956.13,959.47,951.83,955.17,4496570
2020-08-10,955.17,958.32,950.56,953.70,4294135
2020-08-11,953.70,954.13,944.68,945.11,1447668
2020-08-12,945.11,954.18,939.96,949.00,6450994
2020-08-13,949.00,957.90,943.89,952.77,6390534
2020-08-16,952.77,955.68,947.80,950.71,4056412
2020-08-17,950.71,959.61,945.59,954.47,6386899
2020-08-18,954.47,955.66,946.69,947.87,2246193
2020-08-19,947.87,948.38,939.04,939.55,1535528
2020-08-20,939.55,952.63,933.31,946.35,7637620
2020-08-23,946.35,948.43,940.09,942.16,3194444
2020-08-24,942.16,946.98,938.19,943.00,5218347
2020-08-25,943.00,948.91,938.72,944.62,5536488
2020-08-26,944.62,947.99,940.48,943.85,4568621
2020-08-27,943.85,945.21,936.45,937.80,2438203
2020-08-30,937.80,940.07,931.94,934.20,3416838
2020-08-31,934.20,934.86,925.76,926.41,1702057
2020-09-01,926.41,929.68,922.29,925.55,4528429
2020-09-02,925.55,928.90,921.56,924.90,4612002
2020-09-03,924.90,932.02,920.34,927.45,5928086
2020-09-06,927.45,937.60,922.05,932.17,6822359
2020-09-07,932.17,935.40,927.92,931.14,4455315
2020-09-08,931.14,934.47,927.07,930.40,4580041
2020-09-09,930.40,933.80,926.45,929.85,4653326
2020-09-10,929.85,938.19,924.94,933.27,6280109
2020-09-13,933.27,950.88,925.81,943.34,8991255
2020-09-14,943.34,943.67,934.28,934.61,1354663
2020-09-15,934.61,940.07,930.48,935.93,5419718
2020-09-16,935.93,945.06,930.79,939.90,6495061
2020-09-17,939.90,955.12,933.08,948.24,8259705
2020-09-20,948.24,953.05,944.25,949.05,5207475
2020-09-21,949.05,965.00,942.01,957.88,8424794
2020-09-22,957.88,961.43,953.89,957.44,4701783
2020-09-23,957.44,975.45,949.80,967.73,8976714
2020-09-24,967.73,968.81,959.64,960.71,2113786
2020-09-27,960.71,961.68,952.51,953.48,2014231
2020-09-28,953.48,956.40,948.52,951.43,4060768
2020-09-29,951.43,962.10,945.82,956.46,6895370
2020-09-30,956.46,958.88,950.66,953.07,3530384
2020-10-01,953.07,953.83,944.60,945.35,1792969
2020-10-04,945.35,946.39,937.42,938.46,2102880
2020-10-05,938.46,941.82,934.37,937.73,4583573
2020-10-06,937.73,943.50,933.50,939.27,5506652
2020-10-07,939.27,950.40,933.57,944.67,7069650
2020-10-08,944.67,960.82,937.58,953.66,8507133
2020-10-11,953.66,955.13,946.34,947.79,2535150
2020-10-12,947.79,947.92,938.34,938.46,1129012
2020-10-13,938.46,940.00,931.40,932.93,2634396
2020-10-14,932.93,935.93,928.30,931.29,4211796
2020-10-15,931.29,933.73,925.77,928.20,3614300
2020-10-18,928.20,936.59,923.28,931.66,6298696
2020-10-19,931.66,938.63,927.12,934.08,5869924
2020-10-20,934.08,934.88,925.87,926.67,1858847
2020-10-21,926.67,936.85,921.26,931.42,6833367
2020-10-22,931.42,933.14,924.73,926.44,2842866
2020-10-25,926.44,937.85,920.70,932.07,7195987
2020-10-26,932.07,944.83,925.95,938.66,7571742
2020-10-27,938.66,947.71,933.53,942.56,6463957
2020-10-28,942.56,953.35,936.94,947.70,6959053
2020-10-29,947.70,950.40,942.44,945.14,3847153
2020-11-01,945.14,948.03,940.22,943.12,4066529
2020-11-02,943.12,946.40,938.85,942.13,4481378
2020-11-03,942.13,953.03,936.48,947.36,6992935
2020-11-04,947.36,958.29,941.69,952.59,6983916
2020-11-05,952.59,954.58,946.14,948.13,3096296
2020-11-08,948.13,951.30,943.62,946.79,4342421
2020-11-09,946.79,948.26,939.54,941.00,2549451
2020-11-10,941.00,948.95,936.16,944.10,6137139
2020-11-11,944.10,955.84,938.22,949.92,7228943
2020-11-12,949.92,950.97,941.95,942.98,2096467
2020-11-15,942.98,960.59,935.50,953.03,8937242
2020-11-16,953.03,954.92,946.40,948.29,2985836
2020-11-17,948.29,966.07,940.74,958.44,8958299
2020-11-18,958.44,968.96,952.85,963.35,6829938
2020-11-19,963.35,965.22,956.59,958.46,2946433
2020-11-22,958.46,959.86,950.99,952.39,2468278
2020-11-23,952.39,954.43,946.02,948.06,3148559
2020-11-24,948.06,949.43,940.64,942.00,2444067
2020-11-25,942.00,942.90,933.88,934.78,1959739
2020-11-26,934.78,934.99,925.60,925.81,1226440
2020-11-29,925.81,929.34,922.12,925.65,4812071
2020-11-30,925.65,927.28,918.88,920.51,2766015
2020-12-01,920.51,923.64,916.22,919.34,4396913
2020-12-02,919.34,924.59,915.31,920.56,5383779
2020-12-03,920.56,935.33,913.91,928.63,8220438
2020-12-06,928.63,942.77,922.14,936.22,7993312
2020-12-07,936.22,948.76,930.14,942.64,7492524
2020-12-08,942.64,948.96,938.25,944.56,5656344
2020-12-09,944.56,956.72,938.56,950.68,7348971
2020-12-10,950.68,959.88,945.48,954.65,6471639
2020-12-13,954.65,963.66,949.49,958.48,6407064
2020-12-14,958.48,965.40,953.88,960.79,5797222
2020-12-15,960.79,967.22,956.32,962.74,5654458
2020-12-16,962.74,969.72,958.12,965.08,5805932
2020-12-17,965.08,975.12,959.61,969.62,6671399
2020-12-20,969.62,985.73,962.47,978.51,8374314
2020-12-21,978.51,990.53,972.46,984.44,7186282
2020-12-22,984.44,989.78,980.20,985.54,5304835
2020-12-23,985.54,986.49,977.05,977.99,1964540
2020-12-24,977.99,985.35,973.22,980.56,5881447
2020-12-27,980.56,984.91,976.61,980.95,5030864
2020-12-28,980.95,987.89,976.28,983.21,5758470
2020-12-29,983.21,988.26,979.06,984.10,5224759
2020-12-30,984.10,984.28,974.38,974.55,1182818
2020-12-31,974.55,986.17,968.62,980.21,7089437
2021-01-03,980.21,997.12,972.81,989.65,8549554
2021-01-04,989.65,994.26,985.60,990.20,5094032
2021-01-05,990.20,990.49,980.59,980.87,1290775
2021-01-06,980.87,983.02,974.38,976.52,3189163
2021-01-07,976.52,979.55,971.50,974.52,4097839
2021-01-10,974.52,988.29,967.99,981.72,7695816
2021-01-11,981.72,998.40,974.38,990.99,8476920
2021-01-12,990.99,991.51,981.75,982.27,1527572
2021-01-13,982.27,988.79,977.71,984.22,5637894
2021-01-14,984.22,986.92,978.60,981.29,3746159
2021-01-17,981.29,998.82,973.72,991.18,8716563
2021-01-18,991.18,1000.69,985.77,995.26,6450342
2021-01-19,995.26,1011.64,987.97,1004.27,8330212
2021-01-20,1004.27,1008.60,1000.26,1004.59,4998148
2021-01-21,1004.59,1010.63,1000.10,1006.13,5466495
2021-01-24,1006.13,1006.70,996.81,997.37,1562414
2021-01-25,997.37,998.07,988.36,989.06,1705658
2021-01-26,989.06,997.00,984.10,992.02,6019684
2021-01-27,992.02,993.78,984.79,986.54,2776097
2021-01-28,986.54,987.70,978.38,979.53,2172427
2021-01-31,979.53,981.92,973.45,975.83,3443244
2021-02-01,975.83,988.24,969.68,982.04,7304595
2021-02-02,982.04,982.76,973.22,973.93,1731790
2021-02-03,973.93,974.00,964.12,964.19,1070507
2021-02-04,964.19,965.62,956.70,958.12,2481241
2021-02-07,958.12,960.72,952.60,955.19,3717078
2021-02-08,955.19,956.37,947.39,948.56,2234807
2021-02-09,948.56,961.78,942.26,955.43,7639368
2021-02-10,955.43,957.78,949.53,951.87,3461625
2021-02-11,951.87,953.08,944.15,945.35,2269478
2021-02-14,945.35,946.40,937.44,938.48,2112311
2021-02-15,938.48,941.58,933.96,937.05,4298765
2021-02-16,937.05,940.34,932.85,936.14,4507853
2021-02-17,936.14,940.97,932.17,937.01,5233401
2021-02-18,937.01,937.53,928.32,928.84,1561831
2021-02-21,928.84,931.89,924.34,927.39,4283264
2021-02-22,927.39,930.48,922.97,926.06,4335973
2021-02-23,926.06,935.40,920.89,930.21,6584156
2021-02-24,930.21,933.98,926.55,930.33,4929046
2021-02-25,930.33,931.96,923.51,925.13,2753360
2021-02-28,925.13,934.85,919.86,929.55,6699074
2021-03-01,929.55,930.27,921.27,921.98,1778532
2021-03-02,921.98,924.58,916.82,919.41,3818895
2021-03-03,919.41,924.19,915.52,920.28,5239917
2021-03-04,920.28,928.16,915.53,923.39,6165054
2021-03-07,923.39,925.11,916.79,918.51,2865912
2021-03-08,918.51,924.27,914.34,920.10,5540020
2021-03-09,920.10,925.48,916.03,921.41,5421947
2021-03-10,921.41,923.46,915.37,917.41,3227743
2021-03-11,917.41,919.18,910.96,912.72,2932716
2021-03-14,912.72,914.44,906.23,907.93,2882544
2021-03-15,907.93,922.57,901.36,915.94,8237722
2021-03-16,915.94,932.42,908.84,925.25,8751337
2021-03-17,925.25,926.06,917.15,917.96,1880178
2021-03-18,917.96,922.69,914.08,918.80,5229183
2021-03-21,918.80,920.02,911.44,912.65,2329218
2021-03-22,912.65,919.07,908.32,914.73,5748182
2021-03-23,914.73,920.46,910.58,916.30,5535459
2021-03-24,916.30,918.13,909.96,911.78,2999691
2021-03-25,911.78,912.53,903.71,904.46,1819890
2021-03-28,904.46,907.61,900.38,903.53,4489883
2021-03-29,903.53,911.03,898.93,906.41,6096090
2021-03-30,906.41,906.80,897.82,898.20,1428635
2021-03-31,898.20,903.47,894.23,899.49,5425788
2021-04-01,899.49,909.76,894.14,904.38,6951748
2021-04-04,904.38,917.87,898.13,911.57,7907750
2021-04-05,911.57,914.01,906.26,908.69,3676508
2021-04-06,908.69,925.53,901.51,918.28,8900000
2021-04-07,918.28,934.26,911.31,927.22,8590569
2021-04-08,927.22,928.68,920.16,921.61,2575377
2021-04-11,921.61,933.22,915.83,927.40,7274176
2021-04-12,927.40,937.52,922.02,932.10,6810425
2021-04-13,932.10,937.67,927.95,933.51,5455727
2021-04-14,933.51,938.93,929.40,934.81,5407613
2021-04-15,934.81,941.90,930.22,937.31,5900651
2021-04-18,937.31,950.41,931.08,944.13,7650891
2021-04-19,944.13,953.82,938.81,948.47,6633641
2021-04-20,948.47,948.66,939.12,939.30,1194581
2021-04-21,939.30,942.58,935.07,938.35,4494204
2021-04-22,938.35,946.79,933.39,941.81,6285596
2021-04-25,941.81,944.66,936.85,939.70,4025548
2021-04-26,939.70,951.69,933.76,945.71,7318998
2021-04-27,945.71,959.09,939.38,952.71,7696810
2021-04-28,952.71,953.40,944.13,944.82,1726886
2021-04-29,944.82,947.14,938.98,941.29,3458607
2021-05-02,941.29,949.47,936.40,944.56,6200617
2021-05-03,944.56,950.81,940.18,946.42,5631927
2021-05-04,946.42,949.49,941.78,944.85,4246364
2021-05-05,944.85,949.37,940.95,945.47,5130349
2021-05-06,945.47,947.43,939.04,940.99,3074005
2021-05-09,940.99,945.10,937.21,941.32,5015603
2021-05-10,941.32,955.05,934.90,948.58,7819341
2021-05-11,948.58,954.01,944.42,949.85,5386454
2021-05-12,949.85,949.94,940.33,940.42,1099657
2021-05-13,940.42,940.99,931.77,932.33,1600925
2021-05-16,932.33,946.21,925.89,939.72,7902606
2021-05-17,939.72,942.38,934.48,937.14,3831858
2021-05-18,937.14,943.94,932.63,939.42,5808436
2021-05-19,939.42,946.74,934.77,942.07,5955795
2021-05-20,942.07,958.32,934.97,951.14,8545541
2021-05-23,951.14,964.86,944.69,958.37,7775205
2021-05-24,958.37,960.17,951.54,953.33,2879355
2021-05-25,953.33,954.84,946.07,947.56,2574039
2021-05-26,947.56,949.30,940.75,942.48,2834567
2021-05-27,942.48,943.42,934.43,935.37,2006618
2021-05-30,935.37,940.26,931.39,936.28,5250685
2021-05-31,936.28,937.51,928.76,929.99,2319855
2021-06-01,929.99,939.66,924.71,934.36,6670919
2021-06-02,934.36,937.08,929.26,931.98,3908813
2021-06-03,931.98,932.50,923.34,923.86,1564403
2021-06-06,923.86,926.83,919.27,922.23,4205589
2021-06-07,922.23,923.04,914.16,914.97,1881755
2021-06-08,914.97,917.62,909.97,912.62,3901543
2021-06-09,912.62,919.69,908.11,915.17,5943964
2021-06-10,915.17,916.54,908.09,909.46,2502846
2021-06-13,909.46,912.79,905.61,908.94,4664609
2021-06-14,908.94,920.21,903.29,914.53,7219375
2021-06-15,914.53,914.62,905.37,905.46,1105418
2021-06-16,905.46,916.58,899.86,910.95,7186934
2021-06-17,910.95,913.10,905.18,907.33,3365157
2021-06-20,907.33,907.35,898.12,898.14,1022805
2021-06-21,898.14,907.91,892.93,902.67,6801851
2021-06-22,902.67,908.91,898.41,904.65,5714643
2021-06-23,904.65,910.49,900.50,906.33,5588340
2021-06-24,906.33,916.32,901.03,911.00,6842695
2021-06-27,911.00,911.55,902.61,903.16,1601165
2021-06-28,903.16,904.18,895.63,896.65,2135356
2021-06-29,896.65,898.12,889.92,891.39,2642798
2021-06-30,891.39,892.60,884.28,885.48,2358058
2021-07-01,885.48,886.37,877.91,878.78,1997187
2021-07-04,878.78,884.29,874.80,880.30,5535493
2021-07-05,880.30,882.34,874.65,876.69,3318655
2021-07-06,876.69,891.68,870.11,885.03,8507167
2021-07-07,885.03,886.68,878.70,880.33,2854115
2021-07-08,880.33,893.16,874.33,887.11,7816289
2021-07-11,887.11,903.88,880.02,896.70,8998628
2021-07-12,896.70,903.62,892.28,899.18,5931995
2021-07-13,899.18,901.14,893.22,895.18,3184293
2021-07-14,895.18,904.92,889.98,899.70,6804903
2021-07-15,899.70,900.69,892.16,893.14,2102469
2021-07-18,893.14,909.23,886.21,902.23,8756001
2021-07-19,902.23,906.97,898.39,903.13,5259327
2021-07-20,903.13,904.66,896.43,897.96,2698868
2021-07-21,897.96,900.53,893.00,895.56,3864746
2021-07-22,895.56,908.22,889.57,902.18,7695233
2021-07-25,902.18,904.04,896.01,897.86,3054526
2021-07-26,897.86,911.04,891.71,904.84,7843861
2021-07-27,904.84,905.25,896.29,896.69,1445953
2021-07-28,896.69,905.46,891.75,900.51,6502777
2021-07-29,900.51,914.33,894.18,907.95,8026680
2021-08-01,907.95,914.65,903.55,910.24,5844821
2021-08-02,910.24,925.38,903.53,918.60,8376954
2021-08-03,918.60,931.76,912.40,925.51,7746536
2021-08-04,925.51,940.39,918.83,933.64,8225171
2021-08-05,933.64,936.45,928.70,931.51,4010390
2021-08-08,931.51,932.75,924.05,925.29,2336762
2021-08-09,925.29,927.99,920.26,922.96,3920336
2021-08-10,922.96,926.41,919.16,922.61,4736419
2021-08-11,922.61,924.58,916.42,918.37,3130692
2021-08-12,918.37,921.37,913.90,916.89,4263648
2021-08-15,916.89,923.81,912.41,919.32,5888374
2021-08-16,919.32,924.83,915.21,920.72,5461659
2021-08-17,920.72,924.02,916.71,920.01,4588443
2021-08-18,920.01,921.67,913.34,914.99,2799588
2021-08-19,914.99,918.34,911.12,914.47,4662997
2021-08-22,914.47,929.17,907.86,922.51,8228052
2021-08-23,922.51,932.54,917.15,927.16,6803395
2021-08-24,927.16,930.01,922.35,925.19,4068038
2021-08-25,925.19,926.59,918.05,919.45,2515809
2021-08-26,919.45,924.19,915.55,920.30,5233127
2021-08-29,920.30,931.01,914.77,925.44,7010116
2021-08-30,925.44,935.45,920.09,930.07,6785048
2021-08-31,930.07,930.46,921.24,921.63,1422119
2021-09-01,921.63,938.45,914.42,931.17,8822565
2021-09-02,931.17,946.62,924.31,939.70,8369101
2021-09-05,939.70,949.58,934.34,944.19,6703703
2021-09-06,944.19,947.82,940.47,944.09,4838717
2021-09-07,944.09,945.60,936.94,938.45,2601303
2021-09-08,938.45,954.16,931.49,947.14,8411213
2021-09-09,947.14,956.03,942.04,950.90,6391906
2021-09-12,950.90,968.23,943.47,960.73,8814986
2021-09-13,960.73,961.57,952.32,953.15,1877983
2021-09-14,953.15,970.53,945.70,963.00,8815466
2021-09-15,963.00,971.87,957.86,966.70,6343484
2021-09-16,966.70,975.93,961.44,970.65,6437345
2021-09-19,970.65,983.48,964.40,977.18,7442729
2021-09-20,977.18,986.81,971.79,981.39,6520130
2021-09-21,981.39,981.80,972.07,972.48,1422633
2021-09-22,972.48,978.83,968.00,974.34,5607030
2021-09-23,974.34,977.92,970.24,973.82,4678257
2021-09-26,973.82,982.16,968.79,977.11,6167181
2021-09-27,977.11,987.17,971.60,981.63,6641700
2021-09-28,981.63,984.72,976.67,979.75,4151200
2021-09-29,979.75,994.71,972.89,987.79,8004320
2021-09-30,987.79,995.22,982.97,990.38,5880075
2021-10-03,990.38,1006.47,983.18,999.20,8272290
2021-10-04,999.20,1000.47,991.09,992.35,2267386
2021-10-05,992.35,1002.61,986.74,996.97,6655486
2021-10-06,996.97,1000.34,992.29,995.65,4374862
2021-10-07,995.65,1011.89,988.39,1004.56,8289711
2021-10-10,1004.56,1007.88,999.73,1003.04,4301268
2021-10-11,1003.04,1005.84,997.38,1000.17,3792249
2021-10-12,1000.17,1005.96,995.77,1001.55,5404629
2021-10-13,1001.55,1002.70,993.23,994.37,2150754
2021-10-14,994.37,995.23,985.64,986.49,1857784
2021-10-17,986.49,990.55,982.59,986.66,4945473
2021-10-18,986.66,989.16,980.68,983.18,3537277
2021-10-19,983.18,984.07,974.62,975.50,1904801
2021-10-20,975.50,976.71,967.55,968.75,2245576
2021-10-21,968.75,971.46,963.29,965.99,3794170
2021-10-24,965.99,978.14,959.94,972.04,7266632
2021-10-25,972.04,989.13,964.62,981.63,8638271
2021-10-26,981.63,990.35,976.48,985.18,6254766
2021-10-27,985.18,990.42,980.96,986.20,5276611
2021-10-28,986.20,988.63,980.10,982.52,3456893
2021-10-31,982.52,991.24,977.36,986.06,6252400
2021-11-01,986.06,998.46,979.88,992.24,7268072
2021-11-02,992.24,1000.26,987.24,995.25,6034773
2021-11-03,995.25,1007.23,989.16,1001.10,7120404
2021-11-04,1001.10,1018.46,993.52,1010.81,8574348
2021-11-07,1010.81,1013.54,1004.97,1007.69,3705246
2021-11-08,1007.69,1010.91,1002.66,1005.87,4192112
2021-11-09,1005.87,1009.42,1001.40,1004.94,4528772
2021-11-10,1004.94,1019.54,998.11,1012.65,7801646
2021-11-11,1012.65,1031.05,1004.75,1023.07,8800857
2021-11-14,1023.07,1032.94,1017.48,1027.33,6464677
2021-11-15,1027.33,1034.22,1022.54,1029.43,5657304
2021-11-16,1029.43,1046.17,1021.93,1038.61,8279972
2021-11-17,1038.61,1039.36,1029.25,1029.99,1715397
2021-11-18,1029.99,1047.97,1022.15,1040.06,8605555
2021-11-21,1040.06,1048.19,1034.90,1043.01,5962791
2021-11-22,1043.01,1043.66,1033.44,1034.07,1614266
2021-11-23,1034.07,1037.15,1028.56,1031.63,3979732
2021-11-24,1031.63,1036.77,1027.31,1032.45,5182647
2021-11-25,1032.45,1032.96,1022.77,1023.27,1494615
2021-11-28,1023.27,1025.44,1016.38,1018.53,3113168
2021-11-29,1018.53,1018.81,1008.61,1008.88,1272873
2021-11-30,1008.88,1012.61,1004.66,1008.38,4689780
2021-12-01,1008.38,1008.72,998.67,999.01,1339197
2021-12-02,999.01,1005.38,994.45,1000.81,5566803
2021-12-05,1000.81,1010.71,995.27,1005.15,6533093
2021-12-06,1005.15,1006.15,996.54,997.53,1991152
2021-12-07,997.53,1003.28,993.14,998.89,5397770
2021-12-08,998.89,1000.24,990.92,992.27,2357887
2021-12-09,992.27,1008.86,984.93,1001.45,8402366
2021-12-12,1001.45,1004.55,996.30,999.39,4099108
2021-12-13,999.39,1001.89,993.28,995.77,3497496
2021-12-14,995.77,1010.61,988.89,1003.68,7906172
2021-12-15,1003.68,1008.02,999.66,1004.00,5004149
2021-12-16,1004.00,1009.38,999.70,1005.07,5285253
2021-12-19,1005.07,1007.92,999.48,1002.32,3835905
2021-12-20,1002.32,1004.77,996.10,998.55,3446227
2021-12-21,998.55,1000.60,991.72,993.76,3054492
2021-12-22,993.76,1007.19,987.28,1000.66,7524897
2021-12-23,1000.66,1002.42,993.34,995.09,2758676
2021-12-26,995.09,1010.76,987.98,1003.60,8138545
2021-12-27,1003.60,1012.70,998.27,1007.36,6306481
2021-12-28,1007.36,1016.38,1002.04,1011.05,6274828
2021-12-29,1011.05,1025.98,1004.10,1018.98,7870747
2021-12-30,1018.98,1021.54,1012.78,1015.33,3513991
2022-01-02,1015.33,1015.66,1005.53,1005.86,1328017
2022-01-03,1005.86,1012.34,1001.25,1007.72,5584430
2022-01-04,1007.72,1009.21,999.89,1001.38,2480761
2022-01-05,1001.38,1013.91,995.12,1007.61,7251577
2022-01-06,1007.61,1011.25,1003.27,1006.90,4612928
2022-01-09,1006.90,1016.89,1001.32,1011.29,6540123
2022-01-10,1011.29,1013.70,1004.91,1007.31,3378840
2022-01-11,1007.31,1023.73,999.96,1016.32,8289574
2022-01-12,1016.32,1018.38,1009.33,1011.37,3025411
2022-01-13,1011.37,1011.42,1001.14,1001.19,1043141
2022-01-16,1001.19,1004.14,995.79,998.74,3947702
2022-01-17,998.74,1001.00,992.26,994.52,3269958
2022-01-18,994.52,997.08,988.56,991.12,3577812
2022-01-19,991.12,993.02,984.13,986.02,2920644
2022-01-20,986.02,987.60,978.56,980.14,2607098
2022-01-23,980.14,989.06,974.93,983.83,6316186
2022-01-24,983.83,1000.78,976.41,993.29,8541735
2022-01-25,993.29,996.64,988.62,991.96,4370164
2022-01-26,991.96,995.52,987.65,991.21,4591598
2022-01-27,991.21,1006.84,984.13,999.70,8144307
2022-01-30,999.70,1002.59,994.23,997.11,3892489
2022-01-31,997.11,997.85,988.16,988.88,1737379
2022-02-01,988.88,993.37,984.87,989.36,5061694
2022-02-02,989.36,992.83,984.92,988.39,4507407
2022-02-03,988.39,988.47,978.46,978.55,1086865
2022-02-06,978.55,980.14,971.18,972.76,2627229
2022-02-07,972.76,973.29,963.72,964.25,1548251
2022-02-08,964.25,971.83,959.46,967.02,5973388
2022-02-09,967.02,970.09,962.16,965.23,4174245
2022-02-10,965.23,974.13,960.07,968.95,6348353
2022-02-13,968.95,971.59,963.39,966.02,3730281
2022-02-14,966.02,970.32,962.13,966.42,5036076
2022-02-15,966.42,974.96,961.36,969.87,6241049
2022-02-16,969.87,976.50,965.32,971.94,5690877
2022-02-17,971.94,988.70,964.60,981.29,8546056
2022-02-20,981.29,984.78,976.98,980.47,4559670
2022-02-21,980.47,992.51,974.40,986.41,7188511
2022-02-22,986.41,987.43,978.03,979.05,2037517
2022-02-23,979.05,982.61,974.87,978.42,4637551
2022-02-24,978.42,980.93,972.53,975.03,3556515
2022-02-27,975.03,978.77,971.19,974.93,4843792
2022-02-28,974.93,975.72,966.29,967.07,1808024
2022-03-01,967.07,975.21,962.11,970.24,6128223
2022-03-02,970.24,973.44,965.56,968.76,4298216
2022-03-03,968.76,981.42,962.55,975.18,7404423
2022-03-06,975.18,976.38,967.21,968.41,2236968
2022-03-07,968.41,971.06,962.86,965.50,3734122
2022-03-08,965.50,982.90,958.01,975.33,8760082
2022-03-09,975.33,977.49,968.92,971.07,3216083
2022-03-10,971.07,980.51,965.75,975.16,6484842
2022-03-13,975.16,975.37,965.56,965.76,1208333
2022-03-14,965.76,969.05,961.27,964.54,4398902
2022-03-15,964.54,978.84,957.91,972.15,7883710
2022-03-16,972.15,975.15,967.12,970.11,4082510
2022-03-17,970.11,970.23,960.42,960.54,1118758
2022-03-20,960.54,962.71,954.30,956.46,3264060
2022-03-21,956.46,960.02,952.50,956.05,4715946
2022-03-22,956.05,959.60,952.08,955.62,4708984
2022-03-23,955.62,958.45,950.49,953.31,3959224
2022-03-24,953.31,962.43,948.12,957.22,6441975
2022-03-27,957.22,958.66,949.82,951.25,2502914
2022-03-28,951.25,956.40,947.15,952.30,5302537
2022-03-29,952.30,955.72,948.17,951.59,4593930
2022-03-30,951.59,958.58,946.99,953.97,5833882
2022-03-31,953.97,955.52,946.79,948.33,2627331
2022-04-03,948.33,949.76,941.00,942.42,2505144
2022-04-04,942.42,943.39,934.41,935.38,2035219
2022-04-05,935.38,947.14,929.52,941.24,7266941
2022-04-06,941.24,943.60,935.50,937.85,3508950
2022-04-07,937.85,939.20,930.50,931.85,2440260
2022-04-10,931.85,941.14,926.67,935.94,6554698
2022-04-11,935.94,937.76,929.37,931.17,2938683
2022-04-12,931.17,932.46,923.79,925.07,2382338
2022-04-13,925.07,927.68,919.90,922.50,3823936
2022-04-14,922.50,925.39,917.80,920.68,4127674
2022-04-17,920.68,925.31,916.82,921.44,5194787
2022-04-18,921.44,922.74,914.17,915.46,2407990
2022-04-19,915.46,916.75,908.24,909.53,2409259
2022-04-20,909.53,917.46,904.79,912.70,6210939
2022-04-21,912.70,918.77,908.47,914.53,5640192
2022-04-24,914.53,914.63,905.39,905.49,1116769
2022-04-25,905.49,921.83,898.46,914.72,8764128
2022-04-26,914.72,931.52,907.54,924.26,8853875
2022-04-27,924.26,926.65,918.74,921.12,3583539
2022-04-28,921.12,935.80,914.50,929.12,8187688
2022-05-01,929.12,941.19,923.19,935.22,7382373
2022-05-02,935.22,939.74,931.35,935.87,5142901
2022-05-03,935.87,949.50,929.49,943.08,7814951
2022-05-04,943.08,946.43,938.93,942.28,4559019
2022-05-05,942.28,942.40,932.88,933.00,1128189
2022-05-08,933.00,934.85,926.51,928.35,2979252
2022-05-09,928.35,930.87,923.00,925.51,3717146
2022-05-10,925.51,927.25,918.91,920.64,2872736
2022-05-11,920.64,924.66,916.94,920.96,5013923
2022-05-12,920.96,935.64,914.34,928.96,8190089
2022-05-15,928.96,935.37,924.59,930.99,5709876
2022-05-16,930.99,931.22,921.89,922.12,1252297
2022-05-17,922.12,927.14,918.14,923.16,5311179
2022-05-18,923.16,927.06,919.50,923.39,4972942
2022-05-19,923.39,925.26,917.04,918.90,3027709
2022-05-22,918.90,927.59,913.92,922.60,6413751
2022-05-23,922.60,925.36,917.70,920.46,3995267
2022-05-24,920.46,926.68,916.15,922.37,5673491
2022-05-25,922.37,932.50,916.99,927.10,6831138
2022-05-26,927.10,934.84,922.36,930.09,6110185
2022-05-29,930.09,933.37,925.95,929.22,4522976
2022-05-30,929.22,930.05,921.12,921.94,1896673
2022-05-31,921.94,931.46,916.73,926.23,6651028
2022-06-01,926.23,928.00,919.68,921.44,2909499
2022-06-02,921.44,923.23,914.97,916.75,2943689
2022-06-05,916.75,933.92,909.46,926.55,8951131
2022-06-06,926.55,929.48,921.89,924.82,4166392
2022-06-07,924.82,929.83,920.83,925.85,5305521
2022-06-08,925.85,941.13,919.05,934.27,8343827
2022-06-09,934.27,936.72,928.75,931.19,3626989
2022-06-12,931.19,934.28,926.73,929.81,4315500
2022-06-13,929.81,944.54,923.15,937.83,8162448
2022-06-14,937.83,941.23,933.80,937.20,4624622
2022-06-15,937.20,939.36,931.17,933.33,3306961
2022-06-16,933.33,935.88,927.99,930.53,3740329
2022-06-19,930.53,931.92,923.32,924.70,2492626
2022-06-20,924.70,930.76,920.44,926.48,5613237
2022-06-21,926.48,935.24,921.47,930.21,6410802
2022-06-22,930.21,946.31,923.17,939.20,8564334
2022-06-23,939.20,948.62,933.97,943.36,6567661
2022-06-26,943.36,945.73,937.61,939.96,3507201
2022-06-27,939.96,941.07,932.19,933.28,2173079
2022-06-28,933.28,933.75,924.55,925.01,1503566
2022-06-29,925.01,933.59,920.05,928.61,6362860
2022-06-30,928.61,930.15,921.66,923.18,2652194
2022-07-03,923.18,923.88,914.92,915.61,1754286
2022-07-04,915.61,916.81,908.24,909.43,2311111
2022-07-05,909.43,914.47,905.49,910.52,5335013
2022-07-06,910.52,912.03,903.70,905.20,2653155
2022-07-07,905.20,906.72,898.47,899.98,2685288
2022-07-10,899.98,905.68,895.88,901.58,5554869
2022-07-11,901.58,913.79,895.69,907.86,7533504
2022-07-12,907.86,909.51,901.30,902.94,2818724
2022-07-13,902.94,912.25,897.85,907.13,6645096
2022-07-14,907.13,909.60,901.92,904.39,3728669
2022-07-17,904.39,911.73,899.82,907.15,6044753
2022-07-18,907.15,909.82,902.25,904.91,3939026
2022-07-19,904.91,906.33,898.02,899.43,2571982
2022-07-20,899.43,912.15,893.41,906.08,7696707
2022-07-21,906.08,922.44,899.04,915.33,8769993
2022-07-24,915.33,927.27,909.48,921.38,7396776
2022-07-25,921.38,923.32,915.16,917.09,3107921
2022-07-26,917.09,932.65,910.24,925.74,8471330
2022-07-27,925.74,931.54,921.54,927.33,5536385
2022-07-28,927.33,929.76,921.83,924.25,3611728
2022-07-31,924.25,932.87,919.28,927.88,6376371
2022-08-01,927.88,943.12,921.08,936.27,8324142
2022-08-02,936.27,939.58,932.12,935.43,4541460
2022-08-03,935.43,942.26,930.93,937.74,5818449
2022-08-04,937.74,939.70,931.39,933.34,3093381
2022-08-07,933.34,933.55,924.19,924.40,1230452
2022-08-08,924.40,925.44,916.69,917.73,2130898
2022-08-09,917.73,917.89,908.65,908.81,1177434
2022-08-10,908.81,912.77,905.16,909.12,5012037
2022-08-11,909.12,918.50,903.99,913.34,6647050
2022-08-14,913.34,920.30,908.86,915.81,5909636
2022-08-15,915.81,917.84,909.79,911.82,3219547
2022-08-16,911.82,921.40,906.62,916.17,6700240
2022-08-17,916.17,919.49,912.24,915.56,4623319
2022-08-18,915.56,926.80,909.89,921.10,7186316
2022-08-21,921.10,927.16,916.84,922.90,5623799
2022-08-22,922.90,939.17,915.84,932.04,8651817
2022-08-23,932.04,935.06,927.46,930.48,4245679
2022-08-24,930.48,940.43,925.13,935.05,6751063
2022-08-25,935.05,940.21,931.01,936.15,5328463
2022-08-28,936.15,942.68,931.73,938.25,5730967
2022-08-29,938.25,943.71,934.10,939.56,5415363
2022-08-30,939.56,946.99,934.88,942.29,5986591
2022-08-31,942.29,953.14,936.66,947.48,6975514
2022-09-01,947.48,951.39,943.73,947.65,4950034
2022-09-04,947.65,955.05,942.95,950.34,5959533
2022-09-05,950.34,952.53,944.24,946.43,3312654
2022-09-06,946.43,963.24,939.15,955.89,8688408
2022-09-07,955.89,972.49,948.64,965.17,8580624
2022-09-08,965.17,973.12,960.27,968.20,6075720
2022-09-11,968.20,971.07,963.01,965.87,3963820
2022-09-12,965.87,966.05,956.33,956.50,1183196
2022-09-13,956.50,958.03,949.25,950.77,2598045
2022-09-14,950.77,951.83,942.81,943.86,2109602
2022-09-15,943.86,945.84,937.48,939.45,3100582
2022-09-18,939.45,942.47,934.79,937.80,4212962
2022-09-19,937.80,946.83,932.68,941.69,6459087
2022-09-20,941.69,942.32,933.12,933.75,1666117
2022-09-21,933.75,942.04,928.84,937.11,6253806
2022-09-22,937.11,940.25,932.67,935.80,4345610
2022-09-25,935.80,950.80,929.05,943.99,8213134
2022-09-26,943.99,946.87,939.06,941.94,4053909
2022-09-27,941.94,953.22,936.19,947.44,7102503
2022-09-28,947.44,948.45,939.45,940.46,2074965
2022-09-29,940.46,958.05,932.99,950.50,8946604
2022-10-02,950.50,951.51,942.47,943.47,2063100
2022-10-03,943.47,944.97,936.30,937.79,2584945
2022-10-04,937.79,952.99,930.97,946.12,8265226
2022-10-05,946.12,962.48,938.97,955.26,8560733
2022-10-06,955.26,959.65,951.37,955.75,5076406
2022-10-09,955.75,961.07,951.60,956.92,5343106
2022-10-10,956.92,964.28,952.20,959.55,5928737
2022-10-11,959.55,963.28,955.82,959.56,4882681
2022-10-12,959.56,961.97,953.71,956.11,3513580
2022-10-13,956.11,961.98,951.81,957.67,5500445
2022-10-16,957.67,962.98,953.52,958.82,5337105
2022-10-17,958.82,966.83,953.92,961.92,6109979
2022-10-18,961.92,963.46,954.64,956.18,2609190
2022-10-19,956.18,956.92,947.65,948.38,1773010
2022-10-20,948.38,964.46,941.30,957.31,8465637
2022-10-23,957.31,973.96,950.05,966.63,8588305
2022-10-24,966.63,972.64,962.26,968.26,5523731
2022-10-25,968.26,975.66,963.50,970.89,5913888
2022-10-26,970.89,972.61,963.81,965.52,2771124
2022-10-27,965.52,968.34,960.27,963.09,3922599
2022-10-30,963.09,963.85,954.52,955.27,1788065
2022-10-31,955.27,958.61,950.97,954.30,4490980
2022-11-01,954.30,969.90,947.33,962.87,8302949
2022-11-02,962.87,975.52,956.69,969.30,7421502
2022-11-03,969.30,969.37,959.55,959.63,1081207
2022-11-06,959.63,967.26,954.83,962.45,5998113
2022-11-07,962.45,963.55,954.45,955.54,2147530
2022-11-08,955.54,958.29,950.28,953.02,3875137
2022-11-09,953.02,968.74,946.03,961.68,8341426
2022-11-10,961.68,966.88,957.55,962.74,5299485
2022-11-13,962.74,978.14,955.80,971.15,8206104
2022-11-14,971.15,972.76,963.89,965.50,2666220
2022-11-15,965.50,968.60,960.71,963.81,4210699
2022-11-16,963.81,964.20,954.63,955.02,1407441
2022-11-17,955.02,970.65,948.04,963.61,8305829
2022-11-20,963.61,964.78,955.71,956.87,2214506
2022-11-21,956.87,958.60,949.95,951.67,2812482
2022-11-22,951.67,955.09,947.54,950.96,4593587
2022-11-23,950.96,952.52,943.82,945.38,2644238
2022-11-24,945.38,958.94,938.99,952.51,7754561
2022-11-27,952.51,954.29,945.70,947.47,2862825
2022-11-28,947.47,964.80,940.05,957.30,8833230
2022-11-29,957.30,959.76,951.55,954.00,3567009
2022-11-30,954.00,963.14,948.80,957.92,6446879
2022-12-01,957.92,972.93,951.11,966.06,8114814
2022-12-04,966.06,966.62,957.14,957.70,1583161
2022-12-05,957.70,959.31,950.57,952.16,2679080
2022-12-06,952.16,954.85,946.84,949.52,3822325
2022-12-07,949.52,954.09,945.59,950.16,5136351
2022-12-08,950.16,951.96,943.41,945.20,2892764
2022-12-11,945.20,957.16,939.26,951.18,7289094
2022-12-12,951.18,951.71,942.36,942.89,1559910
2022-12-13,942.89,944.23,935.47,936.81,2421262
2022-12-14,936.81,943.74,932.26,939.19,5848456
2022-12-15,939.19,940.30,931.44,932.55,2187174
2022-12-18,932.55,935.90,928.50,931.86,4597908
2022-12-19,931.86,933.57,925.15,926.85,2833744
2022-12-20,926.85,928.10,919.46,920.70,2351474
2022-12-21,920.70,924.16,916.94,920.40,4756035
2022-12-22,920.40,920.93,911.90,912.42,1578292
2022-12-25,912.42,917.64,908.42,913.64,5386145
2022-12-26,913.64,921.67,908.86,916.87,6228978
2022-12-27,916.87,922.21,912.82,918.16,5415432
2022-12-28,918.16,927.55,913.00,922.36,6624519
2022-12-29,922.36,925.45,918.00,921.08,4350068
2023-01-01,921.08,921.71,912.72,913.34,1678497
2023-01-02,913.34,913.71,904.64,905.00,1399931
2023-01-03,905.00,906.31,897.92,899.23,2452640
2023-01-04,899.23,899.86,891.10,891.73,1700823
2023-01-05,891.73,891.77,882.71,882.75,1045713
2023-01-08,882.75,885.28,877.88,880.41,3870027
2023-01-09,880.41,896.46,873.53,889.51,8815740
2023-01-10,889.51,905.98,882.48,898.88,8895198
2023-01-11,898.88,901.52,894.02,896.65,3935562
2023-01-12,896.65,897.87,889.51,890.71,2356584
2023-01-15,890.71,893.64,886.40,889.32,4281721
2023-01-16,889.32,896.33,884.88,891.89,5982578
2023-01-17,891.89,892.47,883.76,884.34,1656687
2023-01-18,884.34,893.11,879.44,888.19,6538614
2023-01-19,888.19,893.14,884.33,889.28,5344410
2023-01-22,889.28,890.21,881.74,882.67,2049382
2023-01-23,882.67,884.43,876.55,878.31,2999211
2023-01-24,878.31,883.23,874.49,879.40,5354389
2023-01-25,879.40,889.18,874.24,883.99,6868004
2023-01-26,883.99,887.80,880.46,884.26,4996844
2023-01-29,884.26,884.57,875.76,876.06,1345850
2023-01-30,876.06,878.20,870.63,872.76,3445884
2023-01-31,872.76,885.64,866.77,879.60,7864849
2023-02-01,879.60,882.81,875.86,879.07,4652126
2023-02-02,879.07,880.94,873.15,875.01,3116358
2023-02-05,875.01,884.95,869.81,879.73,6936556
2023-02-06,879.73,881.14,873.07,874.48,2606550
2023-02-07,874.48,874.66,865.88,866.06,1212757
2023-02-08,866.06,871.52,862.12,867.57,5545301
2023-02-09,867.57,876.19,862.76,871.36,6542455
2023-02-12,871.36,871.42,862.58,862.64,1068415
2023-02-13,862.64,872.72,857.44,867.50,7024417
2023-02-14,867.50,869.92,862.61,865.02,3793175
2023-02-15,865.02,871.96,860.68,867.60,6016666
2023-02-16,867.60,876.74,862.65,871.76,6707235
2023-02-19,871.76,877.72,867.67,873.62,5692043
2023-02-20,873.62,875.71,868.13,870.21,3390843
2023-02-21,870.21,883.24,864.18,877.17,7927091
2023-02-22,877.17,889.17,871.40,883.37,7572393
2023-02-23,883.37,886.48,879.43,882.54,4524279
2023-02-26,882.54,889.62,878.11,885.18,6017318
2023-02-27,885.18,888.51,881.58,884.92,4767558
2023-02-28,884.92,888.23,881.30,884.61,4750308
2023-03-01,884.61,887.54,880.37,883.29,4311248
2023-03-02,883.29,898.73,876.57,891.94,8610871
2023-03-05,891.94,903.60,886.23,897.85,7402263
2023-03-06,897.85,905.46,893.23,900.83,6142215
2023-03-07,900.83,909.42,895.93,904.50,6435665
2023-03-08,904.50,917.68,898.34,911.47,7813477
2023-03-09,911.47,921.52,906.14,916.17,6843552
2023-03-12,916.17,916.69,907.70,908.22,1575274
2023-03-13,908.22,908.51,899.44,899.73,1317283
2023-03-14,899.73,900.40,891.66,892.33,1748593
2023-03-15,892.33,897.36,888.44,893.46,5363031
2023-03-16,893.46,904.63,887.88,899.01,7247016
2023-03-19,899.01,900.08,891.60,892.67,2190672
2023-03-20,892.67,896.95,888.98,893.26,5132270
2023-03-21,893.26,896.90,889.74,893.39,4936008
2023-03-22,893.39,895.62,887.93,890.16,3503120
2023-03-23,890.16,893.02,885.75,888.61,4216323
2023-03-26,888.61,894.76,884.42,890.56,5717592
2023-03-27,890.56,890.58,881.52,881.54,1019272
2023-03-28,881.54,888.38,877.17,884.01,5948525
2023-03-29,884.01,887.58,880.54,884.11,4925102
2023-03-30,884.11,891.38,879.63,886.88,6072462
2023-04-02,886.88,892.85,882.75,888.70,5662208
2023-04-03,888.70,895.42,884.36,891.06,5891872
2023-04-04,891.06,898.14,886.61,893.67,5996021
2023-04-05,893.67,903.03,888.59,897.92,6690706
2023-04-06,897.92,900.57,893.09,895.73,3951234
2023-04-09,895.73,898.53,891.16,893.95,4123285
2023-04-10,893.95,896.96,889.74,892.75,4367352
2023-04-11,892.75,894.03,885.75,887.02,2436522
2023-04-12,887.02,889.50,882.01,884.48,3787585
2023-04-13,884.48,885.39,876.95,877.85,2025480
2023-04-16,877.85,881.08,874.16,877.39,4681069
2023-04-17,877.39,891.81,870.97,885.32,8322256
2023-04-18,885.32,887.09,879.19,880.95,2998422
2023-04-19,880.95,888.02,876.53,883.58,6018209
2023-04-20,883.58,887.59,879.99,884.00,5060631
2023-04-23,884.00,885.43,877.33,878.76,2619513
2023-04-24,878.76,879.44,870.93,871.61,1781275
2023-04-25,871.61,876.43,867.83,872.65,5336042
2023-04-26,872.65,875.46,868.34,871.14,4222085
2023-04-27,871.14,873.15,865.54,867.54,3303600
2023-04-30,867.54,870.56,863.61,866.63,4481824
2023-05-01,866.63,868.49,860.83,862.67,3139471
2023-05-02,862.67,869.28,858.43,865.02,5918518
2023-05-03,865.02,871.37,860.85,867.18,5831310
2023-05-04,867.18,868.66,860.76,862.23,2705006
2023-05-07,862.23,865.83,858.82,862.41,4959362
2023-05-08,862.41,865.62,858.84,862.05,4717832
2023-05-09,862.05,869.69,857.52,865.15,6252023
2023-05-10,865.15,867.54,860.23,862.61,3759465
2023-05-11,862.61,865.60,858.69,861.69,4474725
2023-05-14,861.69,861.79,853.07,853.17,1113854
2023-05-15,853.17,858.88,849.20,854.90,5652160
2023-05-16,854.90,869.29,848.54,862.88,8435322
2023-05-17,862.88,871.70,858.02,866.83,6623834
2023-05-18,866.83,873.63,862.52,869.31,5970781
2023-05-21,869.31,871.86,864.60,867.15,3932956
2023-05-22,867.15,868.12,859.89,860.85,2115294
2023-05-23,860.85,874.13,854.79,868.02,8048662
2023-05-24,868.02,869.14,861.02,862.14,2300960
2023-05-25,862.14,871.89,857.03,866.76,6921570
2023-05-28,866.76,877.50,861.37,872.08,7219135
2023-05-29,872.08,881.79,866.96,876.64,6872668
2023-05-30,876.64,891.21,870.18,884.69,8375994
2023-05-31,884.69,894.35,879.54,889.18,6815534
2023-06-01,889.18,892.96,885.64,889.42,4981412
2023-06-04,889.42,890.14,881.54,882.26,1811899
2023-06-05,882.26,883.29,874.96,875.98,2171193
2023-06-06,875.98,889.21,869.89,883.07,7960528
2023-06-07,883.07,891.90,878.15,886.97,6562620
2023-06-08,886.97,890.18,883.15,886.36,4619444
2023-06-11,886.36,888.26,880.43,882.32,3143347
2023-06-12,882.32,883.17,874.72,875.56,1961488
2023-06-13,875.56,875.99,867.35,867.78,1493621
2023-06-14,867.78,868.53,860.16,860.90,1863203
2023-06-15,860.90,871.96,855.45,866.47,7341838
2023-06-18,866.47,869.18,862.05,864.76,4127057
2023-06-19,864.76,876.22,859.18,870.60,7453429
2023-06-20,870.60,871.50,863.20,864.10,2037002
2023-06-21,864.10,876.81,858.18,870.84,7853086
2023-06-22,870.84,881.73,865.40,876.26,7247359
2023-06-25,876.26,881.25,872.42,877.41,5380315
2023-06-26,877.41,890.80,871.26,884.60,8005041
2023-06-27,884.60,887.77,880.74,883.90,4578326
2023-06-28,883.90,887.18,880.22,883.50,4705109
2023-06-29,883.50,896.70,877.39,890.54,7916255
2023-07-02,890.54,892.12,884.05,885.63,2779663
2023-07-03,885.63,887.71,879.99,882.06,3344718
2023-07-04,882.06,883.75,875.84,877.52,2920061
2023-07-05,877.52,881.90,873.85,878.22,5184705
2023-07-06,878.22,881.41,874.47,877.65,4632475
2023-07-09,877.65,880.59,873.50,876.43,4349794
2023-07-10,876.43,887.00,871.06,881.60,7126783
2023-07-11,881.60,884.16,876.79,879.34,3901714
2023-07-12,879.34,891.26,873.59,885.47,7538786
2023-07-13,885.47,888.08,880.69,883.29,3939231
2023-07-16,883.29,886.37,879.30,882.37,4485768
2023-07-17,882.37,895.25,876.36,889.18,7820370
2023-07-18,889.18,899.35,883.89,894.03,6955384
2023-07-19,894.03,894.67,885.97,886.61,1717969
2023-07-20,886.61,901.84,879.93,895.10,8527880
2023-07-23,895.10,897.34,889.64,891.87,3508573
2023-07-24,891.87,902.00,886.58,896.68,6931652
2023-07-25,896.68,900.53,893.10,896.95,4994650
2023-07-26,896.95,900.60,893.42,897.07,4932133
2023-07-27,897.07,908.98,891.28,903.15,7460150
2023-07-30,903.15,918.75,896.32,911.86,8554012
2023-07-31,911.86,920.97,906.79,915.88,6559396
2023-08-01,915.88,925.29,910.71,920.10,6636796
2023-08-02,920.10,929.23,915.00,924.11,6539300
2023-08-03,924.11,926.62,918.79,921.30,3723696
2023-08-06,921.30,934.66,915.04,928.35,7794924
2023-08-07,928.35,929.54,920.84,922.03,2283847
2023-08-08,922.03,935.27,915.79,928.99,7758367
2023-08-09,928.99,937.29,924.10,932.38,6267866
2023-08-10,932.38,943.60,926.67,937.86,7120987
2023-08-13,937.86,945.31,933.18,940.61,5996742
2023-08-14,940.61,946.00,936.48,941.87,5388957
2023-08-15,941.87,957.55,934.91,950.53,8384053
2023-08-16,950.53,951.27,942.05,942.78,1772153
2023-08-17,942.78,958.84,935.71,951.71,8491529
2023-08-20,951.71,952.10,942.65,943.04,1406378
2023-08-21,943.04,951.97,937.93,946.84,6417935
2023-08-22,946.84,948.65,940.15,941.94,2908916
2023-08-23,941.94,947.80,937.69,943.53,5521296
2023-08-24,943.53,955.39,937.62,949.44,7267421
2023-08-27,949.44,963.83,942.82,957.16,7974451
2023-08-28,957.16,971.97,950.40,965.15,8062139
2023-08-29,965.15,978.65,958.73,972.18,7653943
2023-08-30,972.18,974.14,965.48,967.44,3021467
2023-08-31,967.44,970.69,962.87,966.12,4362242
2023-09-03,966.12,967.97,959.29,961.13,2910836
2023-09-04,961.13,973.62,954.99,967.44,7383299
2023-09-05,967.44,974.28,962.84,969.66,5754938
2023-09-06,969.66,972.93,965.11,968.37,4371433
2023-09-07,968.37,984.53,961.21,977.30,8393278
2023-09-10,977.30,990.68,970.88,984.21,7573559
2023-09-11,984.21,996.95,977.94,990.64,7369067
2023-09-12,990.64,991.02,981.17,981.55,1384739
2023-09-13,981.55,986.33,977.48,982.25,5151440
2023-09-14,982.25,994.49,976.13,988.33,7237071
2023-09-17,988.33,995.08,983.69,990.43,5691015
2023-09-18,990.43,991.25,981.67,982.48,1821913
2023-09-19,982.48,994.98,976.28,988.75,7308779
2023-09-20,988.75,1006.15,981.19,998.52,8645438
2023-09-21,998.52,1017.09,990.61,1009.10,8918312
2023-09-24,1009.10,1011.04,1001.98,1003.91,2917524
2023-09-25,1003.91,1010.36,999.31,1005.75,5581344
2023-09-26,1005.75,1012.93,1000.95,1008.11,5773971
2023-09-27,1008.11,1013.92,1003.68,1009.48,5396639
2023-09-28,1009.48,1024.25,1002.58,1017.30,7832064
2023-10-01,1017.30,1020.07,1011.45,1014.21,3722222
2023-10-02,1014.21,1015.31,1005.67,1006.76,2079458
2023-10-03,1006.76,1008.50,999.34,1001.08,2730932
2023-10-04,1001.08,1009.39,995.98,1004.27,6096399
2023-10-05,1004.27,1007.59,999.43,1002.74,4299314
2023-10-08,1002.74,1003.36,993.53,994.14,1611282
2023-10-09,994.14,1010.13,986.95,1002.88,8229835
2023-10-10,1002.88,1015.94,996.47,1009.49,7389540
2023-10-11,1009.49,1024.17,1002.62,1017.24,7806447
2023-10-12,1017.24,1023.32,1012.71,1018.78,5455864
2023-10-15,1018.78,1029.42,1012.99,1023.60,6683470
2023-10-16,1023.60,1041.64,1015.77,1033.73,8649759
2023-10-17,1033.73,1033.84,1023.39,1023.50,1107818
2023-10-18,1023.50,1029.83,1018.88,1025.20,5514437
2023-10-19,1025.20,1038.87,1018.56,1032.18,7474554
2023-10-22,1032.18,1042.34,1026.49,1036.62,6519032
2023-10-23,1036.62,1049.46,1030.18,1042.98,7215775
2023-10-24,1042.98,1057.41,1036.08,1050.47,7614163
2023-10-25,1050.47,1050.49,1039.81,1039.83,1022839
2023-10-26,1039.83,1052.35,1033.46,1045.95,7120816
2023-10-29,1045.95,1049.50,1041.08,1044.63,4401920
2023-10-30,1044.63,1047.72,1039.01,1042.09,3952572
2023-10-31,1042.09,1060.12,1034.21,1052.16,8562894
2023-11-01,1052.16,1052.34,1041.74,1041.92,1171159
2023-11-02,1041.92,1043.63,1034.10,1035.80,2641563
2023-11-05,1035.80,1047.34,1029.71,1041.22,6875342
2023-11-06,1041.22,1041.49,1031.05,1031.32,1255212
2023-11-07,1031.32,1048.64,1023.66,1040.91,8423148
2023-11-08,1040.91,1046.88,1036.34,1042.31,5391495
2023-11-09,1042.31,1058.15,1035.02,1050.81,7987414
2023-11-12,1050.81,1069.25,1042.79,1061.15,8630658
2023-11-13,1061.15,1075.18,1054.32,1068.30,7444684
2023-11-14,1068.30,1087.32,1060.07,1079.01,8701097
2023-11-15,1079.01,1089.94,1072.97,1083.88,6597427
2023-11-16,1083.88,1101.86,1075.89,1093.80,8368244
2023-11-19,1093.80,1105.41,1087.54,1099.11,6729595
2023-11-20,1099.11,1106.48,1093.99,1101.35,5656790
2023-11-21,1101.35,1104.10,1094.61,1097.35,3495507
2023-11-22,1097.35,1103.71,1092.52,1098.87,5406241
2023-11-23,1098.87,1099.02,1087.93,1088.09,1142078
2023-11-26,1088.09,1091.52,1082.60,1086.03,4159807
2023-11-27,1086.03,1102.84,1078.36,1095.11,8064368
2023-11-28,1095.11,1098.82,1089.98,1093.69,4386625
2023-11-29,1093.69,1101.17,1088.55,1096.03,5694478
2023-11-30,1096.03,1097.16,1086.72,1087.85,2037311
2023-12-03,1087.85,1089.72,1079.83,1081.69,2723765
2023-12-04,1081.69,1084.32,1074.96,1077.58,3432853
2023-12-05,1077.58,1088.74,1071.48,1082.61,6658401
2023-12-06,1082.61,1097.09,1075.59,1090.02,7486831
2023-12-07,1090.02,1109.46,1081.62,1100.97,8708264
2023-12-10,1100.97,1101.26,1090.23,1090.51,1260973
2023-12-11,1090.51,1099.23,1085.05,1093.75,6009156
2023-12-12,1093.75,1113.84,1085.16,1105.16,8854046
2023-12-13,1105.16,1110.64,1100.54,1106.02,5178360
2023-12-14,1106.02,1106.71,1095.89,1096.57,1624074
2023-12-17,1096.57,1110.10,1089.77,1103.26,7203532
2023-12-18,1103.26,1111.01,1098.02,1105.76,5743895
2023-12-19,1105.76,1113.21,1100.60,1108.04,5664917
2023-12-20,1108.04,1121.25,1101.29,1114.47,7090054
2023-12-21,1114.47,1124.51,1108.57,1118.59,6290912
2023-12-24,1118.59,1125.31,1113.60,1120.31,5465020
2023-12-25,1120.31,1123.50,1114.09,1117.27,3846947
2023-12-26,1117.27,1118.56,1108.00,1109.27,2152743
2023-12-27,1109.27,1113.00,1104.03,1107.75,4357716
2023-12-28,1107.75,1127.91,1099.11,1119.17,8807544
2023-12-31,1119.17,1123.27,1114.44,1118.54,4662722
2024-01-01,1118.54,1126.12,1113.31,1120.87,5676337
2024-01-02,1120.87,1121.22,1110.02,1110.36,1305178
2024-01-03,1110.36,1110.53,1099.33,1099.50,1154183
2024-01-04,1099.50,1103.62,1095.01,1099.13,4754218
2024-01-07,1099.13,1118.60,1090.70,1110.08,8673182
2024-01-08,1110.08,1112.25,1102.32,1104.48,2960459
2024-01-09,1104.48,1108.95,1100.15,1104.61,4924691
2024-01-10,1104.61,1105.99,1095.61,1096.97,2244890
2024-01-11,1096.97,1103.36,1092.13,1098.51,5414883
2024-01-14,1098.51,1099.09,1088.26,1088.83,1521090
2024-01-15,1088.83,1089.21,1078.37,1078.75,1353635
2024-01-16,1078.75,1081.82,1072.77,1075.83,3850788
2024-01-17,1075.83,1083.91,1070.59,1078.65,5876748
2024-01-18,1078.65,1079.01,1068.25,1068.61,1332750
2024-01-21,1068.61,1069.25,1058.77,1059.41,1601508
2024-01-22,1059.41,1065.23,1054.83,1060.65,5325000
2024-01-23,1060.65,1067.21,1055.86,1062.42,5515569
2024-01-24,1062.42,1063.48,1053.33,1054.39,2000377
2024-01-25,1054.39,1056.70,1047.42,1049.73,3199176
2024-01-28,1049.73,1049.98,1039.45,1039.69,1235425
2024-01-29,1039.69,1056.99,1032.02,1049.24,8380727
2024-01-30,1049.24,1051.17,1041.69,1043.61,2832613
2024-01-31,1043.61,1058.85,1036.48,1051.67,7825651
2024-02-01,1051.67,1068.00,1044.23,1060.50,8075891
2024-02-04,1060.50,1074.96,1053.54,1067.95,7558641
2024-02-05,1067.95,1071.82,1063.36,1067.22,4619581
2024-02-06,1067.22,1070.87,1062.29,1065.93,4419204
2024-02-07,1065.93,1069.89,1061.51,1065.46,4710596
2024-02-08,1065.46,1067.54,1058.00,1060.06,2950548
2024-02-11,1060.06,1079.11,1051.85,1070.82,8743998
2024-02-12,1070.82,1077.86,1065.87,1072.90,5621810
2024-02-13,1072.90,1082.03,1067.37,1076.48,6151886
2024-02-14,1076.48,1094.40,1068.53,1086.38,8383607
2024-02-15,1086.38,1093.54,1081.36,1088.51,5625617
2024-02-18,1088.51,1089.12,1078.41,1079.01,1556927
2024-02-19,1079.01,1090.24,1072.89,1084.09,6671364
2024-02-20,1084.09,1100.84,1076.44,1093.12,8055349
2024-02-21,1093.12,1111.78,1084.93,1103.51,8499005
2024-02-22,1103.51,1116.07,1096.95,1109.48,6940603
2024-02-25,1109.48,1127.38,1101.44,1119.28,8244341
2024-02-26,1119.28,1129.45,1113.33,1123.48,6311454
2024-02-27,1123.48,1127.44,1118.48,1122.43,4524657
2024-02-28,1122.43,1123.02,1111.97,1112.55,1525925
2024-02-29,1112.55,1122.73,1106.62,1116.78,6327606
2024-03-03,1116.78,1118.74,1108.60,1110.56,2756858
2024-03-04,1110.56,1124.38,1103.63,1117.42,7233436
2024-03-05,1117.42,1120.63,1111.27,1114.48,3880795
2024-03-06,1114.48,1119.18,1110.06,1114.75,4970541
2024-03-07,1114.75,1118.87,1110.10,1114.22,4700205
2024-03-10,1114.22,1115.68,1105.25,1106.69,2304355
2024-03-11,1106.69,1117.51,1100.60,1111.39,6499039
2024-03-12,1111.39,1117.24,1106.66,1112.50,5259567
2024-03-13,1112.50,1117.03,1108.13,1112.65,4931618
2024-03-14,1112.65,1114.52,1104.36,1106.21,2675685
2024-03-17,1106.21,1109.80,1100.79,1104.37,4244855
2024-03-18,1104.37,1117.56,1097.64,1110.79,7095919
2024-03-19,1110.79,1115.05,1106.40,1110.66,4833813
2024-03-20,1110.66,1115.41,1106.23,1110.98,4989403
2024-03-21,1110.98,1114.46,1105.32,1108.79,4130589
2024-03-24,1108.79,1126.94,1100.69,1118.77,8306755
2024-03-25,1118.77,1120.81,1110.70,1112.74,2826543
2024-03-26,1112.74,1127.14,1105.65,1120.01,7368964
2024-03-27,1120.01,1138.83,1111.69,1130.44,8427846
2024-03-28,1130.44,1130.54,1119.09,1119.19,1089609
2024-03-31,1119.19,1122.71,1113.52,1117.03,4144375
2024-04-01,1117.03,1136.22,1108.62,1127.73,8530418
2024-04-02,1127.73,1130.11,1120.13,1122.50,3111934
2024-04-03,1122.50,1130.57,1117.12,1125.18,5790157
2024-04-04,1125.18,1128.50,1119.12,1122.43,3947805
2024-04-07,1122.43,1126.05,1116.89,1120.50,4226851
2024-04-08,1120.50,1136.11,1113.06,1128.62,7639643
2024-04-09,1128.62,1137.65,1122.96,1131.98,6013340
2024-04-10,1131.98,1148.28,1124.32,1140.56,7767695
2024-04-11,1140.56,1145.59,1135.96,1140.99,5026165
2024-04-14,1140.99,1142.20,1131.35,1132.55,2060356
2024-04-15,1132.55,1132.63,1121.14,1121.22,1067798
2024-04-16,1121.22,1121.53,1110.31,1110.63,1283058
2024-04-17,1110.63,1113.32,1103.70,1106.38,3422187
2024-04-18,1106.38,1109.10,1099.54,1102.26,3460493
2024-04-21,1102.26,1118.03,1094.82,1110.54,7743655
2024-04-22,1110.54,1117.08,1105.62,1112.15,5432167
2024-04-23,1112.15,1113.57,1103.15,1104.56,2279115
2024-04-24,1104.56,1107.59,1098.24,1101.26,3741289
2024-04-25,1101.26,1103.93,1094.39,1097.05,3423628
2024-04-28,1097.05,1117.21,1088.43,1108.50,8856995
2024-04-29,1108.50,1127.87,1100.06,1119.35,8609293
2024-04-30,1119.35,1139.40,1110.70,1130.66,8729903
2024-05-01,1130.66,1132.39,1121.96,1123.68,2527469
2024-05-02,1123.68,1124.45,1113.49,1114.25,1681001
2024-05-05,1114.25,1134.02,1105.68,1125.37,8684327
2024-05-06,1125.37,1127.20,1116.89,1118.71,2623868
2024-05-07,1118.71,1120.15,1109.67,1111.10,2289746
2024-05-08,1111.10,1122.45,1104.86,1116.18,6620233
2024-05-09,1116.18,1120.06,1111.12,1115.00,4479526
2024-05-12,1115.00,1122.93,1109.69,1117.60,5768861
2024-05-13,1117.60,1125.97,1112.16,1120.51,5870953
2024-05-14,1120.51,1123.23,1113.53,1116.24,3427777
2024-05-15,1116.24,1131.03,1109.04,1123.78,7451680
2024-05-16,1123.78,1124.64,1113.74,1114.60,1769821
2024-05-19,1114.60,1116.61,1106.52,1108.52,2801954
2024-05-20,1108.52,1110.37,1100.25,1102.09,2671536
2024-05-21,1102.09,1109.46,1096.97,1104.32,5650171
2024-05-22,1104.32,1112.85,1098.87,1107.38,5935390
2024-05-23,1107.38,1109.33,1099.28,1101.22,2761762
2024-05-26,1101.22,1105.46,1096.89,1101.12,4845336
2024-05-27,1101.12,1118.56,1093.24,1110.61,8161419
2024-05-28,1110.61,1112.89,1103.02,1105.29,3055692
2024-05-29,1105.29,1107.16,1097.08,1098.93,2688648
2024-05-30,1098.93,1103.12,1094.55,1098.74,4813374
2024-06-02,1098.74,1111.03,1092.27,1104.53,6886659
2024-06-03,1104.53,1106.20,1096.01,1097.67,2513443
2024-06-04,1097.67,1111.30,1090.83,1104.42,7224588
2024-06-05,1104.42,1105.07,1094.23,1094.88,1587997
2024-06-06,1094.88,1110.19,1087.59,1102.85,7653052
2024-06-09,1102.85,1104.75,1094.72,1096.62,2728395
2024-06-10,1096.62,1107.31,1090.60,1101.26,6493038
2024-06-11,1101.26,1107.78,1096.37,1102.88,5440809
2024-06-12,1102.88,1104.71,1094.63,1096.45,2658127
2024-06-13,1096.45,1116.92,1087.75,1108.12,8935116
2024-06-16,1108.12,1121.82,1101.24,1114.90,7210048
2024-06-17,1114.90,1116.40,1106.00,1107.49,2347119
2024-06-18,1107.49,1111.08,1102.06,1105.65,4247565
2024-06-19,1105.65,1123.70,1097.58,1115.56,8294101
2024-06-20,1115.56,1120.90,1110.95,1116.29,5128703
2024-06-23,1116.29,1119.37,1109.94,1113.02,3763717
2024-06-24,1113.02,1116.38,1107.16,1110.52,4026303
2024-06-25,1110.52,1120.72,1104.60,1114.77,6336213
2024-06-26,1114.77,1116.79,1106.71,1108.73,2816906
2024-06-27,1108.73,1116.50,1103.47,1111.23,5739986
2024-06-30,1111.23,1111.57,1100.46,1100.80,1302983
2024-07-01,1100.80,1104.92,1096.28,1100.39,4740466
2024-07-02,1100.39,1120.26,1091.85,1111.63,8768484
2024-07-03,1111.63,1112.03,1100.96,1101.36,1362345
2024-07-04,1101.36,1105.62,1097.07,1101.33,4867729
2024-07-07,1101.33,1119.91,1093.13,1111.63,8445130
2024-07-08,1111.63,1112.58,1101.85,1102.79,1847633
2024-07-09,1102.79,1113.69,1096.68,1107.57,6532030
2024-07-10,1107.57,1124.87,1099.70,1116.94,8103257
2024-07-11,1116.94,1126.20,1111.25,1120.49,6092181
2024-07-14,1120.49,1125.60,1115.94,1121.04,5066700
2024-07-15,1121.04,1123.37,1113.42,1115.73,3076200
2024-07-16,1115.73,1116.21,1105.15,1105.63,1429320
2024-07-17,1105.63,1108.73,1099.41,1102.51,3805075
2024-07-18,1102.51,1106.58,1097.90,1101.98,4697290
2024-07-21,1101.98,1115.53,1095.15,1108.67,7192386
2024-07-22,1108.67,1117.81,1103.04,1112.16,6080486
2024-07-23,1112.16,1130.34,1104.04,1122.15,8299862
2024-07-24,1122.15,1124.07,1113.85,1115.77,2714711
2024-07-25,1115.77,1129.63,1108.82,1122.64,7226268
2024-07-28,1122.64,1122.88,1111.60,1111.85,1217249
2024-07-29,1111.85,1126.08,1104.81,1119.00,7329629
2024-07-30,1119.00,1120.76,1110.47,1112.23,2575754
2024-07-31,1112.23,1114.21,1104.13,1106.10,2782784
2024-08-01,1106.10,1124.47,1097.95,1116.24,8370473
2024-08-04,1116.24,1118.99,1109.35,1112.08,3462277
2024-08-05,1112.08,1130.38,1103.93,1122.15,8329801
2024-08-06,1122.15,1122.35,1111.04,1111.23,1170576
2024-08-07,1111.23,1116.91,1106.54,1112.22,5219170
2024-08-08,1112.22,1117.79,1107.56,1113.13,5191632
2024-08-11,1113.13,1118.19,1108.60,1113.66,5063271
2024-08-12,1113.66,1116.09,1106.28,1108.69,3179766
2024-08-13,1108.69,1112.80,1104.07,1108.17,4701611
2024-08-14,1108.17,1122.57,1101.10,1115.45,7381893
2024-08-15,1115.45,1135.22,1106.89,1126.57,8677400
2024-08-18,1126.57,1127.91,1117.29,1118.62,2193072
2024-08-19,1118.62,1121.38,1111.71,1114.45,3459773
2024-08-20,1114.45,1114.50,1103.19,1103.24,1045404
2024-08-21,1103.24,1124.09,1094.41,1115.17,8999348
2024-08-22,1115.17,1119.21,1110.39,1114.43,4630246
2024-08-25,1114.43,1129.87,1107.06,1122.44,7617112
2024-08-26,1122.44,1126.32,1117.31,1121.19,4453772
2024-08-27,1121.19,1131.03,1115.33,1125.15,6226646
2024-08-28,1125.15,1141.18,1117.58,1133.55,7725857
2024-08-29,1133.55,1150.38,1125.74,1142.51,7889677
2024-09-01,1142.51,1145.46,1135.68,1138.62,3582304
2024-09-02,1138.62,1142.84,1133.88,1138.10,4704972
2024-09-03,1138.10,1149.80,1131.68,1143.35,6640397
2024-09-04,1143.35,1160.91,1135.32,1152.81,8030555
2024-09-05,1152.81,1153.83,1142.74,1143.76,1887791
2024-09-08,1143.76,1147.23,1137.76,1141.23,4039266
2024-09-09,1141.23,1154.07,1134.49,1147.30,6904732
2024-09-10,1147.30,1149.14,1138.62,1140.45,2607647
2024-09-11,1140.45,1143.21,1133.33,1136.08,3419615
2024-09-12,1136.08,1138.96,1129.21,1132.08,3538168
2024-09-15,1132.08,1133.44,1122.76,1124.11,2197873
2024-09-16,1124.11,1141.72,1116.11,1133.65,8114780
2024-09-17,1133.65,1133.95,1122.60,1122.89,1264197
2024-09-18,1122.89,1126.25,1116.92,1120.28,3991803
2024-09-19,1120.28,1126.98,1115.28,1121.98,5458093
2024-09-22,1121.98,1124.69,1114.96,1117.66,3416152
2024-09-23,1117.66,1120.26,1110.51,1113.10,3322770
2024-09-24,1113.10,1125.13,1106.66,1118.66,6782887
2024-09-25,1118.66,1124.82,1113.82,1119.97,5327366
2024-09-26,1119.97,1122.80,1113.17,1115.98,3524108
2024-09-29,1115.98,1130.65,1108.82,1123.43,7422496
2024-09-30,1123.43,1124.93,1114.43,1115.92,2331172
2024-10-01,1115.92,1132.64,1108.18,1124.85,7929149
2024-10-02,1124.85,1126.77,1116.53,1118.44,2710253
2024-10-03,1118.44,1126.36,1113.12,1121.03,5760905
2024-10-06,1121.03,1124.25,1114.85,1118.06,3871227
2024-10-07,1118.06,1121.39,1112.09,1115.42,3979492
2024-10-08,1115.42,1117.59,1107.60,1109.76,2949897
2024-10-09,1109.76,1111.63,1101.51,1103.37,2683676
2024-10-10,1103.37,1114.41,1097.23,1108.24,6563545
2024-10-13,1108.24,1113.96,1103.55,1109.26,5231481
2024-10-14,1109.26,1124.96,1101.83,1117.48,7699828
2024-10-15,1117.48,1125.53,1112.12,1120.16,5795747
2024-10-16,1120.16,1136.99,1112.39,1129.16,7938991
2024-10-17,1129.16,1139.18,1123.22,1133.23,6253017
2024-10-20,1133.23,1138.16,1128.68,1133.61,5009430
2024-10-21,1133.61,1144.30,1127.48,1138.15,6405761
2024-10-22,1138.15,1138.92,1127.82,1128.58,1676577
2024-10-23,1128.58,1143.88,1121.20,1136.45,7537928
2024-10-24,1136.45,1139.82,1130.36,1133.73,3965123
2024-10-27,1133.73,1139.87,1128.85,1134.99,5303840
2024-10-28,1134.99,1155.26,1126.23,1146.41,8714574
2024-10-29,1146.41,1149.79,1140.24,1143.61,3950411
2024-10-30,1143.61,1147.58,1138.42,1142.38,4468141
2024-10-31,1142.38,1145.66,1136.08,1139.36,3872702
2024-11-03,1139.36,1140.15,1129.05,1129.83,1694958
2024-11-04,1129.83,1131.53,1121.09,1122.78,2502812
2024-11-05,1122.78,1126.54,1117.45,1121.21,4345644
2024-11-06,1121.21,1140.48,1112.76,1131.95,8532098
2024-11-07,1131.95,1133.93,1123.64,1125.60,2741186
2024-11-10,1125.60,1132.37,1120.57,1127.33,5466735
2024-11-11,1127.33,1130.48,1120.98,1124.12,3795164
2024-11-12,1124.12,1143.38,1115.67,1134.85,8516598
2024-11-13,1134.85,1136.63,1126.20,1127.97,2569307
2024-11-14,1127.97,1140.30,1121.41,1133.71,6817489
2024-11-17,1133.71,1147.53,1126.72,1140.50,7162379
2024-11-18,1140.50,1153.67,1133.67,1146.81,6986694
2024-11-19,1146.81,1151.47,1142.30,1146.96,4932407
2024-11-20,1146.96,1148.12,1137.18,1138.33,2011865
2024-11-21,1138.33,1147.60,1132.58,1141.83,6052229
2024-11-24,1141.83,1142.37,1131.08,1131.62,1473251
2024-11-25,1131.62,1135.47,1126.35,1130.19,4398388
2024-11-26,1130.19,1132.56,1122.54,1124.91,3099245
2024-11-27,1124.91,1141.13,1117.29,1133.45,7773353
2024-11-28,1133.45,1134.19,1123.12,1123.86,1655281
2024-12-01,1123.86,1124.37,1113.26,1113.77,1461076
2024-12-02,1113.77,1116.18,1106.36,1108.76,3166049
2024-12-03,1108.76,1114.01,1104.19,1109.44,5115877
2024-12-04,1109.44,1113.30,1104.41,1108.25,4471056
2024-12-05,1108.25,1121.05,1101.62,1114.38,6984670
2024-12-08,1114.38,1115.62,1105.05,1106.28,2113511
2024-12-09,1106.28,1120.98,1099.13,1113.78,7462517
2024-12-10,1113.78,1124.93,1107.59,1118.70,6562551
2024-12-11,1118.70,1122.04,1112.74,1116.06,3981515
2024-12-12,1116.06,1124.00,1110.74,1118.67,5768792
2024-12-15,1118.67,1124.44,1113.93,1119.71,5233024
2024-12-16,1119.71,1128.83,1114.05,1123.15,6053223
2024-12-17,1123.15,1125.09,1114.87,1116.79,2723216
2024-12-18,1116.79,1127.02,1110.84,1121.04,6329423
2024-12-19,1121.04,1124.03,1114.48,1117.46,3661968
2024-12-22,1117.46,1118.20,1107.28,1108.01,1659122
2024-12-23,1108.01,1113.54,1103.37,1108.90,5185082
2024-12-24,1108.90,1126.38,1100.98,1118.39,8141083
2024-12-25,1118.39,1126.92,1112.90,1121.41,5909842
2024-12-26,1121.41,1126.80,1116.78,1122.16,5133333
2024-12-29,1122.16,1134.46,1115.63,1127.89,6823902
2024-12-30,1127.89,1129.93,1119.73,1121.75,2808710
2024-12-31,1121.75,1122.32,1111.26,1111.82,1507510
2025-01-01,1111.82,1114.10,1104.20,1106.46,3043758
2025-01-02,1106.46,1109.44,1100.04,1103.01,3689060
2025-01-05,1103.01,1110.34,1097.89,1105.21,5640946
2025-01-06,1105.21,1122.60,1097.32,1114.65,8133984
2025-01-07,1114.65,1117.86,1108.53,1111.74,3884224
2025-01-08,1111.74,1116.03,1107.40,1111.70,4866975
2025-01-09,1111.70,1112.17,1101.15,1101.62,1427914
2025-01-12,1101.62,1113.31,1095.31,1106.97,6727537
2025-01-13,1106.97,1108.65,1098.43,1100.11,2518930
2025-01-14,1100.11,1101.49,1091.16,1092.54,2258882
2025-01-15,1092.54,1107.41,1085.38,1100.20,7552331
2025-01-16,1100.20,1101.22,1090.67,1091.68,1930144
2025-01-19,1091.68,1100.21,1086.27,1094.78,5960219
2025-01-20,1094.78,1095.53,1084.86,1085.61,1691941
2025-01-21,1085.61,1095.97,1079.72,1090.04,6433950
2025-01-22,1090.04,1106.13,1082.56,1098.58,7865260
2025-01-23,1098.58,1117.26,1090.37,1108.97,8479698
2025-01-26,1108.97,1111.59,1101.94,1104.55,3363683
2025-01-27,1104.55,1107.10,1097.45,1099.99,3307338
2025-01-28,1099.99,1113.75,1093.12,1106.83,7248936
2025-01-29,1106.83,1110.21,1101.06,1104.43,4052674
2025-01-30,1104.43,1107.32,1097.89,1100.77,3619787
2025-02-02,1100.77,1101.14,1090.16,1090.53,1332990
2025-02-03,1090.53,1093.62,1084.45,1087.53,3834259
2025-02-04,1087.53,1090.94,1082.00,1085.41,4135939
2025-02-05,1085.41,1086.56,1076.24,1077.39,2065192
2025-02-06,1077.39,1086.12,1071.96,1080.67,6041769
2025-02-09,1080.67,1097.90,1072.90,1090.06,8189128
2025-02-10,1090.06,1094.18,1085.65,1089.77,4778875
2025-02-11,1089.77,1098.47,1084.31,1093.00,6008539
2025-02-12,1093.00,1095.31,1085.63,1087.93,3112688
2025-02-13,1087.93,1092.07,1083.58,1087.72,4807373
2025-02-16,1087.72,1100.61,1081.12,1093.97,7067901
2025-02-17,1093.97,1111.61,1086.05,1103.62,8239951
2025-02-18,1103.62,1110.32,1098.67,1105.37,5484019
2025-02-19,1105.37,1109.29,1100.49,1104.42,4553189
2025-02-20,1104.42,1106.52,1096.60,1098.69,2904252
2025-02-23,1098.69,1099.95,1089.55,1090.79,2142146
2025-02-24,1090.79,1091.67,1081.11,1081.97,1797736
2025-02-25,1081.97,1092.31,1076.08,1086.40,6438923
2025-02-26,1086.40,1095.49,1080.84,1089.92,6115089
2025-02-27,1089.92,1091.16,1080.84,1082.07,2134876
2025-03-02,1082.07,1091.37,1076.46,1085.75,6177297
2025-03-03,1085.75,1089.81,1081.29,1085.34,4736179
2025-03-04,1085.34,1105.45,1076.77,1096.79,8897942
2025-03-05,1096.79,1103.33,1091.90,1098.44,5452709
2025-03-06,1098.44,1098.81,1087.86,1088.23,1338751
2025-03-09,1088.23,1088.68,1077.89,1078.34,1420267
2025-03-10,1078.34,1093.20,1071.23,1086.04,7598491
2025-03-11,1086.04,1099.65,1079.24,1092.81,7256138
2025-03-12,1092.81,1105.63,1086.22,1098.99,7035185
2025-03-13,1098.99,1115.54,1091.36,1107.84,7947976
2025-03-16,1107.84,1108.75,1098.05,1098.95,1821673
2025-03-17,1098.95,1104.00,1094.47,1099.52,5076028
2025-03-18,1099.52,1100.43,1089.82,1090.73,1834499
2025-03-19,1090.73,1094.40,1085.59,1089.26,4368689
2025-03-20,1089.26,1101.40,1082.86,1094.97,6876131
2025-03-23,1094.97,1114.03,1086.66,1105.64,8591392
2025-03-24,1105.64,1107.00,1096.60,1097.95,2230521
2025-03-25,1097.95,1113.76,1090.52,1106.27,7768827
2025-03-26,1106.27,1121.33,1099.03,1114.03,7551989
2025-03-27,1114.03,1125.90,1107.64,1119.47,6740500
2025-03-30,1119.47,1121.81,1111.88,1114.21,3087448
2025-03-31,1114.21,1115.38,1104.77,1105.93,2049622
2025-04-01,1105.93,1111.63,1101.25,1106.95,5231961
2025-04-02,1106.95,1110.45,1101.38,1104.87,4165329
2025-04-03,1104.87,1107.54,1097.97,1100.63,3417626
2025-04-06,1100.63,1100.67,1089.49,1089.53,1038237
2025-04-07,1089.53,1099.53,1083.72,1093.70,6335802
2025-04-08,1093.70,1106.34,1087.15,1099.75,6989334
2025-04-09,1099.75,1106.47,1094.81,1101.52,5492661
2025-04-10,1101.52,1106.00,1097.19,1101.67,4932201
2025-04-13,1101.67,1118.86,1093.85,1110.98,8098079
2025-04-14,1110.98,1119.53,1105.50,1114.04,5928566
2025-04-15,1114.04,1116.58,1106.84,1109.38,3287860
2025-04-16,1109.38,1110.57,1100.03,1101.22,2077194
2025-04-17,1101.22,1108.69,1096.06,1103.53,5679286
2025-04-20,1103.53,1107.65,1098.99,1103.11,4736111
2025-04-21,1103.11,1120.98,1095.10,1112.90,8260013
2025-04-22,1112.90,1130.19,1105.02,1122.24,8078155
2025-04-23,1122.24,1126.29,1117.40,1121.45,4610288
2025-04-24,1121.45,1130.29,1115.86,1124.68,5979869
2025-04-27,1124.68,1143.72,1116.30,1135.25,8458504
2025-04-28,1135.25,1145.29,1129.30,1139.31,6243724
2025-04-29,1139.31,1150.74,1132.97,1144.37,6570096
2025-04-30,1144.37,1145.69,1134.87,1136.18,2153669
2025-05-01,1136.18,1140.96,1131.67,1136.45,4969753
2025-05-04,1136.45,1142.86,1131.49,1137.89,5364026
2025-05-05,1137.89,1157.31,1129.36,1148.69,8496982
2025-05-06,1148.69,1152.28,1142.83,1146.41,4121707
2025-05-07,1146.41,1154.25,1141.02,1148.86,5694993
2025-05-08,1148.86,1161.44,1142.17,1154.72,6821776
2025-05-11,1154.72,1168.25,1147.75,1161.24,7032921
2025-05-12,1161.24,1163.44,1153.00,1155.19,2896330
2025-05-13,1155.19,1174.76,1146.58,1166.06,8461385
2025-05-14,1166.06,1166.10,1154.25,1154.29,1036728
2025-05-15,1154.29,1173.16,1145.86,1164.66,8301371
2025-05-18,1164.66,1185.60,1155.63,1176.49,8749142
2025-05-19,1176.49,1183.56,1171.23,1178.30,5466460
2025-05-20,1178.30,1178.58,1166.77,1167.05,1243449
2025-05-21,1167.05,1169.41,1159.00,1161.35,3018381
2025-05-22,1161.35,1177.59,1153.62,1169.81,7655452
2025-05-25,1169.81,1169.87,1158.00,1158.07,1055898
2025-05-26,1158.07,1159.92,1149.30,1151.14,2602434
2025-05-27,1151.14,1153.37,1143.05,1145.27,2937037
2025-05-28,1145.27,1147.64,1137.47,1139.84,3072050
2025-05-29,1139.84,1141.93,1131.64,1133.72,2834636
2025-06-01,1133.72,1135.58,1125.21,1127.06,2644547
2025-06-02,1127.06,1128.89,1118.57,1120.39,2625240
2025-06-03,1120.39,1133.58,1113.62,1126.77,7048319
2025-06-04,1126.77,1128.02,1117.34,1118.58,2111316
2025-06-05,1118.58,1120.87,1110.92,1113.20,3048799
2025-06-08,1113.20,1114.96,1104.73,1106.47,2576817
2025-06-09,1106.47,1110.53,1101.81,1105.86,4670679
2025-06-10,1105.86,1121.42,1098.48,1113.98,7676063
2025-06-11,1113.98,1134.03,1105.34,1125.31,8753463
2025-06-12,1125.31,1132.85,1120.07,1127.60,5655967
2025-06-15,1127.60,1130.80,1121.33,1124.52,3840363
2025-06-16,1124.52,1129.02,1120.12,1124.62,4911591
2025-06-17,1124.62,1143.41,1116.29,1135.01,8400514
2025-06-18,1135.01,1137.14,1126.92,1129.04,2875034
2025-06-19,1129.04,1130.60,1120.09,1121.64,2384533
2025-06-22,1121.64,1139.72,1113.52,1131.53,8237654
2025-06-23,1131.53,1149.25,1123.48,1141.13,8113408
2025-06-24,1141.13,1145.13,1136.01,1140.01,4505624
2025-06-25,1140.01,1159.48,1131.46,1150.84,8500720
2025-06-26,1150.84,1163.72,1144.07,1156.91,6888820
2025-06-29,1156.91,1168.68,1150.42,1162.16,6608196
2025-06-30,1162.16,1166.25,1156.98,1161.07,4523045
2025-07-01,1161.07,1162.85,1152.15,1153.92,2534602
2025-07-02,1153.92,1157.41,1147.85,1151.33,4025582
2025-07-03,1151.33,1167.37,1143.69,1159.67,7637962
2025-07-06,1159.67,1170.52,1153.43,1164.25,6384087
2025-07-07,1164.25,1182.39,1155.99,1174.06,8091117
2025-07-08,1174.06,1179.89,1169.16,1174.98,5178806
2025-07-09,1174.98,1183.35,1169.38,1177.73,5770610
2025-07-10,1177.73,1187.69,1171.68,1181.62,6138134
2025-07-13,1181.62,1201.70,1172.78,1192.78,8478909
2025-07-14,1192.78,1196.39,1186.51,1190.11,4027503
2025-07-15,1190.11,1190.71,1178.96,1179.55,1499965
2025-07-16,1179.55,1184.12,1174.96,1179.53,4871604
2025-07-17,1179.53,1183.64,1174.20,1178.31,4488100
2025-07-20,1178.31,1185.59,1173.00,1180.26,5509945
2025-07-21,1180.26,1188.32,1174.73,1182.77,5690226
2025-07-22,1182.77,1184.53,1173.59,1175.34,2485733
2025-07-23,1175.34,1182.56,1170.05,1177.26,5501406
2025-07-24,1177.26,1187.77,1171.06,1181.55,6268106
2025-07-27,1181.55,1181.96,1170.20,1170.61,1353737
2025-07-28,1170.61,1175.07,1165.93,1170.39,4807681
2025-07-29,1170.39,1171.49,1160.26,1161.35,1938580
2025-07-30,1161.35,1165.33,1155.99,1159.97,4425445
2025-07-31,1159.97,1172.41,1153.28,1165.70,6762105
2025-08-03,1165.70,1169.23,1159.58,1163.11,4034979
2025-08-04,1163.11,1176.75,1156.09,1169.69,7034190
2025-08-05,1169.69,1181.97,1163.02,1175.27,6698010
2025-08-06,1175.27,1192.72,1167.17,1184.56,7890637
2025-08-07,1184.56,1188.72,1179.26,1183.42,4513305
2025-08-10,1183.42,1201.24,1175.19,1192.95,7948731
2025-08-11,1192.95,1214.80,1183.60,1205.35,8838888
2025-08-12,1205.35,1224.59,1196.67,1215.84,8196124
2025-08-13,1215.84,1224.84,1209.95,1218.93,5847599
2025-08-14,1218.93,1220.41,1208.93,1210.39,2213065
2025-08-17,1210.39,1217.45,1205.05,1212.10,5415980
2025-08-18,1212.10,1215.40,1205.14,1208.43,3727949
2025-08-19,1208.43,1223.97,1200.76,1216.26,7346502
2025-08-20,1216.26,1232.61,1208.34,1224.64,7506207
2025-08-21,1224.64,1229.58,1219.84,1224.78,4923113
2025-08-24,1224.78,1227.93,1217.44,1220.58,3572530
2025-08-25,1220.58,1221.55,1209.74,1210.71,1800137
2025-08-26,1210.71,1215.27,1205.79,1210.35,4766426
2025-08-27,1210.35,1211.83,1200.44,1201.91,2224485
2025-08-28,1201.91,1218.62,1193.94,1210.59,7631104
2025-08-31,1210.59,1222.83,1203.82,1216.03,6591220
2025-09-01,1216.03,1228.52,1209.17,1221.63,6635699
2025-09-02,1221.63,1225.70,1215.81,1219.88,4332441
2025-09-03,1219.88,1228.38,1214.10,1222.60,5730829
2025-09-04,1222.60,1226.44,1216.39,1220.22,4139506
2025-09-07,1220.22,1222.95,1212.24,1214.96,3237482
2025-09-08,1214.96,1222.50,1209.47,1217.00,5518587
2025-09-09,1217.00,1226.99,1210.83,1220.80,6069238
2025-09-10,1220.80,1237.98,1212.64,1229.77,7679561
2025-09-11,1229.77,1230.12,1217.82,1218.17,1287825
2025-09-14,1218.17,1235.67,1209.94,1227.38,7758230
2025-09-15,1227.38,1232.64,1222.48,1227.74,4992009
2025-09-16,1227.74,1231.88,1221.97,1226.10,4371879
2025-09-17,1226.10,1230.44,1220.67,1225.01,4539814
2025-09-18,1225.01,1237.02,1218.26,1230.24,6508161
2025-09-21,1230.24,1231.60,1219.93,1221.28,2104080
2025-09-22,1221.28,1238.77,1213.04,1230.47,7747325
2025-09-23,1230.47,1247.26,1222.40,1239.13,7561351
2025-09-24,1239.13,1248.16,1233.16,1242.18,5817764
2025-09-25,1242.18,1246.79,1237.03,1241.64,4714094
2025-09-28,1241.64,1244.72,1234.02,1237.09,3484910
2025-09-29,1237.09,1239.38,1228.22,1230.49,2846262
2025-09-30,1230.49,1243.74,1223.38,1236.60,6773456
2025-10-01,1236.60,1244.70,1230.90,1238.98,5612174
2025-10-02,1238.98,1243.35,1233.46,1237.82,4522908
2025-10-05,1237.82,1238.14,1225.74,1226.05,1258744
2025-10-06,1226.05,1226.39,1214.12,1214.46,1276474
2025-10-07,1214.46,1224.92,1208.16,1218.60,6181035
2025-10-08,1218.60,1234.97,1210.68,1226.99,7503292
2025-10-09,1226.99,1227.99,1216.12,1217.11,1811145
2025-10-12,1217.11,1219.73,1208.99,1211.60,3153978
2025-10-13,1211.60,1216.25,1206.82,1211.47,4840432
2025-10-14,1211.47,1213.35,1202.19,1204.06,2549519
2025-10-15,1204.06,1217.04,1197.11,1210.05,6775068
2025-10-16,1210.05,1214.41,1204.81,1209.17,4603497
2025-10-19,1209.17,1222.42,1202.13,1215.34,6824931
2025-10-20,1215.34,1219.45,1209.64,1213.74,4377640
2025-10-21,1213.74,1215.11,1203.61,1204.97,2125823
2025-10-22,1204.97,1206.14,1194.60,1195.76,1970713
2025-10-23,1195.76,1210.92,1188.24,1203.34,7295027
2025-10-26,1203.34,1224.95,1194.03,1215.54,8740740
2025-10-27,1215.54,1231.06,1207.86,1223.33,7320198
2025-10-28,1223.33,1225.60,1214.58,1216.84,2860562
2025-10-29,1216.84,1220.23,1209.96,1213.33,3781584
2025-10-30,1213.33,1214.80,1203.36,1204.82,2206721
2025-11-02,1204.82,1206.51,1195.31,1197.00,2407578
2025-11-03,1197.00,1209.06,1190.32,1202.35,6581687
2025-11-04,1202.35,1211.75,1196.38,1205.77,5963614
2025-11-05,1205.77,1206.09,1194.02,1194.34,1269410
2025-11-06,1194.34,1198.49,1188.92,1193.07,4474382
2025-11-09,1193.07,1202.23,1187.19,1196.34,5924211
2025-11-10,1196.34,1198.46,1187.62,1189.74,2779389
2025-11-11,1189.74,1211.33,1180.47,1201.96,8793004
2025-11-12,1201.96,1208.99,1196.64,1203.67,5421844
2025-11-13,1203.67,1205.20,1193.91,1195.43,2270850
2025-11-16,1195.43,1208.73,1188.41,1201.67,6870884
2025-11-17,1201.67,1219.07,1193.51,1210.85,7789849
2025-11-18,1210.85,1213.37,1202.62,1205.12,3077126
2025-11-19,1205.12,1206.38,1194.90,1196.14,2041358
2025-11-20,1196.14,1215.96,1187.34,1207.07,8361556
2025-11-23,1207.07,1227.82,1197.98,1218.64,8531550
2025-11-24,1218.64,1226.73,1212.99,1221.07,5637757
2025-11-25,1221.07,1222.86,1211.56,1213.34,2470301
2025-11-26,1213.34,1222.85,1207.32,1216.81,5967455
2025-11-27,1216.81,1222.03,1211.95,1217.17,4993415
2025-11-30,1217.17,1217.72,1205.67,1206.21,1449417
2025-12-01,1206.21,1218.96,1199.31,1212.03,6718175
2025-12-02,1212.03,1214.99,1204.50,1207.45,3441666
2025-12-03,1207.45,1228.65,1198.24,1219.34,8632235
2025-12-04,1219.34,1229.56,1213.11,1223.30,6117043
2025-12-07,1223.30,1227.36,1217.44,1221.49,4315843
2025-12-08,1221.49,1224.37,1213.73,1216.59,3352091
2025-12-09,1216.59,1232.91,1208.69,1224.95,7497393
2025-12-10,1224.95,1227.34,1216.37,1218.74,2949279
2025-12-11,1218.74,1223.75,1213.94,1218.94,4942318
2025-12-14,1218.94,1229.49,1212.61,1223.14,6192558
2025-12-15,1223.14,1225.19,1214.03,1216.06,2675308
2025-12-16,1216.06,1237.88,1206.66,1228.37,8736248
2025-12-17,1228.37,1236.07,1222.80,1230.49,5535871
2025-12-18,1230.49,1243.99,1223.32,1236.78,6827263
2025-12-21,1236.78,1238.10,1226.34,1227.65,2067215
2025-12-22,1227.65,1250.23,1218.00,1240.48,8860665
2025-12-23,1240.48,1242.63,1231.36,1233.50,2738477
2025-12-24,1233.50,1237.53,1227.50,1231.52,4268552
2025-12-25,1231.52,1234.60,1223.99,1227.06,3500274
2025-12-28,1227.06,1227.97,1216.05,1216.96,1742283
2025-12-29,1216.96,1218.99,1207.88,1209.91,2673593
2025-12-30,1209.91,1231.84,1200.48,1222.32,8788031
2025-12-31,1222.32,1237.26,1214.77,1229.67,7172016
2026-01-01,1229.67,1251.19,1220.31,1241.73,8615672
2026-01-04,1241.73,1245.53,1235.26,1239.05,4057270
2026-01-05,1239.05,1250.53,1232.41,1243.87,6361008
2026-01-06,1243.87,1244.40,1232.07,1232.60,1428120
2026-01-07,1232.60,1254.28,1223.18,1244.77,8641323
2026-01-08,1244.77,1246.81,1235.42,1237.45,2642592
2026-01-11,1237.45,1258.33,1228.24,1249.03,8444272
2026-01-12,1249.03,1250.12,1238.09,1239.18,1873525
2026-01-13,1239.18,1255.13,1231.31,1247.21,7350102
2026-01-14,1247.21,1270.77,1237.24,1260.69,8997462
2026-01-15,1260.69,1263.32,1252.14,1254.76,3087208
2026-01-18,1254.76,1273.05,1246.20,1264.43,7816872
2026-01-19,1264.43,1276.43,1257.58,1269.55,6421021
2026-01-20,1269.55,1287.12,1261.15,1278.66,7615706
2026-01-21,1278.66,1295.25,1270.51,1287.04,7376234
2026-01-22,1287.04,1290.96,1280.32,1284.23,4048285
2026-01-25,1284.23,1286.53,1274.90,1277.19,2792352
2026-01-26,1277.19,1277.66,1264.94,1265.40,1361522
2026-01-27,1265.40,1271.84,1260.07,1266.50,5212585
2026-01-28,1266.50,1285.58,1257.70,1276.71,7950480
2026-01-29,1276.71,1276.85,1263.93,1264.06,1106069
2026-02-01,1264.06,1270.65,1258.69,1265.28,5247256
2026-02-02,1265.28,1267.08,1255.33,1257.12,2423422
2026-02-03,1257.12,1258.31,1246.25,1247.43,1943209
2026-02-04,1247.43,1264.11,1239.34,1255.96,7485631
2026-02-05,1255.96,1263.87,1250.25,1258.15,5544513
2026-02-08,1258.15,1273.69,1250.35,1265.84,7206275
2026-02-09,1265.84,1281.72,1257.91,1273.75,7261042
2026-02-10,1273.75,1278.39,1268.33,1272.97,4647085
2026-02-11,1272.97,1277.08,1266.69,1270.79,4228600
2026-02-12,1270.79,1289.74,1262.02,1280.89,7906824
2026-02-15,1280.89,1283.53,1272.15,1274.79,3064471
2026-02-16,1274.79,1279.05,1268.73,1272.99,4343518
2026-02-17,1272.99,1277.77,1267.80,1272.58,4756310
2026-02-18,1272.58,1276.56,1266.10,1270.07,4130006
2026-02-19,1270.07,1272.46,1261.04,1263.42,2884362
2026-02-22,1263.42,1263.60,1250.85,1251.02,1142832
2026-02-23,1251.02,1253.75,1242.72,1245.43,3177023
2026-02-24,1245.43,1248.15,1237.18,1239.89,3184465
2026-02-25,1239.89,1260.60,1230.71,1251.34,8399725
2026-02-26,1251.34,1254.52,1243.77,1246.94,3538854
2026-03-01,1246.94,1268.58,1237.49,1259.04,8577160
2026-03-02,1259.04,1268.42,1252.92,1262.28,5860322
2026-03-03,1262.28,1284.06,1252.75,1274.44,8548834
2026-03-04,1274.44,1286.41,1267.56,1279.51,6395781
2026-03-05,1279.51,1284.44,1274.50,1279.43,4857956
2026-03-08,1279.43,1287.47,1273.62,1281.65,5540294
2026-03-09,1281.65,1301.07,1272.71,1292.06,7973662
2026-03-10,1292.06,1315.19,1282.08,1305.10,8725960
2026-03-11,1305.10,1314.76,1298.78,1308.41,5846570
2026-03-12,1308.41,1331.44,1298.41,1321.34,8644135
2026-03-15,1321.34,1326.36,1316.04,1321.06,4797668
2026-03-16,1321.06,1326.08,1315.76,1320.78,4800994
2026-03-17,1320.78,1324.40,1313.22,1316.83,3740534
2026-03-18,1316.83,1321.32,1310.72,1315.20,4406412
2026-03-19,1315.20,1324.40,1308.97,1318.15,5736899
2026-03-22,1318.15,1322.89,1312.44,1317.17,4596193
2026-03-23,1317.17,1319.66,1307.81,1310.28,2885528
2026-03-24,1310.28,1314.19,1303.30,1307.21,3987620
2026-03-25,1307.21,1320.20,1299.96,1312.92,6544444
2026-03-26,1312.92,1316.29,1305.04,1308.40,3568347
2026-03-29,1308.40,1310.87,1299.10,1301.55,2886488
2026-03-30,1301.55,1306.78,1296.45,1301.68,4918621
2026-03-31,1301.68,1302.71,1290.10,1291.12,1788203
2026-04-01,1291.12,1300.29,1284.96,1294.12,5766838
2026-04-02,1294.12,1296.78,1285.27,1287.91,3052057
2026-04-05,1287.91,1311.69,1277.77,1301.43,8878429
2026-04-06,1301.43,1321.10,1292.37,1311.96,7962002
2026-04-07,1311.96,1316.26,1305.59,1309.89,4278086
2026-04-08,1309.89,1314.04,1303.31,1307.46,4172359
2026-04-09,1307.46,1312.43,1302.22,1307.20,4805315
2026-04-12,1307.20,1311.03,1300.12,1303.94,3930041
2026-04-13,1303.94,1319.08,1296.11,1311.21,7003326
2026-04-14,1311.21,1329.43,1302.51,1320.67,7630109
2026-04-15,1320.67,1328.01,1314.94,1322.27,5341255
2026-04-16,1322.27,1327.17,1316.77,1321.66,4704663
2026-04-19,1321.66,1325.32,1314.16,1317.81,3769718
2026-04-20,1317.81,1321.56,1310.49,1314.23,3845061
2026-04-21,1314.23,1337.20,1304.23,1327.10,8609705
2026-04-22,1327.10,1331.82,1321.26,1325.97,4557475
2026-04-23,1325.97,1328.33,1316.31,1318.65,2774794
2026-04-26,1318.65,1329.38,1311.99,1322.70,6051783
2026-04-27,1322.70,1329.98,1316.98,1324.25,5326714
2026-04-28,1324.25,1332.20,1318.34,1326.28,5463786
2026-04-29,1326.28,1348.27,1316.52,1338.41,8364231
2026-04-30,1338.41,1338.96,1325.68,1326.22,1410768
2026-05-03,1326.22,1342.79,1317.94,1334.46,7245370
2026-05-04,1334.46,1336.97,1324.96,1327.46,2880384
2026-05-05,1327.46,1331.63,1320.72,1324.89,4142969
2026-05-06,1324.89,1328.14,1316.69,1319.92,3452880
2026-05-07,1319.92,1344.55,1309.45,1333.97,8933573
2026-05-10,1333.97,1358.48,1323.49,1347.89,8856652
2026-05-11,1347.89,1355.77,1341.94,1349.80,5419650
2026-05-12,1349.80,1359.84,1343.25,1353.26,5857133
2026-05-13,1353.26,1355.82,1343.64,1346.18,2885150
2026-05-14,1346.18,1369.06,1336.11,1358.90,8479012
2026-05-17,1358.90,1364.68,1353.48,1359.27,4984396
2026-05-18,1359.27,1367.91,1353.07,1361.70,5561796
2026-05-19,1361.70,1382.29,1352.22,1372.73,7964300
2026-05-20,1372.73,1373.62,1360.20,1361.08,1648696
2026-05-21,1361.08,1365.47,1354.35,1358.72,4219924
2026-05-24,1358.72,1375.52,1350.29,1367.03,7208847
2026-05-25,1367.03,1383.80,1358.58,1375.30,7183367
2026-05-26,1375.30,1376.94,1363.97,1365.59,2192866
2026-05-27,1365.59,1366.34,1352.90,1353.64,1545987
2026-05-28,1353.64,1378.84,1342.92,1368.01,8921742
2026-05-31,1368.01,1370.49,1358.12,1360.59,2813957
2026-06-01,1360.59,1362.37,1349.63,1351.40,2309053
2026-06-02,1351.40,1353.02,1340.28,1341.89,2197153
2026-06-03,1341.89,1342.45,1329.13,1329.69,1416529
2026-06-04,1329.69,1334.78,1324.42,1329.52,4831378
2026-06-07,1329.52,1341.75,1322.41,1334.62,6342935
2026-06-08,1334.62,1335.07,1321.76,1322.20,1333916
2026-06-09,1322.20,1326.76,1316.14,1320.69,4446296
2026-06-10,1320.69,1344.17,1310.53,1333.91,8692421
2026-06-11,1333.91,1344.03,1327.38,1337.48,5899451
2026-06-14,1337.48,1342.14,1331.44,1336.10,4487139
2026-06-15,1336.10,1340.88,1330.27,1335.05,4578943
2026-06-16,1335.05,1336.98,1324.60,1326.52,2446467
2026-06-17,1326.52,1348.13,1316.85,1338.38,8287242
2026-06-18,1338.38,1345.79,1332.58,1339.98,5335836
2026-06-21,1339.98,1341.74,1329.20,1330.94,2308299
2026-06-22,1330.94,1333.84,1322.11,1325.00,3179938
2026-06-23,1325.00,1336.97,1317.98,1329.92,6296433
2026-06-24,1329.92,1354.18,1319.53,1343.67,8818278
2026-06-25,1343.67,1366.61,1333.60,1356.44,8498559
2026-06-28,1356.44,1358.87,1346.59,1349.01,2794067
2026-06-29,1349.01,1349.43,1335.95,1336.37,1309739
2026-06-30,1336.37,1339.81,1328.36,1331.79,3576440
2026-07-01,1331.79,1343.17,1324.92,1336.28,6162071
2026-07-02,1336.28,1352.34,1328.10,1344.12,7116015
2026-07-05,1344.12,1363.37,1335.05,1354.23,7746913
2026-07-06,1354.23,1357.94,1346.47,1350.16,3733779
2026-07-07,1350.16,1358.79,1343.99,1352.61,5570438
2026-07-08,1352.61,1374.93,1342.67,1364.90,8343312
2026-07-09,1364.90,1379.95,1356.93,1371.93,6842524
2026-07-12,1371.93,1392.88,1362.32,1383.19,8006344
2026-07-13,1383.19,1407.82,1372.54,1397.06,8698971
2026-07-14,1397.06,1399.60,1386.98,1389.51,2821639
2026-07-15,1389.51,1390.56,1377.08,1378.12,1757064
2026-07-16,1378.12,1382.46,1371.14,1375.47,4147222
2026-07-19,1375.47,1378.23,1365.95,1368.70,3004458
2026-07-20,1368.70,1380.36,1361.64,1373.28,6155932
2026-07-21,1373.28,1384.31,1366.39,1377.40,6021399
2026-07-22,1377.40,1379.77,1367.24,1369.60,2724314
2026-07-23,1369.60,1393.17,1359.28,1382.75,8536282
2026-07-26,1382.75,1383.65,1370.14,1371.04,1654835
2026-07-27,1371.04,1378.53,1365.13,1372.60,5314540
2026-07-28,1372.60,1377.04,1365.84,1370.27,4231447
2026-07-29,1370.27,1372.16,1359.40,1361.28,2380864
2026-07-30,1361.28,1372.64,1354.32,1365.67,6108470