Date,Open,High,Low,Close,Volume
2015-12-31,16.00,16.15,15.92,16.07,6233333
2016-01-03,16.07,16.20,15.99,16.12,5923902
2016-01-04,16.12,16.39,16.01,16.27,7908710
2016-01-05,16.27,16.33,16.20,16.26,4607510
2016-01-06,16.26,16.31,16.17,16.22,4143758
2016-01-07,16.22,16.25,16.09,16.12,2789060
2016-01-10,16.12,16.14,15.98,16.01,2740946
2016-01-11,16.01,16.04,15.89,15.93,3233984
2016-01-12,15.93,15.99,15.86,15.93,4984224
2016-01-13,15.93,15.98,15.84,15.89,3966975
2016-01-14,15.89,16.06,15.80,15.97,6527914
2016-01-17,15.97,15.98,15.80,15.81,1827537
2016-01-18,15.81,15.86,15.71,15.75,3618930
2016-01-19,15.75,15.76,15.57,15.58,1358882
2016-01-20,15.58,15.64,15.51,15.57,4652331
2016-01-21,15.57,15.64,15.51,15.58,5030144
2016-01-24,15.58,15.78,15.48,15.68,7060219
2016-01-25,15.68,16.00,15.56,15.87,8791941
2016-01-26,15.87,15.91,15.77,15.81,3533950
2016-01-27,15.81,15.84,15.68,15.71,2965260
2016-01-28,15.71,15.72,15.54,15.55,1579698
2016-01-31,15.55,15.57,15.41,15.43,2463683
2016-02-01,15.43,15.72,15.32,15.60,8407338
2016-02-02,15.60,15.62,15.46,15.48,2348936
2016-02-03,15.48,15.56,15.41,15.49,5152674
2016-02-04,15.49,15.52,15.36,15.39,2719787
2016-02-07,15.39,15.55,15.30,15.46,6432990
2016-02-08,15.46,15.65,15.37,15.56,6934259
2016-02-09,15.56,15.64,15.50,15.58,5235939
2016-02-10,15.58,15.58,15.40,15.40,1165192
2016-02-11,15.40,15.43,15.28,15.31,3141769
2016-02-14,15.31,15.35,15.20,15.24,3289128
2016-02-15,15.24,15.36,15.16,15.29,5878875
2016-02-16,15.29,15.36,15.22,15.30,5108539
2016-02-17,15.30,15.57,15.19,15.46,8212688
2016-02-18,15.46,15.71,15.35,15.60,7907373
2016-02-21,15.60,15.88,15.49,15.76,8167901
2016-02-22,15.76,15.98,15.66,15.88,7339951
2016-02-23,15.88,15.91,15.74,15.77,2584019
2016-02-24,15.77,16.01,15.66,15.91,7653189
2016-02-25,15.91,15.95,15.82,15.86,4004252
2016-02-28,15.86,15.87,15.68,15.68,1242146
2016-02-29,15.68,15.87,15.59,15.78,6897736
2016-03-01,15.78,15.79,15.61,15.62,1538923
2016-03-02,15.62,15.83,15.52,15.73,7215089
2016-03-03,15.73,15.73,15.55,15.55,1234876
2016-03-06,15.55,15.59,15.44,15.47,3277297
2016-03-07,15.47,15.72,15.37,15.62,7836179
2016-03-08,15.62,15.63,15.46,15.48,1997942
2016-03-09,15.48,15.53,15.40,15.46,4552709
2016-03-10,15.46,15.62,15.38,15.54,6438751
2016-03-13,15.54,15.59,15.46,15.52,4520267
2016-03-14,15.52,15.82,15.40,15.70,8698491
2016-03-15,15.70,15.86,15.62,15.78,6356138
2016-03-16,15.78,15.82,15.69,15.74,4135185
2016-03-17,15.74,15.77,15.62,15.65,3047976
2016-03-20,15.65,15.68,15.52,15.55,2921673
2016-03-21,15.55,15.60,15.47,15.52,4176028
2016-03-22,15.52,15.71,15.43,15.62,6934499
2016-03-23,15.62,15.85,15.52,15.74,7468689
2016-03-24,15.74,16.01,15.63,15.90,7976131
2016-03-27,15.90,16.14,15.79,16.04,7691392
2016-03-28,16.04,16.26,15.93,16.16,7330521
2016-03-29,16.16,16.19,16.03,16.06,2868827
2016-03-30,16.06,16.37,15.93,16.25,8651989
2016-03-31,16.25,16.37,16.17,16.30,5840500
2016-04-03,16.30,16.58,16.18,16.46,8187448
2016-04-04,16.46,16.55,16.40,16.48,5149622
2016-04-05,16.48,16.64,16.39,16.55,6331961
2016-04-06,16.55,16.59,16.43,16.47,3265329
2016-04-07,16.47,16.78,16.35,16.66,8517626
2016-04-10,16.66,16.71,16.57,16.62,4138237
2016-04-11,16.62,16.86,16.51,16.75,7435802
2016-04-12,16.75,16.90,16.67,16.81,6089334
2016-04-13,16.81,16.84,16.67,16.69,2592661
2016-04-14,16.69,16.98,16.58,16.86,8032201
2016-04-17,16.86,16.86,16.66,16.66,1198079
2016-04-18,16.66,16.74,16.60,16.67,5028566
2016-04-19,16.67,16.98,16.55,16.85,8387860
2016-04-20,16.85,16.94,16.78,16.87,5177194
2016-04-21,16.87,17.07,16.77,16.97,6779286
2016-04-24,16.97,17.02,16.87,16.92,3836111
2016-04-25,16.92,17.01,16.84,16.94,5360013
2016-04-26,16.94,16.98,16.81,16.85,3178155
2016-04-27,16.85,16.97,16.77,16.89,5710288
2016-04-28,16.89,16.97,16.83,16.90,5079869
2016-05-01,16.90,17.02,16.83,16.94,5558504
2016-05-02,16.94,16.95,16.75,16.75,1343724
2016-05-03,16.75,17.01,16.64,16.90,7670096
2016-05-04,16.90,16.90,16.70,16.71,1253669
2016-05-05,16.71,16.73,16.54,16.56,2069753
2016-05-08,16.56,16.87,16.44,16.75,8464026
2016-05-09,16.75,16.76,16.56,16.57,1596982
2016-05-10,16.57,16.61,16.45,16.49,3221707
2016-05-11,16.49,16.52,16.35,16.38,2794993
2016-05-12,16.38,16.40,16.22,16.23,1921776
2016-05-15,16.23,16.51,16.11,16.40,8132921
2016-05-16,16.40,16.41,16.23,16.25,1996330
2016-05-17,16.25,16.36,16.17,16.28,5561385
2016-05-18,16.28,16.33,16.19,16.24,4136728
2016-05-19,16.24,16.25,16.06,16.07,1401371
2016-05-22,16.07,16.33,15.96,16.22,7849142
2016-05-23,16.22,16.24,16.07,16.10,2566460
2016-05-24,16.10,16.15,16.02,16.07,4343449
2016-05-25,16.07,16.12,15.98,16.03,4118381
2016-05-26,16.03,16.22,15.94,16.13,6755452
2016-05-29,16.13,16.28,16.04,16.19,6155898
2016-05-30,16.19,16.31,16.12,16.23,5702434
2016-05-31,16.23,16.28,16.14,16.19,4037037
2016-06-01,16.19,16.21,16.04,16.05,2172050
2016-06-02,16.05,16.32,15.94,16.21,7934636
2016-06-05,16.21,16.33,16.13,16.25,5744547
2016-06-06,16.25,16.30,16.15,16.19,3725240
2016-06-07,16.19,16.34,16.11,16.26,6148319
2016-06-08,16.26,16.48,16.16,16.38,7211316
2016-06-09,16.38,16.52,16.29,16.44,6148799
2016-06-12,16.44,16.48,16.33,16.38,3676817
2016-06-13,16.38,16.42,16.28,16.32,3770679
2016-06-14,16.32,16.38,16.25,16.32,4776063
2016-06-15,16.32,16.36,16.22,16.26,3853463
2016-06-16,16.26,16.45,16.17,16.36,6755967
2016-06-19,16.36,16.39,16.23,16.26,2940363
2016-06-20,16.26,16.28,16.10,16.11,2011591
2016-06-21,16.11,16.15,16.00,16.04,3500514
2016-06-22,16.04,16.09,15.95,16.00,3975034
2016-06-23,16.00,16.01,15.82,15.83,1484533
2016-06-26,15.83,15.92,15.76,15.85,5337654
2016-06-27,15.85,15.89,15.73,15.77,3213408
2016-06-28,15.77,15.88,15.70,15.81,5605624
2016-06-29,15.81,16.05,15.70,15.94,7600720
2016-06-30,15.94,15.99,15.85,15.90,3988820
2016-07-03,15.90,15.91,15.73,15.74,1708196
2016-07-04,15.74,15.85,15.67,15.77,5623045
2016-07-05,15.77,15.78,15.60,15.61,1634602
2016-07-06,15.61,15.62,15.43,15.43,1125582
2016-07-07,15.43,15.46,15.30,15.33,2737962
2016-07-10,15.33,15.55,15.23,15.45,7484087
2016-07-11,15.45,15.66,15.36,15.56,7191117
2016-07-12,15.56,15.58,15.42,15.44,2278806
2016-07-13,15.44,15.75,15.32,15.63,8870610
2016-07-14,15.63,15.84,15.53,15.75,7238134
2016-07-17,15.75,15.98,15.64,15.88,7578909
2016-07-18,15.88,15.88,15.69,15.69,1127503
2016-07-19,15.69,15.75,15.62,15.68,4599965
2016-07-20,15.68,15.81,15.60,15.73,5971604
2016-07-21,15.73,15.77,15.63,15.67,3588100
2016-07-24,15.67,15.69,15.53,15.56,2609945
2016-07-25,15.56,15.87,15.44,15.75,8790226
2016-07-26,15.75,15.79,15.64,15.68,3585733
2016-07-27,15.68,15.74,15.61,15.67,4601406
2016-07-28,15.67,15.71,15.56,15.60,3368106
2016-07-31,15.60,15.65,15.52,15.58,4453737
2016-08-01,15.58,15.70,15.50,15.63,5907681
2016-08-02,15.63,15.63,15.44,15.44,1038580
2016-08-03,15.44,15.45,15.27,15.28,1525445
2016-08-04,15.28,15.29,15.12,15.13,1862105
2016-08-07,15.13,15.21,15.07,15.14,5134979
2016-08-08,15.14,15.28,15.07,15.20,6134190
2016-08-09,15.20,15.25,15.11,15.15,3798010
2016-08-10,15.15,15.18,15.03,15.06,2990637
2016-08-11,15.06,15.17,14.99,15.10,5613305
2016-08-14,15.10,15.29,15.01,15.20,7048731
2016-08-15,15.20,15.32,15.12,15.25,5938888
2016-08-16,15.25,15.28,15.14,15.17,3296124
2016-08-17,15.17,15.36,15.08,15.27,6947599
2016-08-18,15.27,15.28,15.10,15.10,1313065
2016-08-21,15.10,15.12,14.97,14.99,2515980
2016-08-22,14.99,15.17,14.90,15.08,6827949
2016-08-23,15.08,15.36,14.97,15.25,8446502
2016-08-24,15.25,15.42,15.16,15.33,6606207
2016-08-25,15.33,15.35,15.18,15.19,2023113
2016-08-28,15.19,15.37,15.11,15.28,6672530
2016-08-29,15.28,15.31,15.16,15.19,2900137
2016-08-30,15.19,15.23,15.09,15.14,3866426
2016-08-31,15.14,15.35,15.04,15.25,7324485
2016-09-01,15.25,15.28,15.12,15.15,2731104
2016-09-04,15.15,15.39,15.05,15.28,7691220
2016-09-05,15.28,15.40,15.21,15.32,5735699
2016-09-06,15.32,15.33,15.15,15.16,1432441
2016-09-07,15.16,15.47,15.04,15.35,8830829
2016-09-08,15.35,15.43,15.28,15.36,5239506
2016-09-11,15.36,15.38,15.22,15.24,2337482
2016-09-12,15.24,15.27,15.11,15.13,2618587
2016-09-13,15.13,15.14,14.96,14.96,1169238
2016-09-14,14.96,15.26,14.84,15.14,8779561
2016-09-15,15.14,15.42,15.03,15.31,8387825
2016-09-18,15.31,15.37,15.25,15.31,4858230
2016-09-19,15.31,15.57,15.20,15.46,8092009
2016-09-20,15.46,15.56,15.39,15.49,5471879
2016-09-21,15.49,15.53,15.39,15.43,3639814
2016-09-22,15.43,15.47,15.33,15.37,3608161
2016-09-25,15.37,15.45,15.30,15.38,5204080
2016-09-26,15.38,15.70,15.26,15.57,8847325
2016-09-27,15.57,15.75,15.48,15.66,6661351
2016-09-28,15.66,15.69,15.53,15.56,2917764
2016-09-29,15.56,15.81,15.46,15.71,7814094
2016-10-02,15.71,15.76,15.64,15.69,4584910
2016-10-03,15.69,15.71,15.53,15.55,1946262
2016-10-04,15.55,15.59,15.45,15.50,3873456
2016-10-05,15.50,15.81,15.38,15.68,8712174
2016-10-06,15.68,15.79,15.61,15.72,5622908
2016-10-09,15.72,16.01,15.61,15.89,8358744
2016-10-10,15.89,16.05,15.81,15.97,6376474
2016-10-11,15.97,15.97,15.78,15.79,1281035
2016-10-12,15.79,16.09,15.67,15.97,8603292
2016-10-13,15.97,16.30,15.84,16.17,8911145
2016-10-16,16.17,16.46,16.05,16.34,8253978
2016-10-17,16.34,16.61,16.23,16.50,7940432
2016-10-18,16.50,16.54,16.39,16.44,3649519
2016-10-19,16.44,16.57,16.35,16.49,5875068
2016-10-20,16.49,16.50,16.31,16.32,1703497
2016-10-23,16.32,16.34,16.16,16.17,1924931
2016-10-24,16.17,16.27,16.10,16.20,5477640
2016-10-25,16.20,16.21,16.01,16.02,1225823
2016-10-26,16.02,16.22,15.92,16.13,7070713
2016-10-27,16.13,16.15,15.98,16.00,2395027
2016-10-30,16.00,16.01,15.84,15.85,1840740
2016-10-31,15.85,16.01,15.76,15.93,6420198
2016-11-01,15.93,16.19,15.81,16.08,7960562
2016-11-02,16.08,16.27,15.98,16.18,6881584
2016-11-03,16.18,16.22,16.06,16.10,3306721
2016-11-06,16.10,16.11,15.92,15.93,1507578
2016-11-07,15.93,15.97,15.83,15.87,3681687
2016-11-08,15.87,15.87,15.68,15.68,1063614
2016-11-09,15.68,15.70,15.54,15.56,2369410
2016-11-10,15.56,15.60,15.46,15.49,3574382
2016-11-13,15.49,15.53,15.37,15.41,3024211
2016-11-14,15.41,15.53,15.33,15.45,5879389
2016-11-15,15.45,15.47,15.30,15.31,1893004
2016-11-16,15.31,15.36,15.24,15.29,4521844
2016-11-17,15.29,15.51,15.19,15.41,7370850
2016-11-20,15.41,15.43,15.26,15.27,1970884
2016-11-21,15.27,15.58,15.15,15.46,8889849
2016-11-22,15.46,15.48,15.31,15.33,2177126
2016-11-23,15.33,15.53,15.24,15.44,7141358
2016-11-24,15.44,15.48,15.33,15.37,3461556
2016-11-27,15.37,15.38,15.21,15.22,1631550
2016-11-28,15.22,15.27,15.15,15.21,4737757
2016-11-29,15.21,15.44,15.11,15.34,7570301
2016-11-30,15.34,15.34,15.15,15.15,1067455
2016-12-01,15.15,15.29,15.08,15.21,6093415
2016-12-04,15.21,15.50,15.10,15.39,8549417
2016-12-05,15.39,15.43,15.29,15.33,3818175
2016-12-06,15.33,15.50,15.25,15.41,6541666
2016-12-07,15.41,15.43,15.25,15.26,1732235
2016-12-08,15.26,15.34,15.20,15.28,5217043
2016-12-11,15.28,15.28,15.11,15.11,1415843
2016-12-12,15.11,15.27,15.03,15.19,6452091
2016-12-13,15.19,15.48,15.07,15.36,8597393
2016-12-14,15.36,15.38,15.21,15.23,2049279
2016-12-15,15.23,15.24,15.08,15.09,2042318
2016-12-18,15.09,15.10,14.92,14.92,1292558
2016-12-19,14.92,14.97,14.83,14.87,3775308
2016-12-20,14.87,15.11,14.77,15.01,7836248
2016-12-21,15.01,15.03,14.88,14.90,2635871
2016-12-22,14.90,14.92,14.75,14.77,1927263
2016-12-25,14.77,14.80,14.66,14.69,3167215
2016-12-26,14.69,14.93,14.59,14.83,7960665
2016-12-27,14.83,15.07,14.73,14.97,7838477
2016-12-28,14.97,15.18,14.87,15.08,7368552
2016-12-29,15.08,15.14,15.02,15.07,4600274
2017-01-01,15.07,15.38,14.95,15.26,8842283
2017-01-02,15.26,15.50,15.15,15.39,7773593
2017-01-03,15.39,15.44,15.30,15.35,3888031
2017-01-04,15.35,15.62,15.23,15.51,8272016
2017-01-05,15.51,15.75,15.40,15.65,7715672
2017-01-08,15.65,15.65,15.46,15.46,1157270
2017-01-09,15.46,15.47,15.29,15.30,1461008
2017-01-10,15.30,15.32,15.16,15.19,2528120
2017-01-11,15.19,15.43,15.08,15.32,7741323
2017-01-12,15.32,15.56,15.22,15.46,7742592
2017-01-15,15.46,15.50,15.36,15.40,3544272
2017-01-16,15.40,15.43,15.27,15.30,2973525
2017-01-17,15.30,15.46,15.22,15.38,6450102
2017-01-18,15.38,15.52,15.30,15.44,6097462
2017-01-19,15.44,15.58,15.36,15.50,6187208
2017-01-22,15.50,15.82,15.38,15.70,8916872
2017-01-23,15.70,15.80,15.62,15.73,5521021
2017-01-24,15.73,15.79,15.66,15.72,4715706
2017-01-25,15.72,15.74,15.58,15.60,2476234
2017-01-26,15.60,15.68,15.54,15.61,5148285
2017-01-29,15.61,15.63,15.45,15.47,1892352
2017-01-30,15.47,15.63,15.38,15.54,6461522
2017-01-31,15.54,15.83,15.43,15.71,8312585
2017-02-01,15.71,15.71,15.52,15.52,1050480
2017-02-02,15.52,15.80,15.41,15.68,8206069
2017-02-05,15.68,15.71,15.54,15.56,2347256
2017-02-06,15.56,15.66,15.49,15.59,5523422
2017-02-07,15.59,15.62,15.47,15.50,3043209
2017-02-08,15.50,15.67,15.42,15.58,6585631
2017-02-09,15.58,15.61,15.45,15.48,2644513
2017-02-12,15.48,15.50,15.33,15.35,2306275
2017-02-13,15.35,15.63,15.24,15.52,8361042
2017-02-14,15.52,15.56,15.42,15.46,3747085
2017-02-15,15.46,15.47,15.29,15.29,1328600
2017-02-16,15.29,15.32,15.17,15.20,3006824
2017-02-19,15.20,15.25,15.12,15.17,4164471
2017-02-20,15.17,15.21,15.06,15.10,3443518
2017-02-21,15.10,15.11,14.94,14.96,1856310
2017-02-22,14.96,15.16,14.86,15.07,7230006
2017-02-23,15.07,15.11,14.98,15.03,3984362
2017-02-26,15.03,15.29,14.92,15.18,8242832
2017-02-27,15.18,15.46,15.07,15.34,8277023
2017-02-28,15.34,15.49,15.26,15.41,6284465
2017-03-01,15.41,15.42,15.24,15.25,1499725
2017-03-02,15.25,15.27,15.12,15.14,2638854
2017-03-05,15.14,15.25,15.07,15.18,5677160
2017-03-06,15.18,15.50,15.06,15.37,8960322
2017-03-07,15.37,15.38,15.21,15.22,1648834
2017-03-08,15.22,15.32,15.15,15.25,5495781
2017-03-09,15.25,15.26,15.09,15.11,1957956
2017-03-12,15.11,15.40,14.99,15.29,8640294
2017-03-13,15.29,15.29,15.10,15.10,1073662
2017-03-14,15.10,15.35,15.00,15.24,7825960
2017-03-15,15.24,15.27,15.12,15.15,2946570
2017-03-16,15.15,15.19,15.06,15.10,3744135
2017-03-19,15.10,15.22,15.02,15.15,5897668
2017-03-20,15.15,15.19,15.06,15.10,3900994
2017-03-21,15.10,15.41,14.98,15.29,8840534
2017-03-22,15.29,15.51,15.19,15.41,7506412
2017-03-23,15.41,15.60,15.32,15.51,6836899
2017-03-26,15.51,15.55,15.41,15.45,3696193
2017-03-27,15.45,15.71,15.34,15.60,7985528
2017-03-28,15.60,15.80,15.50,15.71,7087620
2017-03-29,15.71,15.95,15.60,15.84,7644444
2017-03-30,15.84,15.87,15.71,15.73,2668347
2017-04-02,15.73,16.00,15.62,15.88,7986488
2017-04-03,15.88,16.15,15.77,16.04,8018621
2017-04-04,16.04,16.07,15.91,15.94,2888203
2017-04-05,15.94,16.00,15.88,15.94,4866838
2017-04-06,15.94,16.22,15.83,16.10,8152057
2017-04-09,16.10,16.15,16.01,16.06,3978429
2017-04-10,16.06,16.06,15.86,15.87,1062002
2017-04-11,15.87,15.90,15.75,15.79,3378086
2017-04-12,15.79,15.80,15.61,15.61,1272359
2017-04-13,15.61,15.87,15.51,15.76,7905315
2017-04-16,15.76,15.83,15.70,15.77,5030041
2017-04-17,15.77,15.91,15.69,15.83,6103326
2017-04-18,15.83,15.89,15.76,15.82,4730109
2017-04-19,15.82,16.12,15.70,16.00,8441255
2017-04-20,16.00,16.12,15.92,16.04,5804663
2017-04-23,16.04,16.07,15.91,15.94,2869718
2017-04-24,15.94,16.27,15.82,16.15,8945061
2017-04-25,16.15,16.19,16.04,16.09,3709705
2017-04-26,16.09,16.20,16.01,16.13,5657475
2017-04-27,16.13,16.14,15.96,15.97,1874794
2017-04-30,15.97,16.01,15.85,15.89,3151783
2017-05-01,15.89,16.18,15.77,16.06,8426714
2017-05-02,16.06,16.24,15.97,16.15,6563786
2017-05-03,16.15,16.38,16.04,16.28,7464231
2017-05-04,16.28,16.45,16.19,16.36,6510768
2017-05-07,16.36,16.38,16.21,16.23,2345370
2017-05-08,16.23,16.28,16.14,16.19,3980384
2017-05-09,16.19,16.22,16.07,16.10,3242969
2017-05-10,16.10,16.41,15.98,16.29,8552880
2017-05-11,16.29,16.34,16.20,16.25,4033573
2017-05-14,16.25,16.26,16.08,16.10,1956652
2017-05-15,16.10,16.15,16.02,16.08,4519650
2017-05-16,16.08,16.11,15.95,15.98,2957133
2017-05-17,15.98,16.12,15.90,16.04,5985150
2017-05-18,16.04,16.05,15.86,15.87,1579012
2017-05-21,15.87,15.92,15.78,15.83,4084396
2017-05-22,15.83,15.86,15.70,15.72,2661796
2017-05-23,15.72,15.76,15.60,15.63,3064300
2017-05-24,15.63,15.66,15.50,15.53,2748696
2017-05-25,15.53,15.57,15.42,15.45,3319924
2017-05-28,15.45,15.50,15.38,15.43,4308847
2017-05-29,15.43,15.45,15.28,15.30,2283367
2017-05-30,15.30,15.34,15.19,15.23,3292866
2017-05-31,15.23,15.52,15.11,15.40,8645987
2017-06-01,15.40,15.54,15.33,15.46,6021742
2017-06-04,15.46,15.59,15.38,15.51,5913957
2017-06-05,15.51,15.55,15.40,15.44,3409053
2017-06-06,15.44,15.44,15.26,15.27,1297153
2017-06-07,15.27,15.43,15.18,15.34,6516529
2017-06-08,15.34,15.60,15.24,15.49,7931378
2017-06-11,15.49,15.71,15.39,15.61,7442935
2017-06-12,15.61,15.90,15.50,15.79,8433916
2017-06-13,15.79,15.80,15.61,15.62,1546296
2017-06-14,15.62,15.67,15.53,15.57,3792421
2017-06-15,15.57,15.77,15.48,15.67,6999451
2017-06-18,15.67,15.71,15.57,15.61,3587139
2017-06-19,15.61,15.62,15.44,15.45,1678943
2017-06-20,15.45,15.56,15.38,15.49,5546467
2017-06-21,15.49,15.49,15.31,15.32,1387242
2017-06-22,15.32,15.37,15.24,15.29,4435836
2017-06-25,15.29,15.51,15.20,15.42,7408299
2017-06-26,15.42,15.56,15.33,15.48,6279938
2017-06-27,15.48,15.70,15.38,15.60,7396433
2017-06-28,15.60,15.86,15.50,15.75,7918278
2017-06-29,15.75,15.86,15.68,15.79,5598559
2017-07-02,15.79,15.92,15.71,15.84,5894067
2017-07-03,15.84,15.86,15.69,15.72,2409739
2017-07-04,15.72,15.74,15.58,15.61,2676440
2017-07-05,15.61,15.64,15.49,15.53,3262071
2017-07-06,15.53,15.55,15.38,15.40,2216015
2017-07-09,15.40,15.71,15.28,15.59,8846913
2017-07-10,15.59,15.62,15.46,15.49,2833779
2017-07-11,15.49,15.52,15.36,15.38,2670438
2017-07-12,15.38,15.42,15.28,15.31,3443312
2017-07-13,15.31,15.57,15.21,15.46,7942524
2017-07-16,15.46,15.66,15.37,15.57,7106344
2017-07-17,15.57,15.69,15.49,15.61,5798971
2017-07-18,15.61,15.74,15.54,15.66,5921639
2017-07-19,15.66,15.69,15.54,15.57,2857064
2017-07-20,15.57,15.60,15.45,15.49,3247222
2017-07-23,15.49,15.75,15.38,15.64,8104458
2017-07-24,15.64,15.65,15.46,15.47,1255932
2017-07-25,15.47,15.67,15.37,15.57,7121399
2017-07-26,15.57,15.59,15.41,15.42,1824314
2017-07-27,15.42,15.53,15.35,15.46,5636282
2017-07-30,15.46,15.52,15.40,15.46,4754835
2017-07-31,15.46,15.61,15.37,15.53,6414540
2017-08-01,15.53,15.57,15.42,15.45,3331447
2017-08-02,15.45,15.68,15.35,15.58,7480864
2017-08-03,15.58,15.58,15.40,15.40,1208470
2017-08-06,15.40,15.51,15.33,15.44,5674759
2017-08-07,15.44,15.46,15.31,15.33,2632818
2017-08-08,15.33,15.43,15.26,15.36,5539437
2017-08-09,15.36,15.62,15.25,15.51,7999554
2017-08-10,15.51,15.52,15.34,15.35,1544032
2017-08-13,15.35,15.53,15.26,15.44,6740775
2017-08-14,15.44,15.55,15.37,15.48,5639163
2017-08-15,15.48,15.71,15.37,15.61,7547839
2017-08-16,15.61,15.88,15.49,15.76,8145816
2017-08-17,15.76,15.78,15.60,15.62,1926920
2017-08-20,15.62,15.88,15.51,15.77,7977572
2017-08-21,15.77,15.85,15.71,15.78,5087894
2017-08-22,15.78,16.06,15.67,15.94,8196159
2017-08-23,15.94,16.09,15.86,16.01,6166563
2017-08-24,16.01,16.34,15.88,16.21,8900342
2017-08-27,16.21,16.25,16.11,16.15,3780212
2017-08-28,16.15,16.25,16.08,16.18,5448148
2017-08-29,16.18,16.38,16.09,16.29,6916495
2017-08-30,16.29,16.56,16.17,16.44,8012414
2017-08-31,16.44,16.45,16.25,16.25,1155658
2017-09-03,16.25,16.28,16.11,16.13,2469684
2017-09-04,16.13,16.42,16.01,16.30,8226097
2017-09-05,16.30,16.36,16.23,16.29,4622427
2017-09-06,16.29,16.49,16.19,16.39,6893244
2017-09-07,16.39,16.65,16.28,16.54,7754595
2017-09-10,16.54,16.57,16.41,16.45,3181790
2017-09-11,16.45,16.69,16.34,16.58,7520507
2017-09-12,16.58,16.60,16.42,16.43,1931241
2017-09-13,16.43,16.72,16.31,16.60,8167078
2017-09-14,16.60,16.86,16.49,16.75,7684807
2017-09-17,16.75,16.76,16.58,16.60,2089368
2017-09-18,16.60,16.80,16.50,16.70,6911625
2017-09-19,16.70,16.73,16.56,16.59,2719478
2017-09-20,16.59,16.63,16.48,16.52,3562311
2017-09-21,16.52,16.55,16.38,16.41,2748765
2017-09-24,16.41,16.46,16.32,16.37,3957853
2017-09-25,16.37,16.38,16.19,16.20,1683401
2017-09-26,16.20,16.41,16.11,16.31,7011831
2017-09-27,16.31,16.50,16.22,16.41,6733264
2017-09-28,16.41,16.67,16.29,16.55,7785973
2017-10-01,16.55,16.77,16.45,16.67,7034156
2017-10-02,16.67,16.83,16.58,16.74,6379046
2017-10-03,16.74,16.75,16.55,16.55,1203360
2017-10-04,16.55,16.70,16.47,16.62,6149074
2017-10-05,16.62,16.77,16.53,16.69,6228532
2017-10-08,16.69,16.69,16.49,16.50,1268895
2017-10-09,16.50,16.76,16.39,16.64,7689917
2017-10-10,16.64,16.65,16.46,16.47,1615054
2017-10-11,16.47,16.51,16.36,16.39,3315912
2017-10-12,16.39,16.60,16.30,16.50,6990020
2017-10-15,16.50,16.55,16.40,16.45,3871947
2017-10-16,16.45,16.48,16.31,16.34,2677743
2017-10-17,16.34,16.57,16.23,16.46,7382716
2017-10-18,16.46,16.76,16.34,16.64,8332544
2017-10-19,16.64,16.67,16.50,16.53,2687722
2017-10-22,16.53,16.58,16.44,16.49,4201337
2017-10-23,16.49,16.51,16.34,16.36,2330178
2017-10-24,16.36,16.55,16.27,16.45,6679183
2017-10-25,16.45,16.78,16.33,16.65,8779218
2017-10-26,16.65,16.74,16.58,16.67,5198182
2017-10-29,16.67,16.69,16.50,16.52,1985459
2017-10-30,16.52,16.83,16.40,16.70,8449691
2017-10-31,16.70,16.76,16.62,16.67,4269890
2017-11-01,16.67,16.95,16.56,16.83,7939883
2017-11-02,16.83,17.01,16.74,16.92,6546090
2017-11-05,16.92,16.95,16.78,16.81,2878635
2017-11-06,16.81,16.86,16.71,16.76,3875788
2017-11-07,16.76,16.93,16.67,16.84,6401748
2017-11-08,16.84,16.90,16.76,16.81,4357750
2017-11-09,16.81,16.81,16.61,16.62,1126508
2017-11-12,16.62,16.65,16.50,16.54,3350000
2017-11-13,16.54,16.59,16.44,16.49,4040569
2017-11-14,16.49,16.53,16.36,16.40,3025377
2017-11-15,16.40,16.72,16.27,16.59,8724176
2017-11-16,16.59,16.68,16.52,16.61,5260425
2017-11-19,16.61,16.68,16.55,16.61,4905727
2017-11-20,16.61,16.63,16.44,16.46,1857613
2017-11-21,16.46,16.50,16.34,16.38,3350651
2017-11-22,16.38,16.40,16.22,16.24,2100891
2017-11-23,16.24,16.25,16.08,16.10,2083641
2017-11-26,16.10,16.11,15.92,15.93,1644581
2017-11-27,15.93,16.06,15.85,15.99,5944204
2017-11-28,15.99,16.05,15.92,15.98,4735596
2017-11-29,15.98,16.02,15.87,15.91,3475548
2017-11-30,15.91,15.95,15.81,15.85,3768998
2017-12-03,15.85,15.93,15.79,15.87,5146810
2017-12-04,15.87,15.92,15.78,15.83,4176886
2017-12-05,15.83,16.03,15.74,15.93,6908607
2017-12-06,15.93,16.11,15.84,16.02,6650617
2017-12-07,16.02,16.23,15.92,16.13,7081927
2017-12-10,16.13,16.16,15.99,16.02,2696364
2017-12-11,16.02,16.08,15.95,16.00,4580349
2017-12-12,16.00,16.24,15.90,16.14,7524005
2017-12-13,16.14,16.16,15.99,16.02,2465603
2017-12-14,16.02,16.04,15.86,15.88,2269341
2017-12-17,15.88,16.21,15.76,16.08,8836454
2017-12-18,16.08,16.09,15.91,15.91,1549657
2017-12-19,15.91,15.95,15.79,15.82,3050925
2017-12-20,15.82,15.98,15.74,15.90,6352606
2017-12-21,15.90,15.93,15.78,15.82,3281858
2017-12-24,15.82,15.84,15.67,15.69,2258436
2017-12-25,15.69,15.72,15.58,15.61,3405795
2017-12-26,15.61,15.65,15.49,15.52,2995541
2017-12-27,15.52,15.56,15.41,15.44,3225205
2017-12-28,15.44,15.48,15.33,15.37,3329355
2017-12-31,15.37,15.41,15.28,15.33,4024039
2018-01-01,15.33,15.33,15.15,15.15,1284567
2018-01-02,15.15,15.16,14.99,14.99,1456618
2018-01-03,14.99,15.00,14.83,14.84,1700685
2018-01-04,14.84,15.08,14.74,14.98,7769855
2018-01-07,14.98,14.98,14.80,14.80,1120919
2018-01-08,14.80,15.01,14.71,14.92,7358813
2018-01-09,14.92,14.93,14.77,14.78,2014403
2018-01-10,14.78,14.89,14.71,14.82,5655589
2018-01-11,14.82,15.09,14.71,14.98,8331755
2018-01-14,14.98,15.01,14.87,14.91,3351543
2018-01-15,14.91,14.93,14.77,14.79,2393964
2018-01-16,14.79,15.04,14.69,14.93,7952846
2018-01-17,14.93,15.13,14.84,15.04,7114609
2018-01-18,15.04,15.06,14.91,14.93,2669375
2018-01-21,14.93,14.94,14.77,14.78,1555418
2018-01-22,14.78,15.07,14.66,14.95,8636934
2018-01-23,14.95,14.96,14.80,14.81,1815157
2018-01-24,14.81,15.09,14.70,14.97,8472805
2018-01-25,14.97,15.01,14.86,14.90,3251851
2018-01-28,14.90,14.93,14.79,14.82,3164643
2018-01-29,14.82,15.07,14.71,14.96,8038340
2018-01-30,14.96,14.98,14.82,14.84,2292695
2018-01-31,14.84,14.86,14.70,14.71,2051165
2018-02-01,14.71,14.75,14.61,14.65,3585356
2018-02-04,14.65,14.65,14.48,14.48,1092798
2018-02-05,14.48,14.49,14.33,14.34,1808058
2018-02-06,14.34,14.49,14.26,14.41,6447187
2018-02-07,14.41,14.44,14.30,14.33,2985493
2018-02-08,14.33,14.43,14.26,14.37,5768655
2018-02-11,14.37,14.41,14.28,14.32,3957167
2018-02-12,14.32,14.36,14.22,14.25,3304115
2018-02-13,14.25,14.26,14.09,14.09,1266289
2018-02-14,14.09,14.30,14.00,14.21,7448628
2018-02-15,14.21,14.29,14.14,14.23,5381995
2018-02-18,14.23,14.45,14.13,14.35,7634293
2018-02-19,14.35,14.40,14.28,14.32,4254903
2018-02-20,14.32,14.37,14.26,14.31,4552469
2018-02-21,14.31,14.35,14.23,14.28,4206001
2018-02-22,14.28,14.38,14.21,14.31,5709327
2018-02-25,14.31,14.36,14.24,14.28,4148868
2018-02-26,14.28,14.30,14.15,14.17,2314746
2018-02-27,14.17,14.35,14.08,14.27,7145233
2018-02-28,14.27,14.48,14.17,14.38,7504526
2018-03-01,14.38,14.46,14.32,14.40,5293861
2018-03-04,14.40,14.44,14.32,14.36,3895953
2018-03-05,14.36,14.37,14.21,14.23,1952777
2018-03-06,14.23,14.49,14.12,14.39,8476680
2018-03-07,14.39,14.59,14.30,14.50,7294821
2018-03-08,14.50,14.67,14.41,14.58,6826954
2018-03-11,14.58,14.78,14.49,14.69,7196536
2018-03-12,14.69,14.74,14.63,14.68,4675171
2018-03-13,14.68,14.69,14.52,14.52,1460390
2018-03-14,14.52,14.58,14.46,14.52,4786762
2018-03-15,14.52,14.73,14.43,14.63,7370336
2018-03-18,14.63,14.71,14.57,14.65,5186419
2018-03-19,14.65,14.70,14.58,14.63,4580692
2018-03-20,14.63,14.66,14.51,14.53,2713648
2018-03-21,14.53,14.62,14.47,14.55,5338374
2018-03-22,14.55,14.57,14.41,14.42,1911659
2018-03-25,14.42,14.43,14.28,14.29,2038443
2018-03-26,14.29,14.37,14.23,14.31,5249588
2018-03-27,14.31,14.55,14.21,14.45,8112997
2018-03-28,14.45,14.74,14.34,14.62,8678052
2018-03-29,14.62,14.88,14.52,14.78,8253395
2018-04-01,14.78,14.80,14.65,14.67,2518038
2018-04-02,14.67,14.68,14.52,14.54,1965809
2018-04-03,14.54,14.55,14.38,14.39,1683127
2018-04-04,14.39,14.44,14.32,14.37,4460116
2018-04-05,14.37,14.37,14.20,14.21,1235048
2018-04-08,14.21,14.26,14.15,14.21,4872119
2018-04-09,14.21,14.21,14.04,14.05,1272565
2018-04-10,14.05,14.06,13.90,13.91,1819101
2018-04-11,13.91,13.98,13.85,13.92,5153703
2018-04-12,13.92,13.97,13.85,13.90,4288717
2018-04-15,13.90,14.08,13.81,13.99,7051303
2018-04-16,13.99,14.10,13.92,14.04,5861213
2018-04-17,14.04,14.32,13.93,14.21,8841906
2018-04-18,14.21,14.26,14.14,14.18,4264986
2018-04-19,14.18,14.20,14.05,14.07,2327983
2018-04-22,14.07,14.09,13.94,13.95,2265466
2018-04-23,13.95,14.01,13.90,13.95,4793484
2018-04-24,13.95,14.06,13.88,13.99,5887345
2018-04-25,13.99,14.03,13.91,13.95,3892729
2018-04-26,13.95,13.99,13.87,13.91,3970130
2018-04-29,13.91,13.95,13.83,13.87,3872633
2018-04-30,13.87,13.87,13.70,13.70,1057030
2018-05-01,13.70,13.77,13.65,13.71,5128257
2018-05-02,13.71,13.92,13.62,13.83,7617181
2018-05-03,13.83,13.90,13.77,13.84,5091700
2018-05-06,13.84,13.88,13.75,13.78,3601200
2018-05-07,13.78,13.83,13.72,13.77,4454320
2018-05-08,13.77,13.80,13.67,13.70,3330075
2018-05-09,13.70,13.72,13.58,13.61,2722290
2018-05-10,13.61,13.71,13.54,13.64,5717386
2018-05-13,13.64,13.82,13.56,13.74,7105486
2018-05-14,13.74,13.84,13.67,13.78,5824862
2018-05-15,13.78,13.94,13.70,13.86,6739711
2018-05-16,13.86,13.90,13.77,13.81,3751268
2018-05-17,13.81,14.05,13.71,13.95,8242249
2018-05-20,13.95,13.98,13.84,13.87,2854629
2018-05-21,13.87,13.92,13.80,13.85,4600754
2018-05-22,13.85,13.93,13.79,13.87,5307784
2018-05-23,13.87,13.96,13.81,13.89,5395473
2018-05-24,13.89,13.95,13.84,13.90,4987277
2018-05-27,13.90,14.15,13.80,14.05,8354801
2018-05-28,14.05,14.06,13.90,13.91,1695576
2018-05-29,13.91,14.16,13.81,14.06,8244170
2018-05-30,14.06,14.11,14.00,14.05,4716632
2018-05-31,14.05,14.08,13.94,13.97,3088271
2018-06-03,13.97,13.98,13.82,13.83,1704766
2018-06-04,13.83,13.93,13.77,13.87,5726611
2018-06-05,13.87,13.92,13.81,13.87,4906893
2018-06-06,13.87,13.92,13.81,13.86,4702400
2018-06-07,13.86,14.02,13.78,13.94,6718072
2018-06-10,13.94,13.96,13.82,13.84,2484773
2018-06-11,13.84,13.89,13.77,13.82,4570404
2018-06-12,13.82,13.85,13.72,13.74,3024348
2018-06-13,13.74,13.93,13.66,13.84,7155246
2018-06-14,13.84,13.89,13.78,13.83,4642112
2018-06-17,13.83,13.95,13.76,13.88,5978772
2018-06-18,13.88,14.01,13.81,13.94,6251646
2018-06-19,13.94,14.19,13.84,14.08,8250857
2018-06-20,14.08,14.11,13.97,14.00,2914677
2018-06-21,14.00,14.03,13.89,13.92,3107304
2018-06-24,13.92,13.94,13.80,13.83,2729972
2018-06-25,13.83,13.90,13.77,13.84,5165397
2018-06-26,13.84,13.84,13.67,13.67,1055555
2018-06-27,13.67,13.87,13.59,13.78,7412791
2018-06-28,13.78,14.02,13.69,13.92,8064266
2018-07-01,13.92,13.95,13.82,13.86,3429732
2018-07-02,13.86,13.87,13.71,13.72,1632647
2018-07-03,13.72,13.89,13.63,13.80,6944615
2018-07-04,13.80,13.90,13.74,13.83,5563168
2018-07-05,13.83,13.89,13.78,13.83,4722873
2018-07-08,13.83,13.90,13.77,13.84,5139780
2018-07-09,13.84,13.86,13.72,13.75,2789197
2018-07-10,13.75,13.79,13.67,13.71,4016803
2018-07-11,13.71,13.83,13.64,13.76,5983093
2018-07-12,13.76,13.90,13.68,13.83,6441152
2018-07-15,13.83,13.85,13.71,13.74,2847770
2018-07-16,13.74,13.79,13.68,13.73,4807887
2018-07-17,13.73,13.77,13.65,13.69,3852366
2018-07-18,13.69,13.74,13.63,13.68,4549108
2018-07-19,13.68,13.73,13.62,13.68,4947496
2018-07-22,13.68,13.82,13.61,13.74,6356172
2018-07-23,13.74,13.79,13.68,13.72,4454149
2018-07-24,13.72,13.73,13.58,13.59,1735253
2018-07-25,13.59,13.59,13.43,13.44,1285905
2018-07-26,13.44,13.54,13.37,13.48,5896227
2018-07-29,13.48,13.62,13.40,13.55,6504492
2018-07-30,13.55,13.77,13.45,13.68,7974897
2018-07-31,13.68,13.72,13.61,13.65,4208676
2018-08-01,13.65,13.80,13.57,13.72,6588545
2018-08-02,13.72,13.83,13.66,13.76,5756481
2018-08-05,13.76,13.78,13.64,13.67,2724828
2018-08-06,13.67,13.75,13.61,13.69,5320747
2018-08-07,13.69,13.80,13.62,13.73,5963991
2018-08-08,13.73,13.78,13.68,13.73,4778017
2018-08-09,13.73,13.85,13.66,13.78,6034430
2018-08-12,13.78,13.82,13.70,13.74,3930761
2018-08-13,13.74,13.84,13.67,13.77,5701577
2018-08-14,13.77,13.81,13.69,13.74,4062928
2018-08-15,13.74,13.76,13.63,13.66,2990123
2018-08-16,13.66,13.93,13.55,13.82,8828840
2018-08-19,13.82,13.85,13.71,13.73,2739574
2018-08-20,13.73,13.88,13.66,13.80,6475411
2018-08-21,13.80,13.81,13.65,13.65,1493141
2018-08-22,13.65,13.74,13.59,13.68,5397702
2018-08-23,13.68,13.69,13.53,13.54,1719958
2018-08-26,13.54,13.57,13.44,13.46,3027812
2018-08-27,13.46,13.65,13.38,13.57,7370644
2018-08-28,13.57,13.80,13.47,13.70,8057098
2018-08-29,13.70,13.98,13.60,13.87,8766186
2018-08-30,13.87,13.91,13.79,13.83,3991735
2018-09-02,13.83,13.88,13.77,13.83,4820164
2018-09-03,13.83,13.95,13.76,13.88,6041598
2018-09-04,13.88,14.03,13.80,13.95,6594307
2018-09-05,13.95,13.98,13.85,13.89,3342489
2018-09-06,13.89,14.01,13.81,13.94,6187379
2018-09-09,13.94,13.96,13.82,13.84,2511694
2018-09-10,13.84,14.01,13.76,13.93,6957407
2018-09-11,13.93,13.98,13.86,13.91,4536865
2018-09-12,13.91,13.94,13.81,13.84,3077229
2018-09-13,13.84,13.86,13.73,13.75,2998251
2018-09-16,13.75,13.80,13.69,13.73,4423388
2018-09-17,13.73,13.77,13.64,13.68,3624245
2018-09-18,13.68,13.71,13.57,13.59,2798353
2018-09-19,13.59,13.59,13.43,13.43,1180281
2018-09-20,13.43,13.63,13.35,13.54,7486076
2018-09-23,13.54,13.55,13.40,13.41,1691049
2018-09-24,13.41,13.53,13.34,13.46,6140877
2018-09-25,13.46,13.47,13.33,13.34,1996056
2018-09-26,13.34,13.37,13.24,13.26,3009670
2018-09-27,13.26,13.41,13.19,13.34,6638511
2018-09-30,13.34,13.48,13.26,13.40,6487517
2018-10-01,13.40,13.42,13.27,13.29,2087551
2018-10-02,13.29,13.40,13.22,13.33,6006515
2018-10-03,13.33,13.57,13.23,13.47,8293792
2018-10-04,13.47,13.49,13.35,13.36,2258024
2018-10-07,13.36,13.57,13.28,13.48,7578223
2018-10-08,13.48,13.50,13.36,13.39,2748216
2018-10-09,13.39,13.55,13.31,13.47,6854423
2018-10-10,13.47,13.62,13.39,13.55,6686968
2018-10-11,13.55,13.55,13.39,13.39,1184122
2018-10-14,13.39,13.42,13.29,13.32,3210082
2018-10-15,13.32,13.47,13.24,13.39,6666083
2018-10-16,13.39,13.56,13.31,13.48,6934842
2018-10-17,13.48,13.50,13.36,13.39,2658333
2018-10-18,13.39,13.41,13.28,13.30,2848902
2018-10-21,13.30,13.49,13.22,13.40,7333710
2018-10-22,13.40,13.66,13.30,13.56,8532510
2018-10-23,13.56,13.70,13.48,13.63,6568758
2018-10-24,13.63,13.73,13.56,13.66,5714060
2018-10-25,13.66,13.90,13.56,13.80,8165946
2018-10-28,13.80,13.87,13.75,13.82,5158984
2018-10-29,13.82,13.90,13.75,13.84,5409224
2018-10-30,13.84,13.89,13.78,13.84,4891975
2018-10-31,13.84,13.85,13.70,13.71,1952914
2018-11-01,13.71,13.72,13.57,13.58,1752537
2018-11-04,13.58,13.59,13.44,13.46,2043930
2018-11-05,13.46,13.70,13.36,13.60,8283882
2018-11-06,13.60,13.72,13.53,13.65,6077331
2018-11-07,13.65,13.68,13.54,13.57,2955144
2018-11-08,13.57,13.60,13.48,13.51,3485219
2018-11-11,13.51,13.61,13.45,13.55,5716941
2018-11-12,13.55,13.57,13.44,13.46,2958950
2018-11-13,13.46,13.63,13.39,13.55,6890260
2018-11-14,13.55,13.59,13.47,13.51,4004698
2018-11-15,13.51,13.59,13.45,13.53,5388683
2018-11-18,13.53,13.64,13.47,13.57,5832338
2018-11-19,13.57,13.62,13.50,13.55,4273936
2018-11-20,13.55,13.64,13.49,13.58,5577674
2018-11-21,13.58,13.61,13.49,13.53,3644787
2018-11-22,13.53,13.54,13.39,13.40,1857990
2018-11-25,13.40,13.56,13.32,13.48,6859259
2018-11-26,13.48,13.52,13.39,13.43,3660939
2018-11-27,13.43,13.66,13.33,13.56,8090192
2018-11-28,13.56,13.61,13.50,13.55,4566769
2018-11-29,13.55,13.55,13.39,13.40,1214128
2018-12-02,13.40,13.41,13.27,13.29,2303875
2018-12-03,13.29,13.30,13.16,13.17,2033539
2018-12-04,13.17,13.37,13.08,13.28,7637688
2018-12-05,13.28,13.32,13.20,13.24,3832373
2018-12-06,13.24,13.26,13.12,13.14,2592901
2018-12-09,13.14,13.16,13.02,13.04,2264951
2018-12-10,13.04,13.26,12.95,13.16,8009019
2018-12-11,13.16,13.17,13.02,13.03,1578189
2018-12-12,13.03,13.07,12.97,13.01,4429252
2018-12-13,13.01,13.03,12.88,12.90,2167146
2018-12-16,12.90,12.92,12.78,12.80,2322736
2018-12-17,12.80,12.80,12.65,12.66,1463923
2018-12-18,12.66,12.75,12.60,12.69,5640089
2018-12-19,12.69,12.91,12.60,12.82,8159876
2018-12-20,12.82,12.87,12.77,12.81,4702297
2018-12-23,12.81,12.91,12.75,12.85,5761179
2018-12-24,12.85,12.98,12.78,12.91,6422942
2018-12-25,12.91,12.92,12.77,12.77,1477709
2018-12-26,12.77,12.87,12.71,12.81,5863751
2018-12-27,12.81,13.05,12.72,12.96,8445267
2018-12-30,12.96,12.98,12.86,12.88,3123491
2018-12-31,12.88,12.89,12.74,12.74,1281138
2019-01-01,12.74,12.75,12.60,12.61,1560185
2019-01-02,12.61,12.66,12.56,12.61,4972976
2019-01-03,12.61,12.64,12.52,12.55,3346673
2019-01-06,12.55,12.61,12.50,12.56,5101028
2019-01-07,12.56,12.58,12.44,12.46,2359499
2019-01-08,12.46,12.64,12.38,12.56,7393689
2019-01-09,12.56,12.69,12.49,12.62,6401131
2019-01-10,12.62,12.76,12.55,12.69,6616392
2019-01-13,12.69,12.94,12.59,12.84,8755521
2019-01-14,12.84,13.10,12.74,13.00,8793827
2019-01-15,13.00,13.06,12.94,13.00,5076989
2019-01-16,13.00,13.03,12.90,12.92,2765500
2019-01-17,12.92,13.12,12.83,13.03,7612448
2019-01-20,13.03,13.03,12.87,12.87,1074622
2019-01-21,12.87,13.13,12.77,13.03,8756961
2019-01-22,13.03,13.15,12.96,13.08,6190329
2019-01-23,13.08,13.19,13.02,13.13,5942626
2019-01-24,13.13,13.24,13.06,13.18,6063237
2019-01-27,13.18,13.39,13.09,13.30,7860802
2019-01-28,13.30,13.47,13.22,13.39,7014334
2019-01-29,13.39,13.50,13.32,13.43,6017661
2019-01-30,13.43,13.66,13.34,13.56,7957201
2019-01-31,13.56,13.77,13.47,13.68,7623079
2019-02-03,13.68,13.72,13.60,13.64,3953566
2019-02-04,13.64,13.65,13.50,13.51,1812860
2019-02-05,13.51,13.54,13.41,13.43,3102194
2019-02-06,13.43,13.46,13.33,13.36,3204286
2019-02-07,13.36,13.63,13.26,13.53,8761111
2019-02-10,13.53,13.58,13.47,13.52,4785013
2019-02-11,13.52,13.70,13.44,13.62,7103155
2019-02-12,13.62,13.85,13.52,13.75,8135288
2019-02-13,13.75,13.99,13.66,13.89,8004869
2019-02-14,13.89,13.92,13.78,13.81,2983504
2019-02-17,13.81,13.84,13.71,13.74,3268724
2019-02-18,13.74,13.97,13.64,13.88,8095096
2019-02-19,13.88,13.89,13.74,13.76,2178669
2019-02-20,13.76,13.85,13.70,13.78,5494753
2019-02-21,13.78,14.04,13.68,13.94,8389026
2019-02-24,13.94,14.17,13.84,14.07,8021982
2019-02-25,14.07,14.09,13.94,13.95,2146707
2019-02-26,13.95,14.00,13.88,13.92,4219993
2019-02-27,13.92,14.15,13.83,14.05,7846776
2019-02-28,14.05,14.10,13.99,14.04,4557921
2019-03-03,14.04,14.21,13.96,14.13,6921330
2019-03-04,14.13,14.19,14.07,14.13,4986385
2019-03-05,14.13,14.37,14.03,14.27,8061728
2019-03-06,14.27,14.31,14.19,14.23,3826371
2019-03-07,14.23,14.25,14.11,14.13,2774142
2019-03-10,14.13,14.37,14.03,14.27,7991460
2019-03-11,14.27,14.41,14.20,14.33,6268449
2019-03-12,14.33,14.38,14.27,14.32,4543381
2019-03-13,14.32,14.54,14.22,14.44,7680452
2019-03-14,14.44,14.45,14.29,14.29,1580898
2019-03-17,14.29,14.39,14.23,14.33,5627434
2019-03-18,14.33,14.35,14.20,14.22,2462037
2019-03-19,14.22,14.22,14.05,14.05,1097050
2019-03-20,14.05,14.06,13.89,13.90,1359636
2019-03-21,13.90,13.93,13.81,13.84,3669547
2019-03-24,13.84,14.08,13.74,13.98,8150240
2019-03-25,13.98,14.01,13.88,13.91,3073319
2019-03-26,13.91,14.06,13.83,13.98,6636316
2019-03-27,13.98,14.00,13.84,13.86,2073799
2019-03-28,13.86,13.98,13.79,13.91,6101817
2019-03-31,13.91,14.07,13.83,13.99,6695679
2019-04-01,13.99,14.01,13.86,13.87,2201063
2019-04-02,13.87,13.98,13.81,13.91,5778463
2019-04-03,13.91,14.10,13.83,14.01,7180967
2019-04-04,14.01,14.05,13.93,13.97,3865363
2019-04-07,13.97,14.06,13.91,13.99,5436591
2019-04-08,13.99,14.03,13.90,13.93,3425514
2019-04-09,13.93,13.95,13.80,13.82,2400034
2019-04-10,13.82,14.08,13.72,13.97,8409533
2019-04-11,13.97,14.14,13.89,14.06,6762654
2019-04-14,14.06,14.06,13.89,13.89,1138408
2019-04-15,13.89,13.91,13.75,13.77,2030624
2019-04-16,13.77,13.82,13.70,13.75,4525720
2019-04-17,13.75,13.79,13.66,13.69,3413820
2019-04-18,13.69,13.79,13.63,13.72,5633196
2019-04-21,13.72,13.96,13.63,13.86,8048045
2019-04-22,13.86,13.91,13.79,13.84,4559602
2019-04-23,13.84,13.99,13.77,13.92,6550582
2019-04-24,13.92,13.97,13.86,13.91,4662962
2019-04-25,13.91,14.14,13.81,14.04,7909087
2019-04-28,14.04,14.28,13.94,14.18,8116117
2019-04-29,14.18,14.28,14.11,14.22,5703806
2019-04-30,14.22,14.50,14.11,14.39,8795610
2019-05-01,14.39,14.49,14.32,14.43,5663134
2019-05-02,14.43,14.58,14.35,14.50,6503909
2019-05-05,14.50,14.52,14.37,14.39,2552503
2019-05-06,14.39,14.42,14.27,14.29,2524965
2019-05-07,14.29,14.31,14.16,14.18,2396604
2019-05-08,14.18,14.45,14.07,14.34,8513100
2019-05-09,14.34,14.35,14.20,14.21,2034945
2019-05-12,14.21,14.26,14.15,14.20,4715226
2019-05-13,14.20,14.33,14.13,14.25,6010733
2019-05-14,14.25,14.47,14.16,14.37,7526406
2019-05-15,14.37,14.66,14.26,14.55,8793106
2019-05-16,14.55,14.69,14.47,14.62,6378737
2019-05-19,14.62,14.76,14.54,14.68,6332681
2019-05-20,14.68,14.70,14.53,14.55,1963580
2019-05-21,14.55,14.61,14.49,14.55,4950445
2019-05-22,14.55,14.56,14.40,14.41,1787105
2019-05-23,14.41,14.45,14.31,14.35,3559979
2019-05-26,14.35,14.42,14.29,14.36,5059190
2019-05-27,14.36,14.44,14.30,14.37,5223010
2019-05-28,14.37,14.67,14.26,14.56,8915637
2019-05-29,14.56,14.57,14.41,14.43,2038305
2019-05-30,14.43,14.47,14.34,14.39,3973731
2019-06-02,14.39,14.47,14.32,14.41,5363888
2019-06-03,14.41,14.60,14.32,14.51,7221124
2019-06-04,14.51,14.52,14.35,14.35,1372599
2019-06-05,14.35,14.40,14.28,14.32,4238065
2019-06-06,14.32,14.56,14.23,14.46,7940980
2019-06-09,14.46,14.75,14.35,14.64,8752949
2019-06-10,14.64,14.94,14.52,14.82,8871502
2019-06-11,14.82,15.04,14.72,14.94,7531207
2019-06-12,14.94,15.04,14.88,14.97,5448113
2019-06-13,14.97,15.13,14.89,15.05,6597530
2019-06-16,15.05,15.05,14.88,14.88,1325137
2019-06-17,14.88,14.91,14.76,14.78,2791426
2019-06-18,14.78,15.08,14.67,14.96,8749485
2019-06-19,14.96,15.26,14.85,15.14,8656104
2019-06-20,15.14,15.19,15.06,15.10,4116220
2019-06-23,15.10,15.13,14.97,15.00,2660699
2019-06-24,15.00,15.31,14.88,15.19,8857441
2019-06-25,15.19,15.24,15.12,15.18,4755829
2019-06-26,15.18,15.41,15.08,15.31,7664506
2019-06-27,15.31,15.40,15.25,15.33,5262482
2019-06-30,15.33,15.59,15.22,15.48,8043587
2019-07-01,15.48,15.51,15.36,15.40,3094238
2019-07-02,15.40,15.40,15.22,15.22,1204561
2019-07-03,15.22,15.22,15.04,15.05,1312825
2019-07-04,15.05,15.32,14.94,15.21,8283230
2019-07-07,15.21,15.47,15.10,15.36,8017009
2019-07-08,15.36,15.40,15.27,15.31,3896879
2019-07-09,15.31,15.33,15.18,15.20,2564814
2019-07-10,15.20,15.27,15.14,15.21,5033161
2019-07-11,15.21,15.24,15.09,15.12,3129080
2019-07-14,15.12,15.21,15.06,15.14,5272325
2019-07-15,15.14,15.18,15.04,15.08,3586351
2019-07-16,15.08,15.10,14.94,14.96,2342764
2019-07-17,14.96,15.00,14.87,14.91,3739094
2019-07-18,14.91,15.10,14.82,15.01,7009910
2019-07-21,15.01,15.07,14.95,15.01,4871262
2019-07-22,15.01,15.01,14.84,14.84,1298456
2019-07-23,14.84,14.86,14.71,14.74,2637174
2019-07-24,14.74,14.86,14.66,14.79,6047908
2019-07-25,14.79,14.79,14.62,14.62,1283744
2019-07-28,14.62,14.63,14.47,14.48,1801474
2019-07-29,14.48,14.49,14.31,14.32,1206035
2019-07-30,14.32,14.50,14.23,14.41,7028292
2019-07-31,14.41,14.64,14.31,14.55,7836145
2019-08-01,14.55,14.56,14.39,14.40,1678978
2019-08-04,14.40,14.51,14.33,14.44,5865432
2019-08-05,14.44,14.69,14.34,14.59,8074519
2019-08-06,14.59,14.61,14.47,14.49,2800068
2019-08-07,14.49,14.50,14.32,14.32,1128497
2019-08-08,14.32,14.44,14.25,14.37,5849931
2019-08-11,14.37,14.60,14.27,14.50,7902640
2019-08-12,14.50,14.55,14.42,14.47,4150823
2019-08-13,14.47,14.52,14.40,14.45,4495713
2019-08-14,14.45,14.50,14.38,14.43,4320027
2019-08-15,14.43,14.45,14.29,14.31,2265740
2019-08-18,14.31,14.51,14.22,14.42,7345198
2019-08-19,14.42,14.45,14.32,14.35,3385562
2019-08-20,14.35,14.52,14.27,14.44,6806584
2019-08-21,14.44,14.45,14.29,14.30,1731721
2019-08-22,14.30,14.56,14.19,14.46,8432578
2019-08-25,14.46,14.52,14.40,14.47,5106687
2019-08-26,14.47,14.65,14.38,14.56,6988614
2019-08-27,14.56,14.73,14.48,14.65,6794410
2019-08-28,14.65,14.92,14.54,14.81,8499382
2019-08-29,14.81,14.83,14.68,14.70,2449211
2019-09-01,14.70,14.71,14.55,14.56,1804389
2019-09-02,14.56,14.61,14.49,14.53,4318004
2019-09-03,14.53,14.75,14.44,14.65,7446844
2019-09-04,14.65,14.71,14.59,14.65,4795850
2019-09-05,14.65,14.69,14.56,14.60,3895884
2019-09-08,14.60,14.61,14.43,14.44,1314849
2019-09-09,14.44,14.47,14.33,14.36,3102126
2019-09-10,14.36,14.38,14.23,14.26,2566358
2019-09-11,14.26,14.29,14.15,14.19,3386556
2019-09-12,14.19,14.43,14.09,14.33,8056550
2019-09-15,14.33,14.37,14.24,14.27,3662757
2019-09-16,14.27,14.57,14.16,14.46,8995301
2019-09-17,14.46,14.64,14.37,14.55,6992455
2019-09-18,14.55,14.58,14.42,14.45,2518415
2019-09-19,14.45,14.54,14.38,14.47,5474417
2019-09-22,14.47,14.51,14.37,14.40,3243175
2019-09-23,14.40,14.42,14.27,14.29,2466666
2019-09-24,14.29,14.34,14.21,14.26,4157235
2019-09-25,14.26,14.51,14.16,14.40,8142043
2019-09-26,14.40,14.58,14.32,14.49,6840843
2019-09-29,14.49,14.76,14.39,14.65,8377091
2019-09-30,14.65,14.65,14.47,14.47,1022393
2019-10-01,14.47,14.50,14.36,14.39,2974279
2019-10-02,14.39,14.48,14.32,14.41,5467318
2019-10-03,14.41,14.42,14.25,14.25,1217558
2019-10-06,14.25,14.27,14.11,14.13,2200308
2019-10-07,14.13,14.29,14.05,14.21,6761248
2019-10-08,14.21,14.26,14.13,14.18,4060871
2019-10-09,14.18,14.41,14.08,14.31,7852263
2019-10-10,14.31,14.52,14.21,14.43,7592215
2019-10-13,14.43,14.49,14.37,14.43,4885665
2019-10-14,14.43,14.63,14.34,14.54,7263477
2019-10-15,14.54,14.57,14.43,14.47,3293552
2019-10-16,14.47,14.65,14.38,14.56,7025274
2019-10-17,14.56,14.60,14.47,14.51,3767283
2019-10-20,14.51,14.59,14.45,14.53,5198593
2019-10-21,14.53,14.64,14.46,14.57,5813031
2019-10-22,14.57,14.86,14.46,14.74,8697016
2019-10-23,14.74,15.03,14.63,14.92,8640672
2019-10-24,14.92,14.97,14.85,14.90,4582270
2019-10-27,14.90,14.91,14.73,14.74,1386008
2019-10-28,14.74,15.04,14.62,14.93,8953120
2019-10-29,14.93,15.09,14.84,15.01,6666323
2019-10-30,15.01,15.01,14.83,14.84,1167592
2019-10-31,14.84,14.84,14.67,14.68,1469272
2019-11-03,14.68,14.89,14.58,14.79,7398525
2019-11-04,14.79,14.83,14.69,14.72,3375102
2019-11-05,14.72,14.82,14.66,14.75,5522462
2019-11-06,14.75,14.77,14.61,14.63,2112208
2019-11-07,14.63,14.66,14.52,14.55,3341872
2019-11-10,14.55,14.83,14.45,14.72,8446021
2019-11-11,14.72,14.73,14.57,14.59,2140706
2019-11-12,14.59,14.64,14.52,14.57,4401234
2019-11-13,14.57,14.67,14.50,14.60,5573285
2019-11-14,14.60,14.63,14.48,14.51,2817352
2019-11-17,14.51,14.52,14.36,14.37,1886522
2019-11-18,14.37,14.63,14.27,14.52,8237585
2019-11-19,14.52,14.73,14.43,14.64,7475480
2019-11-20,14.64,14.83,14.55,14.74,7131069
2019-11-21,14.74,14.78,14.65,14.69,3772256
2019-11-24,14.69,14.73,14.59,14.63,3448422
2019-11-25,14.63,14.84,14.53,14.74,7468209
2019-11-26,14.74,14.78,14.64,14.68,3510631
2019-11-27,14.68,14.70,14.54,14.55,2069513
2019-11-28,14.55,14.69,14.48,14.61,6231275
2019-12-01,14.61,14.64,14.49,14.52,2786042
2019-12-02,14.52,14.68,14.44,14.60,6672085
2019-12-03,14.60,14.77,14.52,14.68,6753600
2019-12-04,14.68,14.74,14.63,14.69,4931824
2019-12-05,14.69,14.74,14.62,14.67,4589471
2019-12-08,14.67,14.72,14.60,14.65,4368518
2019-12-09,14.65,14.73,14.59,14.67,5281310
2019-12-10,14.67,14.86,14.58,14.77,7155006
2019-12-11,14.77,14.79,14.64,14.66,2409362
2019-12-12,14.66,14.85,14.57,14.76,7167832
2019-12-15,14.76,14.77,14.61,14.62,1702023
2019-12-16,14.62,14.66,14.54,14.59,4209465
2019-12-17,14.59,14.71,14.51,14.63,5924725
2019-12-18,14.63,14.85,14.54,14.76,7563854
2019-12-19,14.76,14.83,14.70,14.77,5102160
2019-12-22,14.77,14.82,14.71,14.77,4885322
2019-12-23,14.77,14.81,14.68,14.73,4073834
2019-12-24,14.73,15.00,14.62,14.89,8420781
2019-12-25,14.89,15.11,14.80,15.01,7382956
2019-12-26,15.01,15.03,14.88,14.90,2565294
2019-12-29,14.90,14.91,14.74,14.74,1498662
2019-12-30,14.74,15.04,14.63,14.92,8750960
2019-12-31,14.92,15.07,14.84,14.99,6371570
2020-01-01,14.99,15.03,14.89,14.93,3669135
2020-01-02,14.93,14.98,14.86,14.91,4322668
2020-01-05,14.91,14.94,14.79,14.81,2825994
2020-01-06,14.81,14.83,14.67,14.69,2265534
2020-01-07,14.69,14.78,14.63,14.72,5431412
2020-01-08,14.72,14.75,14.61,14.64,3261899
2020-01-09,14.64,14.93,14.53,14.81,8621193
2020-01-12,14.81,15.03,14.72,14.93,7410528
2020-01-13,14.93,14.96,14.81,14.84,3012620
2020-01-14,14.84,14.86,14.70,14.71,2069444
2020-01-15,14.71,14.81,14.65,14.75,5593347
2020-01-16,14.75,14.84,14.68,14.77,5411488
2020-01-19,14.77,14.78,14.62,14.64,1943621
2020-01-20,14.64,14.67,14.53,14.56,3313203
2020-01-21,14.56,14.68,14.49,14.61,5791838
2020-01-22,14.61,14.64,14.51,14.55,3577057
2020-01-23,14.55,14.59,14.46,14.50,3903429
2020-01-26,14.50,14.71,14.41,14.62,7487002
2020-01-27,14.62,14.64,14.48,14.50,2303086
2020-01-28,14.50,14.53,14.38,14.40,2697359
2020-01-29,14.40,14.52,14.33,14.45,5830315
2020-01-30,14.45,14.45,14.28,14.29,1455041
2020-02-02,14.29,14.32,14.18,14.21,3028326
2020-02-03,14.21,14.25,14.13,14.18,4155109
2020-02-04,14.18,14.22,14.11,14.15,4366255
2020-02-05,14.15,14.41,14.05,14.30,8229663
2020-02-06,14.30,14.41,14.23,14.34,5794718
2020-02-09,14.34,14.49,14.27,14.41,6370061
2020-02-10,14.41,14.51,14.34,14.44,5634705
2020-02-11,14.44,14.57,14.37,14.50,6082475
2020-02-12,14.50,14.52,14.38,14.40,2799794
2020-02-13,14.40,14.56,14.32,14.48,6576783
2020-02-16,14.48,14.74,14.37,14.64,8351714
2020-02-17,14.64,14.70,14.58,14.64,4988786
2020-02-18,14.64,14.79,14.56,14.71,6389231
2020-02-19,14.71,14.95,14.61,14.85,7935768
2020-02-20,14.85,15.12,14.74,15.01,8270370
2020-02-23,15.01,15.29,14.90,15.17,8405384
2020-02-24,15.17,15.44,15.07,15.33,8167969
2020-02-25,15.33,15.59,15.22,15.48,7977880
2020-02-26,15.48,15.74,15.37,15.63,7958573
2020-02-27,15.63,15.68,15.55,15.60,4381652
2020-03-01,15.60,15.83,15.50,15.73,7444650
2020-03-02,15.73,16.02,15.61,15.90,8382133
2020-03-03,15.90,16.16,15.79,16.05,7910150
2020-03-04,16.05,16.07,15.89,15.91,2004012
2020-03-05,15.91,15.98,15.84,15.91,5009396
2020-03-08,15.91,16.05,15.83,15.97,6086796
2020-03-09,15.97,16.00,15.85,15.88,2989300
2020-03-10,15.88,15.88,15.69,15.69,1173696
2020-03-11,15.69,15.71,15.55,15.57,2244924
2020-03-12,15.57,15.68,15.49,15.61,5733847
2020-03-15,15.61,15.88,15.49,15.77,8208367
2020-03-16,15.77,16.02,15.66,15.91,7717866
2020-03-17,15.91,16.02,15.84,15.94,5570987
2020-03-18,15.94,16.04,15.87,15.97,5446742
2020-03-19,15.97,15.98,15.81,15.82,1838957
2020-03-22,15.82,15.94,15.74,15.87,5834053
2020-03-23,15.87,15.92,15.78,15.83,4222153
2020-03-24,15.83,15.88,15.74,15.79,3941529
2020-03-25,15.79,15.80,15.63,15.64,1856378
2020-03-26,15.64,15.89,15.53,15.78,7867935
2020-03-29,15.78,15.79,15.61,15.61,1358916
2020-03-30,15.61,15.68,15.55,15.62,4971296
2020-03-31,15.62,15.66,15.52,15.56,3717421
2020-04-01,15.56,15.65,15.49,15.59,5424451
2020-04-02,15.59,15.61,15.45,15.47,2512139
2020-04-05,15.47,15.50,15.35,15.38,3103943
2020-04-06,15.38,15.42,15.28,15.32,3471467
2020-04-07,15.32,15.43,15.24,15.36,5812242
2020-04-08,15.36,15.37,15.19,15.19,1360836
2020-04-09,15.19,15.37,15.10,15.28,6833299
2020-04-12,15.28,15.30,15.14,15.16,2204938
2020-04-13,15.16,15.17,15.00,15.01,1821433
2020-04-14,15.01,15.04,14.89,14.92,2843278
2020-04-15,14.92,14.95,14.80,14.83,3023559
2020-04-16,14.83,15.07,14.73,14.97,7819067
2020-04-19,14.97,14.99,14.84,14.87,2834739
2020-04-20,14.87,14.91,14.77,14.81,3601440
2020-04-21,14.81,14.98,14.73,14.89,6687071
2020-04-22,14.89,14.91,14.75,14.77,2141015
2020-04-23,14.77,14.97,14.67,14.88,7271913
2020-04-26,14.88,14.89,14.72,14.73,1758779
2020-04-27,14.73,14.78,14.65,14.70,4095438
2020-04-28,14.70,14.70,14.53,14.54,1368312
2020-04-29,14.54,14.58,14.46,14.51,4367524
2020-04-30,14.51,14.56,14.43,14.47,4031344
2020-05-03,14.47,14.55,14.41,14.49,5223971
2020-05-04,14.49,14.50,14.34,14.35,1846639
2020-05-05,14.35,14.43,14.29,14.37,5282064
2020-05-06,14.37,14.50,14.30,14.43,6172222
2020-05-07,14.43,14.52,14.36,14.46,5529458
2020-05-10,14.46,14.49,14.35,14.38,3180932
2020-05-11,14.38,14.59,14.29,14.50,7546399
2020-05-12,14.50,14.53,14.38,14.40,2749314
2020-05-13,14.40,14.40,14.23,14.23,1061282
2020-05-14,14.23,14.28,14.17,14.22,4679835
2020-05-17,14.22,14.28,14.17,14.22,4839540
2020-05-18,14.22,14.24,14.09,14.10,2256447
2020-05-19,14.10,14.39,13.99,14.28,8905864
2020-05-20,14.28,14.47,14.19,14.38,7133470
2020-05-21,14.38,14.40,14.24,14.26,2099759
2020-05-24,14.26,14.47,14.16,14.38,7557818
2020-05-25,14.38,14.44,14.32,14.38,4964437
2020-05-26,14.38,14.42,14.30,14.34,3924554
2020-05-27,14.34,14.38,14.25,14.30,3969032
2020-05-28,14.30,14.31,14.14,14.15,1665775
2020-05-31,14.15,14.18,14.04,14.07,3064163
2020-06-01,14.07,14.08,13.92,13.92,1472839
2020-06-02,13.92,14.19,13.82,14.08,8570816
2020-06-03,14.08,14.11,13.97,13.99,2851920
2020-06-04,13.99,14.03,13.90,13.93,3402572
2020-06-07,13.93,13.99,13.87,13.94,5012894
2020-06-08,13.94,14.09,13.86,14.01,6621159
2020-06-09,14.01,14.08,13.95,14.02,5091563
2020-06-10,14.02,14.04,13.89,13.91,2325342
2020-06-11,13.91,13.92,13.76,13.77,1705212
2020-06-14,13.77,13.78,13.63,13.64,1873148
2020-06-15,13.64,13.68,13.56,13.60,3841495
2020-06-16,13.60,13.79,13.51,13.71,7437414
2020-06-17,13.71,13.77,13.65,13.71,5080658
2020-06-18,13.71,13.77,13.66,13.71,4894684
2020-06-21,13.71,13.74,13.61,13.64,3151097
2020-06-22,13.64,13.66,13.51,13.52,2047427
2020-06-23,13.52,13.79,13.41,13.69,8818244
2020-06-24,13.69,13.93,13.59,13.83,8179595
2020-06-25,13.83,13.87,13.75,13.79,4106790
2020-06-28,13.79,13.82,13.68,13.71,2945507
2020-06-29,13.71,13.72,13.57,13.58,1856241
2020-06-30,13.58,13.73,13.51,13.65,6592078
2020-07-01,13.65,13.80,13.58,13.73,6609807
2020-07-02,13.73,13.76,13.63,13.67,3514368
2020-07-05,13.67,13.72,13.61,13.67,4836625
2020-07-06,13.67,13.85,13.58,13.76,7144478
2020-07-07,13.76,14.02,13.66,13.92,8487311
2020-07-08,13.92,13.94,13.79,13.80,2173765
2020-07-09,13.80,14.03,13.71,13.93,7882853
2020-07-12,13.93,13.97,13.85,13.90,4108401
2020-07-13,13.90,13.91,13.76,13.77,1936831
2020-07-14,13.77,13.81,13.70,13.74,4158264
2020-07-15,13.74,13.75,13.59,13.60,1710973
2020-07-16,13.60,13.80,13.51,13.71,7459156
2020-07-19,13.71,13.90,13.63,13.82,7304046
2020-07-20,13.82,13.87,13.75,13.81,4628360
2020-07-21,13.81,13.93,13.73,13.86,6074074
2020-07-22,13.86,13.91,13.80,13.85,4653532
2020-07-23,13.85,14.09,13.75,13.99,8193895
2020-07-26,13.99,13.99,13.82,13.83,1114917
2020-07-27,13.83,14.03,13.74,13.94,7540054
2020-07-28,13.94,14.16,13.85,14.07,7740912
2020-07-29,14.07,14.11,13.98,14.02,3915020
2020-07-30,14.02,14.05,13.92,13.95,3296947
2020-08-02,13.95,14.11,13.88,14.03,6602743
2020-08-03,14.03,14.04,13.88,13.89,1807716
2020-08-04,13.89,13.93,13.79,13.82,3257544
2020-08-05,13.82,14.06,13.72,13.96,8112722
2020-08-06,13.96,14.09,13.89,14.02,6126337
2020-08-09,14.02,14.04,13.90,13.92,2755178
2020-08-10,13.92,14.14,13.83,14.04,7604183
2020-08-11,14.04,14.09,13.97,14.01,4204218
2020-08-12,14.01,14.08,13.96,14.02,5123182
2020-08-13,14.02,14.28,13.92,14.18,8410459
2020-08-16,14.18,14.38,14.09,14.29,7374691
2020-08-17,14.29,14.39,14.22,14.33,5694890
2020-08-18,14.33,14.44,14.26,14.37,5864883
2020-08-19,14.37,14.40,14.26,14.28,2971090
2020-08-20,14.28,14.51,14.19,14.41,7803635
2020-08-23,14.41,14.45,14.31,14.34,3300788
2020-08-24,14.34,14.36,14.21,14.23,2326748
2020-08-25,14.23,14.40,14.15,14.31,6782750
2020-08-26,14.31,14.36,14.23,14.28,4051508
2020-08-27,14.28,14.56,14.17,14.45,8775000
2020-08-30,14.45,14.57,14.38,14.50,5965569
2020-08-31,14.50,14.53,14.40,14.43,3450377
2020-09-01,14.43,14.44,14.28,14.29,1649176
2020-09-02,14.29,14.57,14.18,14.46,8685425
2020-09-03,14.46,14.51,14.40,14.46,4830727
2020-09-06,14.46,14.72,14.35,14.61,8282613
2020-09-07,14.61,14.63,14.47,14.49,2275651
2020-09-08,14.49,14.53,14.39,14.43,3525891
2020-09-09,14.43,14.67,14.33,14.57,8008641
2020-09-10,14.57,14.70,14.50,14.62,6069581
2020-09-13,14.62,14.65,14.51,14.53,2869204
2020-09-14,14.53,14.58,14.45,14.50,4160596
2020-09-15,14.50,14.71,14.41,14.61,7400548
2020-09-16,14.61,14.75,14.54,14.67,6193998
2020-09-17,14.67,14.93,14.57,14.82,8071810
2020-09-20,14.82,14.83,14.66,14.67,1601886
2020-09-21,14.67,14.97,14.55,14.85,8833607
2020-09-22,14.85,15.04,14.76,14.95,7075617
2020-09-23,14.95,15.20,14.85,15.10,8006927
2020-09-24,15.10,15.23,15.02,15.16,6121364
2020-09-27,15.16,15.21,15.09,15.14,4505349
2020-09-28,15.14,15.26,15.06,15.19,5949005
2020-09-29,15.19,15.20,15.02,15.02,1390603
2020-09-30,15.02,15.06,14.93,14.97,3694341
2020-10-01,14.97,15.14,14.88,15.06,6761454
2020-10-04,15.06,15.18,14.98,15.11,5974657
2020-10-05,15.11,15.36,15.00,15.25,7975925
2020-10-06,15.25,15.37,15.18,15.30,5777606
2020-10-07,15.30,15.50,15.20,15.41,7206858
2020-10-08,15.41,15.46,15.34,15.40,4683436
2020-10-11,15.40,15.55,15.32,15.47,6330795
2020-10-12,15.47,15.76,15.35,15.64,8420541
2020-10-13,15.64,15.72,15.57,15.65,5150205
2020-10-14,15.65,15.70,15.55,15.60,3754355
2020-10-15,15.60,15.66,15.54,15.60,4949039
2020-10-18,15.60,15.66,15.54,15.59,4709567
2020-10-19,15.59,15.60,15.42,15.42,1381618
2020-10-20,15.42,15.69,15.31,15.58,8125685
2020-10-21,15.58,15.76,15.49,15.67,6694855
2020-10-22,15.67,15.69,15.53,15.55,2545919
2020-10-25,15.55,15.64,15.49,15.57,5283813
2020-10-26,15.57,15.73,15.49,15.65,6439403
2020-10-27,15.65,15.67,15.51,15.54,2580589
2020-10-28,15.54,15.78,15.43,15.68,7756755
2020-10-29,15.68,15.89,15.58,15.79,7276543
2020-11-01,15.79,15.85,15.73,15.79,4818964
2020-11-02,15.79,15.82,15.66,15.69,2877846
2020-11-03,15.69,15.75,15.62,15.67,4539609
2020-11-04,15.67,15.73,15.60,15.66,4594375
2020-11-05,15.66,15.68,15.50,15.52,1980418
2020-11-08,15.52,15.53,15.35,15.36,1561934
2020-11-09,15.36,15.44,15.29,15.38,5240157
2020-11-10,15.38,15.66,15.26,15.54,8397805
2020-11-11,15.54,15.55,15.38,15.39,1676851
2020-11-12,15.39,15.41,15.24,15.25,2089643
2020-11-15,15.25,15.26,15.08,15.09,1463340
2020-11-16,15.09,15.36,14.98,15.25,8217695
2020-11-17,15.25,15.41,15.17,15.32,6476165
2020-11-18,15.32,15.62,15.21,15.50,8510356
2020-11-19,15.50,15.79,15.38,15.67,8517798
2020-11-22,15.67,15.79,15.60,15.72,5733058
2020-11-23,15.72,16.04,15.59,15.91,8872187
2020-11-24,15.91,16.04,15.83,15.96,5910493
2020-11-25,15.96,16.00,15.85,15.88,3193655
2020-11-26,15.88,16.01,15.80,15.93,5882167
2020-11-29,15.93,15.97,15.83,15.87,3729115
2020-11-30,15.87,15.89,15.72,15.74,2191289
2020-12-01,15.74,15.77,15.61,15.64,2873628
2020-12-02,15.64,15.73,15.57,15.66,5306995
2020-12-03,15.66,15.80,15.58,15.72,6059293
2020-12-06,15.72,15.75,15.60,15.64,3179903
2020-12-07,15.64,15.77,15.56,15.69,5977469
2020-12-08,15.69,15.71,15.54,15.55,2131001
2020-12-09,15.55,15.57,15.40,15.42,2134327
2020-12-10,15.42,15.42,15.24,15.24,1073868
2020-12-13,15.24,15.25,15.08,15.09,1739746
2020-12-14,15.09,15.12,14.97,15.00,3070233
2020-12-15,15.00,15.02,14.85,14.86,1929526
2020-12-16,14.86,15.13,14.76,15.02,8218861
2020-12-17,15.02,15.02,14.85,14.85,1320953
2020-12-20,14.85,14.89,14.76,14.81,3877777
2020-12-21,14.81,15.11,14.69,14.99,8901680
2020-12-22,14.99,15.26,14.88,15.15,8219821
2020-12-23,15.15,15.17,15.00,15.02,2251954
2020-12-24,15.02,15.22,14.93,15.13,7121536
2020-12-27,15.13,15.16,15.01,15.04,3100171
2020-12-28,15.04,15.32,14.93,15.21,8385390
2020-12-29,15.21,15.35,15.13,15.27,6211762
2020-12-30,15.27,15.36,15.21,15.29,5295336
2020-12-31,15.29,15.30,15.13,15.14,1611419
2021-01-03,15.14,15.14,14.97,14.98,1505692
2021-01-04,14.98,14.99,14.83,14.85,2138648
2021-01-05,14.85,14.85,14.68,14.68,1263374
2021-01-06,14.68,14.73,14.61,14.66,4336659
2021-01-07,14.66,14.72,14.60,14.66,4963443
2021-01-10,14.66,14.68,14.53,14.56,2674588
2021-01-11,14.56,14.57,14.41,14.43,2037997
2021-01-12,14.43,14.43,14.26,14.26,1103052
2021-01-13,14.26,14.26,14.09,14.09,1178395
2021-01-14,14.09,14.21,14.02,14.14,5943038
2021-01-17,14.14,14.15,14.00,14.01,1890809
2021-01-18,14.01,14.25,13.91,14.15,8108127
2021-01-19,14.15,14.18,14.05,14.08,3385116
2021-01-20,14.08,14.11,13.96,13.99,2660048
2021-01-21,13.99,14.01,13.87,13.90,2797119
2021-01-24,13.90,14.00,13.83,13.93,5697565
2021-01-25,13.93,14.09,13.85,14.01,6744101
2021-01-26,14.01,14.06,13.95,14.00,4578703
2021-01-27,14.00,14.25,13.90,14.14,8213717
2021-01-28,14.14,14.15,13.99,13.99,1476303
2021-01-31,13.99,14.28,13.89,14.17,8786213
2021-02-01,14.17,14.30,14.09,14.23,6266906
2021-02-02,14.23,14.36,14.15,14.28,6189986
2021-02-03,14.28,14.31,14.16,14.19,2752983
2021-02-04,14.19,14.22,14.08,14.11,3190466
2021-02-07,14.11,14.37,14.01,14.26,8218484
2021-02-08,14.26,14.37,14.19,14.30,5812345
2021-02-09,14.30,14.32,14.17,14.19,2317729
2021-02-10,14.19,14.22,14.07,14.10,2895130
2021-02-11,14.10,14.18,14.04,14.12,5297633
2021-02-14,14.12,14.30,14.04,14.21,6982030
2021-02-15,14.21,14.22,14.06,14.06,1553257
2021-02-16,14.06,14.11,14.00,14.05,4542181
2021-02-17,14.05,14.10,13.98,14.03,4516700
2021-02-18,14.03,14.24,13.94,14.15,7526200
2021-02-21,14.15,14.32,14.07,14.24,6879320
2021-02-22,14.24,14.37,14.16,14.30,6255075
2021-02-23,14.30,14.55,14.20,14.45,8147290
2021-02-24,14.45,14.67,14.35,14.57,7642386
2021-02-25,14.57,14.79,14.47,14.69,7530486
2021-02-28,14.69,14.86,14.61,14.78,6749862
2021-03-01,14.78,14.79,14.63,14.65,2164711
2021-03-02,14.65,14.69,14.56,14.60,3676268
2021-03-03,14.60,14.76,14.51,14.68,6667249
2021-03-04,14.68,14.69,14.52,14.54,1779629
2021-03-07,14.54,14.66,14.46,14.59,6025754
2021-03-08,14.59,14.62,14.48,14.51,3232784
2021-03-09,14.51,14.52,14.36,14.37,1820473
2021-03-10,14.37,14.39,14.23,14.24,1912277
2021-03-11,14.24,14.47,14.14,14.37,7779801
2021-03-14,14.37,14.47,14.30,14.40,5620576
2021-03-15,14.40,14.43,14.28,14.30,2669170
2021-03-16,14.30,14.52,14.21,14.43,7641632
2021-03-17,14.43,14.70,14.32,14.59,8513271
2021-03-18,14.59,14.63,14.50,14.53,3629766
2021-03-21,14.53,14.67,14.46,14.59,6151611
2021-03-22,14.59,14.71,14.52,14.63,5831893
2021-03-23,14.63,14.89,14.53,14.78,8127400
2021-03-24,14.78,14.95,14.70,14.86,6643072
2021-03-25,14.86,15.17,14.75,15.05,8909773
2021-03-28,15.05,15.09,14.95,14.99,3495404
2021-03-29,14.99,15.04,14.91,14.97,4449348
2021-03-30,14.97,15.04,14.91,14.98,5080246
2021-03-31,14.98,14.98,14.80,14.80,1067112
2021-04-01,14.80,14.83,14.68,14.71,2903772
2021-04-04,14.71,14.81,14.64,14.74,5676646
2021-04-05,14.74,14.79,14.66,14.71,4175857
2021-04-06,14.71,14.80,14.65,14.73,5339677
2021-04-07,14.73,14.86,14.66,14.78,6032304
2021-04-08,14.78,15.04,14.68,14.94,8154972
2021-04-11,14.94,15.13,14.84,15.04,7090397
2021-04-12,15.04,15.05,14.87,14.88,1480555
2021-04-13,14.88,15.15,14.77,15.04,8337791
2021-04-14,15.04,15.08,14.94,14.97,3489266
2021-04-15,14.97,15.01,14.87,14.90,3354732
2021-04-18,14.90,15.16,14.80,15.05,8057647
2021-04-19,15.05,15.17,14.98,15.10,5869615
2021-04-20,15.10,15.29,15.01,15.20,6988168
2021-04-21,15.20,15.22,15.07,15.09,2647873
2021-04-22,15.09,15.10,14.93,14.93,1564780
2021-04-25,14.93,15.17,14.83,15.07,7714197
2021-04-26,15.07,15.10,14.96,15.00,3441803
2021-04-27,15.00,15.01,14.85,14.86,1908093
2021-04-28,14.86,15.16,14.74,15.04,8866152
2021-04-29,15.04,15.16,14.97,15.09,5772770
2021-05-02,15.09,15.11,14.94,14.96,2232887
2021-05-03,14.96,15.08,14.89,15.00,5777366
2021-05-04,15.00,15.07,14.94,15.01,4974108
2021-05-05,15.01,15.13,14.94,15.06,5872496
2021-05-06,15.06,15.07,14.90,14.91,1781172
2021-05-09,14.91,14.96,14.84,14.89,4379149
2021-05-10,14.89,15.15,14.78,15.04,8160253
2021-05-11,15.04,15.30,14.93,15.20,8210905
2021-05-12,15.20,15.41,15.10,15.31,7321227
2021-05-13,15.31,15.36,15.24,15.29,4429492
2021-05-16,15.29,15.34,15.21,15.27,4399897
2021-05-17,15.27,15.27,15.09,15.09,1133676
2021-05-18,15.09,15.22,15.01,15.14,6013545
2021-05-19,15.14,15.15,14.98,14.99,1681481
2021-05-20,14.99,15.06,14.93,15.00,5149828
2021-05-23,15.00,15.27,14.89,15.16,8245747
2021-05-24,15.16,15.20,15.05,15.09,3388991
2021-05-25,15.09,15.26,15.00,15.18,6703017
2021-05-26,15.18,15.33,15.09,15.25,6459430
2021-05-27,15.25,15.31,15.19,15.25,4855761
2021-05-30,15.25,15.25,15.07,15.07,1126577
2021-05-31,15.07,15.12,14.98,15.03,3987928
2021-06-01,15.03,15.03,14.86,14.87,1415123
2021-06-02,14.87,15.10,14.77,15.00,7753840
2021-06-03,15.00,15.05,14.92,14.97,4164574
2021-06-06,14.97,15.02,14.89,14.94,4400411
2021-06-07,14.94,15.07,14.87,14.99,5918141
2021-06-08,14.99,15.01,14.85,14.87,2322702
2021-06-09,14.87,14.87,14.70,14.70,1144958
2021-06-10,14.70,14.88,14.61,14.79,6952812
2021-06-13,14.79,14.81,14.64,14.65,1795644
2021-06-14,14.65,14.68,14.54,14.56,2982098
2021-06-15,14.56,14.70,14.49,14.62,6191186
2021-06-16,14.62,14.74,14.55,14.67,5916735
2021-06-17,14.67,14.75,14.61,14.69,5245164
2021-06-20,14.69,14.87,14.60,14.78,6966598
2021-06-21,14.78,14.80,14.64,14.65,2019307
2021-06-22,14.65,14.68,14.54,14.58,3267489
2021-06-23,14.58,14.63,14.51,14.57,4612379
2021-06-24,14.57,14.57,14.40,14.41,1436694
2021-06-27,14.41,14.67,14.30,14.57,8382407
2021-06-28,14.57,14.59,14.44,14.46,2461865
2021-06-29,14.46,14.67,14.36,14.57,7502229
2021-06-30,14.57,14.82,14.47,14.71,7923251
2021-07-01,14.71,14.76,14.62,14.67,3848388
2021-07-04,14.67,14.89,14.57,14.79,7549245
2021-07-05,14.79,14.87,14.73,14.80,5223353
2021-07-06,14.80,14.85,14.72,14.77,4105281
2021-07-07,14.77,14.83,14.71,14.77,4911076
2021-07-08,14.77,14.81,14.67,14.71,3616049
2021-07-11,14.71,14.87,14.63,14.79,6565877
2021-07-12,14.79,14.82,14.67,14.70,2921056
2021-07-13,14.70,14.85,14.62,14.77,6434670
2021-07-14,14.77,14.93,14.69,14.85,6563511
2021-07-15,14.85,14.91,14.79,14.85,4912517
2021-07-18,14.85,14.85,14.67,14.67,1012551
2021-07-19,14.67,14.88,14.58,14.79,7431515
2021-07-20,14.79,14.93,14.71,14.85,6218792
2021-07-21,14.85,15.02,14.76,14.93,6683024
2021-07-22,14.93,14.98,14.86,14.91,4503223
2021-07-25,14.91,14.93,14.77,14.79,2173216
2021-07-26,14.79,14.81,14.67,14.69,2779423
2021-07-27,14.69,14.69,14.52,14.52,1111968
2021-07-28,14.52,14.56,14.44,14.48,4109122
2021-07-29,14.48,14.77,14.37,14.65,8635082
2021-08-01,14.65,14.94,14.54,14.82,8591083
2021-08-02,14.82,15.03,14.73,14.94,7359842
2021-08-03,14.94,14.98,14.84,14.88,3583333
2021-08-04,14.88,15.02,14.80,14.94,6273902
2021-08-05,14.94,15.15,14.85,15.05,7258710
2021-08-08,15.05,15.24,14.96,15.15,6957510
2021-08-09,15.15,15.25,15.08,15.18,5493758
2021-08-10,15.18,15.38,15.09,15.29,7139060
2021-08-11,15.29,15.42,15.21,15.35,6090946
2021-08-12,15.35,15.35,15.18,15.19,1583984
2021-08-15,15.19,15.21,15.05,15.07,2334224
2021-08-16,15.07,15.12,14.99,15.04,4316975
2021-08-17,15.04,15.16,14.97,15.09,5877914
2021-08-18,15.09,15.13,15.01,15.05,4177537
2021-08-19,15.05,15.12,14.99,15.06,4968930
2021-08-22,15.06,15.17,14.99,15.10,5708882
2021-08-23,15.10,15.35,14.99,15.24,8002331
2021-08-24,15.24,15.28,15.14,15.17,3380144
2021-08-25,15.17,15.22,15.10,15.15,4410219
2021-08-26,15.15,15.15,14.97,14.97,1141941
2021-08-29,14.97,15.00,14.85,14.88,2883950
2021-08-30,14.88,14.96,14.82,14.90,5315260
2021-08-31,14.90,14.93,14.78,14.81,2929698
2021-09-01,14.81,14.99,14.72,14.90,6813683
2021-09-02,14.90,14.94,14.81,14.85,3757338
2021-09-05,14.85,15.14,14.73,15.02,8698936
2021-09-06,15.02,15.05,14.89,14.91,2502674
2021-09-07,14.91,14.94,14.80,14.83,3069787
2021-09-08,14.83,14.94,14.76,14.87,5782990
2021-09-09,14.87,14.87,14.70,14.70,1284259
2021-09-12,14.70,14.86,14.62,14.78,6585939
2021-09-13,14.78,14.88,14.71,14.81,5515192
2021-09-14,14.81,14.97,14.73,14.88,6491769
2021-09-15,14.88,14.89,14.72,14.73,1639128
2021-09-16,14.73,14.77,14.63,14.66,3228875
2021-09-19,14.66,14.75,14.59,14.68,5458539
2021-09-20,14.68,14.91,14.59,14.81,7562688
2021-09-21,14.81,14.83,14.67,14.69,2257373
2021-09-22,14.69,14.69,14.52,14.53,1517901
2021-09-23,14.53,14.57,14.44,14.48,3689951
2021-09-26,14.48,14.60,14.41,14.53,5934019
2021-09-27,14.53,14.65,14.45,14.58,6003189
2021-09-28,14.58,14.58,14.41,14.42,1354252
2021-09-29,14.42,14.42,14.26,14.27,1592146
2021-09-30,14.27,14.40,14.19,14.33,6247736
2021-10-03,14.33,14.37,14.24,14.28,3888923
2021-10-04,14.28,14.56,14.18,14.45,8565089
2021-10-05,14.45,14.55,14.38,14.48,5584876
2021-10-06,14.48,14.64,14.40,14.56,6627297
2021-10-07,14.56,14.70,14.48,14.62,6186179
2021-10-10,14.62,14.83,14.53,14.73,7347942
2021-10-11,14.73,14.79,14.67,14.73,4902709
2021-10-12,14.73,14.85,14.66,14.78,5788751
2021-10-13,14.78,14.95,14.69,14.87,6870267
2021-10-14,14.87,14.88,14.72,14.74,2048491
2021-10-17,14.74,14.76,14.61,14.64,2706138
2021-10-18,14.64,14.85,14.54,14.75,7485185
2021-10-19,14.75,14.76,14.59,14.59,1397976
2021-10-20,14.59,14.86,14.49,14.75,8271673
2021-10-21,14.75,14.80,14.68,14.73,4526028
2021-10-24,14.73,14.88,14.65,14.80,6284499
2021-10-25,14.80,14.81,14.64,14.66,1818689
2021-10-26,14.66,14.66,14.49,14.49,1326131
2021-10-27,14.49,14.54,14.41,14.45,4041392
2021-10-28,14.45,14.48,14.33,14.36,2680521
2021-10-31,14.36,14.36,14.19,14.19,1218827
2021-11-01,14.19,14.31,14.12,14.24,6001989
2021-11-02,14.24,14.37,14.17,14.30,6190500
2021-11-03,14.30,14.51,14.21,14.42,7537448
2021-11-04,14.42,14.63,14.32,14.54,7499622
2021-11-07,14.54,14.76,14.44,14.66,7681961
2021-11-08,14.66,14.89,14.57,14.79,7615329
2021-11-09,14.79,14.83,14.70,14.74,3867626
2021-11-10,14.74,14.76,14.61,14.63,2488237
2021-11-11,14.63,14.69,14.57,14.63,4785802
2021-11-14,14.63,14.78,14.55,14.70,6439334
2021-11-15,14.70,14.71,14.55,14.56,1942661
2021-11-16,14.56,14.58,14.43,14.45,2382201
2021-11-17,14.45,14.47,14.32,14.34,2548079
2021-11-18,14.34,14.35,14.18,14.19,1378566
2021-11-21,14.19,14.23,14.10,14.14,3737860
2021-11-22,14.14,14.17,14.04,14.08,3527194
2021-11-23,14.08,14.12,14.00,14.04,4129286
2021-11-24,14.04,14.09,13.97,14.01,4186111
2021-11-25,14.01,14.07,13.95,14.01,4710013
2021-11-28,14.01,14.10,13.94,14.03,5528155
2021-11-29,14.03,14.22,13.95,14.13,7060288
2021-11-30,14.13,14.14,13.97,13.98,1429869
2021-12-01,13.98,14.27,13.87,14.15,8908504
2021-12-02,14.15,14.37,14.06,14.28,7693724
2021-12-05,14.28,14.34,14.22,14.28,5020096
2021-12-06,14.28,14.29,14.13,14.14,1603669
2021-12-07,14.14,14.14,13.98,13.99,1419753
2021-12-08,13.99,14.01,13.87,13.90,2814026
2021-12-09,13.90,13.92,13.78,13.81,2946982
2021-12-12,13.81,14.02,13.72,13.93,7571707
2021-12-13,13.93,14.05,13.86,13.98,6144993
2021-12-14,13.98,14.23,13.88,14.13,8271776
2021-12-15,14.13,14.22,14.07,14.16,5482921
2021-12-16,14.16,14.18,14.03,14.05,2346330
2021-12-19,14.05,14.10,13.99,14.05,4911385
2021-12-20,14.05,14.19,13.97,14.12,6486728
2021-12-21,14.12,14.14,14.00,14.02,2751371
2021-12-22,14.02,14.07,13.95,13.99,4199142
2021-12-23,13.99,14.11,13.92,14.04,5916460
2021-12-26,14.04,14.06,13.92,13.94,2693449
2021-12-27,13.94,13.95,13.79,13.79,1468381
2021-12-28,13.79,13.97,13.71,13.89,7105452
2021-12-29,13.89,13.98,13.83,13.92,5505898
2021-12-30,13.92,14.15,13.82,14.06,8052434
2022-01-02,14.06,14.14,13.99,14.08,5387037
2022-01-03,14.08,14.23,14.00,14.15,6522050
2022-01-04,14.15,14.18,14.05,14.08,3284636
2022-01-05,14.08,14.12,14.00,14.04,4094547
2022-01-06,14.04,14.05,13.88,13.88,1075240
2022-01-09,13.88,14.02,13.80,13.95,6498319
2022-01-10,13.95,14.10,13.87,14.02,6561316
2022-01-11,14.02,14.29,13.92,14.18,8498799
2022-01-12,14.18,14.24,14.12,14.19,5026817
2022-01-13,14.19,14.43,14.09,14.33,8120679
2022-01-16,14.33,14.58,14.23,14.48,8126063
2022-01-17,14.48,14.49,14.34,14.35,2203463
2022-01-18,14.35,14.40,14.28,14.32,4105967
2022-01-19,14.32,14.35,14.22,14.25,3290363
2022-01-20,14.25,14.25,14.09,14.09,1361591
2022-01-23,14.09,14.20,14.02,14.13,5850514
2022-01-24,14.13,14.22,14.07,14.15,5325034
2022-01-25,14.15,14.26,14.09,14.20,5834533
2022-01-26,14.20,14.48,14.09,14.37,8687654
2022-01-27,14.37,14.37,14.21,14.22,1563408
2022-01-30,14.22,14.24,14.10,14.13,2955624
2022-01-31,14.13,14.37,14.03,14.27,7950720
2022-02-01,14.27,14.30,14.16,14.20,3338820
2022-02-02,14.20,14.24,14.12,14.16,4058196
2022-02-03,14.16,14.34,14.08,14.25,6973045
2022-02-06,14.25,14.37,14.18,14.30,5984602
2022-02-07,14.30,14.35,14.24,14.29,4475582
2022-02-08,14.29,14.29,14.11,14.12,1087962
2022-02-09,14.12,14.17,14.06,14.11,4834087
2022-02-10,14.11,14.32,14.02,14.23,7541117
2022-02-13,14.23,14.24,14.08,14.09,1628806
2022-02-14,14.09,14.12,13.98,14.01,3220610
2022-02-15,14.01,14.28,13.91,14.18,8588134
2022-02-16,14.18,14.22,14.09,14.13,3928909
2022-02-17,14.13,14.18,14.07,14.12,4477503
2022-02-20,14.12,14.14,14.00,14.03,2949965
2022-02-21,14.03,14.06,13.93,13.96,3321604
2022-02-22,13.96,14.00,13.88,13.92,3938100
2022-02-23,13.92,13.93,13.78,13.79,1959945
2022-02-24,13.79,13.82,13.69,13.72,3140226
2022-02-27,13.72,13.78,13.67,13.72,4935733
2022-02-28,13.72,14.01,13.61,13.90,8951406
2022-03-01,13.90,14.06,13.82,13.98,6718106
2022-03-02,13.98,14.00,13.86,13.89,2803737
2022-03-03,13.89,13.92,13.78,13.82,3257681
2022-03-06,13.82,13.82,13.66,13.66,1388580
2022-03-07,13.66,13.94,13.56,13.83,8875445
2022-03-08,13.83,13.88,13.76,13.81,4212105
2022-03-09,13.81,13.95,13.73,13.88,6484979
2022-03-10,13.88,13.90,13.75,13.77,2484190
2022-03-13,13.77,13.95,13.69,13.87,7148010
2022-03-14,13.87,13.87,13.71,13.72,1340637
2022-03-15,13.72,13.74,13.61,13.63,2963305
2022-03-16,13.63,13.83,13.55,13.74,7398731
2022-03-17,13.74,13.82,13.68,13.76,5288888
2022-03-20,13.76,13.86,13.69,13.79,5646124
2022-03-21,13.79,14.04,13.69,13.94,8297599
2022-03-22,13.94,14.04,13.87,13.97,5663065
2022-03-23,13.97,14.08,13.90,14.02,5865980
2022-03-24,14.02,14.09,13.96,14.03,5177949
2022-03-27,14.03,14.14,13.96,14.07,5796502
2022-03-28,14.07,14.24,13.99,14.16,6956207
2022-03-29,14.16,14.17,14.00,14.01,1373113
2022-03-30,14.01,14.01,13.84,13.84,1022530
2022-03-31,13.84,13.88,13.76,13.81,4250137
2022-04-03,13.81,14.05,13.71,13.95,8216426
2022-04-04,13.95,13.98,13.83,13.86,2674485
2022-04-05,13.86,13.86,13.69,13.69,1081104
2022-04-06,13.69,13.75,13.64,13.70,5041220
2022-04-07,13.70,13.82,13.63,13.75,6085699
2022-04-10,13.75,14.03,13.64,13.92,8782441
2022-04-11,13.92,13.95,13.81,13.84,3180829
2022-04-12,13.84,14.00,13.77,13.92,6589506
2022-04-13,13.92,14.08,13.84,14.00,6687482
2022-04-14,14.00,14.11,13.93,14.04,5968587
2022-04-17,14.04,14.25,13.95,14.16,7519238
2022-04-18,14.16,14.29,14.09,14.22,6129561
2022-04-19,14.22,14.50,14.11,14.39,8737825
2022-04-20,14.39,14.43,14.31,14.36,4208230
2022-04-21,14.36,14.38,14.23,14.25,2442009
2022-04-24,14.25,14.42,14.16,14.33,6821879
2022-04-25,14.33,14.57,14.23,14.47,7989814
2022-04-26,14.47,14.65,14.39,14.57,6958161
2022-04-27,14.57,14.60,14.47,14.51,3554080
2022-04-28,14.51,14.64,14.43,14.57,6197325
2022-05-01,14.57,14.75,14.48,14.66,7011351
2022-05-02,14.66,14.68,14.53,14.54,2267764
2022-05-03,14.54,14.56,14.40,14.42,2164094
2022-05-04,14.42,14.54,14.35,14.47,5934910
2022-05-05,14.47,14.61,14.39,14.53,6296262
2022-05-08,14.53,14.73,14.44,14.64,7223456
2022-05-09,14.64,14.83,14.55,14.74,7062174
2022-05-10,14.74,14.77,14.62,14.65,2972908
2022-05-11,14.65,14.94,14.54,14.83,8708744
2022-05-12,14.83,14.94,14.76,14.87,5726474
2022-05-15,14.87,14.90,14.77,14.81,3631035
2022-05-16,14.81,14.82,14.66,14.67,1953292
2022-05-17,14.67,14.75,14.61,14.69,5261145
2022-05-18,14.69,14.73,14.59,14.63,3603978
2022-05-19,14.63,14.77,14.55,14.70,6290432
2022-05-22,14.70,15.00,14.58,14.88,8999519
2022-05-23,14.88,15.03,14.81,14.95,6225068
2022-05-24,14.95,14.95,14.77,14.77,1053497
2022-05-25,14.77,14.82,14.69,14.74,4274931
2022-05-26,14.74,14.92,14.65,14.83,6827640
2022-05-29,14.83,14.93,14.76,14.86,5575823
2022-05-30,14.86,14.88,14.73,14.75,2420713
2022-05-31,14.75,15.04,14.63,14.93,8745027
2022-06-01,14.93,15.13,14.83,15.03,7190740
2022-06-02,15.03,15.21,14.95,15.12,6770198
2022-06-05,15.12,15.33,15.03,15.24,7310562
2022-06-06,15.24,15.24,15.06,15.06,1231584
2022-06-07,15.06,15.12,15.00,15.05,4656721
2022-06-08,15.05,15.17,14.98,15.10,5857578
2022-06-09,15.10,15.29,15.01,15.20,7031687
2022-06-12,15.20,15.42,15.10,15.32,7413614
2022-06-13,15.32,15.56,15.22,15.46,7719410
2022-06-14,15.46,15.50,15.37,15.41,3924382
2022-06-15,15.41,15.43,15.27,15.29,2374211
2022-06-16,15.29,15.56,15.18,15.45,8229389
2022-06-19,15.45,15.49,15.34,15.37,3243004
2022-06-20,15.37,15.69,15.25,15.56,8871844
2022-06-21,15.56,15.59,15.43,15.46,2720850
2022-06-22,15.46,15.74,15.34,15.62,8320884
2022-06-23,15.62,15.77,15.54,15.69,6239849
2022-06-26,15.69,15.71,15.55,15.58,2527126
2022-06-27,15.58,15.74,15.49,15.65,6491358
2022-06-28,15.65,15.77,15.58,15.70,5811556
2022-06-29,15.70,15.73,15.58,15.61,2981550
2022-06-30,15.61,15.61,15.42,15.42,1087757
2022-07-03,15.42,15.45,15.30,15.33,2920301
2022-07-04,15.33,15.55,15.23,15.45,7417455
2022-07-05,15.45,15.49,15.34,15.38,3443415
2022-07-06,15.38,15.70,15.26,15.57,8899417
2022-07-07,15.57,15.61,15.46,15.49,3168175
2022-07-10,15.49,15.81,15.37,15.68,8891666
2022-07-11,15.68,15.72,15.56,15.59,3082235
2022-07-12,15.59,15.60,15.42,15.43,1567043
2022-07-13,15.43,15.49,15.37,15.43,4765843
2022-07-14,15.43,15.49,15.37,15.42,4802091
2022-07-17,15.42,15.55,15.35,15.48,5947393
2022-07-18,15.48,15.50,15.33,15.36,2399279
2022-07-19,15.36,15.36,15.18,15.19,1392318
2022-07-20,15.19,15.23,15.09,15.13,3642558
2022-07-21,15.13,15.20,15.07,15.14,5125308
2022-07-24,15.14,15.19,15.06,15.11,4186248
2022-07-25,15.11,15.24,15.03,15.16,5985871
2022-07-26,15.16,15.43,15.05,15.32,8277263
2022-07-27,15.32,15.61,15.21,15.50,8517215
2022-07-28,15.50,15.78,15.38,15.66,8310665
2022-07-31,15.66,15.87,15.56,15.77,7188477
2022-08-01,15.77,15.79,15.61,15.62,1718552
2022-08-02,15.62,15.75,15.54,15.67,5950274
2022-08-03,15.67,15.75,15.61,15.69,5192283
2022-08-04,15.69,15.72,15.57,15.60,3123593
2022-08-07,15.60,15.62,15.45,15.47,2238031
2022-08-08,15.47,15.58,15.40,15.51,5622016
2022-08-09,15.51,15.77,15.40,15.66,8065672
2022-08-10,15.66,15.96,15.54,15.84,8507270
2022-08-11,15.84,15.88,15.74,15.79,3811008
2022-08-14,15.79,15.83,15.69,15.74,3878120
2022-08-15,15.74,15.79,15.65,15.70,4091323
2022-08-16,15.70,15.73,15.58,15.61,3092592
2022-08-17,15.61,15.62,15.45,15.46,1894272
2022-08-18,15.46,15.75,15.35,15.63,8323525
2022-08-21,15.63,15.82,15.54,15.73,6800102
2022-08-22,15.73,15.82,15.66,15.75,5447462
2022-08-23,15.75,16.05,15.63,15.93,8537208
2022-08-24,15.93,15.95,15.78,15.80,2266872
2022-08-25,15.80,15.82,15.64,15.65,1871021
2022-08-28,15.65,15.92,15.54,15.81,8065706
2022-08-29,15.81,16.13,15.69,16.01,8826234
2022-08-30,16.01,16.03,15.86,15.89,2498285
2022-08-31,15.89,15.91,15.74,15.76,2242352
2022-09-01,15.76,15.88,15.68,15.80,5811522
2022-09-04,15.80,15.83,15.67,15.69,2662585
2022-09-05,15.69,15.71,15.55,15.57,2400480
2022-09-06,15.57,15.63,15.50,15.55,4556069
2022-09-07,15.55,15.67,15.48,15.59,5697256
2022-09-08,15.59,15.64,15.50,15.54,3873422
2022-09-11,15.54,15.83,15.43,15.72,8393209
2022-09-12,15.72,15.91,15.62,15.82,6935631
2022-09-13,15.82,15.83,15.66,15.67,1994513
2022-09-14,15.67,15.73,15.61,15.66,4656275
2022-09-15,15.66,15.67,15.50,15.51,1711042
2022-09-18,15.51,15.77,15.40,15.66,8097085
2022-09-19,15.66,15.72,15.60,15.65,4678600
2022-09-20,15.65,15.66,15.48,15.48,1356824
2022-09-21,15.48,15.49,15.31,15.32,1514471
2022-09-22,15.32,15.36,15.22,15.27,3793518
2022-09-25,15.27,15.27,15.09,15.09,1206310
2022-09-26,15.09,15.10,14.93,14.94,1580006
2022-09-27,14.94,15.02,14.87,14.96,5334362
2022-09-28,14.96,15.01,14.89,14.94,4592832
2022-09-29,14.94,14.98,14.85,14.88,3627023
2022-10-02,14.88,14.94,14.82,14.87,4634465
2022-10-03,14.87,15.05,14.79,14.97,6849725
2022-10-04,14.97,14.99,14.85,14.88,2988854
2022-10-05,14.88,14.94,14.82,14.88,5027160
2022-10-06,14.88,14.92,14.78,14.81,3310322
2022-10-09,14.81,14.84,14.69,14.72,2998834
2022-10-10,14.72,14.74,14.57,14.58,1845781
2022-10-11,14.58,14.67,14.52,14.60,5307956
2022-10-12,14.60,14.79,14.52,14.70,6990294
2022-10-13,14.70,14.85,14.62,14.77,6423662
2022-10-16,14.77,15.03,14.66,14.92,8175960
2022-10-17,14.92,14.94,14.78,14.80,2296570
2022-10-18,14.80,14.93,14.73,14.86,6094135
2022-10-19,14.86,15.06,14.77,14.97,7247668
2022-10-20,14.97,15.24,14.86,15.13,8250994
2022-10-23,15.13,15.17,15.05,15.09,4190534
2022-10-24,15.09,15.21,15.02,15.14,5856412
2022-10-25,15.14,15.19,15.06,15.11,4186899
2022-10-26,15.11,15.15,15.02,15.07,4046193
2022-10-27,15.07,15.28,14.97,15.18,7335528
2022-10-30,15.18,15.19,15.01,15.02,1437620
2022-10-31,15.02,15.33,14.90,15.21,8994444
2022-11-01,15.21,15.41,15.12,15.31,7018347
2022-11-02,15.31,15.35,15.20,15.24,3336488
2022-11-03,15.24,15.39,15.16,15.31,6368621
2022-11-06,15.31,15.58,15.20,15.47,8238203
2022-11-07,15.47,15.55,15.41,15.49,5216838
2022-11-08,15.49,15.72,15.39,15.62,7502057
2022-11-09,15.62,15.77,15.53,15.69,6328429
2022-11-10,15.69,15.71,15.54,15.56,2412002
2022-11-13,15.56,15.81,15.46,15.70,7728086
2022-11-14,15.70,15.76,15.63,15.69,4622359
2022-11-15,15.69,15.84,15.61,15.76,6255315
2022-11-16,15.76,15.78,15.61,15.64,2380041
2022-11-17,15.64,15.80,15.55,15.71,6453326
2022-11-20,15.71,15.76,15.62,15.67,4080109
2022-11-21,15.67,15.70,15.54,15.57,2791255
2022-11-22,15.57,15.78,15.47,15.68,7154663
2022-11-23,15.68,15.89,15.58,15.80,7219718
2022-11-24,15.80,15.85,15.71,15.77,4295061
2022-11-27,15.77,15.78,15.61,15.63,2059705
2022-11-28,15.63,15.66,15.51,15.54,3007475
2022-11-29,15.54,15.56,15.39,15.41,2224794
2022-11-30,15.41,15.43,15.27,15.29,2501783
2022-12-01,15.29,15.32,15.17,15.19,2776714
2022-12-04,15.19,15.44,15.09,15.34,7913786
2022-12-05,15.34,15.38,15.24,15.29,3814231
2022-12-06,15.29,15.30,15.13,15.14,1860768
2022-12-07,15.14,15.44,15.02,15.32,8695370
2022-12-08,15.32,15.33,15.15,15.15,1330384
2022-12-11,15.15,15.19,15.05,15.09,3592969
2022-12-12,15.09,15.34,14.99,15.23,7902880
2022-12-13,15.23,15.39,15.15,15.31,6383573
2022-12-14,15.31,15.34,15.19,15.23,3306652
2022-12-15,15.23,15.54,15.11,15.42,8869650
2022-12-18,15.42,15.57,15.34,15.49,6307133
2022-12-19,15.49,15.54,15.41,15.46,4335150
2022-12-20,15.46,15.65,15.37,15.56,6929012
2022-12-21,15.56,15.61,15.49,15.54,4434396
2022-12-22,15.54,15.56,15.38,15.40,2011796
2022-12-25,15.40,15.49,15.33,15.43,5414300
2022-12-26,15.43,15.47,15.34,15.39,4098696
2022-12-27,15.39,15.63,15.29,15.52,7669924
2022-12-28,15.52,15.76,15.42,15.66,7658847
2022-12-29,15.66,15.96,15.54,15.84,8633367
2023-01-01,15.84,16.15,15.72,16.03,8642866
2023-01-02,16.03,16.36,15.90,16.23,8995987
2023-01-03,16.23,16.33,16.16,16.26,5371742
2023-01-04,16.26,16.55,16.14,16.43,8263957
2023-01-05,16.43,16.49,16.36,16.42,4759053
2023-01-08,16.42,16.54,16.35,16.46,5647153
2023-01-09,16.46,16.48,16.29,16.31,1866529
2023-01-10,16.31,16.47,16.22,16.38,6281378
2023-01-11,16.38,16.44,16.31,16.38,4792935
2023-01-12,16.38,16.70,16.25,16.57,8783916
2023-01-15,16.57,16.92,16.44,16.78,8896296
2023-01-16,16.78,16.94,16.70,16.85,6142421
2023-01-17,16.85,17.16,16.73,17.03,8349451
2023-01-18,17.03,17.31,16.91,17.19,7937139
2023-01-19,17.19,17.27,17.13,17.20,5028943
2023-01-22,17.20,17.25,17.10,17.15,3896467
2023-01-23,17.15,17.35,17.05,17.25,6737242
2023-01-24,17.25,17.31,17.18,17.24,4785836
2023-01-25,17.24,17.45,17.14,17.35,6758299
2023-01-26,17.35,17.68,17.21,17.55,8629938
2023-01-29,17.55,17.90,17.41,17.76,8746433
2023-01-30,17.76,17.82,17.67,17.73,4268278
2023-01-31,17.73,18.09,17.59,17.95,8948559
2023-02-01,17.95,18.01,17.86,17.92,4244067
2023-02-02,17.92,18.20,17.80,18.08,7759739
2023-02-05,18.08,18.11,17.94,17.97,3026440
2023-02-06,17.97,18.00,17.82,17.85,2612071
2023-02-07,17.85,17.91,17.76,17.83,4566015
2023-02-08,17.83,17.85,17.66,17.68,2196913
2023-02-09,17.68,17.92,17.57,17.81,7183779
2023-02-12,17.81,17.96,17.72,17.87,6020438
2023-02-13,17.87,17.88,17.68,17.70,1793312
2023-02-14,17.70,17.80,17.62,17.72,5292524
2023-02-15,17.72,17.98,17.61,17.86,7456344
2023-02-16,17.86,17.95,17.79,17.88,5148971
2023-02-19,17.88,18.20,17.75,18.07,8271639
2023-02-20,18.07,18.12,17.97,18.03,4207064
2023-02-21,18.03,18.30,17.91,18.18,7597222
2023-02-22,18.18,18.23,18.06,18.10,3454458
2023-02-23,18.10,18.38,17.98,18.26,7605932
2023-02-26,18.26,18.32,18.17,18.23,4471399
2023-02-27,18.23,18.25,18.06,18.08,2174314
2023-02-28,18.08,18.16,18.01,18.08,4986282
2023-03-01,18.08,18.32,17.97,18.21,7104835
2023-03-02,18.21,18.50,18.09,18.37,7764540
2023-03-05,18.37,18.66,18.25,18.53,7681447
2023-03-06,18.53,18.57,18.38,18.42,2830864
2023-03-07,18.42,18.69,18.30,18.57,7558470
2023-03-08,18.57,18.61,18.42,18.46,3024759
2023-03-09,18.46,18.50,18.32,18.35,2982818
2023-03-12,18.35,18.42,18.28,18.35,4889437
2023-03-13,18.35,18.38,18.18,18.21,2349554
2023-03-14,18.21,18.24,18.06,18.10,2894032
2023-03-15,18.10,18.13,17.96,17.99,3090775
2023-03-16,17.99,18.37,17.85,18.23,8989163
2023-03-19,18.23,18.37,18.14,18.28,5897839
2023-03-20,18.28,18.40,18.20,18.32,5495816
2023-03-21,18.32,18.34,18.15,18.17,2276920
2023-03-22,18.17,18.42,18.05,18.31,7327572
2023-03-23,18.31,18.57,18.19,18.45,7437894
2023-03-26,18.45,18.46,18.25,18.26,1546159
2023-03-27,18.26,18.29,18.10,18.13,2516563
2023-03-28,18.13,18.19,18.03,18.09,4250342
2023-03-29,18.09,18.11,17.92,17.94,2130212
2023-03-30,17.94,17.97,17.79,17.82,2798148
2023-04-02,17.82,18.07,17.71,17.95,7266495
2023-04-03,17.95,18.21,17.84,18.09,7362414
2023-04-04,18.09,18.14,17.97,18.01,3505658
2023-04-05,18.01,18.06,17.90,17.95,3819684
2023-04-06,17.95,18.02,17.87,17.94,4576097
2023-04-09,17.94,18.24,17.81,18.11,7972427
2023-04-10,18.11,18.21,18.03,18.13,5243244
2023-04-11,18.13,18.22,18.06,18.14,5104595
2023-04-12,18.14,18.19,18.02,18.07,3531790
2023-04-13,18.07,18.29,17.96,18.18,6870507
2023-04-16,18.18,18.24,18.09,18.15,4281241
2023-04-17,18.15,18.16,17.95,17.96,1517078
2023-04-18,17.96,18.01,17.85,17.91,4034807
2023-04-19,17.91,18.02,17.83,17.94,5439368
2023-04-20,17.94,18.04,17.86,17.96,5261625
2023-04-23,17.96,18.27,17.83,18.14,8069478
2023-04-24,18.14,18.19,18.03,18.08,3912311
2023-04-25,18.08,18.10,17.91,17.93,2098765
2023-04-26,17.93,18.10,17.83,18.01,6307853
2023-04-27,18.01,18.04,17.87,17.90,3033401
2023-04-30,17.90,17.95,17.78,17.82,3361831
2023-05-01,17.82,17.84,17.64,17.66,2083264
2023-05-02,17.66,17.82,17.57,17.73,6135973
2023-05-03,17.73,17.79,17.64,17.70,4384156
2023-05-04,17.70,17.91,17.60,17.81,6729046
2023-05-07,17.81,18.15,17.67,18.01,8553360
2023-05-08,18.01,18.35,17.88,18.22,8499074
2023-05-09,18.22,18.49,18.10,18.37,7578532
2023-05-10,18.37,18.50,18.28,18.41,5618895
2023-05-11,18.41,18.45,18.27,18.31,3039917
2023-05-14,18.31,18.61,18.18,18.48,7965054
2023-05-15,18.48,18.84,18.34,18.70,8665912
2023-05-16,18.70,18.96,18.58,18.84,7340020
2023-05-17,18.84,18.89,18.70,18.75,3221947
2023-05-18,18.75,18.83,18.67,18.76,5027743
2023-05-21,18.76,19.13,18.61,18.98,8732716
2023-05-22,18.98,19.05,18.90,18.97,4682544
2023-05-23,18.97,19.13,18.87,19.04,6037722
2023-05-24,19.04,19.07,18.87,18.90,2551337
2023-05-25,18.90,19.19,18.77,19.06,7680178
2023-05-28,19.06,19.31,18.95,19.19,7029183
2023-05-29,19.19,19.53,19.06,19.39,8129218
2023-05-30,19.39,19.68,19.26,19.55,7548182
2023-05-31,19.55,19.59,19.41,19.45,3335459
2023-06-01,19.45,19.53,19.38,19.45,4799691
2023-06-04,19.45,19.75,19.32,19.62,7619890
2023-06-05,19.62,19.81,19.51,19.70,6289883
2023-06-06,19.70,19.76,19.59,19.64,3896090
2023-06-07,19.64,19.69,19.50,19.54,3228635
2023-06-08,19.54,19.58,19.40,19.44,3225788
2023-06-11,19.44,19.83,19.29,19.68,8751748
2023-06-12,19.68,19.82,19.58,19.73,5707750
2023-06-13,19.73,19.85,19.64,19.76,5476508
2023-06-14,19.76,19.99,19.65,19.88,6700000
2023-06-15,19.88,19.90,19.69,19.72,2390569
2023-06-18,19.72,20.08,19.58,19.94,8375377
2023-06-19,19.94,19.94,19.70,19.70,1074176
2023-06-20,19.70,19.77,19.61,19.68,4610425
2023-06-21,19.68,19.95,19.56,19.83,7255727
2023-06-22,19.83,19.87,19.68,19.72,3207613
2023-06-25,19.72,20.03,19.59,19.90,7700651
2023-06-26,19.90,20.02,19.81,19.93,5450891
2023-06-27,19.93,20.31,19.79,20.16,8433641
2023-06-28,20.16,20.41,20.03,20.29,6994581
2023-06-29,20.29,20.49,20.18,20.38,6294204
2023-07-02,20.38,20.44,20.27,20.33,4085596
2023-07-03,20.33,20.49,20.23,20.39,5825548
2023-07-04,20.39,20.49,20.30,20.40,5118998
2023-07-05,20.40,20.41,20.18,20.19,1496810
2023-07-06,20.19,20.49,20.06,20.35,7526886
2023-07-09,20.35,20.47,20.27,20.38,5258607
2023-07-10,20.38,20.44,20.26,20.32,4000617
2023-07-11,20.32,20.62,20.19,20.48,7431927
2023-07-12,20.48,20.51,20.28,20.30,2046364
2023-07-13,20.30,20.55,20.18,20.43,6930349
2023-07-16,20.43,20.85,20.27,20.69,8874005
2023-07-17,20.69,20.93,20.57,20.81,6815603
2023-07-18,20.81,20.96,20.72,20.86,5619341
2023-07-19,20.86,21.14,20.73,21.01,7186454
2023-07-20,21.01,21.27,20.89,21.14,6899657
2023-07-23,21.14,21.20,21.00,21.05,3400925
2023-07-24,21.05,21.20,20.95,21.10,5702606
2023-07-25,21.10,21.25,21.00,21.15,5631858
2023-07-26,21.15,21.21,21.01,21.07,3608436
2023-07-27,21.07,21.40,20.92,21.26,7755795
2023-07-30,21.26,21.47,21.14,21.35,6345541
2023-07-31,21.35,21.37,21.12,21.13,1575205
2023-08-01,21.13,21.55,20.97,21.38,8679355
2023-08-02,21.38,21.46,21.28,21.35,4374039
2023-08-03,21.35,21.77,21.19,21.60,8634567
2023-08-06,21.60,21.66,21.47,21.53,3806618
2023-08-07,21.53,21.57,21.36,21.40,3050685
2023-08-08,21.40,21.47,21.29,21.35,4119855
2023-08-09,21.35,21.43,21.25,21.33,4470919
2023-08-10,21.33,21.48,21.23,21.38,5708813
2023-08-13,21.38,21.68,21.25,21.55,7364403
2023-08-14,21.55,21.73,21.44,21.62,6005589
2023-08-15,21.62,21.96,21.48,21.81,7681755
2023-08-16,21.81,21.97,21.71,21.87,5701543
2023-08-17,21.87,21.93,21.73,21.79,3743964
2023-08-20,21.79,21.86,21.68,21.75,4302846
2023-08-21,21.75,21.78,21.56,21.59,2464609
2023-08-22,21.59,21.59,21.33,21.33,1019375
2023-08-23,21.33,21.59,21.20,21.46,6905418
2023-08-24,21.46,21.91,21.29,21.74,8986934
2023-08-27,21.74,21.74,21.48,21.49,1165157
2023-08-28,21.49,21.52,21.31,21.35,2822805
2023-08-29,21.35,21.42,21.25,21.33,4601851
2023-08-30,21.33,21.64,21.19,21.50,7514643
2023-08-31,21.50,21.56,21.35,21.40,3388340
2023-09-03,21.40,21.82,21.24,21.66,8642695
2023-09-04,21.66,21.97,21.52,21.83,7401165
2023-09-05,21.83,21.89,21.70,21.76,3935356
2023-09-06,21.76,22.17,21.60,22.00,8442798
2023-09-07,22.00,22.07,21.89,21.95,4158058
2023-09-10,21.95,22.31,21.81,22.15,7797187
2023-09-11,22.15,22.47,22.01,22.32,7335493
2023-09-12,22.32,22.33,22.06,22.06,1118655
2023-09-13,22.06,22.09,21.86,21.89,2307167
2023-09-14,21.89,22.31,21.72,22.14,8654115
2023-09-17,22.14,22.16,21.90,21.92,1616289
2023-09-18,21.92,22.18,21.79,22.05,6798628
2023-09-19,22.05,22.39,21.90,22.25,7731995
2023-09-20,22.25,22.71,22.07,22.53,8984293
2023-09-21,22.53,22.97,22.36,22.79,8604903
2023-09-24,22.79,23.17,22.64,23.01,7902469
2023-09-25,23.01,23.04,22.81,22.84,2556001
2023-09-26,22.84,22.89,22.66,22.71,3059327
2023-09-27,22.71,22.79,22.60,22.68,4498868
2023-09-28,22.68,22.70,22.44,22.46,1664746
2023-10-01,22.46,22.47,22.21,22.22,1495233
2023-10-02,22.22,22.67,22.04,22.49,8854526
2023-10-03,22.49,22.51,22.25,22.27,1643861
2023-10-04,22.27,22.57,22.13,22.43,7245953
2023-10-05,22.43,22.84,22.27,22.67,8302777
2023-10-08,22.67,22.85,22.56,22.74,5826680
2023-10-09,22.74,23.09,22.59,22.94,7644821
2023-10-10,22.94,23.15,22.82,23.03,6176954
2023-10-11,23.03,23.04,22.78,22.79,1546536
2023-10-12,22.79,22.98,22.67,22.87,6025171
2023-10-15,22.87,23.05,22.76,22.94,5810390
2023-10-16,22.94,23.33,22.77,23.17,8136762
2023-10-17,23.17,23.34,23.06,23.23,5720336
2023-10-18,23.23,23.27,23.02,23.06,2536419
2023-10-19,23.06,23.15,22.97,23.06,4930692
2023-10-22,23.06,23.09,22.84,22.86,2063648
2023-10-23,22.86,23.22,22.71,23.06,7688374
2023-10-24,23.06,23.11,22.89,22.95,3261659
2023-10-25,22.95,23.18,22.82,23.05,6388443
2023-10-26,23.05,23.50,22.88,23.32,8599588
2023-10-29,23.32,23.56,23.19,23.44,6462997
2023-10-30,23.44,23.64,23.32,23.52,6028052
2023-10-31,23.52,23.98,23.34,23.79,8603395
2023-11-01,23.79,23.81,23.55,23.57,1868038
2023-11-02,23.57,23.65,23.45,23.53,4315809
2023-11-05,23.53,23.58,23.35,23.39,3033127
2023-11-06,23.39,23.87,23.21,23.68,8810116
2023-11-07,23.68,23.77,23.57,23.66,4585048
2023-11-08,23.66,23.71,23.48,23.54,3222119
2023-11-09,23.54,23.80,23.40,23.66,6622565
2023-11-12,23.66,23.69,23.44,23.46,2169101
2023-11-13,23.46,23.55,23.35,23.44,4503703
2023-11-14,23.44,23.70,23.30,23.56,6638717
2023-11-15,23.56,24.00,23.39,23.82,8401303
2023-11-16,23.82,23.85,23.60,23.63,2211213
2023-11-19,23.63,23.70,23.50,23.57,4191906
2023-11-20,23.57,23.61,23.37,23.41,2614986
2023-11-21,23.41,23.77,23.25,23.61,7677983
2023-11-22,23.61,23.65,23.41,23.45,2615466
2023-11-23,23.45,23.52,23.32,23.39,4143484
2023-11-26,23.39,23.81,23.22,23.64,8237345
2023-11-27,23.64,23.76,23.54,23.66,5242729
2023-11-28,23.66,24.09,23.49,23.92,8320130
2023-11-29,23.92,24.24,23.77,24.09,7222633
2023-11-30,24.09,24.44,23.94,24.28,7407030
2023-12-03,24.28,24.32,24.07,24.10,2478257
2023-12-04,24.10,24.50,23.93,24.33,7967181
2023-12-05,24.33,24.42,24.22,24.30,4441700
2023-12-06,24.30,24.50,24.18,24.38,5951200
2023-12-07,24.38,24.57,24.26,24.45,5804320
2023-12-10,24.45,24.83,24.29,24.67,7680075
2023-12-11,24.67,24.88,24.54,24.76,6072290
2023-12-12,24.76,24.83,24.62,24.69,4067386
2023-12-13,24.69,24.78,24.58,24.66,4455486
2023-12-14,24.66,24.89,24.53,24.76,6174862
2023-12-17,24.76,24.98,24.64,24.86,6089711
2023-12-18,24.86,25.08,24.73,24.95,6101268
2023-12-19,24.95,24.97,24.68,24.69,1592249
2023-12-20,24.69,25.03,24.54,24.87,7204629
2023-12-21,24.87,25.29,24.70,25.11,7950754
2023-12-24,25.11,25.18,24.95,25.02,3657784
2023-12-25,25.02,25.06,24.81,24.85,2745473
2023-12-26,24.85,24.99,24.74,24.88,5337277
2023-12-27,24.88,25.27,24.72,25.10,7704801
2023-12-28,25.10,25.18,24.96,25.04,4045576
2023-12-31,25.04,25.05,24.77,24.78,1594170
2024-01-01,24.78,24.78,24.49,24.49,1066632
2024-01-02,24.49,24.74,24.35,24.61,6438271
2024-01-03,24.61,25.03,24.43,24.85,8054766
2024-01-04,24.85,24.90,24.66,24.71,3076611
2024-01-07,24.71,24.84,24.60,24.74,5256893
2024-01-08,24.74,24.81,24.60,24.68,4052400
2024-01-09,24.68,24.68,24.38,24.38,1068072
2024-01-10,24.38,24.45,24.23,24.30,3834773
2024-01-11,24.30,24.80,24.11,24.61,8920404
2024-01-14,24.61,24.86,24.48,24.72,6374348
2024-01-15,24.72,24.88,24.61,24.77,5505246
2024-01-16,24.77,24.80,24.52,24.55,1992112
2024-01-17,24.55,24.79,24.42,24.66,6328772
2024-01-18,24.66,24.83,24.55,24.71,5601646
2024-01-21,24.71,24.75,24.50,24.54,2600857
2024-01-22,24.54,24.62,24.41,24.49,4264677
2024-01-23,24.49,24.85,24.33,24.69,7457304
2024-01-24,24.69,24.91,24.56,24.78,6079972
2024-01-25,24.78,24.84,24.61,24.68,3515397
2024-01-28,24.68,24.93,24.54,24.79,6405555
2024-01-29,24.79,25.19,24.63,25.02,7762791
2024-01-30,25.02,25.38,24.86,25.21,7414266
2024-01-31,25.21,25.41,25.09,25.29,5779732
2024-02-01,25.29,25.34,25.09,25.14,2982647
2024-02-04,25.14,25.19,24.95,25.01,3294615
2024-02-05,25.01,25.53,24.81,25.33,8913168
2024-02-06,25.33,25.38,25.13,25.18,3072873
2024-02-07,25.18,25.22,24.96,25.00,2489780
2024-02-08,25.00,25.05,24.81,24.86,3139197
2024-02-11,24.86,24.92,24.68,24.74,3366803
2024-02-12,24.74,25.19,24.56,25.01,8333093
2024-02-13,25.01,25.41,24.84,25.24,7791152
2024-02-14,25.24,25.58,25.08,25.42,7197770
2024-02-15,25.42,25.86,25.24,25.68,8157887
2024-02-18,25.68,25.71,25.43,25.46,2202366
2024-02-19,25.46,25.49,25.20,25.23,1899108
2024-02-20,25.23,25.37,25.12,25.26,5297496
2024-02-21,25.26,25.44,25.14,25.33,5706172
2024-02-22,25.33,25.63,25.18,25.48,6804149
2024-02-25,25.48,25.53,25.28,25.34,3085253
2024-02-26,25.34,25.51,25.22,25.39,5635905
2024-02-27,25.39,25.40,25.10,25.11,1246227
2024-02-28,25.11,25.20,25.01,25.10,4854492
2024-02-29,25.10,25.25,25.00,25.14,5324897
2024-03-03,25.14,25.23,25.02,25.11,4558676
2024-03-04,25.11,25.32,24.99,25.20,5938545
2024-03-05,25.20,25.63,25.02,25.45,8106481
2024-03-06,25.45,25.53,25.31,25.39,4074828
2024-03-07,25.39,25.40,25.12,25.13,1670747
2024-03-10,25.13,25.14,24.84,24.85,1313991
2024-03-11,24.85,24.91,24.66,24.72,3128017
2024-03-12,24.72,24.78,24.54,24.60,3384430
2024-03-13,24.60,24.68,24.47,24.55,4280761
2024-03-14,24.55,24.67,24.46,24.57,5051577
2024-03-17,24.57,24.82,24.44,24.69,6412928
2024-03-18,24.69,24.77,24.56,24.64,4340123
2024-03-19,24.64,24.77,24.54,24.67,5178840
2024-03-20,24.67,24.89,24.54,24.76,6089574
2024-03-21,24.76,24.86,24.66,24.76,4825411
2024-03-24,24.76,25.05,24.61,24.91,6843141
2024-03-25,24.91,25.09,24.79,24.98,5747702
2024-03-26,24.98,24.98,24.68,24.68,1069958
2024-03-27,24.68,24.82,24.57,24.72,5377812
2024-03-28,24.72,25.21,24.53,25.01,8720644
2024-03-31,25.01,25.10,24.89,24.98,4407098
2024-04-01,24.98,25.05,24.84,24.92,4116186
2024-04-02,24.92,24.95,24.69,24.72,2341735
2024-04-03,24.72,24.75,24.48,24.51,2170164
2024-04-04,24.51,24.76,24.38,24.63,6391598
2024-04-07,24.63,24.83,24.50,24.71,5944307
2024-04-08,24.71,24.89,24.59,24.77,5692489
2024-04-09,24.77,25.14,24.61,24.98,7537379
2024-04-10,24.98,25.28,24.83,25.13,6861694
2024-04-11,25.13,25.16,24.90,24.93,2307407
2024-04-14,24.93,24.98,24.73,24.77,2886865
2024-04-15,24.77,25.23,24.59,25.05,8427229
2024-04-16,25.05,25.11,24.87,24.93,3348251
2024-04-17,24.93,25.00,24.77,24.84,3773388
2024-04-18,24.84,25.05,24.72,24.93,5974245
2024-04-21,24.93,25.01,24.79,24.87,4148353
2024-04-22,24.87,25.03,24.76,24.92,5530281
2024-04-23,24.92,24.97,24.72,24.76,2836076
2024-04-24,24.76,25.18,24.59,25.01,8041049
2024-04-25,25.01,25.07,24.84,24.90,3490877
2024-04-28,24.90,24.93,24.67,24.70,2346056
2024-04-29,24.70,24.73,24.47,24.51,2359670
2024-04-30,24.51,25.02,24.31,24.82,8988511
2024-05-01,24.82,25.22,24.65,25.05,7837517
2024-05-02,25.05,25.31,24.91,25.17,6437551
2024-05-05,25.17,25.18,24.89,24.89,1356515
2024-05-06,24.89,25.17,24.75,25.03,6643792
2024-05-07,25.03,25.41,24.87,25.24,7608024
2024-05-08,25.24,25.66,25.07,25.49,7928223
2024-05-09,25.49,25.51,25.24,25.26,2098216
2024-05-12,25.26,25.27,24.97,24.97,1204423
2024-05-13,24.97,25.40,24.80,25.22,8036968
2024-05-14,25.22,25.39,25.11,25.27,5534122
2024-05-15,25.27,25.55,25.13,25.40,6560082
2024-05-16,25.40,25.52,25.30,25.41,5016083
2024-05-19,25.41,25.50,25.28,25.37,4284842
2024-05-20,25.37,25.42,25.17,25.22,3008333
2024-05-21,25.22,25.25,24.98,25.01,2198902
2024-05-22,25.01,25.03,24.74,24.76,1683710
2024-05-23,24.76,24.78,24.50,24.53,1882510
2024-05-26,24.53,24.57,24.33,24.38,2918758
2024-05-27,24.38,24.38,24.08,24.09,1064060
2024-05-28,24.09,24.34,23.95,24.21,6515946
2024-05-29,24.21,24.24,23.99,24.03,2508984
2024-05-30,24.03,24.21,23.91,24.10,5759224
2024-06-02,24.10,24.17,23.97,24.05,4241975
2024-06-03,24.05,24.13,23.92,24.00,4302914
2024-06-04,24.00,24.05,23.82,23.87,3102537
2024-06-05,23.87,24.11,23.74,23.98,6393930
2024-06-06,23.98,24.05,23.83,23.89,3633882
2024-06-09,23.89,23.97,23.77,23.86,4427331
2024-06-10,23.86,24.29,23.68,24.11,8305144
2024-06-11,24.11,24.18,23.96,24.03,3835219
2024-06-12,24.03,24.14,23.93,24.05,5066941
2024-06-13,24.05,24.18,23.94,24.08,5308950
2024-06-16,24.08,24.51,23.90,24.33,8240260
2024-06-17,24.33,24.78,24.15,24.60,8354698
2024-06-18,24.60,25.09,24.41,24.89,8738683
2024-06-19,24.89,24.97,24.76,24.84,4182338
2024-06-20,24.84,24.85,24.57,24.59,1623936
2024-06-23,24.59,24.79,24.46,24.67,5927674
2024-06-24,24.67,24.72,24.47,24.52,2994787
2024-06-25,24.52,24.60,24.39,24.47,4207990
2024-06-26,24.47,24.90,24.29,24.72,8209259
2024-06-27,24.72,25.14,24.55,24.97,8010939
2024-06-30,24.97,25.03,24.79,24.85,3440192
2024-07-01,24.85,24.90,24.65,24.70,2916769
2024-07-02,24.70,24.97,24.56,24.83,6564128
2024-07-03,24.83,24.87,24.62,24.66,2653875
2024-07-04,24.66,24.67,24.38,24.39,1383539
2024-07-07,24.39,24.41,24.14,24.17,1987688
2024-07-08,24.17,24.29,24.07,24.19,5182373
2024-07-09,24.19,24.49,24.05,24.35,6942901
2024-07-10,24.35,24.52,24.23,24.40,5614951
2024-07-11,24.40,24.65,24.27,24.52,6359019
2024-07-14,24.52,24.82,24.37,24.67,6928189
2024-07-15,24.67,24.77,24.57,24.66,4779252
2024-07-16,24.66,24.68,24.39,24.41,1517146
2024-07-17,24.41,24.50,24.30,24.39,4672736
2024-07-18,24.39,24.43,24.19,24.23,2813923
2024-07-21,24.23,24.26,23.99,24.01,1990089
2024-07-22,24.01,24.07,23.85,23.91,3509876
2024-07-23,23.91,23.96,23.73,23.77,3052297
2024-07-24,23.77,23.82,23.59,23.64,3111179
2024-07-25,23.64,23.92,23.51,23.78,6772942
2024-07-28,23.78,24.26,23.60,24.08,8827709
2024-07-29,24.08,24.50,23.90,24.33,8213751
2024-07-30,24.33,24.35,24.07,24.09,1795267
2024-07-31,24.09,24.44,23.94,24.29,7473491
2024-08-01,24.29,24.38,24.18,24.27,4631138
2024-08-04,24.27,24.67,24.10,24.50,7910185
2024-08-05,24.50,24.53,24.27,24.30,2322976
2024-08-06,24.30,24.37,24.15,24.21,3696673
2024-08-07,24.21,24.30,24.10,24.18,4451028
2024-08-08,24.18,24.27,24.08,24.17,4709499
2024-08-11,24.17,24.65,23.98,24.46,8743689
2024-08-12,24.46,24.50,24.25,24.30,2751131
2024-08-13,24.30,24.32,24.05,24.08,1966392
2024-08-14,24.08,24.39,23.93,24.24,7105521
2024-08-15,24.24,24.46,24.12,24.34,6143827
2024-08-18,24.34,24.49,24.23,24.38,5426989
2024-08-19,24.38,24.41,24.14,24.17,2115500
2024-08-20,24.17,24.19,23.93,23.95,1962448
2024-08-21,23.95,23.98,23.73,23.77,2424622
2024-08-22,23.77,23.88,23.67,23.78,5106961
2024-08-25,23.78,23.80,23.52,23.53,1540329
2024-08-26,23.53,23.61,23.41,23.49,4292626
2024-08-27,23.49,23.55,23.33,23.38,3413237
2024-08-28,23.38,23.80,23.21,23.63,8210802
2024-08-29,23.63,23.86,23.50,23.74,6364334
2024-09-01,23.74,24.17,23.56,23.99,8367661
2024-09-02,23.99,24.00,23.72,23.73,1307201
2024-09-03,23.73,23.80,23.59,23.66,3973079
2024-09-04,23.66,23.99,23.51,23.84,7303566
2024-09-05,23.84,24.26,23.67,24.08,8162860
2024-09-08,24.08,24.53,23.90,24.35,8452194
2024-09-09,24.35,24.41,24.19,24.25,3554286
2024-09-10,24.25,24.67,24.08,24.50,8111111
2024-09-11,24.50,24.82,24.35,24.67,7135013
2024-09-12,24.67,25.13,24.49,24.94,8453155
2024-09-15,24.94,25.03,24.83,24.91,4485288
2024-09-16,24.91,24.97,24.74,24.80,3354869
2024-09-17,24.80,24.80,24.51,24.52,1333504
2024-09-18,24.52,25.00,24.33,24.81,8618724
2024-09-19,24.81,25.27,24.62,25.08,8445096
2024-09-22,25.08,25.10,24.81,24.82,1528669
2024-09-23,24.82,25.22,24.65,25.05,7844753
2024-09-24,25.05,25.07,24.79,24.80,1739026
2024-09-25,24.80,24.89,24.68,24.77,4371982
2024-09-26,24.77,24.92,24.65,24.81,5496707
2024-09-29,24.81,24.85,24.60,24.63,2569993
2024-09-30,24.63,24.76,24.53,24.66,5196776
2024-10-01,24.66,24.76,24.56,24.66,4907921
2024-10-02,24.66,24.90,24.53,24.77,6271330
2024-10-03,24.77,25.12,24.61,24.96,7336385
2024-10-06,24.96,24.97,24.68,24.69,1411728
2024-10-07,24.69,25.12,24.51,24.94,8176371
2024-10-08,24.94,25.17,24.81,25.04,6124142
2024-10-09,25.04,25.29,24.90,25.15,6341460
2024-10-10,25.15,25.22,24.99,25.05,3618449
2024-10-13,25.05,25.15,24.96,25.05,4893381
2024-10-14,25.05,25.38,24.90,25.22,7030452
2024-10-15,25.22,25.30,25.07,25.15,3930898
2024-10-16,25.15,25.46,25.00,25.31,6977434
2024-10-17,25.31,25.61,25.17,25.47,6812037
2024-10-20,25.47,25.55,25.34,25.43,4447050
2024-10-21,25.43,25.83,25.26,25.66,7709636
2024-10-22,25.66,25.66,25.35,25.35,1019547
2024-10-23,25.35,25.83,25.16,25.63,8500240
2024-10-24,25.63,25.67,25.40,25.44,2423319
2024-10-27,25.44,25.97,25.23,25.76,8986316
2024-10-28,25.76,25.83,25.58,25.65,3423799
2024-10-29,25.65,25.68,25.41,25.45,2451817
2024-10-30,25.45,25.48,25.20,25.23,2045679
2024-10-31,25.23,25.71,25.04,25.52,8551063
2024-11-03,25.52,25.57,25.32,25.38,3128463
2024-11-04,25.38,25.75,25.21,25.59,7530967
2024-11-05,25.59,25.64,25.40,25.45,3215363
2024-11-06,25.45,25.86,25.28,25.68,7786591
2024-11-07,25.68,25.78,25.58,25.68,4775514
2024-11-10,25.68,25.97,25.53,25.83,6750034
2024-11-11,25.83,25.90,25.66,25.74,3759533
2024-11-12,25.74,25.86,25.63,25.75,5112654
2024-11-13,25.75,26.03,25.61,25.88,6488408
2024-11-14,25.88,25.92,25.65,25.68,2380624
2024-11-17,25.68,25.75,25.53,25.60,3875720
2024-11-18,25.60,25.79,25.48,25.67,5763820
2024-11-19,25.67,25.99,25.52,25.84,6983196
2024-11-20,25.84,25.93,25.71,25.80,4398045
2024-11-21,25.80,26.23,25.62,26.05,7909602
2024-11-24,26.05,26.15,25.94,26.05,4900582
2024-11-25,26.05,26.07,25.79,25.81,2012962
2024-11-26,25.81,26.28,25.63,26.09,8259087
2024-11-27,26.09,26.47,25.92,26.30,7466117
2024-11-28,26.30,26.75,26.11,26.56,8053806
2024-12-01,26.56,26.59,26.30,26.33,2145610
2024-12-02,26.33,26.36,26.07,26.09,2013134
2024-12-03,26.09,26.12,25.83,25.85,1853909
2024-12-04,25.85,26.38,25.64,26.17,8902503
2024-12-05,26.17,26.60,25.99,26.42,7874965
2024-12-08,26.42,26.46,26.20,26.24,2746604
2024-12-09,26.24,26.67,26.06,26.49,7863100
2024-12-10,26.49,26.58,26.36,26.45,4384945
2024-12-11,26.45,26.68,26.31,26.54,6065226
2024-12-12,26.54,26.58,26.30,26.33,2360733
2024-12-15,26.33,26.38,26.12,26.17,2876406
2024-12-16,26.17,26.52,26.01,26.35,7143106
2024-12-17,26.35,26.43,26.19,26.26,3728737
2024-12-18,26.26,26.56,26.11,26.41,6682681
2024-12-19,26.41,26.42,26.11,26.11,1313580
2024-12-22,26.11,26.48,25.95,26.31,7300445
2024-12-23,26.31,26.37,26.11,26.17,3137105
2024-12-24,26.17,26.60,25.99,26.42,7909979
2024-12-25,26.42,26.90,26.22,26.71,8409190
2024-12-26,26.71,26.78,26.53,26.60,3573010
2024-12-29,26.60,26.85,26.46,26.71,6265637
2024-12-30,26.71,26.75,26.47,26.50,2388305
2024-12-31,26.50,26.57,26.31,26.38,3323731
2025-01-01,26.38,26.79,26.20,26.61,7713888
2025-01-02,26.61,27.12,26.41,26.92,8571124
2025-01-05,26.92,27.11,26.79,26.99,5722599
2025-01-06,26.99,27.40,26.81,27.22,7588065
2025-01-07,27.22,27.48,27.07,27.34,6290980
2025-01-08,27.34,27.58,27.20,27.44,6102949
2025-01-09,27.44,27.45,27.12,27.13,1221502
2025-01-12,27.13,27.46,26.97,27.30,6881207
2025-01-13,27.30,27.73,27.11,27.55,7798113
2025-01-14,27.55,28.00,27.35,27.81,7947530
2025-01-15,27.81,28.01,27.68,27.88,5675137
2025-01-16,27.88,28.13,27.73,27.99,6141426
2025-01-19,27.99,28.35,27.82,28.18,7099485
2025-01-20,28.18,28.42,28.04,28.28,6006104
2025-01-21,28.28,28.38,28.15,28.24,4466220
2025-01-22,28.24,28.27,27.96,27.99,2010699
2025-01-23,27.99,28.05,27.78,27.85,3207441
2025-01-26,27.85,28.09,27.70,27.95,6105829
2025-01-27,27.95,28.04,27.79,27.88,4014506
2025-01-28,27.88,28.42,27.66,28.20,8612482
2025-01-29,28.20,28.49,28.05,28.33,6393587
2025-01-30,28.33,28.86,28.12,28.65,8444238
2025-02-02,28.65,28.67,28.34,28.35,1554561
2025-02-03,28.35,28.91,28.14,28.69,8662825
2025-02-04,28.69,28.73,28.44,28.49,2633230
2025-02-05,28.49,28.50,28.16,28.17,1367009
2025-02-06,28.17,28.68,27.97,28.47,8246879
2025-02-09,28.47,28.70,28.33,28.56,5914814
2025-02-10,28.56,28.63,28.36,28.43,3383161
2025-02-11,28.43,28.96,28.22,28.75,8479080
2025-02-12,28.75,28.95,28.62,28.82,5622325
2025-02-13,28.82,28.87,28.58,28.64,2936351
2025-02-16,28.64,28.75,28.52,28.62,4692764
2025-02-17,28.62,28.76,28.51,28.64,5089094
2025-02-18,28.64,28.71,28.44,28.51,3359910
2025-02-19,28.51,29.01,28.30,28.80,8221262
2025-02-20,28.80,29.25,28.61,29.05,7648456
2025-02-23,29.05,29.54,28.85,29.34,7987174
2025-02-24,29.34,29.63,29.18,29.47,6397908
2025-02-25,29.47,30.05,29.25,29.82,8633744
2025-02-26,29.82,29.91,29.66,29.75,4151474
2025-02-27,29.75,29.80,29.49,29.54,2556035
2025-03-02,29.54,29.61,29.33,29.40,3378292
2025-03-03,29.40,29.46,29.18,29.24,3186145
2025-03-04,29.24,29.74,29.04,29.53,8028978
2025-03-05,29.53,29.59,29.31,29.38,3215432
2025-03-06,29.38,29.92,29.16,29.70,8424519
2025-03-09,29.70,29.74,29.41,29.45,2150068
2025-03-10,29.45,29.52,29.25,29.32,3478497
2025-03-11,29.32,29.71,29.14,29.53,7199931
2025-03-12,29.53,29.63,29.38,29.47,4252640
2025-03-13,29.47,29.91,29.28,29.71,7500823
2025-03-16,29.71,29.77,29.47,29.53,2845713
2025-03-17,29.53,29.55,29.21,29.23,1670027
2025-03-18,29.23,29.28,28.98,29.02,2615740
2025-03-19,29.02,29.35,28.86,29.19,6695198
2025-03-20,29.19,29.40,29.05,29.27,5735562
2025-03-23,29.27,29.78,29.06,29.57,8156584
2025-03-24,29.57,29.83,29.42,29.68,6081721
2025-03-25,29.68,29.76,29.49,29.57,3782578
2025-03-26,29.57,29.65,29.37,29.44,3456687
2025-03-27,29.44,29.54,29.30,29.39,4338614
2025-03-30,29.39,29.78,29.21,29.60,7144410
2025-03-31,29.60,30.08,29.40,29.88,7849382
2025-04-01,29.88,29.99,29.75,29.87,4799211
2025-04-02,29.87,29.93,29.64,29.71,3154389
2025-04-03,29.71,30.29,29.48,30.06,8668004
2025-04-06,30.06,30.11,29.81,29.86,2796844
2025-04-07,29.86,29.93,29.64,29.70,3145850
2025-04-08,29.70,29.71,29.36,29.36,1245884
2025-04-09,29.36,29.38,29.05,29.07,1664849
2025-04-10,29.07,29.11,28.81,28.85,2452126
2025-04-13,28.85,28.96,28.74,28.85,4916358
2025-04-14,28.85,28.96,28.73,28.84,4736556
2025-04-15,28.84,28.94,28.70,28.80,4406550
2025-04-16,28.80,29.16,28.62,28.99,7012757
2025-04-17,28.99,29.40,28.80,29.21,7345301
2025-04-20,29.21,29.31,29.06,29.16,4342455
2025-04-21,29.16,29.22,28.92,28.98,2868415
2025-04-22,28.98,29.09,28.86,28.97,4824417
2025-04-23,28.97,29.17,28.84,29.04,5593175
2025-04-24,29.04,29.12,28.86,28.94,3816666
2025-04-27,28.94,29.49,28.72,29.27,8507235
2025-04-28,29.27,29.34,29.07,29.14,3492043
2025-04-29,29.14,29.29,29.02,29.17,5190843
2025-04-30,29.17,29.39,29.03,29.25,5727091
2025-05-01,29.25,29.26,28.92,28.93,1372393
2025-05-04,28.93,28.97,28.66,28.70,2324279
2025-05-05,28.70,29.16,28.50,28.96,7817318
2025-05-06,28.96,29.01,28.71,28.75,2567558
2025-05-07,28.75,29.06,28.59,28.90,6550308
2025-05-08,28.90,28.93,28.62,28.65,2111248
2025-05-11,28.65,28.69,28.39,28.43,2410871
2025-05-12,28.43,28.58,28.31,28.46,5202263
2025-05-13,28.46,28.93,28.26,28.73,7942215
2025-05-14,28.73,28.82,28.58,28.67,4235665
2025-05-15,28.67,28.69,28.36,28.38,1613477
2025-05-18,28.38,28.48,28.26,28.36,4643552
2025-05-19,28.36,28.43,28.16,28.23,3375274
2025-05-20,28.23,28.60,28.05,28.42,7117283
2025-05-21,28.42,28.50,28.23,28.31,3548593
2025-05-22,28.31,28.37,28.09,28.15,3163031
2025-05-25,28.15,28.15,27.82,27.82,1047016
2025-05-26,27.82,28.28,27.62,28.09,7990672
2025-05-27,28.09,28.43,27.92,28.27,6932270
2025-05-28,28.27,28.32,28.03,28.08,2736008
2025-05-29,28.08,28.24,27.96,28.11,5303120
2025-06-01,28.11,28.14,27.83,27.86,2016323
2025-06-02,27.86,28.28,27.68,28.09,7517592
2025-06-03,28.09,28.43,27.93,28.26,6819272
2025-06-04,28.26,28.71,28.07,28.52,7748525
2025-06-05,28.52,28.57,28.28,28.32,2725102
2025-06-08,28.32,28.79,28.13,28.59,7872462
2025-06-09,28.59,28.66,28.39,28.46,3462208
2025-06-10,28.46,28.90,28.27,28.71,7691872
2025-06-11,28.71,28.79,28.54,28.62,3796021
2025-06-12,28.62,29.15,28.40,28.94,8490706
2025-06-15,28.94,28.96,28.63,28.66,1751234
2025-06-16,28.66,28.89,28.51,28.75,5923285
2025-06-17,28.75,28.78,28.47,28.50,2167352
2025-06-18,28.50,28.60,28.36,28.45,4236522
2025-06-19,28.45,28.46,28.14,28.15,1587585
2025-06-22,28.15,28.23,27.98,28.06,3825480
2025-06-23,28.06,28.10,27.81,27.85,2481069
2025-06-24,27.85,27.88,27.58,27.61,2122256
2025-06-25,27.61,28.17,27.40,27.95,8798422
2025-06-26,27.95,28.40,27.76,28.21,7818209
2025-06-29,28.21,28.26,27.98,28.03,2860631
2025-06-30,28.03,28.12,27.89,27.99,4419513
2025-07-01,27.99,28.41,27.80,28.22,7581275
2025-07-02,28.22,28.60,28.05,28.42,7136042
2025-07-03,28.42,28.45,28.14,28.17,2022085
2025-07-06,28.17,28.30,28.05,28.19,5103600
2025-07-07,28.19,28.23,27.92,27.96,2281824
2025-07-08,27.96,28.08,27.85,27.97,4939471
2025-07-09,27.97,28.04,27.79,27.86,3718518
2025-07-10,27.86,28.29,27.68,28.10,7631310
2025-07-13,28.10,28.64,27.89,28.42,8505006
2025-07-14,28.42,28.75,28.26,28.59,6759362
2025-07-15,28.59,28.63,28.33,28.38,2517832
2025-07-16,28.38,28.86,28.18,28.66,8052023
2025-07-17,28.66,28.68,28.35,28.36,1559465
2025-07-20,28.36,28.64,28.21,28.49,6274725
2025-07-21,28.49,28.84,28.32,28.67,6913854
2025-07-22,28.67,29.08,28.48,28.90,7452160
2025-07-23,28.90,29.17,28.75,29.02,6235322
2025-07-24,29.02,29.56,28.80,29.34,8423834
2025-07-27,29.34,29.42,29.16,29.24,3770781
2025-07-28,29.24,29.46,29.10,29.32,5732956
2025-07-29,29.32,29.80,29.11,29.59,7915294
2025-07-30,29.59,29.62,29.29,29.31,1848662
2025-07-31,29.31,29.82,29.11,29.61,8100960
2025-08-03,29.61,30.20,29.38,29.97,8721570
2025-08-04,29.97,30.10,29.84,29.98,5019135
2025-08-05,29.98,30.57,29.75,30.33,8672668
2025-08-06,30.33,30.61,30.18,30.46,6175994
2025-08-07,30.46,31.05,30.22,30.81,8615534
2025-08-10,30.81,30.87,30.56,30.61,2781412
2025-08-11,30.61,30.69,30.41,30.49,3611899
2025-08-12,30.49,31.00,30.28,30.78,7971193
2025-08-13,30.78,30.81,30.46,30.48,1760528
2025-08-14,30.48,30.59,30.33,30.43,4362620
2025-08-17,30.43,30.75,30.27,30.58,6419444
2025-08-18,30.58,31.21,30.34,30.97,8943347
2025-08-19,30.97,31.05,30.77,30.86,3761488
2025-08-20,30.86,31.29,30.67,31.09,7293621
2025-08-21,31.09,31.18,30.89,30.97,3663203
2025-08-24,30.97,31.13,30.85,31.00,5141838
2025-08-25,31.00,31.25,30.85,31.10,5927057
2025-08-26,31.10,31.27,30.97,31.14,5253429
2025-08-27,31.14,31.23,30.95,31.04,3837002
2025-08-28,31.04,31.26,30.89,31.11,5653086
2025-08-31,31.11,31.11,30.74,30.74,1047359
2025-09-01,30.74,30.81,30.51,30.58,3180315
2025-09-02,30.58,30.60,30.26,30.28,1805041
2025-09-03,30.28,30.32,30.00,30.04,2378326
2025-09-04,30.04,30.36,29.88,30.20,6505109
2025-09-07,30.20,30.42,30.05,30.28,5716255
2025-09-08,30.28,30.38,30.14,30.25,4579663
2025-09-09,30.25,30.25,29.89,29.89,1144718
2025-09-10,29.89,30.01,29.77,29.88,4720061
2025-09-11,29.88,29.94,29.64,29.70,2984705
2025-09-14,29.70,30.01,29.54,29.85,6432475
2025-09-15,29.85,29.88,29.56,29.59,2149794
2025-09-16,29.59,30.20,29.36,29.97,8926783
2025-09-17,29.97,29.99,29.65,29.67,1701714
2025-09-18,29.67,29.68,29.33,29.34,1338786
2025-09-21,29.34,29.36,29.03,29.05,1739231
2025-09-22,29.05,29.33,28.90,29.18,6285768
2025-09-23,29.18,29.38,29.05,29.25,5620370
2025-09-24,29.25,29.83,29.02,29.60,8755384
2025-09-25,29.60,30.04,29.41,29.85,7517969
2025-09-28,29.85,29.89,29.57,29.61,2327880
2025-09-29,29.61,29.62,29.27,29.28,1308573
2025-09-30,29.28,29.86,29.05,29.63,8731652
2025-10-01,29.63,29.68,29.38,29.44,2794650
2025-10-02,29.44,29.78,29.27,29.61,6732133
2025-10-05,29.61,29.77,29.48,29.64,5260150
2025-10-06,29.64,29.68,29.37,29.41,2354012
2025-10-07,29.41,29.51,29.26,29.36,4359396
2025-10-08,29.36,29.91,29.14,29.69,8436796
2025-10-09,29.69,29.79,29.54,29.64,4339300
2025-10-12,29.64,29.83,29.50,29.70,5523696
2025-10-13,29.70,29.90,29.56,29.76,5594924
2025-10-14,29.76,29.85,29.60,29.69,4083847
2025-10-15,29.69,29.89,29.55,29.75,5558367
2025-10-16,29.75,30.26,29.54,30.05,8067866
2025-10-19,30.05,30.17,29.93,30.05,4920987
2025-10-20,30.05,30.53,29.85,30.33,7796742
2025-10-21,30.33,30.39,30.10,30.17,3188957
2025-10-22,30.17,30.20,29.88,29.91,2184053
2025-10-23,29.91,30.36,29.71,30.16,7572153
2025-10-26,30.16,30.20,29.88,29.92,2291529
2025-10-27,29.92,30.32,29.73,30.14,7206378
2025-10-28,30.14,30.67,29.92,30.45,8217935
2025-10-29,30.45,31.05,30.22,30.82,8708916
2025-10-30,30.82,31.25,30.62,31.05,7321296
2025-11-02,31.05,31.19,30.92,31.07,5067421
2025-11-03,31.07,31.09,30.74,30.77,1774451
2025-11-04,30.77,31.01,30.62,30.86,5862139
2025-11-05,30.86,30.88,30.52,30.53,1453943
2025-11-06,30.53,31.15,30.29,30.91,8821467
2025-11-09,30.91,31.19,30.75,31.03,6162242
2025-11-10,31.03,31.64,30.79,31.40,8710836
2025-11-11,31.40,31.41,31.03,31.04,1183299
2025-11-12,31.04,31.12,30.83,30.91,3554938
2025-11-13,30.91,31.20,30.75,31.04,6171433
2025-11-16,31.04,31.32,30.87,31.16,6193278
2025-11-17,31.16,31.17,30.81,30.82,1373559
2025-11-18,30.82,30.98,30.69,30.85,5169067
2025-11-19,30.85,30.92,30.62,30.69,3184739
2025-11-20,30.69,30.75,30.44,30.50,2951440
2025-11-23,30.50,30.50,30.13,30.13,1037071
2025-11-24,30.13,30.21,29.93,30.00,3491015
2025-11-25,30.00,30.08,29.81,29.89,3621913
2025-11-26,29.89,30.03,29.76,29.91,5108779
2025-11-27,29.91,29.95,29.64,29.68,2445438
2025-11-30,29.68,30.02,29.51,29.85,6718312
2025-12-01,29.85,29.96,29.72,29.84,4717524
2025-12-02,29.84,29.91,29.62,29.70,3381344
2025-12-03,29.70,30.14,29.50,29.95,7573971
2025-12-04,29.95,30.01,29.72,29.79,3196639
2025-12-07,29.79,29.81,29.47,29.49,1632064
2025-12-08,29.49,29.50,29.16,29.18,1522222
2025-12-09,29.18,29.26,29.00,29.09,3879458
2025-12-10,29.09,29.64,28.87,29.42,8530932
2025-12-11,29.42,29.90,29.21,29.69,7896399
2025-12-14,29.69,29.73,29.40,29.44,2099314
2025-12-15,29.44,29.51,29.23,29.30,3411282
2025-12-16,29.30,29.55,29.15,29.41,6029835
2025-12-17,29.41,29.41,29.06,29.07,1189540
2025-12-18,29.07,29.27,28.93,29.13,5606447
2025-12-21,29.13,29.53,28.95,29.35,7255864
2025-12-22,29.35,29.45,29.21,29.31,4483470
2025-12-23,29.31,29.36,29.05,29.09,2449759
2025-12-24,29.09,29.45,28.92,29.27,6907818
2025-12-25,29.27,29.68,29.09,29.50,7314437
2025-12-28,29.50,29.66,29.37,29.53,5274554
2025-12-29,29.53,30.07,29.32,29.85,8319032
2025-12-30,29.85,29.98,29.73,29.86,5015775
2025-12-31,29.86,29.88,29.53,29.54,1414163
2026-01-01,29.54,29.89,29.37,29.72,6822839
2026-01-04,29.72,30.33,29.48,30.10,8920816
2026-01-05,30.10,30.13,29.81,29.84,2201920
2026-01-06,29.84,30.07,29.70,29.92,5752572
2026-01-07,29.92,30.22,29.76,30.06,6362894
2026-01-08,30.06,30.12,29.83,29.88,2971159
2026-01-11,29.88,30.44,29.66,30.22,8441563
2026-01-12,30.22,30.81,29.98,30.58,8675342
2026-01-13,30.58,30.97,30.39,30.78,7055212
2026-01-14,30.78,30.82,30.49,30.53,2223148
2026-01-15,30.53,30.59,30.30,30.37,3191495
2026-01-18,30.37,30.39,30.05,30.07,1787414
2026-01-19,30.07,30.38,29.91,30.22,6430658
2026-01-20,30.22,30.23,29.87,29.88,1244684
2026-01-21,29.88,30.19,29.71,30.03,6501097
2026-01-22,30.03,30.58,29.80,30.36,8397427
2026-01-25,30.36,30.64,30.20,30.48,6168244
2026-01-26,30.48,31.06,30.25,30.83,8529595
2026-01-27,30.83,30.90,30.61,30.69,3456790
2026-01-28,30.69,30.86,30.56,30.73,5295507
2026-01-29,30.73,30.80,30.50,30.57,3206241
2026-02-01,30.57,30.63,30.32,30.38,2942078
2026-02-02,30.38,30.41,30.08,30.11,1959807
2026-02-03,30.11,30.13,29.80,29.82,1864368
2026-02-04,29.82,29.86,29.54,29.57,2186625
2026-02-05,29.57,30.01,29.38,29.81,7494478
2026-02-08,29.81,30.29,29.61,30.09,7837311
2026-02-09,30.09,30.19,29.95,30.05,4523765
2026-02-10,30.05,30.06,29.71,29.71,1232853
2026-02-11,29.71,30.27,29.49,30.04,8458401
2026-02-12,30.04,30.21,29.92,30.08,5286831
2026-02-15,30.08,30.13,29.81,29.86,2508264
2026-02-16,29.86,30.25,29.68,30.06,7060973
2026-02-17,30.06,30.55,29.86,30.34,7809156
2026-02-18,30.34,30.68,30.17,30.51,6654046
2026-02-19,30.51,30.89,30.32,30.71,6978360
2026-02-22,30.71,31.15,30.51,30.95,7424074
2026-02-23,30.95,30.95,30.58,30.58,1003532
2026-02-24,30.58,30.65,30.37,30.45,3543895
2026-02-25,30.45,30.89,30.25,30.69,7464917
2026-02-26,30.69,30.81,30.57,30.70,4890054
2026-03-01,30.70,31.22,30.48,31.00,8090912
2026-03-02,31.00,31.07,30.78,30.85,3265020
2026-03-03,30.85,31.06,30.70,30.92,5646947
2026-03-04,30.92,31.43,30.71,31.22,7952743
2026-03-05,31.22,31.50,31.06,31.34,6157716
2026-03-08,31.34,31.69,31.17,31.51,6607544
2026-03-09,31.51,31.84,31.34,31.67,6462722
2026-03-10,31.67,31.75,31.45,31.53,3476337
2026-03-11,31.53,31.59,31.29,31.35,3105178
2026-03-12,31.35,31.74,31.17,31.56,6954183
2026-03-15,31.56,31.90,31.38,31.72,6554218
2026-03-16,31.72,32.05,31.55,31.88,6473182
2026-03-17,31.88,32.00,31.75,31.87,4760459
2026-03-18,31.87,31.92,31.60,31.65,2724691
2026-03-19,31.65,31.75,31.47,31.57,4044890
2026-03-22,31.57,31.64,31.34,31.41,3214883
2026-03-23,31.41,31.48,31.18,31.25,3321090
2026-03-24,31.25,31.67,31.06,31.48,7153635
2026-03-25,31.48,31.70,31.33,31.55,5650788
2026-03-26,31.55,31.64,31.35,31.43,3676748
2026-03-29,31.43,31.50,31.19,31.26,3132750
2026-03-30,31.26,31.71,31.06,31.51,7401508
2026-03-31,31.51,31.92,31.31,31.73,7125000
2026-04-01,31.73,31.80,31.50,31.57,3315569
2026-04-02,31.57,31.66,31.38,31.47,3800377
2026-04-05,31.47,32.13,31.22,31.87,8999176
2026-04-06,31.87,31.94,31.62,31.69,3035425
2026-04-07,31.69,31.98,31.52,31.82,6180727
2026-04-08,31.82,31.93,31.68,31.79,4632613
2026-04-09,31.79,32.01,31.65,31.87,5625651
2026-04-12,31.87,31.89,31.54,31.57,1875891
2026-04-13,31.57,31.75,31.43,31.61,5358641
2026-04-14,31.61,31.94,31.44,31.77,6419581
2026-04-15,31.77,31.81,31.46,31.50,2219204
2026-04-16,31.50,31.84,31.33,31.66,6510596
2026-04-19,31.66,32.29,31.42,32.05,8750548
2026-04-20,32.05,32.10,31.76,31.81,2543998
2026-04-21,31.81,31.89,31.59,31.67,3421810
2026-04-22,31.67,32.19,31.45,31.97,7951886
2026-04-23,31.97,32.27,31.81,32.10,6183607
2026-04-26,32.10,32.56,31.89,32.36,7425617
2026-04-27,32.36,32.81,32.15,32.61,7356927
2026-04-28,32.61,33.22,32.36,32.97,8471364
2026-04-29,32.97,33.23,32.81,33.07,5855349
2026-04-30,33.07,33.12,32.76,32.81,2299005
2026-05-03,32.81,32.93,32.67,32.79,4740603
2026-05-04,32.79,32.83,32.47,32.50,2044341
2026-05-05,32.50,32.60,32.32,32.42,4111454
2026-05-06,32.42,32.74,32.25,32.57,6324657
2026-05-07,32.57,33.03,32.36,32.82,7325925
2026-05-10,32.82,33.39,32.59,33.15,8127606
2026-05-11,33.15,33.79,32.90,33.53,8556858
2026-05-12,33.53,33.53,33.13,33.13,1033436
2026-05-13,33.13,33.15,32.78,32.80,1680795
2026-05-14,32.80,33.18,32.61,32.99,6770541
2026-05-17,32.99,33.04,32.70,32.75,2500205
2026-05-18,32.75,32.85,32.57,32.67,4104355
2026-05-19,32.67,32.78,32.50,32.61,4299039
2026-05-20,32.61,33.03,32.41,32.83,7059567
2026-05-21,32.83,32.89,32.55,32.61,2731618
2026-05-24,32.61,32.72,32.46,32.57,4475685
2026-05-25,32.57,32.60,32.25,32.28,2044855
2026-05-26,32.28,32.94,32.03,32.69,8895919
2026-05-27,32.69,32.74,32.40,32.46,2633813
2026-05-28,32.46,32.84,32.27,32.65,6789403
2026-05-31,32.65,32.68,32.32,32.35,1930589
2026-06-01,32.35,32.38,32.03,32.07,2106755
2026-06-02,32.07,32.69,31.82,32.44,8626543
2026-06-03,32.44,32.45,32.06,32.07,1168964
2026-06-04,32.07,32.37,31.90,32.20,6227846
2026-06-07,32.20,32.26,31.94,32.00,2889609
2026-06-08,32.00,32.03,31.68,31.71,1944375
2026-06-09,31.71,31.75,31.41,31.46,2330418
2026-06-10,31.46,32.10,31.21,31.85,8911934
2026-06-11,31.85,32.33,31.64,32.12,7590157
2026-06-14,32.12,32.15,31.78,31.81,1747805
2026-06-15,31.81,32.08,31.65,31.92,6026851
2026-06-16,31.92,32.12,31.78,31.98,5439643
2026-06-17,31.98,32.49,31.76,32.27,7813340
2026-06-18,32.27,32.49,32.12,32.34,5567695
2026-06-21,32.34,32.73,32.15,32.54,6826165
2026-06-22,32.54,33.07,32.31,32.84,7860356
2026-06-23,32.84,32.90,32.57,32.63,2867798
2026-06-24,32.63,33.06,32.43,32.86,7083058
2026-06-25,32.86,33.03,32.72,32.89,5222187
2026-06-28,32.89,32.90,32.51,32.52,1260493
2026-06-29,32.52,32.54,32.16,32.18,1543655
2026-06-30,32.18,32.25,31.94,32.02,3232167
2026-07-01,32.02,32.12,31.84,31.94,4079115
2026-07-02,31.94,31.95,31.59,31.60,1541289
2026-07-05,31.60,31.77,31.47,31.64,5223628
2026-07-06,31.64,31.99,31.46,31.81,6656995
2026-07-07,31.81,31.86,31.52,31.57,2409293
2026-07-08,31.57,31.91,31.39,31.73,6529903
2026-07-09,31.73,31.84,31.57,31.68,4327469
2026-07-12,31.68,32.14,31.47,31.93,7481001
2026-07-13,31.93,31.98,31.65,31.69,2484327
2026-07-14,31.69,32.28,31.46,32.04,8423868
2026-07-15,32.04,32.14,31.87,31.97,4089746
2026-07-16,31.97,32.07,31.81,31.92,4420233
2026-07-19,31.92,32.23,31.75,32.06,6279526
2026-07-20,32.06,32.14,31.85,31.93,3568861
2026-07-21,31.93,32.42,31.71,32.21,7670953
2026-07-22,32.21,32.21,31.83,31.84,1227777
2026-07-23,31.84,31.85,31.47,31.48,1251680
2026-07-26,31.48,31.95,31.27,31.74,7569821
2026-07-27,31.74,31.86,31.60,31.71,4601954
2026-07-28,31.71,32.31,31.48,32.07,8471536
2026-07-29,32.07,32.54,31.86,32.33,7450171
2026-07-30,32.33,32.42,32.12,32.21,3735390