Date,Open,High,Low,Close,Volume
2015-12-31,15.00,15.06,14.94,15.00,4931584
2016-01-03,15.00,15.02,14.80,14.82,2356721
2016-01-04,14.82,14.94,14.76,14.87,5557578
2016-01-05,14.87,15.26,14.76,15.14,8731687
2016-01-06,15.14,15.18,14.98,15.02,3113614
2016-01-07,15.02,15.12,14.95,15.06,5419410
2016-01-10,15.06,15.09,14.93,14.97,3624382
2016-01-11,14.97,15.01,14.86,14.91,4074211
2016-01-12,14.91,14.95,14.80,14.84,3929389
2016-01-13,14.84,15.25,14.72,15.13,8943004
2016-01-14,15.13,15.51,15.01,15.39,8571844
2016-01-17,15.39,15.45,15.31,15.36,4420850
2016-01-18,15.36,15.41,15.25,15.30,4020884
2016-01-19,15.30,15.34,15.18,15.23,3939849
2016-01-20,15.23,15.25,15.02,15.04,2227126
2016-01-21,15.04,15.38,14.93,15.27,8191358
2016-01-24,15.27,15.28,15.02,15.03,1511556
2016-01-25,15.03,15.42,14.91,15.30,8681550
2016-01-26,15.30,15.70,15.18,15.58,8787757
2016-01-27,15.58,15.64,15.51,15.56,4620301
2016-01-28,15.56,15.60,15.40,15.43,3117455
2016-01-31,15.43,15.44,15.16,15.16,1143415
2016-02-01,15.16,15.55,15.04,15.43,8599417
2016-02-02,15.43,15.49,15.37,15.43,4868175
2016-02-03,15.43,15.48,15.35,15.41,4591666
2016-02-04,15.41,15.81,15.29,15.69,8782235
2016-02-07,15.69,15.70,15.42,15.42,1267043
2016-02-08,15.42,15.62,15.34,15.54,6465843
2016-02-09,15.54,15.92,15.42,15.81,8502091
2016-02-10,15.81,15.85,15.67,15.71,3647393
2016-02-11,15.71,15.73,15.49,15.51,2099279
2016-02-14,15.51,15.54,15.34,15.37,3092318
2016-02-15,15.37,15.65,15.28,15.55,7342558
2016-02-16,15.55,15.58,15.37,15.40,2825308
2016-02-17,15.40,15.45,15.28,15.33,3886248
2016-02-18,15.33,15.64,15.23,15.53,7685871
2016-02-21,15.53,15.58,15.42,15.47,3977263
2016-02-22,15.47,15.65,15.39,15.57,6217215
2016-02-23,15.57,15.91,15.46,15.80,8010665
2016-02-24,15.80,16.22,15.67,16.10,8888477
2016-02-25,16.10,16.21,16.03,16.14,5418552
2016-02-28,16.14,16.18,16.00,16.04,3650274
2016-02-29,16.04,16.11,15.98,16.05,4892283
2016-03-01,16.05,16.11,15.98,16.04,4823593
2016-03-02,16.04,16.20,15.96,16.12,5938031
2016-03-03,16.12,16.16,15.97,16.00,3322016
2016-03-06,16.00,16.33,15.89,16.22,7765672
2016-03-07,16.22,16.24,16.00,16.02,2207270
2016-03-08,16.02,16.32,15.91,16.22,7511008
2016-03-09,16.22,16.23,15.95,15.96,1578120
2016-03-10,15.96,16.01,15.83,15.88,3791323
2016-03-13,15.88,15.94,15.81,15.87,4792592
2016-03-14,15.87,16.00,15.80,15.93,5594272
2016-03-15,15.93,16.09,15.85,16.01,6023525
2016-03-16,16.01,16.22,15.92,16.14,6500102
2016-03-17,16.14,16.41,16.04,16.31,7147462
2016-03-20,16.31,16.36,16.21,16.26,4237208
2016-03-21,16.26,16.61,16.15,16.50,7966872
2016-03-22,16.50,16.51,16.23,16.24,1571021
2016-03-23,16.24,16.25,15.99,16.00,1765706
2016-03-24,16.00,16.06,15.92,15.97,4526234
2016-03-27,15.97,16.34,15.86,16.22,8198285
2016-03-28,16.22,16.24,15.98,16.00,1942352
2016-03-29,16.00,16.30,15.89,16.20,7511522
2016-03-30,16.20,16.40,16.11,16.31,6362585
2016-03-31,16.31,16.68,16.20,16.56,8100480
2016-04-03,16.56,16.61,16.46,16.51,4256069
2016-04-04,16.51,16.82,16.41,16.71,7397256
2016-04-05,16.71,17.03,16.60,16.92,7573422
2016-04-06,16.92,17.11,16.84,17.02,6093209
2016-04-07,17.02,17.26,16.92,17.16,6635631
2016-04-10,17.16,17.21,17.02,17.07,3694513
2016-04-11,17.07,17.48,16.94,17.35,8356275
2016-04-12,17.35,17.67,17.24,17.56,7411042
2016-04-13,17.56,17.92,17.44,17.80,7797085
2016-04-14,17.80,18.02,17.70,17.93,6378600
2016-04-17,17.93,18.01,17.85,17.94,5056824
2016-04-18,17.94,18.25,17.83,18.14,7214471
2016-04-19,18.14,18.19,17.98,18.02,3493518
2016-04-20,18.02,18.05,17.82,17.85,2906310
2016-04-21,17.85,17.96,17.78,17.89,5280006
2016-04-24,17.89,17.92,17.69,17.73,3034362
2016-04-25,17.73,17.79,17.62,17.68,4292832
2016-04-26,17.68,17.79,17.60,17.72,5327023
2016-04-27,17.72,18.14,17.59,18.01,8334465
2016-04-28,18.01,18.07,17.92,17.98,4549725
2016-05-01,17.98,18.01,17.76,17.79,2688854
2016-05-02,17.79,18.05,17.69,17.95,6727160
2016-05-03,17.95,18.24,17.84,18.13,7010322
2016-05-04,18.13,18.60,17.99,18.46,8698834
2016-05-05,18.46,18.47,18.16,18.17,1545781
2016-05-08,18.17,18.46,18.06,18.35,7007956
2016-05-09,18.35,18.38,18.13,18.16,2690294
2016-05-10,18.16,18.22,18.04,18.09,4123662
2016-05-11,18.09,18.48,17.97,18.35,7875960
2016-05-12,18.35,18.41,18.22,18.27,3996570
2016-05-15,18.27,18.29,17.99,18.01,1794135
2016-05-16,18.01,18.08,17.94,18.01,4947668
2016-05-17,18.01,18.40,17.89,18.28,7950994
2016-05-18,18.28,18.45,18.19,18.36,5890534
2016-05-19,18.36,18.37,18.06,18.07,1556412
2016-05-22,18.07,18.09,17.80,17.82,1886899
2016-05-23,17.82,17.86,17.67,17.72,3746193
2016-05-24,17.72,17.72,17.40,17.40,1035528
2016-05-25,17.40,17.49,17.32,17.42,5137620
2016-05-26,17.42,17.67,17.32,17.57,6694444
2016-05-29,17.57,17.82,17.47,17.72,6718347
2016-05-30,17.72,17.81,17.65,17.73,5036488
2016-05-31,17.73,17.75,17.48,17.50,2068621
2016-06-01,17.50,17.67,17.41,17.59,5938203
2016-06-02,17.59,17.66,17.52,17.59,4916838
2016-06-05,17.59,17.59,17.28,17.28,1202057
2016-06-06,17.28,17.30,17.03,17.05,2028429
2016-06-07,17.05,17.43,16.93,17.31,8112002
2016-06-08,17.31,17.63,17.20,17.52,7428086
2016-06-09,17.52,17.73,17.43,17.64,6322359
2016-06-12,17.64,17.66,17.38,17.39,1955315
2016-06-13,17.39,17.78,17.27,17.66,8080041
2016-06-14,17.66,17.86,17.57,17.76,6153326
2016-06-15,17.76,17.93,17.68,17.84,5780109
2016-06-16,17.84,18.08,17.74,17.98,6491255
2016-06-19,17.98,18.05,17.91,17.97,4854663
2016-06-20,17.97,18.26,17.87,18.15,6919718
2016-06-21,18.15,18.34,18.06,18.25,5995061
2016-06-22,18.25,18.41,18.16,18.32,5759705
2016-06-23,18.32,18.80,18.18,18.65,8707475
2016-06-26,18.65,18.67,18.38,18.39,1924794
2016-06-27,18.39,18.45,18.27,18.33,4201783
2016-06-28,18.33,18.57,18.23,18.47,6476714
2016-06-29,18.47,18.62,18.39,18.54,5613786
2016-06-30,18.54,18.58,18.37,18.42,3514231
2016-07-03,18.42,18.46,18.25,18.30,3560768
2016-07-04,18.30,18.36,18.20,18.26,4395370
2016-07-05,18.26,18.56,18.15,18.45,7030384
2016-07-06,18.45,18.49,18.26,18.31,3292969
2016-07-07,18.31,18.32,18.01,18.02,1602880
2016-07-10,18.02,18.04,17.76,17.78,2083573
2016-07-11,17.78,17.78,17.45,17.46,1006652
2016-07-12,17.46,17.90,17.32,17.76,8569650
2016-07-13,17.76,18.15,17.64,18.02,8007133
2016-07-14,18.02,18.42,17.90,18.29,8035150
2016-07-17,18.29,18.36,18.21,18.27,4629012
2016-07-18,18.27,18.33,18.15,18.21,4134396
2016-07-19,18.21,18.26,18.06,18.11,3711796
2016-07-20,18.11,18.11,17.78,17.78,1114300
2016-07-21,17.78,17.80,17.51,17.52,1798696
2016-07-24,17.52,17.84,17.41,17.73,7369924
2016-07-25,17.73,17.74,17.43,17.43,1358847
2016-07-26,17.43,17.49,17.33,17.39,4333367
2016-07-27,17.39,17.60,17.30,17.51,6342866
2016-07-28,17.51,17.96,17.37,17.83,8695987
2016-07-31,17.83,18.12,17.72,18.01,7071742
2016-08-01,18.01,18.07,17.88,17.93,3963957
2016-08-02,17.93,17.96,17.70,17.73,2459053
2016-08-03,17.73,17.84,17.65,17.77,5347153
2016-08-04,17.77,17.81,17.61,17.66,3566529
2016-08-07,17.66,17.67,17.40,17.41,1981378
2016-08-08,17.41,17.44,17.19,17.22,2492935
2016-08-09,17.22,17.64,17.09,17.51,8483916
2016-08-10,17.51,17.54,17.29,17.32,2596296
2016-08-11,17.32,17.34,17.06,17.07,1842421
2016-08-14,17.07,17.25,16.98,17.17,6049451
2016-08-15,17.17,17.51,17.05,17.39,7637139
2016-08-16,17.39,17.64,17.29,17.54,6728943
2016-08-17,17.54,17.89,17.43,17.77,7596467
2016-08-18,17.77,17.83,17.67,17.73,4437242
2016-08-21,17.73,17.79,17.64,17.70,4485836
2016-08-22,17.70,18.13,17.57,18.00,8458299
2016-08-23,18.00,18.06,17.89,17.95,4329938
2016-08-24,17.95,18.18,17.85,18.09,6446433
2016-08-25,18.09,18.14,17.95,18.01,3968278
2016-08-28,18.01,18.04,17.79,17.82,2648559
2016-08-29,17.82,18.20,17.69,18.08,7944067
2016-08-30,18.08,18.21,18.00,18.13,5459739
2016-08-31,18.13,18.16,17.91,17.94,2726440
2016-09-01,17.94,18.00,17.83,17.89,4312071
2016-09-04,17.89,18.31,17.76,18.18,8266015
2016-09-05,18.18,18.57,18.05,18.44,7896913
2016-09-06,18.44,18.73,18.33,18.62,6883779
2016-09-07,18.62,18.99,18.49,18.87,7720438
2016-09-08,18.87,19.01,18.78,18.92,5493312
2016-09-11,18.92,18.96,18.72,18.75,2992524
2016-09-12,18.75,19.07,18.64,18.96,7156344
2016-09-13,18.96,19.24,18.84,19.13,6848971
2016-09-14,19.13,19.19,18.99,19.05,3971639
2016-09-15,19.05,19.07,18.76,18.78,1907064
2016-09-18,18.78,19.12,18.66,19.00,7297222
2016-09-19,19.00,19.10,18.92,19.02,5154458
2016-09-20,19.02,19.07,18.84,18.88,3305932
2016-09-21,18.88,18.90,18.61,18.64,2171399
2016-09-22,18.64,18.65,18.35,18.37,1874314
2016-09-25,18.37,18.63,18.27,18.53,6686282
2016-09-26,18.53,18.56,18.31,18.35,2804835
2016-09-27,18.35,18.48,18.26,18.40,5464540
2016-09-28,18.40,18.73,18.28,18.61,7381447
2016-09-29,18.61,18.68,18.52,18.58,4530864
2016-10-02,18.58,18.63,18.40,18.44,3258470
2016-10-03,18.44,18.92,18.30,18.78,8724759
2016-10-04,18.78,18.81,18.55,18.58,2682818
2016-10-05,18.58,18.84,18.48,18.73,6589437
2016-10-06,18.73,18.93,18.64,18.84,6049554
2016-10-09,18.84,19.31,18.69,19.17,8594032
2016-10-10,19.17,19.20,18.94,18.98,2790775
2016-10-11,18.98,19.01,18.75,18.78,2689163
2016-10-12,18.78,18.79,18.48,18.49,1597839
2016-10-13,18.49,18.53,18.30,18.34,3195816
2016-10-16,18.34,18.36,18.07,18.09,1976920
2016-10-17,18.09,18.09,17.76,17.76,1027572
2016-10-18,17.76,17.79,17.57,17.61,3137894
2016-10-19,17.61,17.92,17.50,17.81,7246159
2016-10-20,17.81,17.83,17.56,17.58,2216563
2016-10-23,17.58,17.76,17.50,17.67,5950342
2016-10-24,17.67,17.84,17.59,17.75,5830212
2016-10-25,17.75,18.19,17.62,18.06,8498148
2016-10-26,18.06,18.34,17.95,18.24,6966495
2016-10-27,18.24,18.24,17.90,17.90,1062414
2016-10-30,17.90,18.21,17.79,18.10,7205658
2016-10-31,18.10,18.11,17.80,17.81,1519684
2016-11-01,17.81,17.87,17.70,17.76,4276097
2016-11-02,17.76,17.77,17.48,17.49,1672427
2016-11-03,17.49,17.97,17.35,17.83,8943244
2016-11-06,17.83,17.86,17.62,17.65,2804595
2016-11-07,17.65,17.69,17.48,17.52,3231790
2016-11-08,17.52,17.96,17.38,17.82,8570507
2016-11-09,17.82,18.21,17.70,18.08,7981241
2016-11-10,18.08,18.40,17.97,18.29,7217078
2016-11-13,18.29,18.34,18.14,18.19,3734807
2016-11-14,18.19,18.49,18.07,18.38,7139368
2016-11-15,18.38,18.89,18.24,18.74,8961625
2016-11-16,18.74,18.91,18.65,18.82,5769478
2016-11-17,18.82,18.87,18.65,18.70,3612311
2016-11-20,18.70,18.76,18.56,18.61,3798765
2016-11-21,18.61,18.63,18.34,18.35,2007853
2016-11-22,18.35,18.83,18.21,18.69,8733401
2016-11-23,18.69,18.73,18.49,18.53,3061831
2016-11-24,18.53,18.58,18.38,18.43,3783264
2016-11-27,18.43,18.45,18.15,18.17,1835973
2016-11-28,18.17,18.18,17.90,17.92,2084156
2016-11-29,17.92,18.15,17.83,18.06,6429046
2016-11-30,18.06,18.08,17.81,17.83,2253360
2016-12-01,17.83,17.89,17.72,17.77,4199074
2016-12-04,17.77,17.88,17.70,17.81,5278532
2016-12-05,17.81,17.92,17.73,17.84,5318895
2016-12-06,17.84,17.91,17.77,17.83,4739917
2016-12-07,17.83,17.88,17.68,17.73,3665054
2016-12-08,17.73,17.95,17.63,17.85,6365912
2016-12-11,17.85,18.15,17.75,18.04,7040020
2016-12-12,18.04,18.11,17.97,18.04,4921947
2016-12-13,18.04,18.51,17.90,18.37,8727743
2016-12-14,18.37,18.61,18.27,18.51,6432716
2016-12-15,18.51,18.57,18.40,18.46,4382544
2016-12-18,18.46,18.84,18.34,18.71,7737722
2016-12-19,18.71,18.93,18.61,18.83,6251337
2016-12-20,18.83,18.96,18.75,18.88,5380178
2016-12-21,18.88,19.15,18.77,19.05,6729183
2016-12-22,19.05,19.06,18.75,18.77,1829218
2016-12-25,18.77,18.81,18.58,18.62,3248182
2016-12-26,18.62,18.62,18.28,18.28,1035459
2016-12-27,18.28,18.35,18.19,18.25,4499691
2016-12-28,18.25,18.26,17.94,17.94,1319890
2016-12-29,17.94,17.96,17.68,17.70,1989883
2017-01-01,17.70,17.71,17.41,17.42,1596090
2017-01-02,17.42,17.45,17.23,17.26,2928635
2017-01-03,17.26,17.33,17.19,17.26,4925788
2017-01-04,17.26,17.32,17.17,17.23,4451748
2017-01-05,17.23,17.27,17.07,17.11,3407750
2017-01-08,17.11,17.20,17.04,17.13,5176508
2017-01-09,17.13,17.55,17.00,17.42,8400000
2017-01-10,17.42,17.61,17.33,17.52,6090569
2017-01-11,17.52,17.71,17.43,17.62,6075377
2017-01-12,17.62,18.08,17.48,17.94,8774176
2017-01-15,17.94,18.16,17.85,18.06,6310425
2017-01-16,18.06,18.10,17.86,17.90,2955727
2017-01-17,17.90,18.39,17.76,18.24,8907613
2017-01-18,18.24,18.58,18.12,18.46,7400651
2017-01-19,18.46,18.77,18.35,18.66,7150891
2017-01-22,18.66,18.72,18.53,18.59,4133641
2017-01-23,18.59,18.66,18.51,18.58,4694581
2017-01-24,18.58,18.77,18.48,18.68,5994204
2017-01-25,18.68,18.85,18.59,18.76,5785596
2017-01-26,18.76,18.77,18.45,18.46,1525548
2017-01-29,18.46,18.49,18.24,18.28,2818998
2017-01-30,18.28,18.28,17.95,17.96,1196810
2017-01-31,17.96,17.96,17.64,17.64,1226886
2017-02-01,17.64,18.13,17.50,17.99,8958607
2017-02-02,17.99,18.00,17.70,17.71,1700617
2017-02-05,17.71,18.01,17.61,17.90,7131927
2017-02-06,17.90,17.95,17.76,17.81,3746364
2017-02-07,17.81,17.84,17.59,17.62,2630349
2017-02-08,17.62,17.86,17.52,17.76,6574005
2017-02-09,17.76,18.00,17.66,17.90,6515603
2017-02-12,17.90,18.22,17.78,18.10,7319341
2017-02-13,18.10,18.14,17.90,17.93,2886454
2017-02-14,17.93,18.00,17.84,17.91,4599657
2017-02-15,17.91,17.95,17.72,17.76,3100925
2017-02-16,17.76,18.09,17.64,17.97,7402606
2017-02-19,17.97,17.98,17.66,17.67,1331858
2017-02-20,17.67,17.67,17.36,17.37,1308436
2017-02-21,17.37,17.69,17.26,17.58,7455795
2017-02-22,17.58,17.97,17.46,17.85,8045541
2017-02-23,17.85,17.95,17.77,17.88,5275205
2017-02-26,17.88,18.10,17.78,18.01,6379355
2017-02-27,18.01,18.06,17.88,17.94,4074039
2017-02-28,17.94,17.96,17.70,17.72,2334567
2017-03-01,17.72,18.06,17.60,17.94,7506618
2017-03-02,17.94,18.41,17.80,18.27,8750685
2017-03-05,18.27,18.32,18.13,18.18,3819855
2017-03-06,18.18,18.39,18.08,18.29,6170919
2017-03-07,18.29,18.30,17.98,17.99,1408813
2017-03-08,17.99,18.08,17.92,18.00,5064403
2017-03-09,18.00,18.16,17.92,18.08,5705589
2017-03-12,18.08,18.08,17.77,17.77,1381755
2017-03-13,17.77,17.78,17.47,17.48,1401543
2017-03-14,17.48,17.49,17.19,17.20,1443964
2017-03-15,17.20,17.25,17.07,17.12,4002846
2017-03-16,17.12,17.18,17.01,17.07,4164609
2017-03-19,17.07,17.13,16.99,17.05,4719375
2017-03-20,17.05,17.11,16.97,17.03,4605418
2017-03-21,17.03,17.47,16.90,17.34,8686934
2017-03-22,17.34,17.37,17.14,17.17,2865157
2017-03-23,17.17,17.40,17.08,17.31,6522805
2017-03-26,17.31,17.33,17.07,17.09,2301851
2017-03-27,17.09,17.39,16.99,17.28,7214643
2017-03-28,17.28,17.37,17.21,17.30,5088340
2017-03-29,17.30,17.36,17.20,17.26,4342695
2017-03-30,17.26,17.35,17.19,17.28,5101165
2017-04-02,17.28,17.32,17.13,17.17,3635356
2017-04-03,17.17,17.19,16.93,16.95,2142798
2017-04-04,16.95,17.31,16.83,17.19,7858058
2017-04-05,17.19,17.32,17.11,17.24,5497187
2017-04-06,17.24,17.52,17.14,17.42,7035493
2017-04-09,17.42,17.45,17.21,17.25,2818655
2017-04-10,17.25,17.43,17.16,17.34,6007167
2017-04-11,17.34,17.55,17.25,17.46,6354115
2017-04-12,17.46,17.47,17.16,17.16,1316289
2017-04-13,17.16,17.59,17.04,17.46,8498628
2017-04-16,17.46,17.50,17.30,17.34,3431995
2017-04-17,17.34,17.59,17.24,17.49,6684293
2017-04-18,17.49,17.90,17.36,17.77,8304903
2017-04-19,17.77,17.78,17.49,17.50,1602469
2017-04-20,17.50,17.70,17.40,17.61,6256001
2017-04-23,17.61,18.07,17.47,17.93,8759327
2017-04-24,17.93,17.99,17.82,17.88,4198868
2017-04-25,17.88,17.92,17.71,17.75,3364746
2017-04-26,17.75,17.85,17.67,17.77,5195233
2017-04-27,17.77,18.02,17.68,17.92,6554526
2017-04-30,17.92,17.92,17.61,17.62,1343861
2017-05-01,17.62,18.10,17.48,17.96,8945953
2017-05-02,17.96,18.01,17.83,17.88,4002777
2017-05-03,17.88,17.93,17.72,17.77,3526680
2017-05-04,17.77,18.09,17.65,17.97,7344821
2017-05-07,17.97,18.35,17.85,18.23,7876954
2017-05-08,18.23,18.34,18.15,18.26,5246536
2017-05-09,18.26,18.31,18.11,18.16,3725171
2017-05-10,18.16,18.30,18.08,18.22,5510390
2017-05-11,18.22,18.23,17.94,17.95,1836762
2017-05-14,17.95,17.96,17.65,17.66,1420336
2017-05-15,17.66,18.07,17.53,17.94,8236419
2017-05-16,17.94,18.00,17.85,17.92,4630692
2017-05-17,17.92,17.97,17.77,17.82,3763648
2017-05-18,17.82,17.86,17.65,17.70,3388374
2017-05-21,17.70,18.18,17.56,18.04,8961659
2017-05-22,18.04,18.23,17.95,18.14,6088443
2017-05-23,18.14,18.17,17.90,17.92,2299588
2017-05-24,17.92,17.94,17.67,17.69,2162997
2017-05-25,17.69,17.74,17.54,17.59,3728052
2017-05-28,17.59,18.01,17.46,17.88,8303395
2017-05-29,17.88,17.92,17.72,17.77,3568038
2017-05-30,17.77,18.16,17.64,18.03,8015809
2017-05-31,18.03,18.50,17.89,18.36,8733127
2017-06-01,18.36,18.82,18.22,18.68,8510116
2017-06-04,18.68,18.90,18.58,18.80,6285048
2017-06-05,18.80,19.10,18.69,18.99,6922119
2017-06-06,18.99,19.05,18.87,18.93,4322565
2017-06-07,18.93,18.95,18.65,18.66,1869101
2017-06-08,18.66,18.88,18.57,18.78,6203703
2017-06-11,18.78,18.81,18.53,18.55,2338717
2017-06-12,18.55,18.76,18.46,18.66,6101303
2017-06-13,18.66,18.68,18.38,18.40,1911213
2017-06-14,18.40,18.58,18.31,18.49,5891906
2017-06-15,18.49,18.71,18.39,18.61,6314986
2017-06-18,18.61,18.74,18.53,18.66,5377983
2017-06-19,18.66,18.68,18.41,18.43,2315466
2017-06-20,18.43,18.60,18.34,18.51,5843484
2017-06-21,18.51,18.57,18.38,18.43,3937345
2017-06-22,18.43,18.47,18.23,18.26,2942729
2017-06-25,18.26,18.66,18.13,18.53,8020130
2017-06-26,18.53,19.04,18.39,18.89,8922633
2017-06-27,18.89,18.93,18.69,18.73,3107030
2017-06-28,18.73,19.16,18.60,19.02,8178257
2017-06-29,19.02,19.41,18.90,19.28,7667181
2017-07-02,19.28,19.49,19.18,19.39,6141700
2017-07-03,19.39,19.40,19.08,19.09,1651200
2017-07-04,19.09,19.14,18.92,18.97,3504320
2017-07-05,18.97,19.32,18.85,19.20,7380075
2017-07-06,19.20,19.59,19.07,19.46,7772290
2017-07-09,19.46,19.86,19.33,19.73,7767386
2017-07-10,19.73,19.75,19.45,19.47,2155486
2017-07-11,19.47,19.66,19.38,19.56,5874862
2017-07-12,19.56,19.97,19.43,19.83,7789711
2017-07-13,19.83,19.85,19.53,19.54,1801268
2017-07-16,19.54,19.89,19.42,19.77,7292249
2017-07-17,19.77,20.07,19.65,19.96,6904629
2017-07-18,19.96,19.97,19.64,19.65,1650754
2017-07-19,19.65,20.01,19.53,19.88,7357784
2017-07-20,19.88,20.37,19.73,20.22,8445473
2017-07-23,20.22,20.32,20.14,20.23,5037277
2017-07-24,20.23,20.24,19.89,19.90,1404801
2017-07-25,19.90,20.31,19.77,20.17,7745576
2017-07-26,20.17,20.53,20.04,20.40,7294170
2017-07-27,20.40,20.94,20.24,20.78,8766632
2017-07-30,20.78,21.25,20.63,21.10,8138271
2017-07-31,21.10,21.16,20.93,20.99,3754766
2017-08-01,20.99,21.54,20.82,21.38,8776611
2017-08-02,21.38,21.47,21.29,21.38,4956893
2017-08-03,21.38,21.57,21.28,21.47,5752400
2017-08-06,21.47,21.55,21.38,21.46,4768072
2017-08-07,21.46,21.47,21.11,21.12,1534773
2017-08-08,21.12,21.66,20.96,21.50,8620404
2017-08-09,21.50,21.98,21.34,21.82,8074348
2017-08-10,21.82,21.83,21.44,21.44,1205246
2017-08-13,21.44,21.87,21.30,21.73,7692112
2017-08-14,21.73,21.96,21.62,21.85,6028772
2017-08-15,21.85,22.24,21.71,22.10,7301646
2017-08-16,22.10,22.36,21.98,22.25,6300857
2017-08-17,22.25,22.27,21.92,21.94,1964677
2017-08-20,21.94,22.31,21.80,22.18,7157304
2017-08-21,22.18,22.63,22.02,22.48,7779972
2017-08-22,22.48,22.87,22.34,22.73,7215397
2017-08-23,22.73,22.80,22.58,22.65,4105555
2017-08-24,22.65,23.07,22.50,22.92,7462791
2017-08-27,22.92,22.93,22.51,22.51,1114266
2017-08-28,22.51,22.52,22.14,22.15,1479732
2017-08-29,22.15,22.72,21.98,22.55,8682647
2017-08-30,22.55,22.60,22.30,22.35,2994615
2017-08-31,22.35,22.38,22.07,22.11,2613168
2017-09-03,22.11,22.44,21.98,22.31,6772873
2017-09-04,22.31,22.82,22.15,22.66,8189780
2017-09-05,22.66,22.70,22.40,22.44,2839197
2017-09-06,22.44,22.55,22.35,22.46,5066803
2017-09-07,22.46,22.53,22.30,22.37,4033093
2017-09-10,22.37,22.53,22.27,22.43,5491152
2017-09-11,22.43,22.78,22.30,22.65,6897770
2017-09-12,22.65,22.67,22.30,22.32,1857887
2017-09-13,22.32,22.54,22.21,22.43,5902366
2017-09-14,22.43,22.87,22.28,22.72,7599108
2017-09-17,22.72,22.82,22.63,22.73,4997496
2017-09-18,22.73,23.15,22.59,23.01,7406172
2017-09-19,23.01,23.04,22.71,22.75,2504149
2017-09-20,22.75,23.35,22.57,23.17,8785253
2017-09-21,23.17,23.32,23.07,23.22,5335905
2017-09-24,23.22,23.26,22.96,23.01,2946227
2017-09-25,23.01,23.58,22.83,23.41,8554492
2017-09-26,23.41,23.45,23.15,23.20,3024897
2017-09-27,23.20,23.28,23.06,23.13,4258676
2017-09-28,23.13,23.59,22.98,23.43,7638545
2017-10-01,23.43,23.50,23.25,23.32,3806481
2017-10-02,23.32,23.33,22.95,22.97,1774828
2017-10-03,22.97,22.98,22.58,22.59,1370747
2017-10-04,22.59,22.63,22.34,22.39,3013991
2017-10-05,22.39,22.73,22.26,22.60,6828017
2017-10-08,22.60,22.60,22.19,22.19,1084430
2017-10-09,22.19,22.25,22.03,22.09,3980761
2017-10-10,22.09,22.42,21.97,22.29,6751577
2017-10-11,22.29,22.31,21.97,22.00,2112928
2017-10-12,22.00,22.02,21.68,21.70,2040123
2017-10-15,21.70,21.78,21.62,21.70,4878840
2017-10-16,21.70,22.15,21.55,22.00,7789574
2017-10-17,22.00,22.55,21.83,22.38,8525411
2017-10-18,22.38,22.46,22.27,22.35,4543141
2017-10-19,22.35,22.51,22.25,22.41,5447702
2017-10-22,22.41,22.45,22.14,22.18,2769958
2017-10-23,22.18,22.18,21.78,21.78,1077812
2017-10-24,21.78,22.06,21.66,21.94,6420644
2017-10-25,21.94,22.01,21.79,21.86,4107098
2017-10-26,21.86,22.06,21.75,21.96,5816186
2017-10-29,21.96,22.19,21.85,22.08,6041735
2017-10-30,22.08,22.54,21.93,22.39,7870164
2017-10-31,22.39,22.63,22.28,22.52,6091598
2017-11-01,22.52,22.97,22.37,22.82,7644307
2017-11-02,22.82,22.82,22.43,22.44,1392489
2017-11-05,22.44,22.57,22.34,22.48,5237379
2017-11-06,22.48,22.78,22.35,22.66,6561694
2017-11-07,22.66,22.72,22.49,22.56,4007407
2017-11-08,22.56,22.87,22.44,22.74,6586865
2017-11-09,22.74,23.00,22.63,22.88,6127229
2017-11-12,22.88,22.93,22.63,22.68,3048251
2017-11-13,22.68,22.85,22.58,22.74,5473388
2017-11-14,22.74,22.76,22.38,22.40,1674245
2017-11-15,22.40,22.42,22.06,22.07,1848353
2017-11-16,22.07,22.21,21.98,22.11,5230281
2017-11-19,22.11,22.19,22.00,22.08,4536076
2017-11-20,22.08,22.14,21.90,21.96,3741049
2017-11-21,21.96,21.96,21.57,21.57,1190877
2017-11-22,21.57,21.59,21.26,21.28,2046056
2017-11-23,21.28,21.35,21.13,21.20,4059670
2017-11-26,21.20,21.28,21.10,21.18,4688511
2017-11-27,21.18,21.34,21.08,21.24,5537517
2017-11-28,21.24,21.48,21.14,21.37,6137551
2017-11-29,21.37,21.42,21.14,21.19,3056515
2017-11-30,21.19,21.22,20.90,20.93,2343792
2017-12-03,20.93,21.06,20.84,20.97,5308024
2017-12-04,20.97,21.39,20.84,21.25,7628223
2017-12-05,21.25,21.31,21.08,21.14,3798216
2017-12-06,21.14,21.22,21.06,21.14,4904423
2017-12-07,21.14,21.33,21.04,21.23,5736968
2017-12-10,21.23,21.35,21.14,21.26,5234122
2017-12-11,21.26,21.76,21.11,21.60,8260082
2017-12-12,21.60,22.17,21.44,22.00,8716083
2017-12-13,22.00,22.02,21.67,21.70,1984842
2017-12-14,21.70,21.73,21.43,21.47,2708333
2017-12-17,21.47,21.53,21.31,21.37,3898902
2017-12-18,21.37,21.52,21.28,21.42,5383710
2017-12-19,21.42,21.84,21.28,21.70,7582510
2017-12-20,21.70,21.73,21.43,21.46,2618758
2017-12-21,21.46,21.50,21.21,21.25,2764060
2017-12-24,21.25,21.27,20.95,20.98,2215946
2017-12-25,20.98,21.47,20.83,21.31,8208984
2017-12-26,21.31,21.47,21.22,21.37,5459224
2017-12-27,21.37,21.58,21.26,21.48,5941975
2017-12-28,21.48,21.95,21.33,21.80,8002914
2017-12-31,21.80,22.38,21.63,22.20,8802537
2018-01-01,22.20,22.44,22.09,22.33,6093930
2018-01-02,22.33,22.48,22.23,22.38,5333882
2018-01-03,22.38,22.89,22.22,22.72,8127331
2018-01-04,22.72,22.96,22.61,22.85,6005144
2018-01-07,22.85,22.90,22.64,22.70,3535219
2018-01-08,22.70,23.04,22.57,22.90,6766941
2018-01-09,22.90,22.90,22.48,22.48,1008950
2018-01-10,22.48,22.71,22.37,22.60,5940260
2018-01-11,22.60,23.10,22.44,22.94,8054698
2018-01-14,22.94,22.97,22.64,22.67,2438683
2018-01-15,22.67,23.15,22.51,22.99,7882338
2018-01-16,22.99,23.41,22.85,23.26,7323936
2018-01-17,23.26,23.45,23.15,23.34,5627674
2018-01-18,23.34,23.43,23.24,23.32,4694787
2018-01-21,23.32,23.82,23.16,23.66,7907990
2018-01-22,23.66,23.89,23.54,23.77,5909259
2018-01-23,23.77,24.25,23.61,24.09,7710939
2018-01-24,24.09,24.22,23.99,24.12,5140192
2018-01-25,24.12,24.46,23.99,24.32,6616769
2018-01-28,24.32,24.40,24.17,24.25,4264128
2018-01-29,24.25,24.28,23.93,23.96,2353875
2018-01-30,23.96,24.01,23.71,23.76,3083539
2018-01-31,23.76,23.96,23.64,23.85,5687688
2018-02-01,23.85,23.89,23.58,23.62,2882373
2018-02-04,23.62,23.95,23.49,23.82,6642901
2018-02-05,23.82,24.25,23.67,24.09,7314951
2018-02-06,24.09,24.12,23.75,23.77,2059019
2018-02-07,23.77,23.86,23.66,23.74,4628189
2018-02-08,23.74,23.82,23.61,23.70,4479252
2018-02-11,23.70,23.75,23.46,23.51,3217146
2018-02-12,23.51,24.08,23.34,23.90,8372736
2018-02-13,23.90,24.50,23.72,24.31,8513923
2018-02-14,24.31,24.33,23.93,23.94,1690089
2018-02-15,23.94,24.08,23.84,23.98,5209876
2018-02-18,23.98,24.33,23.84,24.19,6752297
2018-02-19,24.19,24.84,24.01,24.65,8811179
2018-02-20,24.65,24.97,24.51,24.83,6472942
2018-02-21,24.83,24.87,24.52,24.56,2527709
2018-02-22,24.56,24.63,24.37,24.44,3913751
2018-02-25,24.44,24.91,24.28,24.75,7495267
2018-02-26,24.75,25.17,24.59,25.02,7173491
2018-02-27,25.02,25.32,24.88,25.19,6331138
2018-02-28,25.19,25.25,24.97,25.04,3610185
2018-03-01,25.04,25.59,24.86,25.41,8022976
2018-03-04,25.41,25.47,25.17,25.23,3396673
2018-03-05,25.23,25.51,25.10,25.38,6151028
2018-03-06,25.38,26.00,25.20,25.81,8409499
2018-03-07,25.81,26.14,25.67,26.00,6443689
2018-03-08,26.00,26.04,25.66,25.70,2451131
2018-03-11,25.70,25.77,25.48,25.55,3666392
2018-03-12,25.55,25.60,25.26,25.30,2805521
2018-03-13,25.30,25.37,25.11,25.18,3843827
2018-03-14,25.18,25.31,25.07,25.21,5126989
2018-03-15,25.21,25.28,25.01,25.08,3815500
2018-03-18,25.08,25.29,24.96,25.17,5662448
2018-03-19,25.17,25.74,24.99,25.56,8124622
2018-03-20,25.56,25.66,25.45,25.55,4806961
2018-03-21,25.55,25.61,25.30,25.35,3240329
2018-03-22,25.35,25.91,25.17,25.73,7992626
2018-03-25,25.73,25.73,25.26,25.27,1113237
2018-03-26,25.27,25.81,25.09,25.63,7910802
2018-03-27,25.63,26.20,25.45,26.02,8064334
2018-03-28,26.02,26.10,25.84,25.92,4067661
2018-03-29,25.92,26.34,25.76,26.18,7007201
2018-04-01,26.18,26.25,25.96,26.03,3673079
2018-04-02,26.03,26.03,25.55,25.55,1003566
2018-04-03,25.55,25.62,25.35,25.43,3862860
2018-04-04,25.43,25.71,25.30,25.58,6152194
2018-04-05,25.58,25.64,25.33,25.38,3254286
2018-04-08,25.38,25.40,24.99,25.01,1811111
2018-04-09,25.01,25.06,24.72,24.77,2835013
2018-04-10,24.77,25.05,24.64,24.92,6153155
2018-04-11,24.92,25.00,24.76,24.84,4185288
2018-04-12,24.84,24.96,24.74,24.86,5054869
2018-04-15,24.86,24.98,24.76,24.88,5033504
2018-04-16,24.88,25.18,24.74,25.05,6318724
2018-04-17,25.05,25.62,24.87,25.43,8145096
2018-04-18,25.43,25.49,25.18,25.24,3228669
2018-04-19,25.24,25.30,25.01,25.07,3544753
2018-04-22,25.07,25.54,24.91,25.38,7439026
2018-04-23,25.38,25.46,25.20,25.28,4071982
2018-04-24,25.28,25.72,25.13,25.56,7196707
2018-04-25,25.56,25.86,25.43,25.73,6269993
2018-04-26,25.73,25.78,25.44,25.49,2896776
2018-04-29,25.49,25.58,25.36,25.45,4607921
2018-04-30,25.45,26.01,25.28,25.83,7971330
2018-05-01,25.83,25.88,25.55,25.60,3036385
2018-05-02,25.60,26.03,25.45,25.87,7111728
2018-05-03,25.87,26.42,25.70,26.24,7876371
2018-05-06,26.24,26.79,26.06,26.61,7824142
2018-05-07,26.61,26.64,26.22,26.25,2041460
2018-05-08,26.25,26.26,25.80,25.81,1318449
2018-05-09,25.81,25.90,25.68,25.77,4593381
2018-05-10,25.77,26.44,25.57,26.24,8730452
2018-05-13,26.24,26.76,26.07,26.58,7630898
2018-05-14,26.58,26.68,26.46,26.56,4677434
2018-05-15,26.56,26.91,26.41,26.76,6512037
2018-05-16,26.76,27.06,26.63,26.93,6147050
2018-05-17,26.93,26.99,26.67,26.74,3409636
2018-05-20,26.74,27.13,26.58,26.97,6719547
2018-05-21,26.97,27.59,26.78,27.40,8200240
2018-05-22,27.40,27.48,27.21,27.30,4123319
2018-05-23,27.30,27.40,27.17,27.27,4686316
2018-05-24,27.27,27.28,26.78,26.79,1123799
2018-05-27,26.79,26.82,26.41,26.44,2151817
2018-05-28,26.44,26.51,26.22,26.30,3745679
2018-05-29,26.30,26.38,26.13,26.22,4251063
2018-05-30,26.22,26.92,26.01,26.71,8828463
2018-05-31,26.71,27.18,26.54,27.01,7230967
2018-06-03,27.01,27.12,26.90,27.01,4915363
2018-06-04,27.01,27.08,26.77,26.83,3486591
2018-06-05,26.83,26.87,26.49,26.53,2475514
2018-06-06,26.53,26.87,26.38,26.73,6450034
2018-06-07,26.73,26.92,26.61,26.80,5459533
2018-06-10,26.80,27.51,26.59,27.30,8812654
2018-06-11,27.30,27.39,27.12,27.21,4188408
2018-06-12,27.21,27.24,26.82,26.85,2080624
2018-06-13,26.85,27.06,26.73,26.94,5575720
2018-06-14,26.94,26.95,26.49,26.50,1463820
2018-06-17,26.50,26.60,26.38,26.48,4683196
2018-06-18,26.48,26.56,26.30,26.38,4098045
2018-06-19,26.38,26.39,25.95,25.97,1609602
2018-06-20,25.97,26.63,25.77,26.43,8600582
2018-06-21,26.43,26.96,26.25,26.78,7712962
2018-06-24,26.78,27.36,26.60,27.17,7959087
2018-06-25,27.17,27.18,26.69,26.69,1166117
2018-06-26,26.69,26.77,26.48,26.55,3753806
2018-06-27,26.55,27.11,26.37,26.93,7845610
2018-06-28,26.93,26.94,26.50,26.52,1713134
2018-07-01,26.52,26.59,26.29,26.35,3553909
2018-07-02,26.35,26.45,26.22,26.32,4602503
2018-07-03,26.32,26.53,26.20,26.41,5574965
2018-07-04,26.41,26.44,26.06,26.10,2446604
2018-07-05,26.10,26.11,25.67,25.69,1563100
2018-07-08,25.69,26.26,25.51,26.08,8084945
2018-07-09,26.08,26.15,25.87,25.94,3765226
2018-07-10,25.94,25.97,25.57,25.59,2060733
2018-07-11,25.59,25.69,25.47,25.56,4576406
2018-07-12,25.56,25.60,25.26,25.31,2843106
2018-07-15,25.31,25.32,24.88,24.90,1428737
2018-07-16,24.90,25.21,24.76,25.07,6382681
2018-07-17,25.07,25.12,24.80,24.85,3013580
2018-07-18,24.85,24.90,24.58,24.63,3000445
2018-07-19,24.63,25.29,24.44,25.09,8837105
2018-07-22,25.09,25.59,24.93,25.42,7609979
2018-07-23,25.42,25.45,25.05,25.08,2109190
2018-07-24,25.08,25.53,24.93,25.37,7273010
2018-07-25,25.37,25.44,25.18,25.26,3965637
2018-07-26,25.26,25.28,24.90,24.92,2088305
2018-07-29,24.92,25.04,24.82,24.94,5023731
2018-07-30,24.94,25.00,24.71,24.77,3413888
2018-07-31,24.77,25.06,24.64,24.93,6271124
2018-08-01,24.93,25.10,24.82,24.99,5422599
2018-08-02,24.99,25.00,24.56,24.57,1288065
2018-08-05,24.57,24.59,24.21,24.23,1990980
2018-08-06,24.23,24.30,24.04,24.11,3802949
2018-08-07,24.11,24.76,23.92,24.57,8921502
2018-08-08,24.57,25.19,24.38,25.00,8581207
2018-08-09,25.00,25.06,24.77,24.84,3498113
2018-08-12,24.84,25.04,24.72,24.93,5647530
2018-08-13,24.93,25.10,24.82,24.99,5375137
2018-08-14,24.99,25.51,24.82,25.34,7841426
2018-08-15,25.34,25.38,25.04,25.09,2799485
2018-08-16,25.09,25.16,24.88,24.95,3706104
2018-08-19,24.95,25.03,24.78,24.86,4166220
2018-08-20,24.86,24.93,24.66,24.72,3710699
2018-08-21,24.72,25.11,24.58,24.96,6907441
2018-08-22,24.96,25.03,24.77,24.84,3805829
2018-08-23,24.84,24.90,24.63,24.70,3714506
2018-08-26,24.70,24.73,24.36,24.40,2312482
2018-08-27,24.40,24.42,24.05,24.07,2093587
2018-08-28,24.07,24.34,23.95,24.22,6144238
2018-08-29,24.22,24.22,23.80,23.80,1254561
2018-08-30,23.80,23.83,23.48,23.52,2362825
2018-09-02,23.52,23.81,23.39,23.68,6333230
2018-09-03,23.68,24.07,23.54,23.92,7067009
2018-09-04,23.92,24.44,23.76,24.27,7946879
2018-09-05,24.27,24.75,24.11,24.59,7614814
2018-09-06,24.59,25.00,24.44,24.85,7083161
2018-09-09,24.85,25.13,24.72,25.00,6179080
2018-09-10,25.00,25.16,24.89,25.05,5322325
2018-09-11,25.05,25.14,24.93,25.02,4636351
2018-09-12,25.02,25.63,24.84,25.44,8392764
2018-09-13,25.44,25.49,25.14,25.19,2789094
2018-09-16,25.19,25.24,24.92,24.97,3059910
2018-09-17,24.97,24.99,24.60,24.62,1921262
2018-09-18,24.62,24.68,24.38,24.44,3348456
2018-09-19,24.44,24.65,24.33,24.53,5687174
2018-09-20,24.53,24.80,24.41,24.68,6097908
2018-09-23,24.68,24.71,24.34,24.38,2333744
2018-09-24,24.38,24.89,24.21,24.72,7851474
2018-09-25,24.72,25.30,24.54,25.12,8256035
2018-09-26,25.12,25.17,24.85,24.90,3078292
2018-09-27,24.90,25.00,24.81,24.90,4886145
2018-09-30,24.90,24.97,24.70,24.77,3728978
2018-10-01,24.77,25.44,24.57,25.24,8915432
2018-10-02,25.24,25.81,25.06,25.63,8124519
2018-10-03,25.63,25.70,25.43,25.51,3850068
2018-10-04,25.51,25.94,25.35,25.78,7178497
2018-10-07,25.78,25.89,25.68,25.79,4899931
2018-10-08,25.79,25.86,25.60,25.67,3952640
2018-10-09,25.67,25.68,25.22,25.22,1200823
2018-10-10,25.22,25.56,25.08,25.42,6545713
2018-10-11,25.42,25.89,25.26,25.72,7370027
2018-10-14,25.72,25.76,25.38,25.41,2315740
2018-10-15,25.41,26.03,25.22,25.84,8395198
2018-10-16,25.84,25.85,25.40,25.41,1435562
2018-10-17,25.41,25.65,25.29,25.53,5856584
2018-10-18,25.53,25.76,25.41,25.64,5781721
2018-10-21,25.64,25.83,25.53,25.71,5482578
2018-10-22,25.71,26.15,25.56,25.99,7156687
2018-10-23,25.99,26.02,25.61,25.64,2038614
2018-10-24,25.64,26.03,25.49,25.88,6844410
2018-10-25,25.88,25.89,25.46,25.47,1549382
2018-10-28,25.47,26.10,25.28,25.91,8499211
2018-10-29,25.91,26.60,25.71,26.40,8854389
2018-10-30,26.40,27.03,26.20,26.83,8368004
2018-10-31,26.83,26.93,26.69,26.79,4496844
2018-11-01,26.79,27.19,26.63,27.04,6845850
2018-11-04,27.04,27.46,26.88,27.30,6945884
2018-11-05,27.30,27.31,26.84,26.85,1364849
2018-11-06,26.85,26.93,26.67,26.75,4152126
2018-11-07,26.75,27.44,26.55,27.23,8616358
2018-11-08,27.23,27.27,26.87,26.91,2436556
2018-11-11,26.91,27.00,26.73,26.81,4106550
2018-11-12,26.81,27.51,26.61,27.30,8712757
2018-11-13,27.30,27.36,27.01,27.06,3045301
2018-11-14,27.06,27.09,26.67,26.70,2042455
2018-11-15,26.70,26.74,26.36,26.41,2568415
2018-11-18,26.41,26.76,26.26,26.61,6524417
2018-11-19,26.61,26.62,26.15,26.16,1293175
2018-11-20,26.16,26.17,25.73,25.74,1516666
2018-11-21,25.74,26.34,25.55,26.15,8207235
2018-11-22,26.15,26.30,26.04,26.19,5192043
2018-11-25,26.19,26.90,25.98,26.68,8890843
2018-11-26,26.68,26.75,26.44,26.50,3427091
2018-11-27,26.50,26.50,26.02,26.02,1072393
2018-11-28,26.02,26.10,25.84,25.92,4024279
2018-11-29,25.92,25.98,25.68,25.75,3517318
2018-12-02,25.75,26.35,25.56,26.16,8267558
2018-12-03,26.16,26.47,26.02,26.33,6250308
2018-12-04,26.33,26.41,26.12,26.20,3811248
2018-12-05,26.20,26.49,26.06,26.35,6110871
2018-12-06,26.35,26.40,26.05,26.10,2902263
2018-12-09,26.10,26.62,25.93,26.45,7642215
2018-12-10,26.45,26.71,26.32,26.58,5935665
2018-12-11,26.58,26.75,26.46,26.63,5313477
2018-12-12,26.63,26.67,26.28,26.31,2343552
2018-12-13,26.31,26.37,26.03,26.09,3075274
2018-12-16,26.09,26.78,25.88,26.58,8817283
2018-12-17,26.58,27.04,26.41,26.87,7248593
2018-12-18,26.87,27.60,26.66,27.38,8863031
2018-12-19,27.38,28.10,27.17,27.89,8747016
2018-12-20,27.89,27.91,27.44,27.46,1690672
2018-12-23,27.46,27.51,27.13,27.17,2632270
2018-12-24,27.17,27.83,26.97,27.63,8436008
2018-12-25,27.63,27.76,27.52,27.65,5003120
2018-12-26,27.65,27.72,27.42,27.49,3716323
2018-12-27,27.49,27.55,27.21,27.28,3217592
2018-12-30,27.28,27.37,27.13,27.23,4519272
2018-12-31,27.23,27.74,27.05,27.56,7448525
2019-01-01,27.56,27.66,27.41,27.50,4425102
2019-01-02,27.50,27.57,27.26,27.33,3572462
2019-01-03,27.33,27.33,26.84,26.85,1162208
2019-01-06,26.85,27.34,26.68,27.17,7391872
2019-01-07,27.17,27.37,27.05,27.25,5496021
2019-01-08,27.25,27.33,27.07,27.16,4190706
2019-01-09,27.16,27.67,26.98,27.49,7451234
2019-01-10,27.49,27.71,27.36,27.59,5623285
2019-01-13,27.59,27.67,27.38,27.45,3867352
2019-01-14,27.45,28.05,27.26,27.85,7936522
2019-01-15,27.85,28.35,27.68,28.17,7287585
2019-01-16,28.17,28.24,27.92,27.99,3525480
2019-01-17,27.99,28.08,27.81,27.90,4181069
2019-01-20,27.90,28.16,27.76,28.02,5822256
2019-01-21,28.02,28.39,27.87,28.24,6498422
2019-01-22,28.24,28.78,28.05,28.59,7518209
2019-01-23,28.59,28.69,28.45,28.55,4560631
2019-01-24,28.55,29.19,28.34,28.99,8119513
2019-01-27,28.99,29.17,28.86,29.04,5281275
2019-01-28,29.04,29.48,28.87,29.31,6836042
2019-01-29,29.31,29.39,29.07,29.15,3722085
2019-01-30,29.15,29.93,28.92,29.69,8803600
2019-01-31,29.69,30.34,29.49,30.13,7981824
2019-02-03,30.13,30.24,29.99,30.10,4639471
2019-02-04,30.10,30.31,29.96,30.17,5418518
2019-02-05,30.17,30.25,29.88,29.95,3331310
2019-02-06,29.95,30.30,29.80,30.14,6205006
2019-02-07,30.14,30.53,29.98,30.37,6459362
2019-02-10,30.37,30.47,30.17,30.27,4217832
2019-02-11,30.27,30.36,30.03,30.11,3752023
2019-02-12,30.11,30.64,29.92,30.45,7259465
2019-02-13,30.45,30.76,30.30,30.61,5974725
2019-02-14,30.61,31.39,30.38,31.15,8613854
2019-02-17,31.15,31.22,30.83,30.90,3152160
2019-02-18,30.90,30.99,30.67,30.76,3935322
2019-02-19,30.76,31.45,30.54,31.23,8123834
2019-02-20,31.23,31.46,31.09,31.32,5470781
2019-02-21,31.32,31.33,30.79,30.81,1432956
2019-02-24,30.81,31.06,30.66,30.91,5615294
2019-02-25,30.91,30.93,30.41,30.42,1548662
2019-02-26,30.42,30.45,29.96,29.98,1800960
2019-02-27,29.98,30.08,29.81,29.91,4421570
2019-02-28,29.91,29.97,29.56,29.61,2719135
2019-03-03,29.61,30.32,29.39,30.10,8372668
2019-03-04,30.10,30.74,29.89,30.53,7875994
2019-03-05,30.53,30.63,30.34,30.44,4315534
2019-03-06,30.44,31.20,30.22,30.97,8481412
2019-03-07,30.97,31.04,30.66,30.73,3311899
2019-03-10,30.73,30.76,30.25,30.27,1671193
2019-03-11,30.27,30.48,30.13,30.35,5460528
2019-03-12,30.35,30.38,29.91,29.94,2062620
2019-03-13,29.94,30.27,29.79,30.12,6119444
2019-03-14,30.12,30.17,29.75,29.80,2643347
2019-03-17,29.80,30.36,29.61,30.17,7461488
2019-03-18,30.17,30.30,30.04,30.18,4993621
2019-03-19,30.18,30.25,29.89,29.96,3363203
2019-03-20,29.96,30.42,29.79,30.24,6841838
2019-03-21,30.24,30.26,29.76,29.78,1627057
2019-03-24,29.78,29.83,29.45,29.50,2953429
2019-03-25,29.50,29.58,29.24,29.32,3537002
2019-03-26,29.32,29.85,29.13,29.66,7353086
2019-03-27,29.66,29.77,29.53,29.64,4747359
2019-03-28,29.64,30.44,29.41,30.20,8880315
2019-03-31,30.20,30.22,29.70,29.72,1505041
2019-04-01,29.72,29.81,29.52,29.61,4078326
2019-04-02,29.61,29.64,29.20,29.23,2205109
2019-04-03,29.23,29.30,28.96,29.03,3416255
2019-04-04,29.03,29.12,28.85,28.94,4279663
2019-04-07,28.94,29.00,28.61,28.66,2844718
2019-04-08,28.66,29.36,28.45,29.15,8420061
2019-04-09,29.15,29.90,28.92,29.67,8684705
2019-04-10,29.67,30.00,29.52,29.85,6132475
2019-04-11,29.85,29.94,29.62,29.70,3849794
2019-04-14,29.70,29.81,29.56,29.67,4626783
2019-04-15,29.67,30.22,29.48,30.02,7401714
2019-04-16,30.02,30.02,29.47,29.48,1038786
2019-04-17,29.48,29.55,29.20,29.27,3439231
2019-04-18,29.27,29.30,28.84,28.87,1985768
2019-04-21,28.87,28.94,28.59,28.66,3320370
2019-04-22,28.66,29.36,28.44,29.14,8455384
2019-04-23,29.14,29.15,28.63,28.64,1217969
2019-04-24,28.64,28.94,28.49,28.79,6027880
2019-04-25,28.79,29.26,28.62,29.08,7008573
2019-04-28,29.08,29.80,28.87,29.58,8431652
2019-04-29,29.58,29.68,29.42,29.52,4494650
2019-04-30,29.52,29.56,29.14,29.18,2432133
2019-05-01,29.18,29.24,28.86,28.91,2960150
2019-05-02,28.91,28.94,28.49,28.52,2054012
2019-05-05,28.52,28.83,28.38,28.68,6059396
2019-05-06,28.68,28.77,28.49,28.58,4136796
2019-05-07,28.58,28.61,28.17,28.20,2039300
2019-05-08,28.20,28.36,28.08,28.24,5223696
2019-05-09,28.24,28.75,28.06,28.57,7294924
2019-05-12,28.57,29.16,28.37,28.96,7783847
2019-05-13,28.96,29.03,28.67,28.74,3258367
2019-05-14,28.74,29.33,28.54,29.13,7767866
2019-05-15,29.13,29.54,28.97,29.37,6620987
2019-05-16,29.37,29.45,29.11,29.18,3496742
2019-05-19,29.18,29.97,28.95,29.74,8888957
2019-05-20,29.74,29.76,29.29,29.31,1884053
2019-05-21,29.31,29.32,28.80,28.81,1272153
2019-05-22,28.81,29.11,28.67,28.96,5991529
2019-05-23,28.96,29.08,28.85,28.97,4906378
2019-05-26,28.97,29.59,28.77,29.38,7917935
2019-05-27,29.38,29.43,29.00,29.04,2408916
2019-05-28,29.04,29.10,28.72,28.78,3021296
2019-05-29,28.78,28.83,28.44,28.49,2767421
2019-05-30,28.49,28.51,28.02,28.03,1474451
2019-06-02,28.03,28.58,27.85,28.39,7562139
2019-06-03,28.39,28.54,28.27,28.43,5153943
2019-06-04,28.43,28.81,28.27,28.65,6521467
2019-06-05,28.65,28.92,28.51,28.78,5862242
2019-06-06,28.78,28.82,28.40,28.44,2410836
2019-06-09,28.44,28.56,28.33,28.44,4883299
2019-06-10,28.44,28.45,27.95,27.96,1254938
2019-06-11,27.96,28.22,27.82,28.09,5871433
2019-06-12,28.09,28.69,27.89,28.49,7893278
2019-06-13,28.49,28.63,28.37,28.51,5073559
2019-06-16,28.51,28.57,28.19,28.24,2869067
2019-06-17,28.24,28.30,27.92,27.97,2884739
2019-06-18,27.97,28.08,27.84,27.94,4651440
2019-06-19,27.94,28.05,27.82,27.93,4737071
2019-06-20,27.93,27.93,27.43,27.44,1191015
2019-06-23,27.44,27.50,27.17,27.23,3321913
2019-06-24,27.23,27.64,27.08,27.48,6808779
2019-06-25,27.48,27.79,27.34,27.65,6145438
2019-06-26,27.65,27.74,27.49,27.59,4418312
2019-06-27,27.59,27.68,27.43,27.53,4417524
2019-06-30,27.53,27.67,27.41,27.55,5081344
2019-07-01,27.55,27.62,27.28,27.34,3273971
2019-07-02,27.34,28.08,27.13,27.86,8896639
2019-07-03,27.86,27.87,27.39,27.39,1332064
2019-07-04,27.39,27.46,27.12,27.18,3222222
2019-07-07,27.18,27.71,27.00,27.53,7579458
2019-07-08,27.53,27.85,27.38,27.70,6230932
2019-07-09,27.70,28.25,27.52,28.06,7596399
2019-07-10,28.06,28.14,27.84,27.92,3799314
2019-07-11,27.92,28.39,27.75,28.21,7111282
2019-07-14,28.21,28.29,27.98,28.06,3729835
2019-07-15,28.06,28.82,27.84,28.59,8889540
2019-07-16,28.59,29.11,28.41,28.92,7306447
2019-07-17,28.92,28.98,28.60,28.66,2955864
2019-07-18,28.66,28.69,28.26,28.29,2183470
2019-07-21,28.29,28.32,27.89,27.93,2149759
2019-07-22,27.93,28.64,27.71,28.42,8607818
2019-07-23,28.42,28.48,28.11,28.17,3014437
2019-07-24,28.17,28.22,27.86,27.91,2974554
2019-07-25,27.91,28.53,27.72,28.33,8019032
2019-07-28,28.33,28.74,28.17,28.58,6715775
2019-07-29,28.58,28.73,28.46,28.61,5114163
2019-07-30,28.61,28.71,28.46,28.56,4522839
2019-07-31,28.56,29.29,28.34,29.07,8620816
2019-08-01,29.07,29.15,28.85,28.93,3901920
2019-08-04,28.93,28.94,28.45,28.46,1452572
2019-08-05,28.46,28.55,28.26,28.35,4062894
2019-08-06,28.35,28.40,28.01,28.05,2671159
2019-08-07,28.05,28.08,27.66,27.69,2141563
2019-08-08,27.69,27.78,27.53,27.62,4375342
2019-08-11,27.62,27.73,27.50,27.61,4755212
2019-08-12,27.61,27.63,27.19,27.22,1923148
2019-08-13,27.22,27.32,27.11,27.22,4891495
2019-08-14,27.22,27.42,27.10,27.30,5487414
2019-08-15,27.30,27.38,27.12,27.20,4130658
2019-08-18,27.20,27.95,26.98,27.73,8944684
2019-08-19,27.73,28.37,27.53,28.16,8201097
2019-08-20,28.16,28.25,27.97,28.06,4097427
2019-08-21,28.06,28.14,27.84,27.92,3868244
2019-08-22,27.92,28.57,27.72,28.37,8229595
2019-08-25,28.37,28.52,28.25,28.40,5156790
2019-08-26,28.40,29.19,28.18,28.96,8995507
2019-08-27,28.96,29.75,28.73,29.51,8906241
2019-08-28,29.51,29.56,29.15,29.20,2642078
2019-08-29,29.20,29.28,28.95,29.03,3659807
2019-09-01,29.03,29.26,28.90,29.13,5564368
2019-09-02,29.13,29.74,28.92,29.54,7886625
2019-09-03,29.54,30.05,29.36,29.87,7194478
2019-09-04,29.87,29.88,29.38,29.39,1537311
2019-09-05,29.39,30.07,29.18,29.86,8223765
2019-09-08,29.86,30.33,29.68,30.15,6932853
2019-09-09,30.15,30.84,29.93,30.62,8158401
2019-09-10,30.62,31.11,30.44,30.93,6986831
2019-09-11,30.93,31.28,30.76,31.12,6208264
2019-09-12,31.12,31.24,30.99,31.10,4760973
2019-09-15,31.10,31.70,30.90,31.49,7509156
2019-09-16,31.49,32.25,31.26,32.01,8354046
2019-09-17,32.01,32.07,31.62,31.68,2678360
2019-09-18,31.68,31.84,31.55,31.71,5124074
2019-09-19,31.71,32.54,31.47,32.29,8703532
2019-09-22,32.29,32.48,32.15,32.35,5243895
2019-09-23,32.35,32.42,32.01,32.08,3164917
2019-09-24,32.08,32.13,31.68,31.73,2590054
2019-09-25,31.73,32.39,31.52,32.17,7790912
2019-09-26,32.17,32.31,32.04,32.18,4965020
2019-09-29,32.18,32.20,31.63,31.64,1346947
2019-09-30,31.64,31.91,31.50,31.76,5652743
2019-10-01,31.76,32.06,31.61,31.91,5857716
2019-10-02,31.91,32.66,31.67,32.43,8307544
2019-10-03,32.43,32.47,31.97,32.01,2162722
2019-10-06,32.01,32.01,31.44,31.45,1176337
2019-10-07,31.45,31.50,31.08,31.14,2805178
2019-10-08,31.14,31.94,30.90,31.69,8654183
2019-10-09,31.69,31.73,31.26,31.30,2254218
2019-10-10,31.30,31.40,31.09,31.19,4173182
2019-10-13,31.19,31.30,31.02,31.13,4460459
2019-10-14,31.13,31.24,30.96,31.06,4424691
2019-10-15,31.06,31.70,30.85,31.49,7744890
2019-10-16,31.49,32.34,31.24,32.09,8914883
2019-10-17,32.09,32.16,31.74,31.81,3021090
2019-10-20,31.81,32.66,31.56,32.41,8853635
2019-10-21,32.41,32.42,31.85,31.86,1350788
2019-10-22,31.86,31.88,31.32,31.33,1376748
2019-10-23,31.33,31.39,30.97,31.03,2832750
2019-10-24,31.03,31.03,30.47,30.47,1101508
2019-10-27,30.47,30.53,30.12,30.17,2825000
2019-10-28,30.17,30.18,29.62,29.62,1015569
2019-10-29,29.62,29.69,29.35,29.43,3500377
2019-10-30,29.43,29.48,29.07,29.12,2699176
2019-10-31,29.12,29.55,28.95,29.38,6735425
2019-11-03,29.38,29.46,29.15,29.24,3880727
2019-11-04,29.24,29.34,29.07,29.16,4332613
2019-11-05,29.16,29.69,28.98,29.50,7325651
2019-11-06,29.50,29.73,29.37,29.60,5575891
2019-11-07,29.60,29.66,29.28,29.34,3058641
2019-11-10,29.34,29.67,29.19,29.52,6119581
2019-11-11,29.52,29.60,29.30,29.38,3919204
2019-11-12,29.38,29.42,28.97,29.01,2210596
2019-11-13,29.01,29.38,28.85,29.23,6450548
2019-11-14,29.23,29.26,28.82,28.86,2243998
2019-11-17,28.86,29.01,28.74,28.89,5121810
2019-11-18,28.89,28.97,28.65,28.72,3651886
2019-11-19,28.72,28.81,28.51,28.59,3883607
2019-11-20,28.59,29.07,28.41,28.89,7125617
2019-11-21,28.89,28.89,28.37,28.37,1056927
2019-11-24,28.37,28.46,28.18,28.27,4171364
2019-11-25,28.27,28.35,28.02,28.09,3555349
2019-11-26,28.09,28.12,27.68,27.71,1999005
2019-11-27,27.71,28.07,27.56,27.92,6440603
2019-11-28,27.92,28.16,27.78,28.03,5744341
2019-12-01,28.03,28.05,27.60,27.62,1811454
2019-12-02,27.62,27.91,27.48,27.77,6024657
2019-12-03,27.77,27.77,27.26,27.26,1025925
2019-12-04,27.26,27.34,27.05,27.13,3827606
2019-12-05,27.13,27.45,26.98,27.30,6256858
2019-12-08,27.30,28.02,27.09,27.80,8733436
2019-12-09,27.80,27.87,27.54,27.61,3380795
2019-12-10,27.61,27.65,27.25,27.29,2470541
2019-12-11,27.29,27.92,27.09,27.72,8200205
2019-12-12,27.72,27.80,27.50,27.58,3804355
2019-12-15,27.58,27.86,27.44,27.73,5999039
2019-12-16,27.73,27.77,27.40,27.45,2759567
2019-12-17,27.45,28.12,27.24,27.91,8431618
2019-12-18,27.91,28.00,27.73,27.82,4175685
2019-12-19,27.82,27.89,27.59,27.67,3744855
2019-12-22,27.67,27.77,27.53,27.63,4595919
2019-12-23,27.63,28.29,27.43,28.08,8333813
2019-12-24,28.08,28.45,27.93,28.30,6489403
2019-12-25,28.30,28.37,28.06,28.13,3630589
2019-12-26,28.13,28.39,27.99,28.25,5806755
2019-12-29,28.25,28.60,28.10,28.45,6326543
2019-12-30,28.45,29.21,28.22,28.99,8868964
2019-12-31,28.99,29.61,28.79,29.41,7927846
2020-01-01,29.41,29.81,29.24,29.64,6589609
2020-01-02,29.64,30.23,29.45,30.03,7644375
2020-01-05,30.03,30.06,29.60,29.63,2030418
2020-01-06,29.63,29.67,29.26,29.31,2611934
2020-01-07,29.31,29.38,29.02,29.09,3290157
2020-01-08,29.09,29.63,28.90,29.44,7447805
2020-01-09,29.44,29.70,29.30,29.56,5726851
2020-01-12,29.56,30.06,29.38,29.88,7139643
2020-01-13,29.88,29.95,29.61,29.68,3513340
2020-01-14,29.68,29.75,29.39,29.46,3267695
2020-01-15,29.46,29.85,29.29,29.69,6526165
2020-01-16,29.69,29.70,29.20,29.22,1560356
2020-01-19,29.22,29.62,29.06,29.45,6567798
2020-01-20,29.45,29.56,29.33,29.44,4783058
2020-01-21,29.44,29.56,29.32,29.44,4922187
2020-01-22,29.44,29.50,29.12,29.18,2960493
2020-01-23,29.18,29.35,29.05,29.23,5243655
2020-01-26,29.23,30.03,28.99,29.79,8932167
2020-01-27,29.79,29.87,29.55,29.63,3779115
2020-01-28,29.63,29.70,29.34,29.40,3241289
2020-01-29,29.40,30.20,29.17,29.97,8923628
2020-01-30,29.97,30.07,29.79,29.89,4356995
2020-02-02,29.89,29.93,29.47,29.50,2109293
2020-02-03,29.50,30.19,29.29,29.97,8229903
2020-02-04,29.97,30.63,29.76,30.42,8027469
2020-02-05,30.42,30.59,30.29,30.46,5181001
2020-02-06,30.46,30.50,30.03,30.07,2184327
2020-02-09,30.07,30.10,29.64,29.68,2123868
2020-02-10,29.68,30.29,29.48,30.09,7789746
2020-02-11,30.09,30.12,29.66,29.69,2120233
2020-02-12,29.69,30.00,29.54,29.85,5979526
2020-02-13,29.85,30.03,29.72,29.90,5268861
2020-02-16,29.90,29.97,29.62,29.69,3370953
2020-02-17,29.69,30.15,29.51,29.98,6927777
2020-02-18,29.98,30.80,29.74,30.56,8951680
2020-02-19,30.56,30.57,30.02,30.03,1269821
2020-02-20,30.03,30.74,29.81,30.52,8301954
2020-02-23,30.52,30.87,30.36,30.71,6171536
2020-02-24,30.71,31.23,30.52,31.04,7150171
2020-02-25,31.04,31.26,30.90,31.12,5435390
2020-02-26,31.12,31.85,30.90,31.62,8261762
2020-02-27,31.62,32.38,31.39,32.14,8345336
2020-03-01,32.14,32.16,31.63,31.65,1661419
2020-03-02,31.65,31.70,31.25,31.30,2555692
2020-03-03,31.30,32.02,31.08,31.79,8188648
2020-03-04,31.79,32.55,31.56,32.31,8313374
2020-03-05,32.31,33.09,32.07,32.85,8386659
2020-03-08,32.85,32.88,32.37,32.40,2013443
2020-03-09,32.40,32.52,32.26,32.38,4724588
2020-03-10,32.38,32.54,32.25,32.41,5087997
2020-03-11,32.41,32.42,31.83,31.84,1153052
2020-03-12,31.84,31.88,31.40,31.44,2228395
2020-03-15,31.44,31.53,31.21,31.30,3993038
2020-03-16,31.30,32.16,31.05,31.91,8940809
2020-03-17,31.91,32.01,31.70,31.80,4158127
2020-03-18,31.80,32.58,31.56,32.33,8435116
2020-03-19,32.33,32.45,32.19,32.31,4710048
2020-03-22,32.31,32.61,32.15,32.46,5847119
2020-03-23,32.46,32.75,32.30,32.59,5747565
2020-03-24,32.59,33.27,32.37,33.04,7794101
2020-03-25,33.04,33.10,32.64,32.69,2628703
2020-03-26,32.69,33.27,32.48,33.06,7263717
2020-03-29,33.06,33.31,32.91,33.16,5526303
2020-03-30,33.16,33.47,33.00,33.31,5836213
2020-03-31,33.31,34.10,33.07,33.85,8316906
2020-04-01,33.85,33.86,33.26,33.27,1239986
2020-04-02,33.27,33.33,32.88,32.94,2802983
2020-04-05,32.94,33.05,32.73,32.84,4240466
2020-04-06,32.84,33.23,32.67,33.06,6268484
2020-04-07,33.06,33.19,32.93,33.05,4862345
2020-04-08,33.05,33.47,32.88,33.29,6367729
2020-04-09,33.29,34.01,33.06,33.77,7945130
2020-04-12,33.77,34.39,33.56,34.17,7347633
2020-04-13,34.17,34.20,33.67,33.71,2032030
2020-04-14,33.71,33.73,33.16,33.18,1603257
2020-04-15,33.18,33.45,33.03,33.29,5592181
2020-04-16,33.29,33.35,32.88,32.93,2566700
2020-04-19,32.93,33.38,32.74,33.19,6576200
2020-04-20,33.19,33.26,32.82,32.89,2929320
2020-04-21,32.89,32.96,32.56,32.64,3305075
2020-04-22,32.64,32.68,32.19,32.22,2197290
2020-04-23,32.22,32.28,31.84,31.89,2692386
2020-04-26,31.89,32.51,31.68,32.30,7580486
2020-04-27,32.30,32.97,32.08,32.75,7799862
2020-04-28,32.75,33.51,32.51,33.27,8214711
2020-04-29,33.27,33.32,32.87,32.92,2726268
2020-04-30,32.92,32.98,32.53,32.59,2717249
2020-05-03,32.59,33.08,32.40,32.89,6829629
2020-05-04,32.89,33.62,32.66,33.39,8075754
2020-05-05,33.39,33.79,33.21,33.61,6282784
2020-05-06,33.61,33.64,33.10,33.13,1870473
2020-05-07,33.13,33.19,32.76,32.83,2962277
2020-05-10,32.83,33.14,32.67,32.98,5829801
2020-05-11,32.98,33.10,32.82,32.94,4670576
2020-05-12,32.94,33.42,32.75,33.23,6719170
2020-05-13,33.23,33.35,33.08,33.20,4691632
2020-05-14,33.20,33.25,32.78,32.84,2563271
2020-05-17,32.84,33.30,32.65,33.12,6679766
2020-05-18,33.12,33.50,32.94,33.32,6201611
2020-05-19,33.32,33.84,33.13,33.64,6881893
2020-05-20,33.64,34.02,33.47,33.85,6177400
2020-05-21,33.85,34.14,33.69,33.98,5693072
2020-05-24,33.98,34.13,33.84,33.99,4959773
2020-05-25,33.99,34.84,33.74,34.58,8545404
2020-05-26,34.58,35.04,34.39,34.85,6499348
2020-05-27,34.85,35.64,34.60,35.39,8130246
2020-05-28,35.39,35.39,34.75,34.76,1117112
2020-05-31,34.76,34.86,34.50,34.60,3953772
2020-06-01,34.60,34.70,34.32,34.41,3726646
2020-06-02,34.41,34.49,34.07,34.14,3225857
2020-06-03,34.14,34.16,33.56,33.58,1389677
2020-06-04,33.58,33.65,33.22,33.29,3082304
2020-06-07,33.29,33.33,32.83,32.87,2204972
2020-06-08,32.87,32.90,32.40,32.44,2140397
2020-06-09,32.44,32.46,31.91,31.92,1530555
2020-06-10,31.92,31.94,31.38,31.39,1387791
2020-06-11,31.39,31.41,30.88,30.90,1539266
2020-06-14,30.90,30.94,30.49,30.53,2404732
2020-06-15,30.53,30.63,30.33,30.42,4107647
2020-06-16,30.42,30.48,30.08,30.14,2919615
2020-06-17,30.14,30.14,29.59,29.59,1038168
2020-06-18,29.59,29.84,29.45,29.70,5697873
2020-06-21,29.70,29.72,29.22,29.24,1614780
2020-06-22,29.24,30.01,29.01,29.78,8764197
2020-06-23,29.78,29.80,29.29,29.30,1491803
2020-06-24,29.30,30.11,29.07,29.87,8958093
2020-06-25,29.87,29.99,29.75,29.87,4916152
2020-06-28,29.87,29.93,29.53,29.58,2822770
2020-06-29,29.58,29.68,29.40,29.50,4282887
2020-06-30,29.50,30.29,29.27,30.05,8827366
2020-07-01,30.05,30.19,29.93,30.07,5024108
2020-07-02,30.07,30.54,29.89,30.36,6922496
2020-07-05,30.36,31.00,30.16,30.79,7831172
2020-07-06,30.79,30.86,30.50,30.58,3429149
2020-07-07,30.58,30.68,30.38,30.48,4210253
2020-07-08,30.48,30.67,30.35,30.53,5260905
2020-07-09,30.53,30.55,30.01,30.03,1371227
2020-07-12,30.03,30.59,29.83,30.40,7479492
2020-07-13,30.40,30.50,30.23,30.33,4449897
2020-07-14,30.33,30.37,29.91,29.95,2183676
2020-07-15,29.95,30.04,29.74,29.83,4063545
2020-07-16,29.83,30.61,29.60,30.38,8731481
2020-07-19,30.38,30.38,29.84,29.84,1199828
2020-07-20,29.84,30.03,29.72,29.90,5295747
2020-07-21,29.90,30.12,29.77,29.98,5438991
2020-07-22,29.98,30.01,29.52,29.54,1753017
2020-07-23,29.54,29.93,29.38,29.77,6509430
2020-07-26,29.77,30.06,29.62,29.91,5905761
2020-07-27,29.91,30.42,29.73,30.24,7176577
2020-07-28,30.24,30.30,29.91,29.97,3037928
2020-07-29,29.97,30.19,29.84,30.06,5465123
2020-07-30,30.06,30.17,29.93,30.05,4803840
2020-08-02,30.05,30.39,29.89,30.24,6214574
2020-08-03,30.24,30.80,30.04,30.61,7450411
2020-08-04,30.61,30.92,30.45,30.76,5968141
2020-08-05,30.76,30.84,30.47,30.54,3372702
2020-08-06,30.54,31.07,30.35,30.88,7194958
2020-08-09,30.88,31.20,30.72,31.04,6002812
2020-08-10,31.04,31.34,30.89,31.19,5845644
2020-08-11,31.19,31.88,30.97,31.65,8032098
2020-08-12,31.65,32.39,31.42,32.16,8241186
2020-08-13,32.16,33.04,31.90,32.78,8966735
2020-08-16,32.78,32.99,32.64,32.85,5295164
2020-08-17,32.85,33.57,32.62,33.34,8016598
2020-08-18,33.34,34.08,33.10,33.84,8069307
2020-08-19,33.84,33.89,33.39,33.43,2317489
2020-08-20,33.43,34.29,33.17,34.03,8662379
2020-08-23,34.03,34.48,33.84,34.29,6486694
2020-08-24,34.29,34.34,33.84,33.89,2432407
2020-08-25,33.89,34.15,33.74,33.99,5511865
2020-08-26,33.99,34.65,33.77,34.42,7552229
2020-08-27,34.42,35.37,34.15,35.09,8973251
2020-08-30,35.09,35.13,34.57,34.60,1898388
2020-08-31,34.60,35.07,34.40,34.88,6599245
2020-09-01,34.88,34.89,34.27,34.28,1273353
2020-09-02,34.28,34.29,33.67,33.68,1155281
2020-09-03,33.68,34.21,33.47,34.01,6961076
2020-09-06,34.01,34.49,33.82,34.30,6666049
2020-09-07,34.30,34.77,34.10,34.58,6615877
2020-09-08,34.58,34.68,34.33,34.43,3971056
2020-09-09,34.43,34.55,34.25,34.37,4484670
2020-09-10,34.37,34.64,34.21,34.49,5613511
2020-09-13,34.49,35.43,34.21,35.15,8962517
2020-09-14,35.15,35.53,34.98,35.35,6062551
2020-09-15,35.35,35.37,34.76,34.78,1481515
2020-09-16,34.78,34.79,34.18,34.18,1268792
2020-09-17,34.18,34.68,33.99,34.49,6733024
2020-09-20,34.49,34.75,34.33,34.60,5553223
2020-09-21,34.60,35.40,34.35,35.14,8223216
2020-09-22,35.14,35.17,34.61,34.64,1829423
2020-09-23,34.64,34.83,34.49,34.68,5161968
2020-09-24,34.68,34.69,34.06,34.07,1159122
2020-09-27,34.07,34.13,33.66,33.71,2685082
2020-09-28,33.71,33.80,33.43,33.52,3641083
2020-09-29,33.52,34.14,33.30,33.92,7409842
2020-09-30,33.92,34.04,33.76,33.88,4633333
2020-10-01,33.88,33.99,33.68,33.79,4323902
2020-10-04,33.79,34.20,33.61,34.02,6308710
2020-10-05,34.02,34.09,33.65,33.72,3007510
2020-10-06,33.72,33.77,33.29,33.34,2543758
2020-10-07,33.34,33.35,32.75,32.76,1189060
2020-10-08,32.76,32.76,32.17,32.18,1140946
2020-10-11,32.18,32.20,31.66,31.68,1633984
2020-10-12,31.68,31.75,31.38,31.45,3384224
2020-10-13,31.45,31.50,31.04,31.08,2366975
2020-10-14,31.08,31.21,30.96,31.09,4927914
2020-10-15,31.09,31.81,30.86,31.58,8227537
2020-10-18,31.58,31.61,31.12,31.15,2018930
2020-10-19,31.15,31.79,30.94,31.58,7758882
2020-10-20,31.58,31.64,31.24,31.30,3052331
2020-10-21,31.30,31.38,31.01,31.09,3430144
2020-10-22,31.09,31.31,30.95,31.17,5460219
2020-10-25,31.17,31.71,30.98,31.52,7191941
2020-10-26,31.52,31.54,31.04,31.07,1933950
2020-10-27,31.07,31.09,30.54,30.56,1365260
2020-10-28,30.56,31.22,30.34,31.01,7979698
2020-10-29,31.01,31.84,30.76,31.59,8863683
2020-11-01,31.59,32.07,31.41,31.88,6807338
2020-11-02,31.88,32.72,31.63,32.47,8748936
2020-11-03,32.47,32.55,32.18,32.26,3552674
2020-11-04,32.26,32.27,31.68,31.69,1119787
2020-11-05,31.69,31.81,31.56,31.68,4832990
2020-11-08,31.68,31.88,31.54,31.75,5334259
2020-11-09,31.75,31.83,31.48,31.56,3635939
2020-11-10,31.56,32.17,31.35,31.96,7565192
2020-11-11,31.96,31.98,31.44,31.46,1541769
2020-11-12,31.46,31.48,30.96,30.98,1689128
2020-11-15,30.98,31.08,30.79,30.89,4278875
2020-11-16,30.89,30.97,30.61,30.69,3508539
2020-11-17,30.69,31.12,30.52,30.94,6612688
2020-11-18,30.94,31.32,30.78,31.15,6307373
2020-11-19,31.15,31.58,30.98,31.40,6567901
2020-11-22,31.40,31.68,31.25,31.53,5739951
2020-11-23,31.53,32.40,31.28,32.14,8984019
2020-11-24,32.14,32.49,31.98,32.32,6053189
2020-11-25,32.32,32.37,31.90,31.94,2404252
2020-11-26,31.94,32.58,31.73,32.36,7642146
2020-11-29,32.36,32.57,32.22,32.43,5297736
2020-11-30,32.43,33.13,32.20,32.90,7938923
2020-12-01,32.90,33.16,32.75,33.01,5615089
2020-12-02,33.01,33.67,32.79,33.44,7634876
2020-12-03,33.44,33.47,32.91,32.94,1677297
2020-12-06,32.94,33.32,32.76,33.15,6236179
2020-12-07,33.15,33.95,32.90,33.70,8397942
2020-12-08,33.70,33.77,33.33,33.39,2952709
2020-12-09,33.39,33.52,33.26,33.39,4838751
2020-12-10,33.39,33.45,33.01,33.08,2920267
2020-12-13,33.08,33.63,32.87,33.42,7098491
2020-12-14,33.42,33.55,33.28,33.40,4756138
2020-12-15,33.40,33.46,32.98,33.03,2535185
2020-12-16,33.03,33.05,32.48,32.49,1447976
2020-12-17,32.49,32.50,31.93,31.94,1321673
2020-12-20,31.94,32.00,31.55,31.60,2576028
2020-12-21,31.60,31.80,31.46,31.66,5334499
2020-12-22,31.66,31.97,31.51,31.81,5868689
2020-12-23,31.81,32.21,31.64,32.04,6376131
2020-12-24,32.04,32.39,31.88,32.22,6091392
2020-12-27,32.22,32.51,32.07,32.35,5730521
2020-12-28,32.35,32.36,31.79,31.80,1268827
2020-12-29,31.80,32.32,31.61,32.13,7051989
2020-12-30,32.13,32.23,31.92,32.03,4240500
2020-12-31,32.03,32.47,31.85,32.29,6587448
2021-01-03,32.29,32.37,32.00,32.08,3549622
2021-01-04,32.08,32.20,31.94,32.06,4731961
2021-01-05,32.06,32.08,31.55,31.57,1665329
2021-01-06,31.57,32.07,31.39,31.88,6917626
2021-01-07,31.88,31.93,31.47,31.52,2538237
2021-01-10,31.52,31.82,31.37,31.67,5835802
2021-01-11,31.67,31.78,31.50,31.61,4489334
2021-01-12,31.61,32.48,31.35,32.22,8992661
2021-01-13,32.22,32.64,32.05,32.46,6432201
2021-01-14,32.46,33.10,32.25,32.88,7598079
2021-01-17,32.88,32.96,32.58,32.65,3428566
2021-01-18,32.65,33.14,32.47,32.95,6787860
2021-01-19,32.95,33.04,32.66,32.75,3577194
2021-01-20,32.75,32.93,32.61,32.79,5179286
2021-01-21,32.79,32.83,32.34,32.38,2236111
2021-01-24,32.38,32.47,32.12,32.21,3760013
2021-01-25,32.21,32.23,31.69,31.70,1578155
2021-01-26,31.70,31.80,31.49,31.59,4110288
2021-01-27,31.59,31.67,31.30,31.38,3479869
2021-01-28,31.38,31.47,31.15,31.24,3958504
2021-01-31,31.24,31.88,31.03,31.67,7743724
2021-02-01,31.67,32.01,31.51,31.84,6070096
2021-02-02,31.84,32.48,31.63,32.26,7653669
2021-02-03,32.26,33.06,32.02,32.81,8469753
2021-02-04,32.81,33.32,32.62,33.12,6864026
2021-02-07,33.12,33.85,32.89,33.61,7996982
2021-02-08,33.61,33.63,33.07,33.09,1621707
2021-02-09,33.09,33.10,32.51,32.51,1194993
2021-02-10,32.51,33.29,32.28,33.05,8321776
2021-02-11,33.05,33.49,32.86,33.31,6532921
2021-02-14,33.31,34.11,33.06,33.86,8396330
2021-02-15,33.86,33.96,33.61,33.71,3961385
2021-02-16,33.71,33.77,33.29,33.34,2536728
2021-02-17,33.34,34.03,33.11,33.80,7801371
2021-02-18,33.80,34.20,33.62,34.02,6249142
2021-02-21,34.02,34.96,33.75,34.68,8966460
2021-02-22,34.68,34.74,34.27,34.33,2743449
2021-02-23,34.33,34.38,33.89,33.94,2518381
2021-02-24,33.94,34.13,33.80,33.99,5155452
2021-02-25,33.99,34.11,33.82,33.94,4555898
2021-02-28,33.94,34.04,33.71,33.81,4102434
2021-03-01,33.81,33.86,33.37,33.42,2437037
2021-03-02,33.42,34.26,33.17,34.00,8572050
2021-03-03,34.00,34.42,33.82,34.24,6334636
2021-03-04,34.24,34.35,34.01,34.12,4144547
2021-03-07,34.12,34.16,33.64,33.67,2125240
2021-03-08,33.67,33.79,33.50,33.62,4548319
2021-03-09,33.62,33.89,33.47,33.74,5611316
2021-03-10,33.74,33.86,33.56,33.68,4548799
2021-03-11,33.68,33.72,33.20,33.24,2076817
2021-03-14,33.24,33.27,32.77,32.81,2170679
2021-03-15,32.81,32.88,32.47,32.54,3176063
2021-03-16,32.54,32.58,32.10,32.14,2253463
2021-03-17,32.14,32.31,32.00,32.18,5155967
2021-03-18,32.18,32.19,31.63,31.64,1340363
2021-03-21,31.64,32.41,31.40,32.17,8411591
2021-03-22,32.17,32.20,31.68,31.71,1900514
2021-03-23,31.71,31.76,31.29,31.34,2375034
2021-03-24,31.34,32.00,31.12,31.78,7884533
2021-03-25,31.78,31.87,31.52,31.61,3737654
2021-03-28,31.61,31.63,31.10,31.12,1613408
2021-03-29,31.12,31.21,30.90,30.99,4005624
2021-03-30,30.99,31.31,30.84,31.16,6000720
2021-03-31,31.16,31.20,30.74,30.79,2388820
2021-04-01,30.79,31.48,30.57,31.26,8108196
2021-04-04,31.26,31.35,31.04,31.13,4023045
2021-04-05,31.13,31.82,30.91,31.60,8034602
2021-04-06,31.60,32.20,31.39,32.00,7525582
2021-04-07,32.00,32.00,31.42,31.43,1137962
2021-04-08,31.43,31.73,31.27,31.58,5884087
2021-04-11,31.58,31.83,31.43,31.68,5591117
2021-04-12,31.68,32.50,31.44,32.26,8678806
2021-04-13,32.26,32.83,32.05,32.62,7270610
2021-04-14,32.62,32.89,32.47,32.74,5638134
2021-04-15,32.74,33.07,32.58,32.91,5978909
2021-04-18,32.91,33.54,32.70,33.32,7527503
2021-04-19,33.32,33.39,32.96,33.03,2999965
2021-04-20,33.03,33.14,32.84,32.95,4371604
2021-04-21,32.95,32.98,32.46,32.49,1988100
2021-04-22,32.49,32.49,31.90,31.90,1009945
2021-04-25,31.90,32.45,31.70,32.25,7190226
2021-04-26,32.25,32.28,31.77,31.80,1985733
2021-04-27,31.80,31.87,31.46,31.52,3001406
2021-04-28,31.52,31.54,31.03,31.05,1768106
2021-04-29,31.05,31.11,30.70,30.75,2853737
2021-05-02,30.75,30.86,30.57,30.67,4307681
2021-05-03,30.67,31.24,30.47,31.04,7438580
2021-05-04,31.04,31.71,30.83,31.49,7925445
2021-05-05,31.49,32.23,31.26,32.00,8262105
2021-05-06,32.00,32.08,31.71,31.79,3534979
2021-05-09,31.79,31.91,31.63,31.74,4534190
2021-05-10,31.74,31.78,31.30,31.34,2198010
2021-05-11,31.34,31.35,30.81,30.82,1390637
2021-05-12,30.82,30.91,30.60,30.69,4013305
2021-05-13,30.69,30.91,30.55,30.77,5448731
2021-05-16,30.77,30.88,30.59,30.70,4338888
2021-05-17,30.70,30.72,30.21,30.23,1696124
2021-05-18,30.23,30.43,30.10,30.30,5347599
2021-05-19,30.30,30.91,30.09,30.71,7713065
2021-05-20,30.71,31.54,30.46,31.29,8915980
2021-05-23,31.29,31.48,31.16,31.35,5227949
2021-05-24,31.35,31.82,31.16,31.64,6846502
2021-05-25,31.64,31.78,31.51,31.66,5006207
2021-05-26,31.66,32.43,31.42,32.19,8423113
2021-05-27,32.19,32.35,32.06,32.22,5072530
2021-05-30,32.22,32.23,31.66,31.67,1300137
2021-05-31,31.67,31.71,31.24,31.28,2266426
2021-06-01,31.28,31.55,31.13,31.40,5724485
2021-06-02,31.40,31.41,30.84,30.85,1131104
2021-06-03,30.85,31.18,30.69,31.02,6091220
2021-06-06,31.02,31.12,30.82,30.91,4135699
2021-06-07,30.91,31.56,30.70,31.35,7832441
2021-06-08,31.35,31.89,31.15,31.70,7230829
2021-06-09,31.70,31.78,31.43,31.51,3639506
2021-06-10,31.51,32.34,31.27,32.09,8737482
2021-06-13,32.09,32.09,31.50,31.50,1018587
2021-06-14,31.50,32.11,31.29,31.90,7569238
2021-06-15,31.90,32.45,31.70,32.25,7179561
2021-06-16,32.25,32.73,32.06,32.54,6787825
2021-06-17,32.54,32.62,32.22,32.29,3258230
2021-06-20,32.29,32.72,32.11,32.54,6492009
2021-06-21,32.54,32.63,32.29,32.38,3871879
2021-06-22,32.38,32.42,31.91,31.95,2039814
2021-06-23,31.95,31.98,31.48,31.51,2008161
2021-06-24,31.51,31.59,31.24,31.32,3604080
2021-06-27,31.32,31.87,31.12,31.67,7247325
2021-06-28,31.67,31.83,31.54,31.70,5061351
2021-06-29,31.70,31.71,31.15,31.16,1317764
2021-06-30,31.16,31.52,31.00,31.36,6214094
2021-07-01,31.36,31.42,31.02,31.08,2984910
2021-07-04,31.08,31.82,30.85,31.59,8346262
2021-07-05,31.59,31.63,31.16,31.20,2273456
2021-07-06,31.20,31.72,31.01,31.53,7112174
2021-07-07,31.53,31.62,31.31,31.40,4022908
2021-07-08,31.40,31.86,31.22,31.68,6758744
2021-07-11,31.68,31.80,31.55,31.67,4776474
2021-07-12,31.67,32.30,31.45,32.09,7681035
2021-07-13,32.09,32.60,31.89,32.41,7003292
2021-07-14,32.41,32.99,32.21,32.78,7311145
2021-07-15,32.78,33.25,32.60,33.06,6653978
2021-07-18,33.06,33.47,32.88,33.29,6340432
2021-07-19,33.29,33.32,32.81,32.84,2049519
2021-07-20,32.84,32.95,32.64,32.75,4275068
2021-07-21,32.75,33.49,32.52,33.25,8103497
2021-07-22,33.25,34.04,33.01,33.79,8324931
2021-07-25,33.79,33.89,33.54,33.63,3877640
2021-07-26,33.63,34.30,33.41,34.07,7625823
2021-07-27,34.07,34.32,33.92,34.17,5470713
2021-07-28,34.17,35.07,33.90,34.80,8795027
2021-07-29,34.80,35.61,34.55,35.36,8240740
2021-08-01,35.36,35.49,35.21,35.35,4820198
2021-08-02,35.35,35.79,35.16,35.60,6360562
2021-08-03,35.60,35.82,35.44,35.66,5281584
2021-08-04,35.66,35.69,35.10,35.13,1706721
2021-08-05,35.13,35.88,34.88,35.63,7907578
2021-08-08,35.63,35.67,35.12,35.16,2081687
2021-08-09,35.16,35.82,34.93,35.59,7463614
2021-08-10,35.59,36.53,35.31,36.25,8769410
2021-08-11,36.25,36.28,35.71,35.75,1974382
2021-08-12,35.75,35.76,35.15,35.16,1424211
2021-08-15,35.16,35.28,34.94,35.06,4279389
2021-08-16,35.06,35.89,34.80,35.63,8293004
2021-08-17,35.63,35.70,35.23,35.30,2921844
2021-08-18,35.30,35.62,35.13,35.45,5770850
2021-08-19,35.45,36.30,35.18,36.03,8370884
2021-08-22,36.03,36.68,35.81,36.45,7289849
2021-08-23,36.45,37.37,36.17,37.09,8577126
2021-08-24,37.09,37.37,36.92,37.20,5541358
2021-08-25,37.20,37.23,36.64,36.67,1861556
2021-08-26,36.67,37.48,36.41,37.22,8031550
2021-08-29,37.22,37.30,36.83,36.91,3137757
2021-08-30,36.91,37.29,36.73,37.10,5970301
2021-08-31,37.10,37.80,36.86,37.56,7467455
2021-09-01,37.56,37.69,37.36,37.49,4493415
2021-09-02,37.49,38.08,37.27,37.86,6949417
2021-09-05,37.86,37.90,37.33,37.38,2218175
2021-09-06,37.38,37.54,37.23,37.39,4941666
2021-09-07,37.39,38.24,37.12,37.97,8132235
2021-09-08,37.97,38.07,37.64,37.74,3617043
2021-09-09,37.74,38.53,37.48,38.27,7815843
2021-09-12,38.27,38.41,38.11,38.26,4852091
2021-09-13,38.26,38.88,38.03,38.65,6997393
2021-09-14,38.65,39.59,38.36,39.30,8449279
2021-09-15,39.30,40.26,39.01,39.97,8442318
2021-09-16,39.97,40.77,39.70,40.50,7692558
2021-09-19,40.50,40.55,39.93,39.98,2175308
2021-09-20,39.98,40.45,39.77,40.24,6236248
2021-09-21,40.24,40.24,39.50,39.50,1035871
2021-09-22,39.50,40.44,39.21,40.15,8327263
2021-09-23,40.15,40.17,39.49,39.52,1567215
2021-09-26,39.52,40.01,39.31,39.79,6360665
2021-09-27,39.79,40.26,39.59,40.05,6238477
2021-09-28,40.05,40.41,39.86,40.22,5768552
2021-09-29,40.22,40.30,39.78,39.86,3000274
2021-09-30,39.86,40.56,39.61,40.31,7242283
2021-10-03,40.31,40.77,40.10,40.56,6173593
2021-10-04,40.56,40.61,40.01,40.06,2288031
2021-10-05,40.06,40.63,39.83,40.40,6672016
2021-10-06,40.40,40.84,40.19,40.64,6115672
2021-10-07,40.64,41.42,40.37,41.15,7557270
2021-10-10,41.15,42.02,40.87,41.73,7861008
2021-10-11,41.73,42.87,41.40,42.54,8928120
2021-10-12,42.54,43.01,42.32,42.79,6141323
2021-10-13,42.79,43.27,42.57,43.05,6142592
2021-10-14,43.05,43.09,42.41,42.45,1944272
2021-10-17,42.45,42.46,41.73,41.74,1373525
2021-10-18,41.74,41.90,41.57,41.74,4850102
2021-10-19,41.74,41.88,41.51,41.66,4497462
2021-10-20,41.66,41.81,41.45,41.60,4587208
2021-10-21,41.60,42.35,41.34,42.08,7316872
2021-10-24,42.08,42.21,41.77,41.89,3921021
2021-10-25,41.89,41.98,41.45,41.54,3115706
2021-10-26,41.54,42.66,41.21,42.33,8876234
2021-10-27,42.33,42.44,41.95,42.06,3548285
2021-10-28,42.06,43.05,41.75,42.74,8292352
2021-10-31,42.74,42.91,42.57,42.74,4861522
2021-11-01,42.74,43.36,42.50,43.11,6712585
2021-11-02,43.11,43.92,42.83,43.64,7450480
2021-11-03,43.64,44.24,43.39,44.00,6606069
2021-11-04,44.00,45.15,43.65,44.80,8747256
2021-11-07,44.80,44.93,44.47,44.60,3923422
2021-11-08,44.60,44.62,43.85,43.87,1443209
2021-11-09,43.87,44.07,43.70,43.89,4985631
2021-11-10,43.89,43.90,43.09,43.09,1044513
2021-11-11,43.09,44.22,42.76,43.88,8706275
2021-11-14,43.88,44.52,43.62,44.27,6761042
2021-11-15,44.27,44.32,43.64,43.69,2147085
2021-11-16,43.69,44.58,43.40,44.29,7728600
2021-11-17,44.29,44.30,43.54,43.56,1406824
2021-11-18,43.56,43.62,43.01,43.08,2564471
2021-11-21,43.08,43.11,42.42,42.46,1843518
2021-11-22,42.46,43.45,42.15,43.14,8256310
2021-11-23,43.14,43.49,42.94,43.29,5630006
2021-11-24,43.29,43.35,42.72,42.78,2384362
2021-11-25,42.78,43.38,42.54,43.13,6642832
2021-11-28,43.13,43.75,42.89,43.50,6677023
2021-11-29,43.50,43.66,43.30,43.46,4684465
2021-11-30,43.46,44.39,43.16,44.09,7899725
2021-12-01,44.09,44.09,43.28,43.28,1038854
2021-12-02,43.28,43.41,42.98,43.12,4077160
2021-12-05,43.12,43.90,42.84,43.62,7360322
2021-12-06,43.62,44.59,43.32,44.28,8048834
2021-12-07,44.28,44.41,43.95,44.07,3895781
2021-12-08,44.07,45.13,43.75,44.80,8357956
2021-12-09,44.80,45.54,44.53,45.26,7040294
2021-12-12,45.26,46.12,44.97,45.82,7473662
2021-12-13,45.82,46.35,45.58,46.11,6225960
2021-12-14,46.11,46.13,45.32,45.34,1346570
2021-12-15,45.34,45.39,44.70,44.75,2144135
2021-12-16,44.75,44.90,44.48,44.63,4297668
2021-12-19,44.63,44.68,44.02,44.08,2300994
2021-12-20,44.08,44.85,43.80,44.57,7240534
2021-12-21,44.57,45.01,44.35,44.79,5906412
2021-12-22,44.79,45.06,44.60,44.87,5236899
2021-12-23,44.87,44.92,44.22,44.27,2096193
2021-12-26,44.27,44.83,44.03,44.59,6385528
2021-12-27,44.59,44.92,44.39,44.72,5487620
2021-12-28,44.72,45.19,44.49,44.97,6044444
2021-12-29,44.97,44.97,44.15,44.15,1068347
2021-12-30,44.15,44.71,43.91,44.47,6386488
2022-01-02,44.47,45.04,44.23,44.79,6418621
2022-01-03,44.79,44.81,44.02,44.03,1288203
2022-01-04,44.03,44.13,43.59,43.69,3266838
2022-01-05,43.69,44.28,43.45,44.04,6552057
2022-01-06,44.04,44.10,43.45,43.51,2378429
2022-01-09,43.51,44.33,43.23,44.05,7462002
2022-01-10,44.05,44.08,43.37,43.40,1778086
2022-01-11,43.40,44.27,43.11,43.98,7672359
2022-01-12,43.98,44.51,43.74,44.27,6305315
2022-01-13,44.27,44.38,43.86,43.97,3430041
2022-01-16,43.97,44.12,43.74,43.89,4503326
2022-01-17,43.89,43.98,43.43,43.52,3130109
2022-01-18,43.52,44.19,43.27,43.93,6841255
2022-01-19,43.93,44.07,43.65,43.79,4204663
2022-01-20,43.79,43.80,43.03,43.04,1269718
2022-01-23,43.04,43.82,42.76,43.54,7345061
2022-01-24,43.54,43.59,42.92,42.97,2109705
2022-01-25,42.97,43.10,42.67,42.80,4057475
2022-01-26,42.80,43.81,42.49,43.49,8274794
2022-01-27,43.49,43.52,42.78,42.80,1551783
2022-01-30,42.80,43.45,42.55,43.20,6826714
2022-01-31,43.20,43.39,43.03,43.22,4963786
2022-02-01,43.22,43.63,43.01,43.42,5864231
2022-02-02,43.42,43.59,43.25,43.43,4910768
2022-02-03,43.43,44.56,43.09,44.22,8745370
2022-02-06,44.22,44.28,43.64,43.70,2380384
2022-02-07,43.70,43.73,43.00,43.03,1642969
2022-02-08,43.03,43.71,42.77,43.45,6952880
2022-02-09,43.45,43.51,42.88,42.94,2433573
2022-02-10,42.94,43.97,42.63,43.65,8356652
2022-02-13,43.65,43.74,43.16,43.25,2919650
2022-02-14,43.25,43.26,42.51,42.52,1357133
2022-02-15,42.52,42.67,42.28,42.42,4385150
2022-02-16,42.42,43.35,42.13,43.05,7979012
2022-02-17,43.05,43.11,42.49,42.56,2484396
2022-02-20,42.56,42.56,41.78,41.79,1061796
2022-02-21,41.79,41.81,41.09,41.11,1464300
2022-02-22,41.11,41.11,40.37,40.38,1148696
2022-02-23,40.38,40.41,39.74,39.77,1719924
2022-02-24,39.77,39.84,39.30,39.36,2708847
2022-02-27,39.36,40.38,39.06,40.07,8683367
2022-02-28,40.07,40.10,39.44,39.47,1692866
2022-03-01,39.47,40.11,39.23,39.87,7045987
2022-03-02,39.87,40.01,39.65,39.79,4421742
2022-03-03,39.79,39.92,39.55,39.68,4313957
2022-03-06,39.68,39.71,39.07,39.10,1809053
2022-03-07,39.10,39.89,38.84,39.62,7697153
2022-03-08,39.62,39.79,39.47,39.63,4916529
2022-03-09,39.63,40.12,39.42,39.90,6331378
2022-03-10,39.90,40.28,39.71,40.09,5842935
2022-03-13,40.09,40.70,39.85,40.46,6833916
2022-03-14,40.46,41.33,40.18,41.05,7946296
2022-03-15,41.05,41.10,40.48,40.52,2192421
2022-03-16,40.52,40.80,40.35,40.62,5399451
2022-03-17,40.62,40.66,40.03,40.07,1987139
2022-03-20,40.07,40.96,39.78,40.67,8078943
2022-03-21,40.67,40.79,40.38,40.49,3946467
2022-03-22,40.49,41.33,40.22,41.05,7787242
2022-03-23,41.05,41.13,40.58,40.66,2835836
2022-03-24,40.66,41.03,40.46,40.83,5808299
2022-03-27,40.83,40.98,40.65,40.80,4679938
2022-03-28,40.80,41.17,40.60,40.97,5796433
2022-03-29,40.97,41.47,40.76,41.25,6318278
2022-03-30,41.25,41.38,40.96,41.08,3998559
2022-03-31,41.08,41.22,40.83,40.97,4294067
2022-04-03,40.97,42.06,40.65,41.73,8809739
2022-04-04,41.73,41.73,40.97,40.98,1076440
2022-04-05,40.98,41.00,40.32,40.35,1662071
2022-04-06,40.35,41.38,40.04,41.07,8616015
2022-04-07,41.07,41.79,40.81,41.53,7246913
2022-04-10,41.53,41.54,40.80,40.81,1233779
2022-04-11,40.81,40.81,40.07,40.07,1070438
2022-04-12,40.07,40.10,39.46,39.49,1843312
2022-04-13,39.49,39.98,39.28,39.77,6342524
2022-04-14,39.77,40.06,39.59,39.89,5506344
2022-04-17,39.89,40.01,39.63,39.76,4198971
2022-04-18,39.76,39.89,39.52,39.65,4321639
2022-04-19,39.65,39.66,38.96,38.97,1257064
2022-04-20,38.97,38.99,38.35,38.37,1647222
2022-04-21,38.37,38.88,38.16,38.67,6504458
2022-04-24,38.67,39.44,38.41,39.18,7655932
2022-04-25,39.18,39.47,39.00,39.30,5521399
2022-04-26,39.30,40.21,39.01,39.92,8224314
2022-04-27,39.92,40.04,39.64,39.76,4036282
2022-04-28,39.76,39.85,39.35,39.43,3154835
2022-05-01,39.43,39.58,39.27,39.42,4814540
2022-05-02,39.42,39.45,38.80,38.83,1731447
2022-05-03,38.83,39.21,38.64,39.02,5880864
2022-05-04,39.02,39.78,38.76,39.52,7608470
2022-05-05,39.52,39.64,39.25,39.37,4074759
2022-05-08,39.37,39.37,38.65,38.65,1032818
2022-05-09,38.65,38.77,38.37,38.48,3939437
2022-05-10,38.48,38.97,38.27,38.76,6399554
2022-05-11,38.76,39.59,38.49,39.32,7944032
2022-05-12,39.32,39.53,39.16,39.37,5140775
2022-05-15,39.37,39.49,39.09,39.21,4039163
2022-05-16,39.21,39.61,39.02,39.41,5947839
2022-05-17,39.41,39.94,39.19,39.72,6545816
2022-05-18,39.72,40.67,39.43,40.37,8326920
2022-05-19,40.37,40.88,40.16,40.66,6377572
2022-05-22,40.66,40.76,40.29,40.39,3487894
2022-05-23,40.39,40.95,40.17,40.72,6596159
2022-05-24,40.72,40.87,40.52,40.66,4566563
2022-05-25,40.66,41.39,40.40,41.13,7300342
2022-05-26,41.13,41.18,40.55,40.60,2180212
2022-05-29,40.60,40.72,40.29,40.40,3848148
2022-05-30,40.40,40.66,40.23,40.48,5316495
2022-05-31,40.48,41.00,40.27,40.78,6412414
2022-06-01,40.78,41.57,40.51,41.30,7555658
2022-06-02,41.30,42.41,40.97,42.08,8869684
2022-06-05,42.08,42.67,41.84,42.43,6626097
2022-06-06,42.43,42.52,41.97,42.06,3022427
2022-06-07,42.06,42.32,41.87,42.14,5293244
2022-06-08,42.14,42.61,41.92,42.39,6154595
2022-06-09,42.39,42.42,41.70,41.73,1581790
2022-06-12,41.73,42.14,41.52,41.93,5920507
2022-06-13,41.93,42.93,41.63,42.62,8331241
2022-06-14,42.62,43.20,42.39,42.96,6567078
2022-06-15,42.96,43.43,42.75,43.21,6084807
2022-06-16,43.21,44.28,42.89,43.95,8489368
2022-06-19,43.95,44.23,43.76,44.04,5311625
2022-06-20,44.04,44.05,43.25,43.25,1119478
2022-06-21,43.25,43.30,42.61,42.65,1962311
2022-06-22,42.65,42.66,41.89,41.90,1148765
2022-06-23,41.90,41.96,41.34,41.40,2357853
2022-06-26,41.40,42.32,41.10,42.03,8083401
2022-06-27,42.03,42.32,41.84,42.13,5411831
2022-06-28,42.13,42.36,41.96,42.18,5133264
2022-06-29,42.18,42.67,41.96,42.45,6185973
2022-06-30,42.45,42.75,42.26,42.56,5434156
2022-07-03,42.56,42.72,42.38,42.54,4779046
2022-07-04,42.54,43.37,42.26,43.09,7603360
2022-07-05,43.09,43.24,42.87,43.02,4549074
2022-07-06,43.02,43.17,42.81,42.97,4628532
2022-07-07,42.97,43.83,42.68,43.54,7668895
2022-07-10,43.54,44.01,43.32,43.79,6089917
2022-07-11,43.79,44.75,43.48,44.44,8015054
2022-07-12,44.44,44.47,43.74,43.77,1715912
2022-07-13,43.77,44.07,43.58,43.88,5390020
2022-07-14,43.88,43.93,43.28,43.33,2271947
2022-07-17,43.33,43.34,42.55,42.55,1077743
2022-07-18,42.55,42.94,42.35,42.73,5782716
2022-07-19,42.73,43.36,42.49,43.11,6732544
2022-07-20,43.11,43.11,42.33,42.33,1087722
2022-07-21,42.33,42.40,41.81,41.87,2601337
2022-07-24,41.87,42.97,41.55,42.64,8730178
2022-07-25,42.64,42.85,42.47,42.68,5079183
2022-07-26,42.68,43.41,42.42,43.15,7179218
2022-07-27,43.15,43.26,42.77,42.88,3598182
2022-07-28,42.88,43.92,42.57,43.60,8385459
2022-07-31,43.60,44.26,43.34,44.01,6849691
2022-08-01,44.01,44.08,43.47,43.54,2669890
2022-08-02,43.54,44.08,43.31,43.85,6339883
2022-08-03,43.85,44.03,43.67,43.86,4946090
2022-08-04,43.86,43.87,43.10,43.11,1278635
2022-08-07,43.11,43.16,42.52,42.58,2275788
2022-08-08,42.58,42.74,42.40,42.56,4801748
2022-08-09,42.56,42.64,42.06,42.13,2757750
2022-08-10,42.13,42.94,41.86,42.66,7526508
2022-08-11,42.66,42.69,42.00,42.03,1750000
2022-08-14,42.03,42.09,41.48,41.54,2440569
2022-08-15,41.54,41.56,40.84,40.86,1425377
2022-08-16,40.86,41.55,40.61,41.29,7124176
2022-08-17,41.29,41.40,40.95,41.05,3660425
2022-08-18,41.05,41.15,40.65,40.75,3305727
2022-08-21,40.75,41.70,40.45,41.40,8257613
2022-08-22,41.40,41.43,40.76,40.79,1750651
2022-08-23,40.79,41.80,40.48,41.49,8500891
2022-08-24,41.49,42.51,41.18,42.20,8483641
2022-08-25,42.20,43.13,41.90,42.83,8044581
2022-08-28,42.83,42.98,42.58,42.72,4344204
2022-08-29,42.72,42.81,42.28,42.37,3135596
2022-08-30,42.37,42.41,41.73,41.76,1875548
2022-08-31,41.76,41.81,41.18,41.23,2168998
2022-09-01,41.23,41.33,40.86,40.97,3546810
2022-09-04,40.97,41.03,40.45,40.52,2576886
2022-09-05,40.52,40.77,40.34,40.60,5308607
2022-09-06,40.60,40.80,40.44,40.63,5050617
2022-09-07,40.63,40.93,40.45,40.75,5481927
2022-09-08,40.75,40.75,40.01,40.02,1096364
2022-09-11,40.02,40.10,39.58,39.66,2980349
2022-09-12,39.66,40.05,39.46,39.85,5924005
2022-09-13,39.85,40.93,39.54,40.61,8865603
2022-09-14,40.61,41.65,40.30,41.34,8669341
2022-09-15,41.34,42.06,41.08,41.80,7236454
2022-09-18,41.80,42.70,41.51,42.41,7949657
2022-09-19,42.41,42.43,41.70,41.72,1450925
2022-09-20,41.72,41.88,41.54,41.69,4752606
2022-09-21,41.69,41.72,41.03,41.06,1681858
2022-09-22,41.06,42.12,40.75,41.80,8658436
2022-09-25,41.80,41.83,41.15,41.19,1805795
2022-09-26,41.19,41.20,40.49,40.51,1395541
2022-09-27,40.51,40.53,39.85,39.88,1625205
2022-09-28,39.88,39.91,39.25,39.28,1729355
2022-09-29,39.28,39.34,38.77,38.82,2424039
2022-10-02,38.82,39.60,38.56,39.34,7684567
2022-10-03,39.34,40.17,39.07,39.90,7856618
2022-10-04,39.90,40.80,39.61,40.51,8100685
2022-10-05,40.51,40.97,40.30,40.76,6169855
2022-10-06,40.76,41.54,40.49,41.27,7520919
2022-10-09,41.27,41.64,41.07,41.44,5758813
2022-10-10,41.44,42.45,41.13,42.13,8414403
2022-10-11,42.13,42.26,41.84,41.97,4055589
2022-10-12,41.97,42.58,41.73,42.34,6731755
2022-10-13,42.34,42.37,41.68,41.71,1751543
2022-10-16,41.71,42.82,41.38,42.49,8793964
2022-10-17,42.49,43.01,42.26,42.78,6352846
2022-10-18,42.78,43.11,42.59,42.91,5514609
2022-10-19,42.91,42.91,42.13,42.13,1069375
2022-10-20,42.13,43.05,41.84,42.75,7955418
2022-10-23,42.75,43.45,42.49,43.19,7036934
2022-10-24,43.19,44.19,42.88,43.87,8215157
2022-10-25,43.87,44.55,43.61,44.29,6872805
2022-10-26,44.29,44.32,43.58,43.61,1651851
2022-10-27,43.61,43.63,42.90,42.92,1564643
2022-10-30,42.92,43.47,42.69,43.24,6438340
2022-10-31,43.24,44.36,42.91,44.02,8692695
2022-11-01,44.02,45.10,43.69,44.77,8451165
2022-11-02,44.77,44.81,44.11,44.15,1985356
2022-11-03,44.15,44.99,43.87,44.70,7492798
2022-11-06,44.70,45.74,44.38,45.41,8208058
2022-11-07,45.41,45.58,45.23,45.40,4847187
2022-11-08,45.40,45.42,44.63,44.65,1385493
2022-11-09,44.65,44.79,44.36,44.50,4168655
2022-11-10,44.50,44.56,43.90,43.96,2357167
2022-11-13,43.96,43.99,43.27,43.30,1704115
2022-11-14,43.30,44.17,43.01,43.87,7666289
2022-11-15,43.87,44.29,43.66,44.08,5848628
2022-11-16,44.08,44.20,43.72,43.85,3781995
2022-11-17,43.85,44.31,43.62,44.09,6034293
2022-11-20,44.09,44.16,43.55,43.62,2654903
2022-11-21,43.62,43.71,43.14,43.22,2952469
2022-11-22,43.22,43.29,42.69,42.75,2606001
2022-11-23,42.75,42.89,42.46,42.60,4109327
2022-11-24,42.60,42.66,42.06,42.13,2548868
2022-11-27,42.13,43.22,41.80,42.89,8714746
2022-11-28,42.89,43.22,42.70,43.03,5545233
2022-11-29,43.03,43.45,42.82,43.24,5904526
2022-11-30,43.24,43.35,42.88,42.99,3693861
2022-12-01,42.99,43.05,42.41,42.47,2295953
2022-12-04,42.47,43.48,42.15,43.17,8352777
2022-12-05,43.17,43.83,42.91,43.58,6876680
2022-12-06,43.58,43.95,43.37,43.75,5694821
2022-12-07,43.75,44.00,43.56,43.82,5226954
2022-12-08,43.82,44.17,43.62,43.97,5596536
2022-12-11,43.97,44.06,43.50,43.59,3075171
2022-12-12,43.59,44.51,43.29,44.21,7860390
2022-12-13,44.21,44.30,43.76,43.85,3186762
2022-12-14,43.85,44.25,43.64,44.04,5770336
2022-12-15,44.04,44.15,43.65,43.77,3586419
2022-12-18,43.77,43.85,43.29,43.37,2980692
2022-12-19,43.37,43.38,42.59,42.60,1113648
2022-12-20,42.60,42.71,42.25,42.36,3738374
2022-12-21,42.36,43.37,42.05,43.05,8311659
2022-12-22,43.05,44.11,42.73,43.78,8438443
2022-12-25,43.78,43.90,43.41,43.53,3649588
2022-12-26,43.53,44.11,43.29,43.86,6512997
2022-12-27,43.86,44.59,43.60,44.32,7078052
2022-12-28,44.32,44.95,44.07,44.70,6653395
2022-12-29,44.70,45.91,44.34,45.55,8918038
2023-01-01,45.55,46.65,45.22,46.31,8365809
2023-01-02,46.31,47.34,45.98,47.01,8083127
2023-01-03,47.01,47.10,46.47,46.56,2860116
2023-01-04,46.56,47.48,46.25,47.17,7635048
2023-01-05,47.17,47.28,46.70,46.81,3272119
2023-01-08,46.81,47.75,46.50,47.43,7672565
2023-01-09,47.43,48.53,47.09,48.18,8219101
2023-01-10,48.18,48.31,47.76,47.88,3553703
2023-01-11,47.88,47.96,47.30,47.38,2688717
2023-01-12,47.38,47.72,47.17,47.51,5451303
2023-01-15,47.51,47.66,47.22,47.37,4261213
2023-01-16,47.37,48.20,47.07,47.90,7241906
2023-01-17,47.90,47.98,47.32,47.40,2664986
2023-01-18,47.40,48.64,47.03,48.26,8727983
2023-01-19,48.26,49.51,47.89,49.13,8665466
2023-01-22,49.13,49.24,48.63,48.74,3193484
2023-01-23,48.74,48.90,48.44,48.60,4287345
2023-01-24,48.60,48.66,47.94,48.00,2292729
2023-01-25,48.00,48.07,47.37,47.43,2370130
2023-01-26,47.43,47.49,46.78,46.84,2272633
2023-01-29,46.84,47.72,46.54,47.42,7457030
2023-01-30,47.42,47.54,46.99,47.11,3528257
2023-01-31,47.11,47.60,46.88,47.37,6017181
2023-02-01,47.37,47.49,46.94,47.05,3491700
2023-02-02,47.05,47.10,46.36,46.41,2001200
2023-02-05,46.41,46.50,45.88,45.96,2854320
2023-02-06,45.96,46.00,45.24,45.28,1730075
2023-02-07,45.28,45.28,44.46,44.47,1122290
2023-02-08,44.47,44.61,44.17,44.31,4117386
2023-02-09,44.31,44.64,44.11,44.44,5505486
2023-02-12,44.44,44.58,44.16,44.30,4224862
2023-02-13,44.30,44.54,44.12,44.36,5139711
2023-02-14,44.36,44.41,43.73,43.78,2151268
2023-02-15,43.78,44.40,43.53,44.15,6642249
2023-02-16,44.15,44.16,43.38,43.39,1254629
2023-02-19,43.39,43.47,42.91,43.00,3000754
2023-02-20,43.00,43.12,42.64,42.76,3707784
2023-02-21,42.76,42.88,42.42,42.54,3795473
2023-02-22,42.54,42.64,42.14,42.24,3387277
2023-02-23,42.24,42.86,42.00,42.61,6754801
2023-02-26,42.61,43.57,42.31,43.27,8095576
2023-02-27,43.27,43.87,43.02,43.63,6644170
2023-02-28,43.63,43.72,43.17,43.26,3116632
2023-03-01,43.26,43.28,42.54,42.57,1488271
2023-03-02,42.57,43.52,42.26,43.22,8104766
2023-03-05,43.22,43.35,42.93,43.06,4126611
2023-03-06,43.06,43.16,42.64,42.74,3306893
2023-03-07,42.74,42.83,42.29,42.38,3102400
2023-03-08,42.38,42.60,42.21,42.43,5118072
2023-03-09,42.43,43.58,42.09,43.24,8884773
2023-03-12,43.24,43.32,42.76,42.84,2970404
2023-03-13,42.84,42.86,42.12,42.14,1424348
2023-03-14,42.14,42.47,41.95,42.28,5555246
2023-03-15,42.28,42.36,41.82,41.91,3042112
2023-03-16,41.91,42.05,41.67,41.81,4378772
2023-03-19,41.81,41.96,41.61,41.76,4651646
2023-03-20,41.76,42.35,41.53,42.11,6650857
2023-03-21,42.11,42.13,41.39,41.40,1314677
2023-03-22,41.40,41.42,40.72,40.74,1507304
2023-03-23,40.74,40.74,40.01,40.01,1129972
2023-03-26,40.01,40.11,39.66,39.76,3565397
2023-03-27,39.76,40.51,39.50,40.25,7455555
2023-03-28,40.25,40.62,40.05,40.43,5812791
2023-03-29,40.43,40.95,40.20,40.73,6464266
2023-03-30,40.73,40.76,40.11,40.14,1829732
2023-04-02,40.14,41.03,39.86,40.74,8032647
2023-04-03,40.74,41.01,40.56,40.83,5344615
2023-04-04,40.83,40.95,40.53,40.65,3963168
2023-04-05,40.65,40.74,40.23,40.31,3122873
2023-04-06,40.31,40.42,39.95,40.06,3539780
2023-04-09,40.06,40.06,39.35,39.35,1189197
2023-04-10,39.35,39.41,38.84,38.89,2416803
2023-04-11,38.89,39.03,38.67,38.80,4383093
2023-04-12,38.80,38.95,38.65,38.79,4841152
2023-04-13,38.79,38.80,38.12,38.13,1247770
2023-04-16,38.13,38.21,37.74,37.82,3207887
2023-04-17,37.82,37.87,37.30,37.35,2252366
2023-04-18,37.35,37.42,36.94,37.01,2949108
2023-04-19,37.01,37.09,36.65,36.74,3347496
2023-04-20,36.74,36.88,36.58,36.72,4756172
2023-04-23,36.72,36.79,36.30,36.36,2854149
2023-04-24,36.36,37.19,36.10,36.93,8135253
2023-04-25,36.93,37.67,36.68,37.42,7685905
2023-04-26,37.42,37.54,37.19,37.31,4296227
2023-04-27,37.31,37.46,37.17,37.32,4904492
2023-04-30,37.32,37.79,37.12,37.58,6374897
2023-05-01,37.58,37.64,37.12,37.18,2608676
2023-05-02,37.18,37.35,37.03,37.20,4988545
2023-05-03,37.20,37.31,36.95,37.07,4156481
2023-05-04,37.07,37.07,36.40,36.41,1124828
2023-05-07,36.41,36.51,36.11,36.21,3720747
2023-05-08,36.21,36.33,36.00,36.12,4363991
2023-05-09,36.12,36.20,35.75,35.83,3178017
2023-05-10,35.83,35.95,35.63,35.75,4434430
2023-05-11,35.75,35.80,35.27,35.32,2330761
2023-05-14,35.32,35.43,35.08,35.19,4101577
2023-05-15,35.19,35.24,34.73,34.78,2462928
2023-05-16,34.78,34.80,34.19,34.21,1390123
2023-05-17,34.21,34.80,33.99,34.59,7228840
2023-05-18,34.59,34.59,33.97,33.97,1139574
2023-05-21,33.97,34.11,33.84,33.97,4875411
2023-05-22,33.97,34.70,33.74,34.46,7893141
2023-05-23,34.46,34.56,34.19,34.28,3797702
2023-05-24,34.28,35.06,34.04,34.81,8119958
2023-05-25,34.81,34.83,34.22,34.24,1427812
2023-05-28,34.24,34.55,34.08,34.38,5770644
2023-05-29,34.38,34.83,34.20,34.64,6457098
2023-05-30,34.64,35.23,34.43,35.02,7166186
2023-05-31,35.02,35.07,34.56,34.60,2391735
2023-06-01,34.60,34.68,34.26,34.33,3220164
2023-06-04,34.33,34.45,34.14,34.26,4441598
2023-06-05,34.26,34.42,34.12,34.28,4994307
2023-06-06,34.28,34.30,33.74,33.77,1742489
2023-06-07,33.77,33.89,33.60,33.72,4587379
2023-06-08,33.72,34.64,33.45,34.37,8911694
2023-06-11,34.37,34.59,34.22,34.44,5357407
2023-06-12,34.44,34.51,34.06,34.13,2936865
2023-06-13,34.13,34.14,33.56,33.57,1477229
2023-06-14,33.57,33.59,33.01,33.02,1398251
2023-06-15,33.02,33.08,32.64,32.70,2823388
2023-06-18,32.70,32.73,32.22,32.25,2024245
2023-06-19,32.25,32.26,31.68,31.69,1198353
2023-06-20,31.69,32.31,31.48,32.10,7580281
2023-06-21,32.10,32.41,31.94,32.25,5886076
2023-06-22,32.25,32.97,32.02,32.74,8091049
2023-06-25,32.74,32.86,32.57,32.69,4540877
2023-06-26,32.69,33.48,32.45,33.23,8396056
2023-06-27,33.23,33.25,32.67,32.69,1409670
2023-06-28,32.69,32.84,32.55,32.71,5038511
2023-06-29,32.71,32.84,32.58,32.71,4887517
2023-07-02,32.71,33.52,32.47,33.27,8487551
2023-07-03,33.27,33.39,33.08,33.20,4406515
2023-07-04,33.20,33.67,33.01,33.48,6693792
2023-07-05,33.48,34.35,33.23,34.08,8658024
2023-07-06,34.08,34.43,33.92,34.26,5978223
2023-07-09,34.26,34.27,33.65,33.66,1148216
2023-07-10,33.66,33.86,33.51,33.72,5254423
2023-07-11,33.72,33.89,33.58,33.75,5086968
2023-07-12,33.75,34.41,33.53,34.18,7584122
2023-07-13,34.18,34.20,33.63,33.65,1610082
2023-07-16,33.65,33.82,33.51,33.68,5066083
2023-07-17,33.68,33.90,33.53,33.75,5334842
2023-07-18,33.75,33.76,33.14,33.14,1058333
2023-07-19,33.14,33.15,32.56,32.57,1248902
2023-07-20,32.57,32.86,32.42,32.70,5733710
2023-07-23,32.70,33.22,32.51,33.02,6932510
2023-07-24,33.02,33.17,32.89,33.03,4968758
2023-07-25,33.03,33.14,32.81,32.91,4114060
2023-07-26,32.91,33.36,32.73,33.18,6565946
2023-07-27,33.18,33.26,32.88,32.97,3558984
2023-07-30,32.97,33.06,32.71,32.80,3809224
2023-07-31,32.80,32.88,32.48,32.55,3291975
2023-08-01,32.55,33.33,32.31,33.09,8352914
2023-08-02,33.09,33.85,32.85,33.61,8152537
2023-08-03,33.61,34.43,33.36,34.17,8443930
2023-08-06,34.17,34.66,33.98,34.47,6683882
2023-08-07,34.47,34.59,34.28,34.40,4477331
2023-08-08,34.40,34.41,33.81,33.83,1355144
2023-08-09,33.83,33.86,33.31,33.34,1885219
2023-08-10,33.34,33.45,33.12,33.22,4116941
2023-08-13,33.22,33.24,32.66,32.67,1358950
2023-08-14,32.67,32.87,32.53,32.73,5290260
2023-08-15,32.73,32.78,32.30,32.35,2404698
2023-08-16,32.35,32.44,32.09,32.18,3788683
2023-08-17,32.18,32.28,31.98,32.08,4232338
2023-08-20,32.08,32.13,31.69,31.74,2673936
2023-08-21,31.74,31.84,31.51,31.61,3977674
2023-08-22,31.61,31.64,31.15,31.18,2044787
2023-08-23,31.18,31.91,30.96,31.68,8257990
2023-08-24,31.68,31.87,31.55,31.74,5259259
2023-08-27,31.74,31.77,31.28,31.31,2060939
2023-08-28,31.31,31.73,31.14,31.55,6490192
2023-08-29,31.55,31.62,31.21,31.27,2966769
2023-08-30,31.27,31.88,31.06,31.67,7614128
2023-08-31,31.67,32.50,31.43,32.25,8703875
2023-09-03,32.25,33.04,32.01,32.79,8433539
2023-09-04,32.79,33.14,32.63,32.97,6037688
2023-09-05,32.97,33.01,32.52,32.56,2232373
2023-09-06,32.56,33.46,32.30,33.19,8992901
2023-09-07,33.19,34.05,32.94,33.79,8664951
2023-09-10,33.79,34.22,33.61,34.04,6409019
2023-09-11,34.04,34.78,33.80,34.54,7978189
2023-09-12,34.54,34.60,34.14,34.20,2829252
2023-09-13,34.20,35.06,33.94,34.80,8567146
2023-09-14,34.80,35.71,34.53,35.44,8722736
2023-09-17,35.44,36.18,35.19,35.94,7863923
2023-09-18,35.94,36.05,35.69,35.79,4040089
2023-09-19,35.79,36.28,35.60,36.08,6559876
2023-09-20,36.08,36.16,35.70,35.78,3102297
2023-09-21,35.78,35.89,35.54,35.65,4161179
2023-09-24,35.65,35.79,35.51,35.64,4822942
2023-09-25,35.64,36.40,35.40,36.15,7877709
2023-09-26,36.15,36.27,35.93,36.05,4263751
2023-09-27,36.05,36.59,35.83,36.38,6845267
2023-09-28,36.38,36.40,35.78,35.80,1523491
2023-10-01,35.80,36.52,35.56,36.28,7681138
2023-10-02,36.28,37.06,36.03,36.81,7960185
2023-10-03,36.81,36.90,36.46,36.55,3372976
2023-10-04,36.55,36.57,35.97,36.00,1746673
2023-10-05,36.00,36.09,35.68,35.77,3501028
2023-10-08,35.77,36.71,35.49,36.42,8759499
2023-10-09,36.42,36.76,36.25,36.58,5793689
2023-10-10,36.58,36.72,36.43,36.57,4801131
2023-10-11,36.57,36.74,36.42,36.59,5016392
2023-10-12,36.59,37.22,36.37,36.99,7155521
2023-10-15,36.99,37.63,36.76,37.39,7193827
2023-10-16,37.39,37.49,37.05,37.15,3476989
2023-10-17,37.15,37.15,36.48,36.49,1165500
2023-10-18,36.49,36.87,36.31,36.69,6012448
2023-10-19,36.69,37.38,36.45,37.14,7474622
2023-10-22,37.14,37.77,36.91,37.54,7156961
2023-10-23,37.54,37.67,37.35,37.49,4590329
2023-10-24,37.49,37.61,37.27,37.39,4342626
2023-10-25,37.39,37.52,37.19,37.32,4463237
2023-10-26,37.32,37.76,37.12,37.56,6260802
2023-10-29,37.56,37.83,37.40,37.66,5414334
2023-10-30,37.66,37.79,37.45,37.58,4417661
2023-10-31,37.58,38.04,37.37,37.84,6357201
2023-11-01,37.84,38.24,37.65,38.05,6023079
2023-11-02,38.05,38.10,37.54,37.59,2353566
2023-11-05,37.59,38.46,37.32,38.18,8212860
2023-11-06,38.18,38.20,37.55,37.57,1502194
2023-11-07,37.57,37.59,36.96,36.99,1604286
2023-11-08,36.99,37.62,36.76,37.39,7161111
2023-11-09,37.39,37.47,37.01,37.09,3185013
2023-11-12,37.09,37.36,36.92,37.20,5503155
2023-11-13,37.20,37.70,36.99,37.49,6535288
2023-11-14,37.49,37.96,37.29,37.76,6404869
2023-11-15,37.76,37.77,37.12,37.13,1383504
2023-11-16,37.13,37.16,36.54,36.57,1668724
2023-11-19,36.57,37.05,36.37,36.85,6495096
2023-11-20,36.85,37.78,36.57,37.49,8578669
2023-11-21,37.49,37.60,37.21,37.32,3894753
2023-11-22,37.32,37.88,37.10,37.66,6789026
2023-11-23,37.66,38.14,37.45,37.93,6421982
2023-11-26,37.93,38.89,37.65,38.59,8546707
2023-11-27,38.59,38.66,38.12,38.18,2619993
2023-11-28,38.18,38.63,37.98,38.43,6246776
2023-11-29,38.43,38.50,38.00,38.08,2957921
2023-11-30,38.08,38.32,37.91,38.16,5321330
2023-12-03,38.16,38.25,37.80,37.89,3386385
2023-12-04,37.89,38.38,37.68,38.17,6461728
2023-12-05,38.17,38.22,37.64,37.69,2226371
2023-12-06,37.69,37.70,37.02,37.03,1174142
2023-12-07,37.03,37.49,36.83,37.29,6391460
2023-12-10,37.29,37.43,37.12,37.25,4668449
2023-12-11,37.25,37.33,36.84,36.91,2943381
2023-12-12,36.91,37.31,36.72,37.12,6080452
2023-12-13,37.12,37.93,36.86,37.67,7980898
2023-12-14,37.67,37.78,37.40,37.52,4027434
2023-12-17,37.52,38.53,37.22,38.23,8862037
2023-12-18,38.23,38.95,37.98,38.70,7497050
2023-12-19,38.70,39.50,38.44,39.23,7759636
2023-12-20,39.23,39.27,38.67,38.71,2069547
2023-12-21,38.71,39.23,38.49,39.01,6550240
2023-12-24,39.01,39.03,38.36,38.38,1473319
2023-12-25,38.38,38.57,38.23,38.41,5036316
2023-12-26,38.41,39.36,38.12,39.07,8473799
2023-12-27,39.07,39.20,38.86,39.00,4501817
2023-12-28,39.00,39.20,38.84,39.04,5095679
2023-12-31,39.04,40.03,38.74,39.73,8601063
2024-01-01,39.73,39.85,39.47,39.59,4178463
2024-01-02,39.59,39.91,39.41,39.73,5580967
2024-01-03,39.73,39.78,39.18,39.23,2265363
2024-01-04,39.23,39.34,38.93,39.04,3836591
2024-01-07,39.04,39.07,38.44,38.47,1825514
2024-01-08,38.47,39.49,38.17,39.19,8800034
2024-01-09,39.19,39.78,38.96,39.55,6809533
2024-01-10,39.55,39.76,39.38,39.60,5162654
2024-01-11,39.60,40.36,39.34,40.10,7538408
2024-01-14,40.10,41.08,39.80,40.78,8430624
2024-01-15,40.78,40.85,40.32,40.40,2925720
2024-01-16,40.40,40.43,39.78,39.81,1813820
2024-01-17,39.81,39.93,39.53,39.65,4033196
2024-01-18,39.65,40.16,39.43,39.94,6448045
2024-01-21,39.94,40.02,39.50,39.58,2959602
2024-01-22,39.58,39.75,39.42,39.59,4950582
2024-01-23,39.59,39.68,39.17,39.25,3062962
2024-01-24,39.25,39.73,39.04,39.52,6309087
2024-01-25,39.52,40.05,39.30,39.83,6516117
2024-01-28,39.83,39.95,39.56,39.68,4103806
2024-01-29,39.68,40.36,39.43,40.12,7195610
2024-01-30,40.12,40.24,39.84,39.96,4063134
2024-01-31,39.96,40.12,39.80,39.96,4903909
2024-02-01,39.96,41.06,39.65,40.74,8952503
2024-02-04,40.74,41.85,40.41,41.52,8924965
2024-02-05,41.52,42.62,41.20,42.29,8796604
2024-02-06,42.29,42.95,42.04,42.70,6913100
2024-02-07,42.70,43.74,42.38,43.42,8434945
2024-02-08,43.42,43.51,42.97,43.06,3115226
2024-02-11,43.06,43.20,42.82,42.96,4410733
2024-02-12,42.96,43.39,42.75,43.18,5926406
2024-02-13,43.18,43.92,42.91,43.65,7193106
2024-02-14,43.65,43.81,43.46,43.63,4778737
2024-02-15,43.63,43.79,43.44,43.60,4732681
2024-02-18,43.60,44.65,43.28,44.32,8363580
2024-02-19,44.32,44.42,43.89,44.00,3350445
2024-02-20,44.00,45.01,43.68,44.69,8187105
2024-02-21,44.69,44.73,44.03,44.07,1959979
2024-02-22,44.07,44.18,43.66,43.77,3459190
2024-02-25,43.77,43.89,43.40,43.51,3623010
2024-02-26,43.51,44.29,43.24,44.01,7315637
2024-02-27,44.01,45.09,43.69,44.76,8438305
2024-02-28,44.76,44.82,44.16,44.22,2373731
2024-02-29,44.22,44.35,43.87,43.99,3763888
2024-03-03,43.99,44.35,43.79,44.14,5621124
2024-03-04,44.14,45.05,43.85,44.75,7772599
2024-03-05,44.75,44.82,44.20,44.27,2638065
2024-03-06,44.27,44.82,44.04,44.58,6340980
2024-03-07,44.58,45.34,44.31,45.06,7152949
2024-03-10,45.06,45.86,44.78,45.58,7271502
2024-03-11,45.58,46.03,45.35,45.80,5931207
2024-03-12,45.80,45.93,45.45,45.58,3848113
2024-03-13,45.58,45.79,45.40,45.60,4997530
2024-03-14,45.60,46.53,45.30,46.22,7725137
2024-03-17,46.22,46.23,45.40,45.41,1191426
2024-03-18,45.41,46.18,45.13,45.90,7149485
2024-03-19,45.90,46.66,45.62,46.37,7056104
2024-03-20,46.37,46.44,45.78,45.85,2516220
2024-03-21,45.85,45.86,45.02,45.02,1060699
2024-03-24,45.02,45.82,44.74,45.53,7257441
2024-03-25,45.53,45.63,45.06,45.16,3155829
2024-03-26,45.16,45.64,44.93,45.41,6064506
2024-03-27,45.41,45.53,45.03,45.15,3662482
2024-03-28,45.15,45.73,44.90,45.48,6443587
2024-03-31,45.48,45.51,44.73,44.75,1494238
2024-04-01,44.75,45.63,44.46,45.33,7604561
2024-04-02,45.33,46.25,45.03,45.94,7712825
2024-04-03,45.94,46.60,45.68,46.34,6683230
2024-04-04,46.34,46.93,46.08,46.67,6417009
2024-04-07,46.67,46.73,46.04,46.10,2296879
2024-04-08,46.10,47.37,45.73,47.00,8964814
2024-04-09,47.00,47.11,46.56,46.67,3433161
2024-04-10,46.67,46.70,45.91,45.93,1529080
2024-04-11,45.93,46.05,45.54,45.67,3672325
2024-04-14,45.67,45.71,44.99,45.04,1986351
2024-04-15,45.04,46.22,44.69,45.86,8742764
2024-04-16,45.86,45.92,45.22,45.27,2139094
2024-04-17,45.27,45.58,45.07,45.38,5409910
2024-04-18,45.38,45.48,44.93,45.03,3271262
2024-04-21,45.03,45.94,44.73,45.64,7698456
2024-04-22,45.64,45.64,44.80,44.80,1037174
2024-04-23,44.80,44.96,44.56,44.71,4447908
2024-04-24,44.71,45.61,44.41,45.31,7683744
2024-04-25,45.31,46.35,44.98,46.02,8201474
2024-04-28,46.02,46.93,45.72,46.62,7606035
2024-04-29,46.62,46.95,46.41,46.74,5428292
2024-04-30,46.74,47.29,46.50,47.04,6236145
2024-05-01,47.04,48.09,46.71,47.76,8078978
2024-05-02,47.76,47.91,47.46,47.62,4265432
2024-05-05,47.62,48.24,47.36,47.98,6474519
2024-05-06,47.98,47.99,47.13,47.14,1200068
2024-05-07,47.14,48.04,46.83,47.73,7528497
2024-05-08,47.73,47.89,47.43,47.59,4249931
2024-05-09,47.59,48.16,47.34,47.91,6302640
2024-05-12,47.91,47.98,47.31,47.38,2550823
2024-05-13,47.38,47.47,46.84,46.93,2895713
2024-05-14,46.93,47.01,46.37,46.45,2720027
2024-05-15,46.45,47.65,46.10,47.29,8665740
2024-05-16,47.29,47.71,47.06,47.48,5745198
2024-05-19,47.48,47.52,46.75,46.78,1785562
2024-05-20,46.78,47.05,46.59,46.86,5206584
2024-05-21,46.86,47.92,46.52,47.58,8131721
2024-05-22,47.58,48.30,47.30,48.02,6832578
2024-05-23,48.02,48.14,47.59,47.71,3506687
2024-05-26,47.71,48.03,47.50,47.82,5388614
2024-05-27,47.82,48.10,47.62,47.90,5194410
2024-05-28,47.90,48.64,47.61,48.35,6899382
2024-05-29,48.35,49.65,47.98,49.27,8849211
2024-05-30,49.27,50.40,48.91,50.04,8204389
2024-06-02,50.04,50.13,49.45,49.53,2718004
2024-06-03,49.53,50.00,49.29,49.76,5846844
2024-06-04,49.76,49.87,49.25,49.36,3195850
2024-06-05,49.36,49.42,48.69,48.75,2295884
2024-06-06,48.75,49.74,48.43,49.41,7714849
2024-06-09,49.41,49.44,48.59,48.62,1502126
2024-06-10,48.62,49.96,48.23,49.56,8966358
2024-06-11,49.56,49.60,48.79,48.83,1786556
2024-06-12,48.83,49.47,48.57,49.20,6456550
2024-06-13,49.20,49.25,48.49,48.54,2062757
2024-06-16,48.54,49.43,48.23,49.12,7395301
2024-06-17,49.12,49.46,48.90,49.24,5392455
2024-06-18,49.24,50.58,48.85,50.18,8918415
2024-06-19,50.18,50.33,49.80,49.94,3874417
2024-06-20,49.94,49.98,49.15,49.18,1643175
2024-06-23,49.18,50.50,48.79,50.11,8866666
2024-06-24,50.11,50.19,49.48,49.56,2557235
2024-06-25,49.56,50.22,49.28,49.95,6542043
2024-06-26,49.95,50.24,49.73,50.03,5240843
2024-06-27,50.03,50.77,49.74,50.48,6777091
2024-06-30,50.48,51.42,50.16,51.09,7422393
2024-07-01,51.09,51.11,50.22,50.24,1374279
2024-07-02,50.24,50.39,49.86,50.00,3867318
2024-07-03,50.00,50.99,49.67,50.65,7617558
2024-07-04,50.65,51.94,50.27,51.55,8600308
2024-07-07,51.55,51.83,51.33,51.61,5161248
2024-07-08,51.61,51.69,50.95,51.02,2460871
2024-07-09,51.02,51.62,50.75,51.35,6252263
2024-07-10,51.35,51.88,51.10,51.62,5992215
2024-07-11,51.62,51.74,51.12,51.23,3285665
2024-07-14,51.23,51.66,50.99,51.42,5663477
2024-07-15,51.42,51.46,50.61,50.65,1693552
2024-07-16,50.65,51.00,50.42,50.78,5425274
2024-07-17,50.78,50.84,50.06,50.12,2167283
2024-07-18,50.12,50.25,49.69,49.82,3598593
2024-07-21,49.82,49.98,49.50,49.66,4213031
2024-07-22,49.66,50.49,49.36,50.18,7097016
2024-07-23,50.18,51.00,49.88,50.70,7040672
2024-07-24,50.70,50.80,50.14,50.24,2982270
2024-07-25,50.24,51.28,49.90,50.93,7786008
2024-07-28,50.93,51.86,50.61,51.53,7353120
2024-07-29,51.53,51.79,51.32,51.58,5066323
2024-07-30,51.58,52.58,51.24,52.24,7567592
2024-07-31,52.24,53.34,51.88,52.98,7869272
2024-08-01,52.98,53.47,52.72,53.21,5798525
2024-08-04,53.21,53.25,52.38,52.43,1775102
2024-08-05,52.43,52.58,52.03,52.19,3922462
2024-08-06,52.19,53.49,51.79,53.09,8512208
2024-08-07,53.09,53.13,52.26,52.30,1741872
2024-08-08,52.30,53.09,51.99,52.78,6846021
2024-08-11,52.78,54.11,52.39,53.70,8540706
2024-08-12,53.70,53.80,53.08,53.17,2801234
2024-08-13,53.17,53.33,52.79,52.94,3973285
2024-08-14,52.94,52.95,52.01,52.02,1217352
2024-08-15,52.02,53.25,51.64,52.86,8286522
2024-08-18,52.86,53.61,52.57,53.30,6637585
2024-08-19,53.30,53.82,53.04,53.56,5875480
2024-08-20,53.56,53.97,53.31,53.72,5531069
2024-08-21,53.72,53.79,52.97,53.03,2172256
2024-08-22,53.03,53.08,52.22,52.27,1848422
2024-08-25,52.27,52.77,52.01,52.51,5868209
2024-08-26,52.51,52.56,51.73,51.77,1910631
2024-08-27,51.77,53.05,51.39,52.66,8469513
2024-08-28,52.66,52.85,52.40,52.59,4631275
2024-08-29,52.59,52.60,51.66,51.67,1186042
2024-09-01,51.67,51.93,51.46,51.72,5072085
2024-09-02,51.72,52.00,51.50,51.78,5153600
2024-09-03,51.78,51.91,51.28,51.40,3331824
2024-09-04,51.40,51.51,50.84,50.94,2989471
2024-09-05,50.94,51.03,50.34,50.43,2768518
2024-09-08,50.43,50.57,50.01,50.14,3681310
2024-09-09,50.14,50.53,49.92,50.30,5555006
2024-09-10,50.30,51.64,49.91,51.24,8809362
2024-09-11,51.24,51.65,51.01,51.41,5567832
2024-09-12,51.41,52.57,51.05,52.20,8102023
2024-09-15,52.20,52.28,51.55,51.64,2609465
2024-09-16,51.64,51.81,51.33,51.50,4324725
2024-09-17,51.50,52.02,51.24,51.76,5963854
2024-09-18,51.76,51.89,51.30,51.43,3502160
2024-09-19,51.43,51.54,50.92,51.04,3285322
2024-09-22,51.04,51.11,50.38,50.45,2473834
2024-09-23,50.45,51.21,50.16,50.92,6820781
2024-09-24,50.92,51.38,50.67,51.14,5782956
2024-09-25,51.14,52.54,50.73,52.13,8965294
2024-09-26,52.13,53.24,51.77,52.88,7898662
2024-09-29,52.88,53.77,52.55,53.45,7150960
2024-09-30,53.45,53.65,53.22,53.42,4771570
2024-10-01,53.42,53.48,52.65,52.71,2069135
2024-10-02,52.71,52.80,52.08,52.17,2722668
2024-10-03,52.17,52.18,51.25,51.26,1225994
2024-10-06,51.26,52.58,50.87,52.18,8665534
2024-10-07,52.18,52.33,51.77,51.92,3831412
2024-10-08,51.92,51.96,51.09,51.13,1661899
2024-10-09,51.13,51.96,50.82,51.65,7021193
2024-10-10,51.65,52.13,51.40,51.88,5810528
2024-10-13,51.88,51.90,51.00,51.02,1412620
2024-10-14,51.02,52.28,50.64,51.89,8469444
2024-10-15,51.89,52.05,51.52,51.67,3993347
2024-10-16,51.67,51.82,51.27,51.41,3811488
2024-10-17,51.41,52.64,51.03,52.26,8343621
2024-10-20,52.26,52.29,51.43,51.47,1713203
2024-10-21,51.47,51.63,51.14,51.30,4191838
2024-10-22,51.30,51.35,50.55,50.60,1977057
2024-10-23,50.60,50.66,49.91,49.98,2303429
2024-10-24,49.98,50.46,49.73,50.21,5887002
2024-10-27,50.21,51.52,49.83,51.13,8703086
2024-10-28,51.13,51.13,50.20,50.21,1097359
2024-10-29,50.21,50.37,49.89,50.05,4230315
2024-10-30,50.05,51.11,49.71,50.76,7855041
2024-10-31,50.76,50.78,49.91,49.93,1428326
2024-11-03,49.93,50.01,49.30,49.38,2555109
2024-11-04,49.38,49.46,48.79,48.88,2766255
2024-11-05,48.88,49.56,48.61,49.29,6629663
2024-11-06,49.29,49.44,48.97,49.13,4194718
2024-11-07,49.13,49.31,48.92,49.10,4770061
2024-11-10,49.10,49.25,48.76,48.90,4034705
2024-11-11,48.90,49.07,48.64,48.81,4482475
2024-11-12,48.81,48.82,47.95,47.96,1199794
2024-11-13,47.96,48.17,47.77,47.98,4976783
2024-11-14,47.98,48.69,47.70,48.41,6751714
2024-11-17,48.41,48.52,47.95,48.06,3388786
2024-11-18,48.06,48.25,47.86,48.04,4789231
2024-11-19,48.04,48.63,47.79,48.38,6335768
2024-11-20,48.38,49.06,48.10,48.79,6670370
2024-11-21,48.79,49.52,48.50,49.23,6805384
2024-11-24,49.23,49.90,48.96,49.63,6567969
2024-11-25,49.63,50.25,49.36,49.98,6377880
2024-11-26,49.98,50.60,49.71,50.33,6358573
2024-11-27,50.33,50.42,49.74,49.83,2781652
2024-11-28,49.83,50.30,49.59,50.06,5844650
2024-12-01,50.06,50.80,49.77,50.51,6782133
2024-12-02,50.51,51.12,50.24,50.85,6310150
2024-12-03,50.85,52.09,50.48,51.71,8404012
2024-12-04,51.71,51.83,51.22,51.34,3409396
2024-12-05,51.34,51.52,51.07,51.25,4486796
2024-12-08,51.25,51.27,50.38,50.40,1389300
2024-12-09,50.40,51.38,50.07,51.04,7573696
2024-12-10,51.04,52.35,50.65,51.96,8644924
2024-12-11,51.96,52.12,51.61,51.77,4133847
2024-12-12,51.77,52.49,51.48,52.20,6608367
2024-12-15,52.20,52.77,51.93,52.50,6117866
2024-12-16,52.50,52.66,52.12,52.28,3970987
2024-12-17,52.28,52.43,51.87,52.02,3846742
2024-12-18,52.02,53.23,51.64,52.85,8238957
2024-12-19,52.85,53.02,52.52,52.69,4234053
2024-12-22,52.69,52.77,52.04,52.12,2622153
2024-12-23,52.12,52.19,51.43,51.50,2341529
2024-12-24,51.50,52.70,51.12,52.32,8256378
2024-12-25,52.32,52.94,52.05,52.67,6267935
2024-12-26,52.67,53.75,52.31,53.39,7758916
2024-12-29,53.39,53.51,52.88,53.00,3371296
2024-12-30,53.00,53.06,52.25,52.31,2117421
2024-12-31,52.31,52.46,51.90,52.05,3824451
2025-01-01,52.05,53.46,51.63,53.04,8912139
2025-01-02,53.04,53.07,52.17,52.19,1503943
2025-01-05,52.19,52.24,51.40,51.45,1871467
2025-01-06,51.45,51.61,51.12,51.28,4212242
2025-01-07,51.28,52.34,50.94,51.98,7760836
2025-01-08,51.98,52.29,51.76,52.07,5233299
2025-01-09,52.07,53.40,51.68,52.99,8604938
2025-01-12,52.99,54.22,52.61,53.83,8221433
2025-01-13,53.83,53.85,52.89,52.90,1243278
2025-01-14,52.90,52.93,52.01,52.04,1423559
2025-01-15,52.04,52.64,51.76,52.37,6219067
2025-01-16,52.37,52.38,51.45,51.46,1234739
2025-01-19,51.46,51.51,50.71,50.76,2001440
2025-01-20,50.76,51.01,50.55,50.81,5087071
2025-01-21,50.81,52.08,50.42,51.69,8541015
2025-01-22,51.69,52.13,51.45,51.88,5671913
2025-01-23,51.88,53.07,51.51,52.69,8158779
2025-01-26,52.69,52.77,52.02,52.10,2495438
2025-01-27,52.10,53.17,51.74,52.81,7768312
2025-01-28,52.81,52.90,52.19,52.28,2767524
2025-01-29,52.28,52.36,51.60,51.67,2431344
2025-01-30,51.67,51.81,51.23,51.36,3623971
2025-02-02,51.36,52.56,50.99,52.19,8246639
2025-02-03,52.19,52.33,51.75,51.89,3682064
2025-02-04,51.89,52.07,51.63,51.81,4572222
2025-02-05,51.81,51.96,51.43,51.58,3929458
2025-02-06,51.58,51.61,50.74,50.77,1580932
2025-02-09,50.77,51.28,50.52,51.03,5946399
2025-02-10,51.03,51.04,50.12,50.12,1149314
2025-02-11,50.12,51.07,49.80,50.74,7461282
2025-02-12,50.74,50.84,50.20,50.30,3079835
2025-02-13,50.30,50.42,49.80,49.91,3239540
2025-02-16,49.91,51.20,49.53,50.81,8656447
2025-02-17,50.81,51.72,50.49,51.39,7305864
2025-02-18,51.39,51.79,51.16,51.55,5533470
2025-02-19,51.55,52.83,51.17,52.44,8499759
2025-02-20,52.44,52.97,52.18,52.71,5957818
2025-02-23,52.71,52.83,52.20,52.33,3364437
2025-02-24,52.33,52.40,51.62,51.69,2324554
2025-02-25,51.69,51.76,51.01,51.08,2369032
2025-02-26,51.08,52.22,50.72,51.85,8065775
2025-02-27,51.85,51.87,50.98,51.01,1464163
2025-03-02,51.01,52.09,50.66,51.73,7872839
2025-03-03,51.73,52.56,51.42,52.25,6970816
2025-03-04,52.25,52.26,51.33,51.35,1251920
2025-03-05,51.35,51.39,50.56,50.60,1802572
2025-03-06,50.60,50.72,50.12,50.24,3412894
2025-03-09,50.24,50.48,50.04,50.28,5021159
2025-03-10,50.28,50.40,49.82,49.95,3491563
2025-03-11,49.95,51.25,49.56,50.86,8725342
2025-03-12,50.86,52.00,50.50,51.64,8105212
2025-03-13,51.64,52.85,51.26,52.47,8273148
2025-03-16,52.47,52.53,51.75,51.81,2241495
2025-03-17,51.81,52.30,51.56,52.05,5837414
2025-03-18,52.05,52.18,51.57,51.70,3480658
2025-03-19,51.70,51.82,51.19,51.31,3294684
2025-03-20,51.31,51.34,50.47,50.50,1551097
2025-03-23,50.50,51.74,50.12,51.36,8447427
2025-03-24,51.36,52.25,51.04,51.93,7218244
2025-03-25,51.93,52.64,51.64,52.35,6579595
2025-03-26,52.35,52.42,51.68,51.76,2506790
2025-03-27,51.76,51.77,50.87,50.89,1345507
2025-03-30,50.89,52.08,50.52,51.70,8256241
2025-03-31,51.70,51.94,51.50,51.73,4992078
2025-04-01,51.73,51.97,51.52,51.76,5009807
2025-04-02,51.76,51.81,50.99,51.03,1914368
2025-04-03,51.03,51.15,50.52,50.63,3236625
2025-04-06,50.63,51.03,50.40,50.79,5544478
2025-04-07,50.79,51.58,50.50,51.28,6887311
2025-04-08,51.28,52.57,50.89,52.18,8573765
2025-04-09,52.18,52.80,51.90,52.53,6282853
2025-04-10,52.53,52.61,51.86,51.93,2508401
2025-04-13,51.93,53.17,51.55,52.79,8336831
2025-04-14,52.79,52.87,52.12,52.21,2558264
2025-04-15,52.21,53.38,51.83,53.01,8110973
2025-04-16,53.01,53.51,52.75,53.25,5859156
2025-04-17,53.25,53.71,53.00,53.46,5704046
2025-04-20,53.46,53.57,52.88,52.99,3028360
2025-04-21,52.99,53.18,52.71,52.89,4474074
2025-04-22,52.89,53.00,52.32,52.43,3053532
2025-04-23,52.43,53.15,52.14,52.86,6593895
2025-04-24,52.86,53.87,52.51,53.52,7514917
2025-04-27,53.52,54.05,53.25,53.79,5940054
2025-04-28,53.79,54.39,53.51,54.11,6140912
2025-04-29,54.11,54.18,53.38,53.45,2315020
2025-04-30,53.45,53.49,52.61,52.64,1696947
2025-05-01,52.64,52.88,52.43,52.67,5002743
2025-05-04,52.67,53.89,52.29,53.51,8207716
2025-05-05,53.51,53.54,52.65,52.69,1657544
2025-05-06,52.69,53.39,52.40,53.10,6512722
2025-05-07,53.10,53.28,52.82,53.01,4526337
2025-05-08,53.01,53.01,52.06,52.07,1155178
2025-05-11,52.07,52.61,51.81,52.35,6004183
2025-05-12,52.35,52.43,51.70,51.78,2604218
2025-05-13,51.78,51.91,51.32,51.45,3523182
2025-05-14,51.45,52.22,51.15,51.92,6810459
2025-05-15,51.92,52.39,51.67,52.14,5774691
2025-05-18,52.14,52.30,51.78,51.94,4094890
2025-05-19,51.94,52.11,51.62,51.79,4264883
2025-05-20,51.79,51.81,50.91,50.93,1371090
2025-05-21,50.93,51.52,50.66,51.25,6203635
2025-05-22,51.25,51.29,50.44,50.48,1700788
2025-05-25,50.48,51.80,50.09,51.40,8726748
2025-05-26,51.40,51.69,51.18,51.47,5182750
2025-05-27,51.47,51.55,50.80,50.88,2451508
2025-05-28,50.88,51.75,50.56,51.43,7175000
2025-05-29,51.43,51.61,51.13,51.31,4365569
2025-06-01,51.31,51.35,50.53,50.57,1850377
2025-06-02,50.57,51.69,50.21,51.33,8049176
2025-06-03,51.33,52.18,51.02,51.87,7085425
2025-06-04,51.87,51.98,51.35,51.46,3230727
2025-06-05,51.46,52.20,51.17,51.90,6682613
2025-06-08,51.90,53.24,51.50,52.84,8675651
2025-06-09,52.84,52.89,52.05,52.10,1925891
2025-06-10,52.10,52.76,51.82,52.48,6408641
2025-06-11,52.48,52.66,52.19,52.37,4469581
2025-06-12,52.37,52.39,51.46,51.47,1269204
2025-06-15,51.47,51.55,50.83,50.91,2560596
2025-06-16,50.91,51.38,50.66,51.13,5800548
2025-06-17,51.13,51.31,50.88,51.06,4593998
2025-06-18,51.06,51.73,50.78,51.45,6471810
2025-06-19,51.45,52.58,51.09,52.21,8001886
2025-06-22,52.21,53.12,51.88,52.79,7233607
2025-06-23,52.79,53.18,52.56,52.94,5475617
2025-06-24,52.94,53.61,52.66,53.33,6406927
2025-06-25,53.33,53.51,53.05,53.24,4521364
2025-06-26,53.24,53.34,52.64,52.74,2905349
2025-06-29,52.74,52.91,52.43,52.60,4349005
2025-06-30,52.60,53.69,52.25,53.33,7790603
2025-07-01,53.33,53.39,52.57,52.62,2094341
2025-07-02,52.62,52.91,52.41,52.70,5161454
2025-07-03,52.70,52.87,52.39,52.57,4374657
2025-07-06,52.57,53.23,52.29,52.94,6375925
2025-07-07,52.94,53.11,52.60,52.77,4177606
2025-07-08,52.77,53.19,52.52,52.95,5606858
2025-07-09,52.95,53.06,52.39,52.50,3083436
2025-07-10,52.50,52.69,52.26,52.46,4730795
2025-07-13,52.46,53.25,52.15,52.94,6820541
2025-07-14,52.94,53.08,52.47,52.61,3550205
2025-07-15,52.61,52.67,51.87,51.93,2154355
2025-07-16,51.93,52.05,51.43,51.55,3349039
2025-07-17,51.55,51.66,51.01,51.12,3109567
2025-07-20,51.12,52.17,50.77,51.82,7781618
2025-07-21,51.82,52.51,51.53,52.23,6525685
2025-07-22,52.23,52.49,52.01,52.28,5094855
2025-07-23,52.28,53.71,51.86,53.29,8945919
2025-07-24,53.29,53.43,52.84,52.99,3683813
2025-07-27,52.99,53.19,52.77,52.98,4839403
2025-07-28,52.98,54.44,52.55,54.01,8980589
2025-07-29,54.01,54.61,53.73,54.33,6156755
2025-07-30,54.33,54.80,54.08,54.54,5676543
2025-07-31,54.54,54.66,53.99,54.11,3218964
2025-08-03,54.11,54.12,53.17,53.18,1277846
2025-08-04,53.18,53.29,52.59,52.69,2939609
2025-08-05,52.69,52.80,52.12,52.22,2994375
2025-08-06,52.22,53.48,51.84,53.09,8380418
2025-08-07,53.09,54.24,52.72,53.87,7961934
2025-08-10,53.87,54.01,53.41,53.55,3640157
2025-08-11,53.55,54.35,53.24,54.04,6797805
2025-08-12,54.04,55.25,53.66,54.86,8076851
2025-08-13,54.86,56.22,54.45,55.80,8489643
2025-08-14,55.80,56.98,55.42,56.59,7863340
2025-08-17,56.59,57.38,56.27,57.06,6617695
2025-08-18,57.06,57.28,56.83,57.06,4876165
2025-08-19,57.06,57.95,56.72,57.61,6910356
2025-08-20,57.61,58.51,57.27,58.16,6917798
2025-08-21,58.16,58.35,57.78,57.96,4133058
2025-08-24,57.96,58.98,57.59,58.62,7272187
2025-08-25,58.62,58.81,58.26,58.46,4310493
2025-08-26,58.46,58.49,57.51,57.54,1593655
2025-08-27,57.54,57.73,57.19,57.38,4282167
2025-08-28,57.38,57.45,56.57,56.63,2129115
2025-08-31,56.63,58.07,56.20,57.63,8591289
2025-09-01,57.63,57.65,56.63,56.64,1273628
2025-09-02,56.64,56.80,56.17,56.33,3706995
2025-09-03,56.33,56.52,56.02,56.21,4459293
2025-09-04,56.21,56.25,55.30,55.33,1579903
2025-09-07,55.33,55.52,55.01,55.20,4377469
2025-09-08,55.20,56.58,54.79,56.16,8531001
2025-09-09,56.16,57.56,55.74,57.13,8534327
2025-09-10,57.13,58.21,56.76,57.84,7473868
2025-09-11,57.84,59.15,57.42,58.73,8139746
2025-09-14,58.73,58.76,57.75,57.78,1470233
2025-09-15,57.78,59.16,57.36,58.73,8329526
2025-09-16,58.73,59.55,58.40,59.21,6618861
2025-09-17,59.21,60.42,58.82,60.01,7720953
2025-09-18,60.01,60.09,59.20,59.27,2277777
2025-09-21,59.27,60.33,58.90,59.95,7301680
2025-09-22,59.95,60.79,59.62,60.45,6619821
2025-09-23,60.45,62.00,59.99,61.53,8651954
2025-09-24,61.53,62.00,61.25,61.72,5521536
2025-09-25,61.72,61.75,60.70,60.73,1500171
2025-09-28,60.73,61.63,60.38,61.28,6785390
2025-09-29,61.28,61.50,60.98,61.20,4611762
2025-09-30,61.20,61.36,60.69,60.85,3695336
2025-10-01,60.85,62.19,60.43,61.76,8011419
2025-10-02,61.76,63.08,61.33,62.65,7905692
2025-10-05,62.65,64.22,62.18,63.74,8538648
2025-10-06,63.74,65.01,63.31,64.58,7663374
2025-10-07,64.58,64.69,63.81,63.92,2736659
2025-10-08,63.92,64.07,63.31,63.46,3363443
2025-10-09,63.46,63.47,62.31,62.31,1074588
2025-10-12,62.31,63.84,61.85,63.37,8437997
2025-10-13,63.37,64.57,62.96,64.16,7503052
2025-10-14,64.16,65.41,63.73,64.98,7578395
2025-10-15,64.98,65.20,64.60,64.81,4343038
2025-10-16,64.81,66.34,64.34,65.86,8290809
2025-10-19,65.86,66.74,65.50,66.37,6508127
2025-10-20,66.37,66.42,65.35,65.40,1785116
2025-10-21,65.40,65.40,64.21,64.21,1060048
2025-10-22,64.21,64.22,63.07,63.09,1197119
2025-10-23,63.09,63.28,62.66,62.85,4097565
2025-10-26,62.85,63.19,62.59,62.93,5144101
2025-10-27,62.93,63.06,62.24,62.36,2978703
2025-10-28,62.36,63.23,62.01,62.88,6613717
2025-10-29,62.88,64.21,62.44,63.77,7876303
2025-10-30,63.77,64.87,63.38,64.47,7186213
2025-11-02,64.47,64.71,64.17,64.41,4666906
2025-11-03,64.41,64.64,64.09,64.32,4589986
2025-11-04,64.32,64.33,63.17,63.18,1152983
2025-11-05,63.18,63.21,62.15,62.19,1590466
2025-11-06,62.19,63.06,61.84,62.70,6618484
2025-11-09,62.70,62.91,62.30,62.51,4212345
2025-11-10,62.51,64.14,62.02,63.64,8717729
2025-11-11,63.64,63.66,62.54,62.56,1295130
2025-11-12,62.56,62.73,62.04,62.21,3697633
2025-11-13,62.21,62.63,61.94,62.36,5382030
2025-11-16,62.36,63.71,61.92,63.27,7953257
2025-11-17,63.27,63.39,62.56,62.69,2942181
2025-11-18,62.69,62.81,61.98,62.10,2916700
2025-11-19,62.10,62.72,61.80,62.41,5926200
2025-11-20,62.41,62.80,62.14,62.53,5279320
2025-11-23,62.53,62.76,62.23,62.46,4655075
2025-11-24,62.46,63.31,62.11,62.96,6547290
2025-11-25,62.96,63.62,62.64,63.30,6042386
2025-11-26,63.30,63.93,62.99,63.62,5930486
2025-11-27,63.62,63.97,63.36,63.70,5149862
2025-11-30,63.70,65.31,63.22,64.82,8564711
2025-12-01,64.82,64.89,63.88,63.95,2076268
2025-12-02,63.95,64.27,63.69,64.01,5067249
2025-12-03,64.01,65.48,63.55,65.01,8179629
2025-12-04,65.01,65.24,64.65,64.87,4425754
2025-12-07,64.87,64.91,63.83,63.87,1632784
2025-12-08,63.87,65.35,63.41,64.89,8220473
2025-12-09,64.89,66.43,64.41,65.94,8312277
2025-12-10,65.94,66.69,65.60,66.35,6179801
2025-12-11,66.35,66.55,65.88,66.08,4020576
2025-12-14,66.08,66.08,64.88,64.88,1069170
2025-12-15,64.88,65.57,64.56,65.24,6041632
2025-12-16,65.24,66.26,64.86,65.87,6913271
2025-12-17,65.87,65.94,64.91,64.98,2029766
2025-12-18,64.98,65.21,64.65,64.88,4551611
2025-12-21,64.88,65.09,64.47,64.68,4231893
2025-12-22,64.68,65.55,64.32,65.18,6527400
2025-12-23,65.18,65.50,64.92,65.24,5043072
2025-12-24,65.24,66.40,64.82,65.99,7309773
2025-12-25,65.99,66.05,64.99,65.05,1895404
2025-12-28,65.05,65.17,64.31,64.43,2849348
2025-12-29,64.43,64.59,63.84,64.00,3480246
2025-12-30,64.00,65.20,63.58,64.78,7467112
2025-12-31,64.78,64.80,63.66,63.68,1303772
2026-01-01,63.68,63.88,63.24,63.44,4076646
2026-01-04,63.44,63.54,62.65,62.75,2575857
2026-01-05,62.75,62.92,62.23,62.41,3739677
2026-01-06,62.41,62.62,62.06,62.27,4432304
2026-01-07,62.27,63.12,61.93,62.77,6554972
2026-01-08,62.77,63.23,62.49,62.95,5490397
2026-01-11,62.95,64.29,62.52,63.85,7880555
2026-01-12,63.85,64.78,63.48,64.41,6737791
2026-01-13,64.41,64.47,63.44,63.50,1889266
2026-01-14,63.50,63.54,62.51,62.55,1754732
2026-01-15,62.55,63.37,62.21,63.02,6457647
2026-01-18,63.02,63.23,62.63,62.84,4269615
2026-01-19,62.84,63.27,62.56,62.99,5388168
2026-01-20,62.99,62.99,61.84,61.84,1047873
2026-01-21,61.84,63.19,61.41,62.75,7964780
2026-01-22,62.75,63.44,62.43,63.12,6114197
2026-01-25,63.12,63.17,62.16,62.21,1841803
2026-01-26,62.21,63.68,61.75,63.22,8308093
2026-01-27,63.22,64.34,62.82,63.94,7266152
2026-01-28,63.94,64.14,63.52,63.72,4172770
2026-01-29,63.72,65.35,63.24,64.86,8632887
2026-02-01,64.86,65.06,64.44,64.64,4177366
2026-02-02,64.64,64.80,64.03,64.18,3374108
2026-02-03,64.18,64.39,63.78,63.99,4272496
2026-02-04,63.99,65.46,63.53,65.00,8181172
2026-02-05,65.00,65.11,64.23,64.35,2779149
2026-02-08,64.35,65.22,63.99,64.86,6560253
2026-02-09,64.86,65.76,64.50,65.40,6610905
2026-02-10,65.40,65.97,65.09,65.66,5721227
2026-02-11,65.66,65.78,64.90,65.02,2829492
2026-02-12,65.02,65.13,64.26,64.38,2799897
2026-02-15,64.38,65.61,63.95,65.19,7533676
2026-02-16,65.19,65.41,64.82,65.04,4413545
2026-02-17,65.04,66.50,64.58,66.03,8081481
2026-02-18,66.03,66.20,65.45,65.61,3549828
2026-02-19,65.61,66.54,65.24,66.16,6645747
2026-02-22,66.16,66.22,65.14,65.19,1788991
2026-02-23,65.19,65.53,64.93,65.26,5103017
2026-02-24,65.26,65.51,65.00,65.26,4859430
2026-02-25,65.26,65.40,64.61,64.75,3255761
2026-02-26,64.75,65.99,64.33,65.57,7526577
2026-03-01,65.57,65.66,64.70,64.79,2387928
2026-03-02,64.79,66.14,64.35,65.69,7815123
2026-03-03,65.69,66.43,65.36,66.09,6153840
2026-03-04,66.09,66.19,65.26,65.36,2564574
2026-03-05,65.36,65.48,64.60,64.72,2800411
2026-03-08,64.72,64.93,64.33,64.55,4318141
2026-03-09,64.55,66.23,64.05,65.72,8722702
2026-03-10,65.72,66.99,65.29,66.56,7544958
2026-03-11,66.56,67.00,66.27,66.71,5352812
2026-03-12,66.71,68.24,66.23,67.76,8195644
2026-03-15,67.76,67.78,66.60,66.63,1382098
2026-03-16,66.63,66.87,66.30,66.54,4591186
2026-03-17,66.54,66.76,66.14,66.36,4316735
2026-03-18,66.36,66.54,65.80,65.97,3645164
2026-03-19,65.97,66.41,65.68,66.12,5366598
2026-03-22,66.12,67.73,65.63,67.24,8419307
2026-03-23,67.24,67.28,66.17,66.21,1667489
2026-03-24,66.21,66.34,65.49,65.62,3012379
2026-03-25,65.62,67.00,65.17,66.54,7836694
2026-03-26,66.54,67.53,66.16,67.15,6782407
2026-03-29,67.15,68.95,66.62,68.42,8861865
2026-03-30,68.42,69.08,68.08,68.75,5902229
2026-03-31,68.75,69.59,68.38,69.22,6323251
2026-04-01,69.22,69.31,68.27,68.35,2248388
2026-04-02,68.35,69.04,68.02,68.70,5949245
2026-04-05,68.70,68.88,68.11,68.29,3623353
2026-04-06,68.29,68.39,67.42,67.52,2505281
2026-04-07,67.52,67.68,66.86,67.02,3311076
2026-04-08,67.02,67.09,66.04,66.11,2016049
2026-04-09,66.11,66.39,65.84,66.13,4965877
2026-04-12,66.13,66.15,64.99,65.01,1321056
2026-04-13,65.01,65.26,64.75,65.00,4834670
2026-04-14,65.00,65.28,64.74,65.03,4963511
2026-04-15,65.03,65.18,64.39,64.54,3312517
2026-04-16,64.54,65.74,64.13,65.32,7412551
2026-04-19,65.32,65.93,65.00,65.61,5831515
2026-04-20,65.61,65.85,65.30,65.53,4618792
2026-04-21,65.53,65.86,65.26,65.60,5083024
2026-04-22,65.60,65.72,64.86,64.98,2903223
2026-04-23,64.98,66.62,64.49,66.12,8573216
2026-04-26,66.12,66.13,64.95,64.96,1179423
2026-04-27,64.96,66.20,64.53,65.77,7511968
2026-04-28,65.77,65.87,64.93,65.03,2509122
2026-04-29,65.03,66.09,64.64,65.69,7035082
2026-04-30,65.69,66.75,65.30,66.35,6991083
2026-05-03,66.35,66.95,66.04,66.63,5759842
2026-05-04,66.63,66.70,65.65,65.71,1983333
2026-05-05,65.71,65.96,65.41,65.65,4673902
2026-05-06,65.65,66.20,65.34,65.89,5658710
2026-05-07,65.89,66.33,65.61,66.04,5357510
2026-05-10,66.04,66.23,65.54,65.73,3893758
2026-05-11,65.73,66.24,65.43,65.94,5539060
2026-05-12,65.94,66.17,65.59,65.82,4490946
2026-05-13,65.82,67.25,65.36,66.79,7983984
2026-05-14,66.79,68.54,66.27,68.01,8734224
2026-05-17,68.01,68.13,67.19,67.31,2716975
2026-05-18,67.31,67.53,66.90,67.12,4277914
2026-05-19,67.12,67.22,66.28,66.38,2577537
2026-05-20,66.38,66.54,65.75,65.91,3368930
2026-05-21,65.91,66.11,65.46,65.67,4108882
2026-05-24,65.67,66.50,65.31,66.14,6402331
2026-05-25,66.14,66.19,65.12,65.17,1780144
2026-05-26,65.17,65.28,64.41,64.53,2810219
2026-05-27,64.53,65.77,64.10,65.34,7541941
2026-05-28,65.34,65.36,64.21,64.23,1283950
2026-05-31,64.23,64.40,63.70,63.87,3715260
2026-06-01,63.87,63.89,62.77,62.79,1329698
2026-06-02,62.79,63.16,62.53,62.89,5213683
2026-06-03,62.89,62.97,62.01,62.08,2157338
2026-06-04,62.08,63.12,61.70,62.73,7098936
2026-06-07,62.73,64.44,62.24,63.93,8902674
2026-06-08,63.93,63.96,62.87,62.90,1469787
2026-06-09,62.90,63.10,62.49,62.69,4182990
2026-06-10,62.69,63.95,62.27,63.52,7684259
2026-06-11,63.52,63.81,63.27,63.56,4985939
2026-06-14,63.56,63.74,63.08,63.26,3915192
2026-06-15,63.26,63.51,63.02,63.27,4891769
2026-06-16,63.27,64.67,62.82,64.22,8039128
2026-06-17,64.22,64.26,63.19,63.23,1628875
2026-06-18,63.23,63.41,62.74,62.92,3858539
2026-06-21,62.92,63.56,62.61,63.24,5962688
2026-06-22,63.24,64.87,62.76,64.38,8657373
2026-06-23,64.38,65.76,63.93,65.31,7917901
2026-06-24,65.31,65.38,64.37,64.44,2089951
2026-06-25,64.44,64.66,64.06,64.27,4334019
2026-06-28,64.27,64.49,63.91,64.13,4403189
2026-06-29,64.13,65.44,63.70,65.00,7754252
2026-06-30,65.00,66.43,64.55,65.96,7992146
2026-07-01,65.96,66.21,65.65,65.89,4647736
2026-07-02,65.89,65.98,65.00,65.08,2288923
2026-07-05,65.08,66.12,64.69,65.73,6965089
2026-07-06,65.73,65.92,65.25,65.45,3984876
2026-07-07,65.45,65.76,65.18,65.49,5027297
2026-07-08,65.49,65.73,65.17,65.40,4586179
2026-07-09,65.40,65.98,65.09,65.67,5747942
2026-07-12,65.67,65.82,65.03,65.18,3302709
2026-07-13,65.18,65.39,64.76,64.96,4188751
2026-07-14,64.96,65.36,64.69,65.08,5270267
2026-07-15,65.08,66.68,64.60,66.19,8448491
2026-07-16,66.19,66.19,64.99,65.00,1106138
2026-07-19,65.00,65.63,64.68,65.31,5885185
2026-07-20,65.31,66.67,64.87,66.22,7797976
2026-07-21,66.22,67.16,65.84,66.78,6671673
2026-07-22,66.78,66.91,66.03,66.16,2926028
2026-07-23,66.16,66.40,65.86,66.10,4684499
2026-07-26,66.10,67.63,65.62,67.15,8218689
2026-07-27,67.15,68.51,66.70,68.06,7726131
2026-07-28,68.06,68.15,67.17,67.27,2441392
2026-07-29,67.27,67.27,66.05,66.05,1080521
2026-07-30,66.05,67.36,65.62,66.91,7618827