Date,Open,High,Low,Close,Volume
2015-12-31,35.00,35.06,34.75,34.80,2621159
2016-01-03,34.80,34.81,34.47,34.47,1091563
2016-01-04,34.47,34.78,34.29,34.60,6325342
2016-01-05,34.60,34.83,34.43,34.67,5705212
2016-01-06,34.67,34.92,34.50,34.75,5873148
2016-01-07,34.75,35.25,34.52,35.01,7841495
2016-01-10,35.01,35.10,34.80,34.89,3437414
2016-01-11,34.89,34.89,34.55,34.55,1080658
2016-01-12,34.55,35.18,34.28,34.90,8894684
2016-01-13,34.90,35.32,34.69,35.10,7151097
2016-01-14,35.10,35.38,34.92,35.20,6047427
2016-01-17,35.20,35.34,35.06,35.20,4818244
2016-01-18,35.20,35.31,35.02,35.13,4179595
2016-01-19,35.13,35.67,34.89,35.42,8106790
2016-01-20,35.42,35.81,35.21,35.60,6945507
2016-01-21,35.60,35.86,35.43,35.69,5856241
2016-01-24,35.69,35.74,35.43,35.48,2592078
2016-01-25,35.48,35.54,35.23,35.28,2609807
2016-01-26,35.28,35.75,35.05,35.51,7514368
2016-01-27,35.51,36.15,35.24,35.87,8836625
2016-01-28,35.87,35.94,35.63,35.71,3144478
2016-01-31,35.71,35.84,35.55,35.68,4487311
2016-02-01,35.68,35.98,35.49,35.79,6173765
2016-02-02,35.79,35.89,35.60,35.70,3882853
2016-02-03,35.70,36.25,35.45,35.99,8108401
2016-02-04,35.99,36.26,35.81,36.08,5936831
2016-02-07,36.08,36.64,35.83,36.38,8158264
2016-02-08,36.38,36.63,36.21,36.46,5710973
2016-02-09,36.46,36.55,36.24,36.33,3459156
2016-02-10,36.33,36.41,36.10,36.18,3304046
2016-02-11,36.18,36.80,35.91,36.52,8628360
2016-02-14,36.52,36.56,36.23,36.27,2074074
2016-02-15,36.27,36.89,35.99,36.61,8653532
2016-02-16,36.61,36.73,36.43,36.55,4193895
2016-02-17,36.55,36.72,36.40,36.57,5114917
2016-02-18,36.57,36.66,36.35,36.44,3540054
2016-02-21,36.44,36.54,36.24,36.34,3740912
2016-02-22,36.34,36.87,36.09,36.62,7915020
2016-02-23,36.62,37.07,36.39,36.84,7296947
2016-02-24,36.84,36.90,36.57,36.63,2602743
2016-02-25,36.63,36.89,36.45,36.71,5807716
2016-02-28,36.71,37.16,36.48,36.93,7257544
2016-02-29,36.93,37.05,36.75,36.86,4112722
2016-03-01,36.86,36.90,36.57,36.61,2126337
2016-03-02,36.61,36.99,36.40,36.78,6755178
2016-03-03,36.78,36.87,36.57,36.66,3604183
2016-03-06,36.66,37.23,36.40,36.97,8204218
2016-03-07,36.97,36.97,36.61,36.62,1123182
2016-03-08,36.62,36.74,36.45,36.58,4410459
2016-03-09,36.58,36.66,36.35,36.44,3374691
2016-03-10,36.44,36.46,36.12,36.15,1694890
2016-03-13,36.15,36.18,35.84,35.88,1864883
2016-03-14,35.88,36.28,35.66,36.06,6971090
2016-03-15,36.06,36.16,35.87,35.97,3803635
2016-03-16,35.97,36.41,35.74,36.18,7300788
2016-03-17,36.18,36.51,35.99,36.31,6326748
2016-03-20,36.31,36.38,36.06,36.12,2782750
2016-03-21,36.12,36.67,35.87,36.41,8051508
2016-03-22,36.41,36.55,36.26,36.40,4775000
2016-03-23,36.40,36.44,36.10,36.14,1965569
2016-03-24,36.14,36.60,35.90,36.37,7450377
2016-03-27,36.37,36.61,36.20,36.44,5649176
2016-03-28,36.44,36.57,36.29,36.42,4685425
2016-03-29,36.42,37.07,36.13,36.78,8830727
2016-03-30,36.78,36.90,36.60,36.72,4282613
2016-03-31,36.72,37.05,36.53,36.85,6275651
2016-04-03,36.85,37.34,36.61,37.10,7525891
2016-04-04,37.10,37.21,36.90,37.02,4008641
2016-04-05,37.02,37.06,36.72,36.76,2069581
2016-04-06,36.76,37.16,36.54,36.94,6869204
2016-04-07,36.94,37.51,36.67,37.24,8160596
2016-04-10,37.24,37.33,37.01,37.10,3400548
2016-04-11,37.10,37.15,36.81,36.85,2193998
2016-04-12,36.85,36.97,36.67,36.78,4071810
2016-04-13,36.78,37.02,36.61,36.85,5601886
2016-04-14,36.85,36.99,36.70,36.84,4833607
2016-04-17,36.84,36.92,36.60,36.68,3075617
2016-04-18,36.68,36.79,36.49,36.60,4006927
2016-04-19,36.60,36.64,36.30,36.34,2121364
2016-04-20,36.34,36.95,36.07,36.67,8505349
2016-04-21,36.67,36.71,36.37,36.40,1949005
2016-04-24,36.40,36.61,36.24,36.45,5390603
2016-04-25,36.45,36.95,36.21,36.71,7694341
2016-04-26,36.71,36.77,36.45,36.51,2761454
2016-04-27,36.51,36.55,36.21,36.25,1974657
2016-04-28,36.25,36.36,36.06,36.17,3975925
2016-05-01,36.17,36.19,35.86,35.89,1777606
2016-05-02,35.89,35.96,35.66,35.74,3206858
2016-05-03,35.74,36.35,35.46,36.07,8683436
2016-05-04,36.07,36.12,35.80,35.85,2330795
2016-05-05,35.85,35.97,35.68,35.80,4420541
2016-05-08,35.80,35.81,35.46,35.47,1150205
2016-05-09,35.47,35.97,35.23,35.72,7754355
2016-05-10,35.72,36.38,35.44,36.09,8949039
2016-05-11,36.09,36.71,35.81,36.43,8709567
2016-05-12,36.43,36.64,36.27,36.48,5381618
2016-05-15,36.48,36.59,36.30,36.41,4125685
2016-05-16,36.41,36.47,36.15,36.21,2694855
2016-05-17,36.21,36.56,36.01,36.36,6545919
2016-05-18,36.36,36.37,36.03,36.04,1283813
2016-05-19,36.04,36.09,35.76,35.82,2439403
2016-05-22,35.82,36.17,35.62,35.97,6580589
2016-05-23,35.97,36.07,35.77,35.87,3756755
2016-05-24,35.87,35.95,35.64,35.72,3276543
2016-05-25,35.72,36.36,35.44,36.08,8818964
2016-05-26,36.08,36.47,35.86,36.26,6877846
2016-05-29,36.26,36.86,35.98,36.59,8539609
2016-05-30,36.59,37.21,36.31,36.93,8594375
2016-05-31,36.93,37.21,36.74,37.03,5980418
2016-06-01,37.03,37.26,36.86,37.09,5561934
2016-06-02,37.09,37.10,36.75,36.75,1240157
2016-06-05,36.75,36.88,36.58,36.71,4397805
2016-06-06,36.71,36.95,36.54,36.78,5676851
2016-06-07,36.78,37.08,36.60,36.89,6089643
2016-06-08,36.89,37.11,36.73,36.95,5463340
2016-06-09,36.95,37.07,36.77,36.89,4217695
2016-06-12,36.89,36.94,36.61,36.66,2476165
2016-06-13,36.66,36.79,36.50,36.63,4510356
2016-06-14,36.63,36.76,36.47,36.60,4517798
2016-06-15,36.60,36.62,36.28,36.31,1733058
2016-06-16,36.31,36.45,36.17,36.31,4872187
2016-06-19,36.31,36.34,36.01,36.04,1910493
2016-06-20,36.04,36.47,35.82,36.25,7193655
2016-06-21,36.25,36.28,35.94,35.98,1882167
2016-06-22,35.98,36.48,35.73,36.23,7729115
2016-06-23,36.23,36.54,36.04,36.35,6191289
2016-06-26,36.35,36.75,36.14,36.53,6873628
2016-06-27,36.53,36.54,36.20,36.21,1306995
2016-06-28,36.21,36.24,35.91,35.95,2059293
2016-06-29,35.95,36.38,35.73,36.16,7179903
2016-06-30,36.16,36.19,35.86,35.90,1977469
2016-07-03,35.90,36.19,35.71,36.01,6131001
2016-07-04,36.01,36.31,35.82,36.12,6134327
2016-07-05,36.12,36.29,35.97,36.14,5073868
2016-07-06,36.14,36.39,35.97,36.22,5739746
2016-07-07,36.22,36.64,36.00,36.41,7070233
2016-07-10,36.41,36.69,36.23,36.51,5929526
2016-07-11,36.51,36.63,36.33,36.45,4218861
2016-07-12,36.45,36.65,36.29,36.49,5320953
2016-07-13,36.49,37.02,36.24,36.76,7877777
2016-07-14,36.76,36.91,36.62,36.76,4901680
2016-07-17,36.76,36.88,36.59,36.70,4219821
2016-07-18,36.70,37.02,36.51,36.83,6251954
2016-07-19,36.83,36.91,36.59,36.67,3121536
2016-07-20,36.67,37.10,36.44,36.87,7100171
2016-07-21,36.87,37.00,36.70,36.83,4385390
2016-07-24,36.83,36.87,36.54,36.58,2211762
2016-07-25,36.58,36.59,36.24,36.25,1295336
2016-07-26,36.25,36.49,36.09,36.32,5611419
2016-07-27,36.32,36.54,36.16,36.38,5505692
2016-07-28,36.38,36.68,36.19,36.49,6138648
2016-07-31,36.49,36.68,36.33,36.53,5263374
2016-08-01,36.53,37.11,36.26,36.84,8336659
2016-08-02,36.84,37.51,36.55,37.22,8963443
2016-08-03,37.22,37.60,37.01,37.38,6674588
2016-08-04,37.38,37.68,37.20,37.49,6037997
2016-08-07,37.49,37.67,37.34,37.51,5103052
2016-08-08,37.51,37.70,37.36,37.54,5178395
2016-08-09,37.54,37.58,37.23,37.27,1943038
2016-08-10,37.27,37.54,37.08,37.36,5890809
2016-08-11,37.36,37.48,37.17,37.29,4108127
2016-08-14,37.29,37.76,37.05,37.52,7385116
2016-08-15,37.52,37.90,37.31,37.69,6660048
2016-08-16,37.69,38.09,37.47,37.87,6797119
2016-08-17,37.87,37.90,37.54,37.57,1697565
2016-08-18,37.57,37.63,37.30,37.37,2744101
2016-08-21,37.37,38.00,37.08,37.71,8578703
2016-08-22,37.71,37.83,37.53,37.65,4213717
2016-08-23,37.65,37.87,37.48,37.71,5476303
2016-08-24,37.71,37.85,37.55,37.70,4786213
2016-08-25,37.70,37.74,37.40,37.45,2266906
2016-08-28,37.45,37.49,37.15,37.20,2189986
2016-08-29,37.20,37.59,36.98,37.37,6752983
2016-08-30,37.37,37.82,37.14,37.59,7190466
2016-08-31,37.59,37.71,37.41,37.53,4218484
2016-09-01,37.53,37.56,37.21,37.24,1812345
2016-09-04,37.24,37.57,37.04,37.37,6317729
2016-09-05,37.37,37.78,37.15,37.56,6895130
2016-09-06,37.56,37.57,37.21,37.22,1297633
2016-09-07,37.22,37.30,36.97,37.05,2982030
2016-09-08,37.05,37.28,36.88,37.11,5553257
2016-09-11,37.11,37.73,36.83,37.45,8542181
2016-09-12,37.45,38.07,37.17,37.79,8516700
2016-09-13,37.79,37.89,37.57,37.66,3526200
2016-09-14,37.66,37.73,37.40,37.47,2879320
2016-09-15,37.47,37.52,37.18,37.23,2255075
2016-09-18,37.23,37.35,37.04,37.16,4147290
2016-09-19,37.16,37.26,36.95,37.05,3642386
2016-09-20,37.05,37.14,36.83,36.92,3530486
2016-09-21,36.92,36.98,36.66,36.72,2749862
2016-09-22,36.72,37.03,36.53,36.84,6164711
2016-09-25,36.84,37.35,36.60,37.10,7676268
2016-09-26,37.10,37.16,36.83,36.89,2667249
2016-09-27,36.89,37.15,36.72,36.98,5779629
2016-09-28,36.98,37.01,36.68,36.71,2025754
2016-09-29,36.71,37.16,36.48,36.93,7232784
2016-10-02,36.93,37.19,36.75,37.02,5820473
2016-10-03,37.02,37.29,36.83,37.11,5912277
2016-10-04,37.11,37.21,36.91,37.01,3779801
2016-10-05,37.01,37.03,36.68,36.71,1620576
2016-10-06,36.71,37.08,36.50,36.87,6669170
2016-10-09,36.87,36.97,36.66,36.76,3641632
2016-10-10,36.76,36.89,36.59,36.72,4513271
2016-10-11,36.72,37.22,36.48,36.98,7629766
2016-10-12,36.98,37.02,36.68,36.72,2151611
2016-10-13,36.72,36.75,36.41,36.44,1831893
2016-10-16,36.44,36.56,36.26,36.38,4127400
2016-10-17,36.38,36.44,36.11,36.17,2643072
2016-10-18,36.17,36.32,36.03,36.17,4909773
2016-10-19,36.17,36.65,35.94,36.41,7495404
2016-10-20,36.41,37.01,36.14,36.74,8449348
2016-10-23,36.74,36.74,36.38,36.39,1080246
2016-10-24,36.39,36.55,36.24,36.40,5067112
2016-10-25,36.40,36.80,36.19,36.59,6903772
2016-10-26,36.59,36.61,36.27,36.30,1676646
2016-10-27,36.30,36.86,36.04,36.59,8175857
2016-10-30,36.59,36.61,36.26,36.27,1339677
2016-10-31,36.27,36.31,35.98,36.01,2032304
2016-11-01,36.01,36.13,35.83,35.95,4154972
2016-11-02,35.95,36.02,35.71,35.79,3090397
2016-11-03,35.79,36.00,35.63,35.84,5480555
2016-11-06,35.84,35.96,35.67,35.79,4337791
2016-11-07,35.79,36.26,35.56,36.03,7489266
2016-11-08,36.03,36.48,35.80,36.25,7354732
2016-11-09,36.25,36.36,36.06,36.17,4057647
2016-11-10,36.17,36.20,35.87,35.90,1869615
2016-11-13,35.90,35.97,35.66,35.73,2988168
2016-11-14,35.73,36.09,35.53,35.89,6647873
2016-11-15,35.89,36.11,35.73,35.95,5564780
2016-11-16,35.95,36.05,35.75,35.85,3714197
2016-11-17,35.85,36.31,35.62,36.08,7441803
2016-11-20,36.08,36.35,35.90,36.17,5908093
2016-11-21,36.17,36.31,36.03,36.17,4866152
2016-11-22,36.17,36.19,35.86,35.89,1772770
2016-11-23,35.89,36.20,35.70,36.01,6232887
2016-11-24,36.01,36.04,35.70,35.73,1777366
2016-11-27,35.73,36.38,35.44,36.09,8974108
2016-11-28,36.09,36.13,35.79,35.82,1872496
2016-11-29,35.82,36.07,35.65,35.90,5781172
2016-11-30,35.90,36.48,35.64,36.22,8379149
2016-12-01,36.22,36.33,36.04,36.15,4160253
2016-12-04,36.15,36.27,35.98,36.09,4210905
2016-12-05,36.09,36.18,35.87,35.95,3321227
2016-12-06,35.95,36.54,35.68,36.27,8429492
2016-12-07,36.27,36.86,36.00,36.59,8399897
2016-12-08,36.59,36.76,36.44,36.61,5133676
2016-12-11,36.61,36.65,36.31,36.35,2013545
2016-12-12,36.35,36.59,36.18,36.42,5681481
2016-12-13,36.42,36.43,36.08,36.08,1149828
2016-12-14,36.08,36.20,35.91,36.03,4245747
2016-12-15,36.03,36.48,35.80,36.25,7388991
2016-12-18,36.25,36.31,35.99,36.05,2703017
2016-12-19,36.05,36.11,35.78,35.84,2459430
2016-12-20,35.84,36.48,35.55,36.19,8855761
2016-12-21,36.19,36.36,36.04,36.21,5126577
2016-12-22,36.21,36.75,35.96,36.50,7987928
2016-12-25,36.50,36.71,36.34,36.55,5415123
2016-12-26,36.55,36.65,36.34,36.44,3753840
2016-12-27,36.44,37.00,36.18,36.74,8164574
2016-12-28,36.74,37.34,36.47,37.06,8400411
2016-12-29,37.06,37.10,36.76,36.79,1918141
2017-01-01,36.79,37.12,36.59,36.92,6322702
2017-01-02,36.92,37.10,36.77,36.95,5144958
2017-01-03,36.95,37.02,36.70,36.77,2952812
2017-01-04,36.77,37.03,36.59,36.85,5795644
2017-01-05,36.85,37.27,36.63,37.05,6982098
2017-01-08,37.05,37.09,36.75,36.80,2191186
2017-01-09,36.80,36.83,36.49,36.53,1916735
2017-01-10,36.53,36.53,36.18,36.19,1245164
2017-01-11,36.19,36.26,35.95,36.02,2966598
2017-01-12,36.02,36.30,35.84,36.12,6019307
2017-01-15,36.12,36.57,35.90,36.34,7267489
2017-01-16,36.34,36.96,36.06,36.68,8612379
2017-01-17,36.68,36.89,36.52,36.73,5436694
2017-01-18,36.73,36.85,36.56,36.68,4382407
2017-01-19,36.68,37.03,36.48,36.83,6461865
2017-01-22,36.83,36.92,36.61,36.70,3502229
2017-01-23,36.70,36.81,36.51,36.61,3923251
2017-01-24,36.61,37.14,36.36,36.89,7848388
2017-01-25,36.89,36.98,36.67,36.76,3549245
2017-01-26,36.76,36.77,36.42,36.43,1223353
2017-01-29,36.43,36.98,36.17,36.72,8105281
2017-01-30,36.72,37.38,36.43,37.09,8911076
2017-01-31,37.09,37.59,36.85,37.34,7616049
2017-02-01,37.34,37.40,37.07,37.13,2565877
2017-02-02,37.13,37.54,36.91,37.32,6921056
2017-02-05,37.32,37.37,37.04,37.09,2434670
2017-02-06,37.09,37.15,36.82,36.87,2563511
2017-02-07,36.87,37.54,36.58,37.25,8912517
2017-02-08,37.25,37.41,37.10,37.26,5012551
2017-02-09,37.26,37.35,37.03,37.12,3431515
2017-02-12,37.12,37.17,36.83,36.88,2218792
2017-02-13,36.88,36.94,36.61,36.67,2683024
2017-02-14,36.67,37.28,36.40,37.01,8503223
2017-02-15,37.01,37.32,36.81,37.13,6173216
2017-02-16,37.13,37.52,36.91,37.30,6779423
2017-02-19,37.30,37.48,37.15,37.32,5111968
2017-02-20,37.32,37.89,37.06,37.63,8109122
2017-02-21,37.63,37.76,37.47,37.60,4635082
2017-02-22,37.60,37.74,37.44,37.58,4591083
2017-02-23,37.58,37.66,37.34,37.43,3359842
2017-02-26,37.43,37.93,37.19,37.69,7583333
2017-02-27,37.69,37.73,37.39,37.44,2273902
2017-02-28,37.44,37.52,37.20,37.29,3258710
2017-03-01,37.29,37.36,37.04,37.11,2957510
2017-03-02,37.11,37.13,36.78,36.79,1493758
2017-03-05,36.79,36.87,36.56,36.63,3139060
2017-03-06,36.63,36.67,36.34,36.38,2090946
2017-03-07,36.38,36.61,36.21,36.44,5583984
2017-03-08,36.44,36.77,36.25,36.58,6334224
2017-03-09,36.58,37.16,36.31,36.89,8316975
2017-03-12,36.89,36.92,36.58,36.61,1877914
2017-03-13,36.61,37.18,36.35,36.91,8177537
2017-03-14,36.91,37.59,36.62,37.29,8968930
2017-03-15,37.29,37.32,36.97,37.00,1708882
2017-03-16,37.00,37.11,36.80,36.92,4002331
2017-03-19,36.92,37.38,36.68,37.15,7380144
2017-03-20,37.15,37.75,36.87,37.47,8410219
2017-03-21,37.47,37.65,37.32,37.50,5141941
2017-03-22,37.50,37.91,37.28,37.69,6883950
2017-03-23,37.69,37.70,37.34,37.35,1315260
2017-03-26,37.35,37.76,37.13,37.54,6929698
2017-03-27,37.54,37.61,37.28,37.35,2813683
2017-03-28,37.35,37.87,37.10,37.62,7757338
2017-03-29,37.62,37.76,37.46,37.60,4698936
2017-03-30,37.60,37.96,37.39,37.75,6502674
2017-04-02,37.75,38.19,37.52,37.96,7069787
2017-04-03,37.96,37.99,37.64,37.66,1782990
2017-04-04,37.66,37.86,37.50,37.70,5284259
2017-04-05,37.70,37.76,37.43,37.49,2585939
2017-04-06,37.49,37.51,37.15,37.17,1515192
2017-04-09,37.17,37.23,36.89,36.95,2491769
2017-04-10,36.95,37.19,36.78,37.02,5639128
2017-04-11,37.02,37.47,36.79,37.24,7228875
2017-04-12,37.24,37.25,36.90,36.92,1458539
2017-04-13,36.92,37.01,36.70,36.80,3562688
2017-04-16,36.80,37.12,36.60,36.92,6257373
2017-04-17,36.92,37.15,36.76,36.98,5517901
2017-04-18,36.98,37.49,36.74,37.24,7689951
2017-04-19,37.24,37.28,36.93,36.97,1934019
2017-04-20,36.97,37.01,36.67,36.70,2003189
2017-04-23,36.70,36.91,36.54,36.75,5354252
2017-04-24,36.75,36.98,36.58,36.81,5592146
2017-04-25,36.81,36.86,36.52,36.57,2247736
2017-04-26,36.57,37.10,36.32,36.84,7888923
2017-04-27,36.84,36.98,36.68,36.81,4565089
2017-04-30,36.81,36.84,36.49,36.51,1584876
2017-05-01,36.51,36.57,36.25,36.31,2627297
2017-05-02,36.31,36.35,36.02,36.06,2186179
2017-05-03,36.06,36.15,35.84,35.92,3347942
2017-05-04,35.92,36.57,35.64,36.28,8902709
2017-05-07,36.28,36.31,35.98,36.00,1788751
2017-05-08,36.00,36.07,35.76,35.82,2870267
2017-05-09,35.82,36.11,35.64,35.93,6048491
2017-05-10,35.93,36.30,35.72,36.09,6706138
2017-05-11,36.09,36.18,35.88,35.97,3485185
2017-05-14,35.97,36.17,35.81,36.01,5397976
2017-05-15,36.01,36.13,35.84,35.96,4271673
2017-05-16,35.96,36.56,35.69,36.29,8526028
2017-05-17,36.29,36.33,36.00,36.05,2284499
2017-05-18,36.05,36.31,35.88,36.13,5818689
2017-05-21,36.13,36.33,35.98,36.18,5326131
2017-05-22,36.18,36.72,35.92,36.46,8041392
2017-05-23,36.46,36.83,36.25,36.63,6680521
2017-05-24,36.63,36.81,36.47,36.66,5218827
2017-05-25,36.66,36.69,36.36,36.39,2001989
2017-05-28,36.39,36.44,36.10,36.15,2190500
2017-05-29,36.15,36.24,35.93,36.03,3537448
2017-05-30,36.03,36.12,35.81,35.90,3499622
2017-05-31,35.90,36.00,35.70,35.79,3681961
2017-06-01,35.79,35.89,35.59,35.68,3615329
2017-06-04,35.68,36.19,35.44,35.95,7867626
2017-06-05,35.95,36.29,35.75,36.09,6488237
2017-06-06,36.09,36.73,35.81,36.44,8785802
2017-06-07,36.44,36.50,36.17,36.22,2439334
2017-06-08,36.22,36.50,36.04,36.32,5942661
2017-06-11,36.32,36.65,36.12,36.46,6382201
2017-06-12,36.46,36.81,36.25,36.61,6548079
2017-06-13,36.61,36.81,36.45,36.65,5378566
2017-06-14,36.65,37.16,36.41,36.91,7737860
2017-06-15,36.91,37.40,36.67,37.16,7527194
2017-06-18,37.16,37.73,36.89,37.46,8129286
2017-06-19,37.46,38.04,37.19,37.77,8186111
2017-06-20,37.77,38.43,37.48,38.13,8710013
2017-06-21,38.13,38.15,37.79,37.81,1528155
2017-06-22,37.81,37.89,37.56,37.64,3060288
2017-06-25,37.64,37.86,37.47,37.69,5429869
2017-06-26,37.69,37.84,37.54,37.69,4908504
2017-06-27,37.69,37.80,37.48,37.58,3693724
2017-06-28,37.58,37.58,37.22,37.22,1020096
2017-06-29,37.22,37.46,37.05,37.29,5603669
2017-07-02,37.29,37.50,37.12,37.34,5419753
2017-07-03,37.34,37.74,37.12,37.52,6814026
2017-07-04,37.52,37.94,37.30,37.71,6946982
2017-07-05,37.71,37.81,37.49,37.59,3571707
2017-07-06,37.59,37.63,37.29,37.33,2144993
2017-07-09,37.33,37.45,37.15,37.28,4271776
2017-07-10,37.28,37.29,36.94,36.96,1482921
2017-07-11,36.96,37.29,36.76,37.09,6346330
2017-07-12,37.09,37.76,36.80,37.47,8911385
2017-07-13,37.47,37.52,37.19,37.24,2486728
2017-07-16,37.24,37.63,37.03,37.42,6751371
2017-07-17,37.42,38.00,37.15,37.73,8199142
2017-07-18,37.73,37.76,37.41,37.45,1916460
2017-07-19,37.45,37.83,37.24,37.62,6693449
2017-07-20,37.62,37.84,37.45,37.67,5468381
2017-07-23,37.67,37.75,37.43,37.51,3105452
2017-07-24,37.51,37.53,37.17,37.19,1505898
2017-07-25,37.19,37.30,37.00,37.11,4052434
2017-07-26,37.11,37.13,36.78,36.79,1387037
2017-07-27,36.79,36.85,36.52,36.57,2522050
2017-07-30,36.57,37.02,36.34,36.79,7284636
2017-07-31,36.79,37.35,36.53,37.09,8094547
2017-08-01,37.09,37.26,36.94,37.11,5075240
2017-08-02,37.11,37.16,36.83,36.89,2498319
2017-08-03,36.89,36.94,36.61,36.67,2561316
2017-08-06,36.67,36.80,36.51,36.64,4498799
2017-08-07,36.64,36.64,36.28,36.28,1026817
2017-08-08,36.28,36.40,36.10,36.22,4120679
2017-08-09,36.22,36.33,36.03,36.15,4126063
2017-08-10,36.15,36.46,35.96,36.27,6203463
2017-08-13,36.27,36.82,36.01,36.56,8105967
2017-08-14,36.56,37.01,36.33,36.78,7290363
2017-08-15,36.78,36.98,36.62,36.82,5361591
2017-08-16,36.82,36.85,36.51,36.54,1850514
2017-08-17,36.54,36.56,36.21,36.22,1325034
2017-08-20,36.22,36.25,35.91,35.94,1834533
2017-08-21,35.94,36.08,35.79,35.93,4687654
2017-08-22,35.93,36.15,35.76,35.99,5563408
2017-08-23,35.99,36.39,35.77,36.17,6955624
2017-08-24,36.17,36.28,35.98,36.09,3950720
2017-08-27,36.09,36.54,35.86,36.31,7338820
2017-08-28,36.31,36.86,36.06,36.60,8058196
2017-08-29,36.60,36.67,36.35,36.43,2973045
2017-08-30,36.43,36.46,36.13,36.16,1984602
2017-08-31,36.16,36.76,35.89,36.49,8475582
2017-09-03,36.49,36.66,36.34,36.51,5087962
2017-09-04,36.51,37.16,36.22,36.87,8834087
2017-09-05,36.87,36.96,36.65,36.74,3541117
2017-09-06,36.74,36.98,36.57,36.81,5628806
2017-09-07,36.81,37.26,36.58,37.03,7220610
2017-09-10,37.03,37.16,36.87,37.00,4588134
2017-09-11,37.00,37.54,36.75,37.28,7928909
2017-09-12,37.28,37.90,37.00,37.62,8477503
2017-09-13,37.62,38.04,37.40,37.81,6949965
2017-09-14,37.81,38.29,37.57,38.04,7321604
2017-09-17,38.04,38.60,37.78,38.34,7938100
2017-09-18,38.34,38.63,38.15,38.44,5959945
2017-09-19,38.44,38.89,38.20,38.66,7140226
2017-09-20,38.66,39.36,38.35,39.05,8935733
2017-09-21,39.05,39.21,38.89,39.06,4951406
2017-09-24,39.06,39.12,38.78,38.84,2718106
2017-09-25,38.84,39.26,38.62,39.03,6803737
2017-09-26,39.03,39.51,38.79,39.26,7257681
2017-09-27,39.26,39.49,39.09,39.31,5388580
2017-09-28,39.31,39.47,39.16,39.31,4875445
2017-10-01,39.31,39.93,39.03,39.64,8212105
2017-10-02,39.64,39.70,39.34,39.40,2484979
2017-10-03,39.40,39.78,39.19,39.56,6484190
2017-10-04,39.56,39.65,39.30,39.39,3148010
2017-10-05,39.39,39.61,39.22,39.43,5340637
2017-10-08,39.43,39.88,39.20,39.64,6963305
2017-10-09,39.64,39.73,39.40,39.49,3398731
2017-10-10,39.49,39.50,39.13,39.14,1288888
2017-10-11,39.14,39.16,38.80,38.82,1646124
2017-10-12,38.82,38.95,38.64,38.77,4297599
2017-10-15,38.77,38.79,38.43,38.45,1663065
2017-10-16,38.45,38.49,38.13,38.16,1865980
2017-10-17,38.16,38.17,37.80,37.81,1177949
2017-10-18,37.81,37.84,37.49,37.52,1796502
2017-10-19,37.52,37.59,37.27,37.34,2956207
2017-10-22,37.34,37.55,37.18,37.38,5373113
2017-10-23,37.38,37.55,37.23,37.40,5022530
2017-10-24,37.40,37.99,37.13,37.71,8250137
2017-10-25,37.71,37.83,37.53,37.65,4216426
2017-10-26,37.65,38.03,37.44,37.82,6674485
2017-10-29,37.82,37.99,37.67,37.84,5081104
2017-10-30,37.84,37.84,37.47,37.48,1041220
2017-10-31,37.48,37.52,37.17,37.21,2085699
2017-11-01,37.21,37.35,37.06,37.20,4782441
2017-11-02,37.20,37.65,36.97,37.42,7180829
2017-11-05,37.42,37.48,37.15,37.20,2589506
2017-11-06,37.20,37.27,36.94,37.00,2687482
2017-11-07,37.00,37.04,36.70,36.73,1968587
2017-11-08,36.73,36.82,36.51,36.61,3519238
2017-11-09,36.61,36.65,36.31,36.35,2129561
2017-11-12,36.35,36.49,36.21,36.34,4737825
2017-11-13,36.34,36.91,36.08,36.64,8208230
2017-11-14,36.64,36.99,36.44,36.79,6442009
2017-11-15,36.79,36.85,36.53,36.60,2821879
2017-11-16,36.60,36.71,36.41,36.52,3989814
2017-11-19,36.52,36.59,36.27,36.34,2958161
2017-11-20,36.34,36.82,36.10,36.58,7554080
2017-11-21,36.58,36.63,36.29,36.34,2197325
2017-11-22,36.34,36.41,36.10,36.17,3011351
2017-11-23,36.17,36.49,35.98,36.29,6267764
2017-11-26,36.29,36.60,36.11,36.41,6164094
2017-11-27,36.41,36.44,36.11,36.14,1934910
2017-11-28,36.14,36.19,35.86,35.91,2296262
2017-11-29,35.91,35.99,35.68,35.76,3223456
2017-11-30,35.76,35.83,35.52,35.60,3062174
2017-12-03,35.60,36.00,35.39,35.78,6972908
2017-12-04,35.78,35.92,35.64,35.77,4708744
2017-12-05,35.77,35.79,35.46,35.49,1726474
2017-12-06,35.49,35.97,35.25,35.73,7631035
2017-12-07,35.73,36.00,35.55,35.83,5953292
2017-12-10,35.83,35.84,35.49,35.50,1261145
2017-12-11,35.50,35.98,35.27,35.74,7603978
2017-12-12,35.74,35.79,35.47,35.51,2290432
2017-12-13,35.51,35.67,35.37,35.52,4999519
2017-12-14,35.52,35.57,35.24,35.29,2225068
2017-12-17,35.29,35.45,35.14,35.30,5053497
2017-12-18,35.30,35.86,35.05,35.60,8274931
2017-12-19,35.60,35.67,35.36,35.42,2827640
2017-12-20,35.42,35.44,35.11,35.13,1575823
2017-12-21,35.13,35.45,34.94,35.26,6420713
2017-12-24,35.26,35.39,35.12,35.25,4745027
2017-12-25,35.25,35.33,35.03,35.10,3190740
2017-12-26,35.10,35.16,34.86,34.92,2770198
2017-12-27,34.92,35.00,34.70,34.78,3310562
2017-12-28,34.78,34.96,34.63,34.81,5231584
2017-12-31,34.81,35.41,34.54,35.14,8656721
2018-01-01,35.14,35.17,34.84,34.87,1857578
2018-01-02,34.87,34.94,34.64,34.71,3031687
2018-01-03,34.71,34.80,34.50,34.59,3413614
2018-01-04,34.59,34.68,34.39,34.48,3719410
2018-01-07,34.48,34.99,34.25,34.75,7924382
2018-01-08,34.75,35.06,34.56,34.88,6374211
2018-01-09,34.88,34.99,34.71,34.82,4229389
2018-01-10,34.82,35.24,34.60,35.03,7243004
2018-01-11,35.03,35.16,34.89,35.03,4871844
2018-01-14,35.03,35.39,34.83,35.19,6720850
2018-01-15,35.19,35.30,35.02,35.14,4320884
2018-01-16,35.14,35.18,34.86,34.91,2239849
2018-01-17,34.91,35.24,34.71,35.05,6527126
2018-01-18,35.05,35.10,34.79,34.84,2491358
2018-01-21,34.84,34.87,34.54,34.57,1811556
2018-01-22,34.57,34.96,34.37,34.75,6981550
2018-01-23,34.75,34.91,34.61,34.77,5087757
2018-01-24,34.77,35.16,34.57,34.95,6920301
2018-01-25,34.95,35.03,34.74,34.82,3417455
2018-01-28,34.82,35.27,34.60,35.05,7443415
2018-01-29,35.05,35.18,34.91,35.05,4899417
2018-01-30,35.05,35.46,34.83,35.25,7168175
2018-01-31,35.25,35.39,35.11,35.25,4891666
2018-02-01,35.25,35.66,35.03,35.44,7082235
2018-02-04,35.44,35.67,35.28,35.50,5567043
2018-02-05,35.50,36.13,35.23,35.85,8765843
2018-02-06,35.85,36.48,35.57,36.20,8802091
2018-02-07,36.20,36.23,35.90,35.93,1947393
2018-02-08,35.93,36.27,35.74,36.07,6399279
2018-02-11,36.07,36.28,35.91,36.12,5392318
2018-02-12,36.12,36.61,35.88,36.37,7642558
2018-02-13,36.37,36.37,36.02,36.03,1125308
2018-02-14,36.03,36.58,35.77,36.32,8186248
2018-02-15,36.32,36.36,36.02,36.06,1985871
2018-02-18,36.06,36.18,35.89,36.01,4277263
2018-02-19,36.01,36.13,35.85,35.97,4517215
2018-02-20,35.97,36.09,35.80,35.92,4310665
2018-02-21,35.92,36.00,35.69,35.77,3188477
2018-02-22,35.77,36.01,35.60,35.84,5718552
2018-02-25,35.84,35.88,35.55,35.58,1950274
2018-02-26,35.58,35.59,35.25,35.25,1192283
2018-02-27,35.25,35.67,35.04,35.45,7123593
2018-02-28,35.45,35.76,35.27,35.57,6238031
2018-03-01,35.57,35.59,35.26,35.28,1622016
2018-03-04,35.28,35.39,35.10,35.21,4065672
2018-03-05,35.21,35.33,35.05,35.18,4507270
2018-03-06,35.18,35.68,34.94,35.44,7811008
2018-03-07,35.44,35.95,35.19,35.70,7878120
2018-03-08,35.70,36.24,35.45,35.99,8091323
2018-03-11,35.99,36.41,35.77,36.19,7092592
2018-03-12,36.19,36.46,36.01,36.28,5894272
2018-03-13,36.28,36.40,36.11,36.23,4323525
2018-03-14,36.23,36.29,35.98,36.04,2800102
2018-03-15,36.04,36.06,35.71,35.73,1447462
2018-03-18,35.73,35.86,35.57,35.70,4537208
2018-03-19,35.70,36.01,35.51,35.82,6266872
2018-03-20,35.82,36.09,35.65,35.91,5871021
2018-03-21,35.91,36.02,35.73,35.84,4065706
2018-03-22,35.84,35.98,35.70,35.83,4826234
2018-03-25,35.83,36.18,35.64,35.98,6498285
2018-03-26,35.98,36.29,35.79,36.10,6242352
2018-03-27,36.10,36.13,35.80,35.83,1811522
2018-03-28,35.83,36.19,35.62,35.98,6662585
2018-03-29,35.98,36.32,35.79,36.12,6400480
2018-04-01,36.12,36.73,35.85,36.45,8556069
2018-04-02,36.45,36.48,36.14,36.16,1697256
2018-04-03,36.16,36.68,35.92,36.43,7873422
2018-04-04,36.43,36.56,36.27,36.39,4393209
2018-04-05,36.39,36.46,36.14,36.21,2935631
2018-04-08,36.21,36.50,36.03,36.31,5994513
2018-04-09,36.31,36.94,36.04,36.66,8656275
2018-04-10,36.66,36.91,36.48,36.73,5711042
2018-04-11,36.73,36.85,36.55,36.66,4097085
2018-04-12,36.66,37.29,36.38,37.01,8678600
2018-04-15,37.01,37.21,36.85,37.05,5356824
2018-04-16,37.05,37.28,36.89,37.11,5514471
2018-04-17,37.11,37.64,36.86,37.38,7793518
2018-04-18,37.38,37.57,37.23,37.41,5206310
2018-04-19,37.41,37.65,37.24,37.48,5580006
2018-04-22,37.48,37.49,37.13,37.15,1334362
2018-04-23,37.15,37.78,36.86,37.49,8592832
2018-04-24,37.49,38.00,37.24,37.75,7627023
2018-04-25,37.75,38.39,37.46,38.10,8634465
2018-04-26,38.10,38.17,37.84,37.91,2849725
2018-04-29,37.91,38.34,37.68,38.11,6988854
2018-04-30,38.11,38.11,37.74,37.74,1027160
2018-05-01,37.74,38.21,37.50,37.97,7310322
2018-05-02,37.97,38.40,37.74,38.17,6998834
2018-05-03,38.17,38.45,37.99,38.26,5845781
2018-05-06,38.26,38.28,37.91,37.92,1307956
2018-05-07,37.92,38.00,37.67,37.74,2990294
2018-05-08,37.74,37.80,37.46,37.51,2423662
2018-05-09,37.51,37.63,37.33,37.45,4175960
2018-05-10,37.45,37.78,37.25,37.58,6296570
2018-05-13,37.58,37.62,37.28,37.32,2094135
2018-05-14,37.32,37.40,37.08,37.16,3247668
2018-05-15,37.16,37.29,36.99,37.11,4250994
2018-05-16,37.11,37.68,36.84,37.41,8190534
2018-05-17,37.41,37.45,37.10,37.13,1856412
2018-05-20,37.13,37.71,36.86,37.44,8186899
2018-05-21,37.44,38.00,37.17,37.73,8046193
2018-05-22,37.73,37.82,37.50,37.59,3335528
2018-05-23,37.59,37.81,37.42,37.64,5437620
2018-05-24,37.64,37.80,37.49,37.65,4994444
2018-05-27,37.65,37.73,37.40,37.48,3018347
2018-05-28,37.48,37.95,37.24,37.71,7336488
2018-05-29,37.71,37.76,37.42,37.47,2368621
2018-05-30,37.47,37.59,37.29,37.41,4238203
2018-05-31,37.41,37.42,37.06,37.07,1216838
2018-06-03,37.07,37.16,36.85,36.94,3502057
2018-06-04,36.94,36.99,36.65,36.70,2328429
2018-06-05,36.70,37.04,36.50,36.84,6412002
2018-06-06,36.84,36.94,36.64,36.74,3728086
2018-06-07,36.74,37.36,36.46,37.08,8622359
2018-06-10,37.08,37.13,36.79,36.84,2255315
2018-06-11,36.84,37.18,36.64,36.98,6380041
2018-06-12,36.98,37.03,36.70,36.75,2453326
2018-06-13,36.75,37.31,36.49,37.05,8080109
2018-06-14,37.05,37.44,36.83,37.22,6791255
2018-06-17,37.22,37.30,36.98,37.06,3154663
2018-06-18,37.06,37.14,36.83,36.91,3219718
2018-06-19,36.91,37.50,36.64,37.22,8295061
2018-06-20,37.22,37.52,37.04,37.33,6059705
2018-06-21,37.33,37.76,37.11,37.53,7007475
2018-06-24,37.53,37.86,37.34,37.66,6224794
2018-06-25,37.66,38.02,37.45,37.81,6501783
2018-06-26,37.81,38.21,37.59,37.99,6776714
2018-06-27,37.99,38.10,37.79,37.90,3913786
2018-06-28,37.90,38.44,37.64,38.18,7814231
2018-07-01,38.18,38.46,37.99,38.27,5860768
2018-07-02,38.27,38.41,38.11,38.25,4695370
2018-07-03,38.25,38.46,38.09,38.30,5330384
2018-07-04,38.30,38.81,38.04,38.56,7592969
2018-07-05,38.56,38.67,38.35,38.46,3902880
2018-07-08,38.46,38.51,38.17,38.22,2383573
2018-07-09,38.22,38.70,37.98,38.45,7306652
2018-07-10,38.45,38.60,38.30,38.45,4869650
2018-07-11,38.45,38.50,38.15,38.20,2307133
2018-07-12,38.20,38.82,37.92,38.53,8335150
2018-07-15,38.53,38.61,38.27,38.35,2929012
2018-07-16,38.35,38.98,38.06,38.69,8434396
2018-07-17,38.69,38.99,38.49,38.80,6011796
2018-07-18,38.80,38.81,38.44,38.46,1414300
2018-07-19,38.46,39.05,38.19,38.77,8098696
2018-07-22,38.77,38.87,38.55,38.65,3669924
2018-07-23,38.65,38.76,38.43,38.54,3658847
2018-07-24,38.54,38.68,38.37,38.51,4633367
2018-07-25,38.51,38.65,38.35,38.49,4642866
2018-07-26,38.49,38.65,38.33,38.50,4995987
2018-07-29,38.50,38.51,38.15,38.16,1371742
2018-07-30,38.16,38.29,37.98,38.10,4263957
2018-07-31,38.10,38.77,37.81,38.47,8759053
2018-08-01,38.47,38.50,38.14,38.16,1647153
2018-08-02,38.16,38.44,37.98,38.26,5866529
2018-08-05,38.26,38.30,37.96,38.01,2281378
2018-08-06,38.01,38.68,37.71,38.38,8792935
2018-08-07,38.38,38.52,38.22,38.37,4783916
2018-08-08,38.37,38.52,38.22,38.37,4896296
2018-08-09,38.37,38.42,38.07,38.11,2142421
2018-08-12,38.11,38.24,37.93,38.06,4349451
2018-08-13,38.06,38.17,37.86,37.97,3937139
2018-08-14,37.97,37.97,37.60,37.60,1028943
2018-08-15,37.60,38.15,37.34,37.89,7896467
2018-08-16,37.89,37.95,37.62,37.68,2737242
2018-08-19,37.68,38.35,37.39,38.05,8785836
2018-08-20,38.05,38.12,37.78,37.85,2758299
2018-08-21,37.85,37.99,37.69,37.83,4629938
2018-08-22,37.83,37.97,37.67,37.81,4746433
2018-08-23,37.81,38.41,37.54,38.13,8268278
2018-08-26,38.13,38.29,37.98,38.14,4948559
2018-08-27,38.14,38.74,37.86,38.46,8244067
2018-08-28,38.46,38.57,38.25,38.35,3759739
2018-08-29,38.35,38.79,38.12,38.56,7026440
2018-08-30,38.56,38.94,38.34,38.73,6612071
2018-09-02,38.73,39.38,38.43,39.08,8566015
2018-09-03,39.08,39.42,38.88,39.21,6196913
2018-09-04,39.21,39.30,38.96,39.05,3183779
2018-09-05,39.05,39.09,38.73,38.77,2020438
2018-09-06,38.77,39.04,38.58,38.85,5793312
2018-09-09,38.85,38.87,38.50,38.51,1292524
2018-09-10,38.51,38.60,38.28,38.37,3456344
2018-09-11,38.37,38.38,38.01,38.01,1148971
2018-09-12,38.01,38.14,37.83,37.95,4271639
2018-09-13,37.95,38.55,37.68,38.27,8207064
2018-09-16,38.27,38.37,38.05,38.15,3597222
2018-09-17,38.15,38.64,37.90,38.39,7454458
2018-09-18,38.39,38.49,38.17,38.27,3605932
2018-09-19,38.27,38.90,37.98,38.61,8471399
2018-09-20,38.61,38.94,38.41,38.74,6174314
2018-09-23,38.74,39.45,38.43,39.14,8986282
2018-09-24,39.14,39.22,38.88,38.96,3104835
2018-09-25,38.96,39.07,38.75,38.85,3764540
2018-09-26,38.85,38.96,38.63,38.74,3681447
2018-09-27,38.74,39.15,38.51,38.93,6830864
2018-09-30,38.93,39.03,38.70,38.80,3558470
2018-10-01,38.80,39.24,38.56,39.01,7024759
2018-10-02,39.01,39.45,38.77,39.21,6982818
2018-10-03,39.21,39.92,38.90,39.60,8889437
2018-10-04,39.60,39.96,39.39,39.75,6349554
2018-10-07,39.75,40.18,39.51,39.95,6894032
2018-10-08,39.95,40.41,39.71,40.17,7090775
2018-10-09,40.17,40.34,40.01,40.18,4989163
2018-10-10,40.18,40.22,39.85,39.88,1897839
2018-10-11,39.88,39.90,39.52,39.54,1495816
2018-10-14,39.54,39.89,39.34,39.68,6276920
2018-10-15,39.68,39.77,39.44,39.53,3327572
2018-10-16,39.53,39.62,39.29,39.39,3437894
2018-10-17,39.39,39.63,39.21,39.45,5546159
2018-10-18,39.45,39.83,39.23,39.61,6516563
2018-10-21,39.61,40.24,39.33,39.95,8250342
2018-10-22,39.95,40.28,39.74,40.07,6130212
2018-10-23,40.07,40.50,39.84,40.26,6798148
2018-10-24,40.26,40.35,40.01,40.10,3266495
2018-10-25,40.10,40.20,39.85,39.95,3362414
2018-10-28,39.95,40.47,39.69,40.21,7505658
2018-10-29,40.21,40.78,39.94,40.51,7819684
2018-10-30,40.51,41.19,40.20,40.88,8576097
2018-10-31,40.88,41.00,40.67,40.79,3972427
2018-11-01,40.79,40.80,40.41,40.42,1243244
2018-11-04,40.42,40.42,40.03,40.04,1104595
2018-11-05,40.04,40.56,39.77,40.30,7531790
2018-11-06,40.30,40.38,40.02,40.10,2870507
2018-11-07,40.10,40.73,39.81,40.44,8281241
2018-11-08,40.44,40.69,40.26,40.50,5517078
2018-11-11,40.50,41.11,40.22,40.82,8034807
2018-11-12,40.82,40.84,40.45,40.47,1439368
2018-11-13,40.47,40.48,40.10,40.11,1261625
2018-11-14,40.11,40.23,39.90,40.03,4069478
2018-11-15,40.03,40.61,39.75,40.33,7912311
2018-11-18,40.33,40.66,40.12,40.45,6098765
2018-11-19,40.45,40.50,40.14,40.19,2307853
2018-11-20,40.19,40.65,39.95,40.41,7033401
2018-11-21,40.41,40.92,40.15,40.66,7361831
2018-11-22,40.66,40.99,40.45,40.78,6083264
2018-11-25,40.78,40.83,40.46,40.50,2135973
2018-11-26,40.50,41.16,40.20,40.86,8384156
2018-11-27,40.86,40.93,40.57,40.64,2729046
2018-11-28,40.64,40.78,40.46,40.60,4553360
2018-11-29,40.60,40.75,40.42,40.56,4499074
2018-12-02,40.56,40.67,40.33,40.43,3578532
2018-12-03,40.43,40.46,40.08,40.10,1618895
2018-12-04,40.10,40.56,39.86,40.32,7039917
2018-12-05,40.32,40.44,40.11,40.23,3965054
2018-12-06,40.23,40.37,40.06,40.21,4665912
2018-12-09,40.21,40.30,39.96,40.05,3340020
2018-12-10,40.05,40.54,39.80,40.29,7221947
2018-12-11,40.29,40.29,39.90,39.90,1027743
2018-12-12,39.90,40.05,39.73,39.88,4732716
2018-12-13,39.88,40.57,39.58,40.26,8682544
2018-12-16,40.26,40.30,39.93,39.98,2037722
2018-12-17,39.98,40.37,39.75,40.14,6551337
2018-12-18,40.14,40.25,39.91,40.02,3680178
2018-12-19,40.02,40.10,39.76,39.84,3029183
2018-12-20,39.84,39.96,39.64,39.76,4129218
2018-12-23,39.76,39.86,39.53,39.63,3548182
2018-12-24,39.63,40.13,39.38,39.87,7335459
2018-12-25,39.87,40.58,39.56,40.26,8799691
2018-12-26,40.26,40.37,40.03,40.14,3619890
2018-12-27,40.14,40.19,39.83,39.88,2289883
2018-12-30,39.88,40.45,39.60,40.18,7896090
2018-12-31,40.18,40.67,39.93,40.41,7228635
2019-01-01,40.41,40.90,40.16,40.65,7225788
2019-01-02,40.65,40.80,40.49,40.64,4751748
2019-01-03,40.64,40.67,40.29,40.32,1707750
2019-01-06,40.32,40.33,39.95,39.97,1476508
2019-01-07,39.97,40.04,39.69,39.75,2700000
2019-01-08,39.75,40.12,39.54,39.90,6390569
2019-01-09,39.90,40.04,39.72,39.85,4375377
2019-01-10,39.85,40.04,39.69,39.87,5074176
2019-01-13,39.87,40.55,39.57,40.25,8610425
2019-01-14,40.25,40.34,39.99,40.08,3255727
2019-01-15,40.08,40.57,39.83,40.32,7207613
2019-01-16,40.32,40.42,40.09,40.20,3700651
2019-01-17,40.20,40.21,39.83,39.85,1450891
2019-01-20,39.85,39.99,39.67,39.81,4433641
2019-01-21,39.81,39.89,39.54,39.62,2994581
2019-01-22,39.62,39.67,39.31,39.36,2294204
2019-01-23,39.36,39.96,39.08,39.68,8085596
2019-01-24,39.68,39.71,39.34,39.38,1825548
2019-01-27,39.38,39.38,39.00,39.01,1118998
2019-01-28,39.01,39.24,38.83,39.07,5496810
2019-01-29,39.07,39.16,38.84,38.93,3526886
2019-01-30,38.93,38.94,38.57,38.58,1258607
2019-01-31,38.58,39.15,38.31,38.88,8000617
2019-02-03,38.88,38.98,38.65,38.74,3431927
2019-02-04,38.74,39.05,38.55,38.85,6046364
2019-02-05,38.85,38.93,38.59,38.67,2930349
2019-02-06,38.67,38.81,38.51,38.66,4874005
2019-02-07,38.66,38.73,38.40,38.47,2815603
2019-02-10,38.47,38.49,38.13,38.15,1619341
2019-02-11,38.15,38.23,37.91,37.99,3186454
2019-02-12,37.99,38.06,37.73,37.80,2899657
2019-02-13,37.80,38.28,37.56,38.04,7400925
2019-02-14,38.04,38.07,37.71,37.74,1702606
2019-02-17,37.74,37.76,37.41,37.43,1631858
2019-02-18,37.43,37.94,37.18,37.69,7608436
2019-02-19,37.69,37.79,37.48,37.58,3755795
2019-02-20,37.58,37.63,37.29,37.34,2345541
2019-02-21,37.34,37.58,37.17,37.41,5575205
2019-02-24,37.41,37.55,37.25,37.39,4679355
2019-02-25,37.39,37.99,37.11,37.72,8374039
2019-02-26,37.72,37.85,37.56,37.69,4634567
2019-02-27,37.69,38.23,37.44,37.97,7806618
2019-02-28,37.97,38.41,37.74,38.17,7050685
2019-03-03,38.17,38.76,37.90,38.48,8119855
2019-03-04,38.48,39.12,38.20,38.83,8470919
2019-03-05,38.83,38.86,38.49,38.52,1708813
2019-03-06,38.52,38.61,38.28,38.38,3364403
2019-03-07,38.38,38.41,38.06,38.10,2005589
2019-03-10,38.10,38.20,37.88,37.99,3681755
2019-03-11,37.99,38.01,37.66,37.68,1701543
2019-03-12,37.68,38.21,37.43,37.95,7743964
2019-03-13,37.95,38.56,37.68,38.28,8302846
2019-03-14,38.28,38.64,38.07,38.43,6464609
2019-03-17,38.43,38.60,38.28,38.44,5019375
2019-03-18,38.44,38.52,38.18,38.25,2905418
2019-03-19,38.25,38.42,38.10,38.26,4986934
2019-03-20,38.26,38.45,38.10,38.29,5165157
2019-03-21,38.29,38.70,38.07,38.48,6822805
2019-03-24,38.48,39.13,38.18,38.83,8601851
2019-03-25,38.83,38.93,38.60,38.70,3514643
2019-03-26,38.70,39.19,38.45,38.94,7388340
2019-03-27,38.94,39.09,38.78,38.92,4642695
2019-03-28,38.92,39.02,38.68,38.78,3401165
2019-03-31,38.78,39.34,38.51,39.07,7935356
2019-04-01,39.07,39.21,38.90,39.03,4442798
2019-04-02,39.03,39.63,38.75,39.35,8158058
2019-04-03,39.35,39.46,39.13,39.24,3797187
2019-04-04,39.24,39.34,39.00,39.09,3335493
2019-04-07,39.09,39.28,38.93,39.12,5118655
2019-04-08,39.12,39.46,38.91,39.26,6307167
2019-04-09,39.26,39.40,39.09,39.23,4654115
2019-04-10,39.23,39.49,39.05,39.31,5616289
2019-04-11,39.31,39.38,39.03,39.10,2798628
2019-04-14,39.10,39.21,38.88,38.99,3731995
2019-04-15,38.99,39.15,38.83,39.00,4984293
2019-04-16,39.00,39.14,38.83,38.97,4604903
2019-04-17,38.97,39.09,38.76,38.88,3902469
2019-04-18,38.88,39.26,38.66,39.04,6556001
2019-04-21,39.04,39.49,38.80,39.25,7059327
2019-04-22,39.25,39.91,38.96,39.61,8498868
2019-04-23,39.61,39.87,39.42,39.69,5664746
2019-04-24,39.69,39.93,39.51,39.75,5495233
2019-04-25,39.75,39.90,39.59,39.74,4854526
2019-04-28,39.74,40.01,39.56,39.82,5643861
2019-04-29,39.82,39.91,39.57,39.66,3245953
2019-04-30,39.66,39.79,39.47,39.60,4302777
2019-05-01,39.60,39.63,39.27,39.30,1826680
2019-05-02,39.30,39.40,39.07,39.18,3644821
2019-05-05,39.18,39.22,38.87,38.91,2176954
2019-05-06,38.91,39.15,38.74,38.98,5546536
2019-05-07,38.98,39.02,38.66,38.70,2025171
2019-05-08,38.70,38.73,38.37,38.40,1810390
2019-05-09,38.40,38.52,38.21,38.33,4136762
2019-05-12,38.33,38.36,38.00,38.03,1720336
2019-05-13,38.03,38.40,37.82,38.18,6536419
2019-05-14,38.18,38.88,37.88,38.57,8930692
2019-05-15,38.57,38.88,38.38,38.69,6063648
2019-05-16,38.69,38.79,38.47,38.57,3688374
2019-05-19,38.57,39.04,38.33,38.80,7261659
2019-05-20,38.80,38.85,38.51,38.56,2388443
2019-05-21,38.56,38.70,38.39,38.53,4599588
2019-05-22,38.53,38.59,38.24,38.30,2462997
2019-05-23,38.30,38.34,37.99,38.03,2028052
2019-05-26,38.03,38.16,37.86,38.00,4603395
2019-05-27,38.00,38.28,37.81,38.09,5868038
2019-05-28,38.09,38.70,37.81,38.42,8315809
2019-05-29,38.42,38.86,38.19,38.63,7033127
2019-05-30,38.63,38.77,38.47,38.62,4810116
2019-06-02,38.62,39.27,38.33,38.98,8585048
2019-06-03,38.98,39.45,38.74,39.21,7222119
2019-06-04,39.21,39.27,38.92,38.99,2622565
2019-06-05,38.99,39.31,38.78,39.11,6169101
2019-06-06,39.11,39.76,38.82,39.47,8503703
2019-06-09,39.47,39.53,39.18,39.24,2638717
2019-06-10,39.24,39.38,39.06,39.20,4401303
2019-06-11,39.20,39.53,38.99,39.33,6211213
2019-06-12,39.33,39.94,39.04,39.65,8191906
2019-06-13,39.65,40.05,39.43,39.83,6614986
2019-06-16,39.83,39.93,39.60,39.71,3677983
2019-06-17,39.71,40.10,39.48,39.88,6615466
2019-06-18,39.88,40.49,39.59,40.20,8143484
2019-06-19,40.20,40.33,40.01,40.14,4237345
2019-06-20,40.14,40.15,39.76,39.77,1242729
2019-06-23,39.77,39.91,39.59,39.72,4320130
2019-06-24,39.72,39.81,39.47,39.55,3222633
2019-06-25,39.55,39.65,39.31,39.41,3407030
2019-06-26,39.41,39.78,39.19,39.57,6478257
2019-06-27,39.57,39.68,39.36,39.47,3967181
2019-06-30,39.47,40.12,39.18,39.83,8441700
2019-07-01,39.83,39.86,39.50,39.53,1951200
2019-07-02,39.53,39.57,39.20,39.23,1804320
2019-07-03,39.23,39.34,39.01,39.11,3680075
2019-07-04,39.11,39.15,38.80,38.84,2072290
2019-07-07,38.84,39.42,38.56,39.15,8067386
2019-07-08,39.15,39.79,38.86,39.50,8455486
2019-07-09,39.50,39.54,39.18,39.23,2174862
2019-07-10,39.23,39.27,38.91,38.96,2089711
2019-07-11,38.96,39.00,38.64,38.69,2101268
2019-07-14,38.69,38.93,38.51,38.76,5592249
2019-07-15,38.76,38.84,38.51,38.59,3204629
2019-07-16,38.59,38.71,38.39,38.50,3950754
2019-07-17,38.50,39.03,38.25,38.77,7657784
2019-07-18,38.77,39.18,38.55,38.95,6745473
2019-07-21,38.95,38.96,38.59,38.61,1337277
2019-07-22,38.61,38.71,38.39,38.49,3704801
2019-07-23,38.49,39.07,38.22,38.80,8045576
2019-07-24,38.80,39.05,38.62,38.87,5594170
2019-07-25,38.87,39.04,38.71,38.89,5066632
2019-07-28,38.89,38.94,38.59,38.65,2438271
2019-07-29,38.65,38.77,38.45,38.57,4054766
2019-07-30,38.57,39.02,38.33,38.78,7076611
2019-07-31,38.78,38.79,38.42,38.43,1256893
2019-08-01,38.43,39.01,38.16,38.73,8052400
2019-08-04,38.73,38.91,38.58,38.75,5068072
2019-08-05,38.75,39.30,38.49,39.04,7834773
2019-08-06,39.04,39.19,38.88,39.04,4920404
2019-08-07,39.04,39.10,38.74,38.80,2374348
2019-08-08,38.80,38.82,38.45,38.47,1505246
2019-08-11,38.47,38.77,38.28,38.58,5992112
2019-08-12,38.58,38.63,38.28,38.33,2328772
2019-08-13,38.33,38.35,37.99,38.02,1601646
2019-08-14,38.02,38.39,37.80,38.18,6600857
2019-08-15,38.18,38.78,37.90,38.50,8264677
2019-08-18,38.50,38.60,38.27,38.37,3457304
2019-08-19,38.37,38.41,38.06,38.10,2079972
2019-08-20,38.10,38.60,37.85,38.35,7515397
2019-08-21,38.35,38.40,38.06,38.11,2405555
2019-08-22,38.11,38.22,37.90,38.01,3762791
2019-08-25,38.01,38.10,37.77,37.87,3414266
2019-08-26,37.87,37.90,37.54,37.57,1779732
2019-08-27,37.57,38.00,37.35,37.77,6982647
2019-08-28,37.77,38.24,37.53,38.00,7294615
2019-08-29,38.00,38.15,37.85,38.00,4913168
2019-09-01,38.00,38.44,37.77,38.21,7072873
2019-09-02,38.21,38.57,38.00,38.36,6489780
2019-09-03,38.36,38.82,38.13,38.58,7139197
2019-09-04,38.58,39.07,38.33,38.82,7366803
2019-09-05,38.82,38.95,38.64,38.77,4333093
2019-09-08,38.77,38.87,38.55,38.66,3791152
2019-09-09,38.66,38.75,38.41,38.50,3197770
2019-09-10,38.50,38.62,38.31,38.43,4157887
2019-09-11,38.43,38.76,38.23,38.56,6202366
2019-09-12,38.56,38.84,38.37,38.65,5899108
2019-09-15,38.65,38.67,38.30,38.31,1297496
2019-09-16,38.31,38.34,37.98,38.00,1706172
2019-09-17,38.00,38.07,37.74,37.81,2804149
2019-09-18,37.81,38.25,37.58,38.02,7085253
2019-09-19,38.02,38.04,37.68,37.71,1635905
2019-09-22,37.71,37.90,37.55,37.74,5246227
2019-09-23,37.74,38.42,37.44,38.12,8854492
2019-09-24,38.12,38.13,37.77,37.78,1324897
2019-09-25,37.78,38.41,37.49,38.13,8558676
2019-09-26,38.13,38.16,37.81,37.84,1938545
2019-09-29,37.84,37.96,37.65,37.77,4106481
2019-09-30,37.77,38.34,37.50,38.07,8074828
2019-10-01,38.07,38.33,37.90,38.15,5670747
2019-10-02,38.15,38.35,37.98,38.19,5313991
2019-10-03,38.19,38.64,37.96,38.40,7128017
2019-10-06,38.40,38.89,38.16,38.64,7384430
2019-10-07,38.64,39.26,38.36,38.97,8280761
2019-10-08,38.97,38.98,38.60,38.60,1051577
2019-10-09,38.60,38.66,38.31,38.36,2412928
2019-10-10,38.36,38.98,38.08,38.69,8340123
2019-10-13,38.69,38.70,38.33,38.34,1178840
2019-10-14,38.34,38.38,38.03,38.07,2089574
2019-10-15,38.07,38.75,37.77,38.44,8825411
2019-10-16,38.44,38.52,38.18,38.25,2843141
2019-10-17,38.25,38.28,37.92,37.95,1747702
2019-10-20,37.95,38.12,37.79,37.97,5069958
2019-10-21,37.97,37.98,37.62,37.63,1377812
2019-10-22,37.63,37.77,37.48,37.62,4720644
2019-10-23,37.62,38.23,37.34,37.95,8407098
2019-10-24,37.95,38.53,37.68,38.26,8116186
2019-10-27,38.26,38.60,38.05,38.40,6341735
2019-10-28,38.40,38.72,38.20,38.52,6170164
2019-10-29,38.52,38.58,38.23,38.28,2391598
2019-10-30,38.28,38.32,37.97,38.00,1944307
2019-10-31,38.00,38.03,37.67,37.70,1692489
2019-11-03,37.70,37.79,37.48,37.57,3537379
2019-11-04,37.57,37.64,37.31,37.38,2861694
2019-11-05,37.38,37.72,37.18,37.52,6307407
2019-11-06,37.52,37.93,37.30,37.70,6886865
2019-11-07,37.70,37.83,37.53,37.66,4427229
2019-11-10,37.66,38.13,37.42,37.89,7348251
2019-11-11,37.89,38.43,37.64,38.17,7773388
2019-11-12,38.17,38.21,37.85,37.89,1974245
2019-11-13,37.89,38.47,37.62,38.20,8148353
2019-11-14,38.20,38.22,37.86,37.88,1530281
2019-11-17,37.88,38.29,37.66,38.07,6836076
2019-11-18,38.07,38.18,37.87,37.99,4041049
2019-11-19,37.99,38.48,37.74,38.23,7490877
2019-11-20,38.23,38.58,38.03,38.37,6346056
2019-11-21,38.37,38.72,38.17,38.52,6359670
2019-11-24,38.52,38.68,38.36,38.53,4988511
2019-11-25,38.53,38.64,38.32,38.43,3837517
2019-11-26,38.43,38.48,38.14,38.19,2437551
2019-11-27,38.19,38.40,38.02,38.24,5356515
2019-11-28,38.24,38.30,37.96,38.02,2643792
2019-12-01,38.02,38.12,37.80,37.90,3608024
2019-12-02,37.90,38.01,37.70,37.81,3928223
2019-12-03,37.81,38.12,37.62,37.93,6098216
2019-12-04,37.93,38.12,37.77,37.96,5204423
2019-12-05,37.96,38.07,37.76,37.88,4036968
2019-12-08,37.88,37.90,37.54,37.56,1534122
2019-12-09,37.56,37.62,37.28,37.34,2560082
2019-12-10,37.34,37.34,36.98,36.98,1016083
2019-12-11,36.98,37.57,36.71,37.30,8284842
2019-12-12,37.30,37.72,37.07,37.50,7008333
2019-12-15,37.50,37.81,37.30,37.62,6198902
2019-12-16,37.62,37.87,37.44,37.69,5683710
2019-12-17,37.69,37.97,37.51,37.79,5882510
2019-12-18,37.79,38.21,37.57,37.98,6918758
2019-12-19,37.98,38.15,37.83,38.00,5064060
2019-12-22,38.00,38.06,37.72,37.77,2515946
2019-12-23,37.77,38.14,37.57,37.93,6508984
2019-12-24,37.93,37.96,37.60,37.63,1759224
2019-12-25,37.63,38.22,37.36,37.95,8241975
2019-12-26,37.95,38.55,37.67,38.27,8302914
2019-12-29,38.27,38.72,38.04,38.49,7102537
2019-12-30,38.49,38.54,38.19,38.25,2393930
2019-12-31,38.25,38.77,37.99,38.51,7633882
2020-01-01,38.51,39.14,38.22,38.85,8427331
2020-01-02,38.85,38.98,38.67,38.80,4305144
2020-01-05,38.80,39.35,38.53,39.08,7835219
2020-01-06,39.08,39.09,38.71,38.71,1066941
2020-01-07,38.71,38.72,38.35,38.36,1308950
2020-01-08,38.36,38.49,38.18,38.30,4240260
2020-01-09,38.30,38.43,38.12,38.25,4354698
2020-01-12,38.25,38.40,38.10,38.24,4738683
2020-01-13,38.24,38.83,37.96,38.56,8182338
2020-01-14,38.56,38.81,38.38,38.63,5623936
2020-01-15,38.63,38.66,38.31,38.34,1927674
2020-01-16,38.34,38.78,38.11,38.54,6994787
2020-01-19,38.54,39.15,38.27,38.87,8207990
2020-01-20,38.87,38.99,38.68,38.80,4209259
2020-01-21,38.80,38.92,38.60,38.72,4010939
2020-01-22,38.72,39.21,38.47,38.96,7440192
2020-01-23,38.96,39.39,38.73,39.16,6916769
2020-01-26,39.16,39.22,38.87,38.94,2564128
2020-01-27,38.94,39.33,38.72,39.11,6653875
2020-01-28,39.11,39.33,38.94,39.16,5383539
2020-01-29,39.16,39.46,38.96,39.27,5987688
2020-01-30,39.27,39.27,38.90,38.90,1182373
2020-02-02,38.90,38.98,38.64,38.71,2942901
2020-02-03,38.71,38.74,38.37,38.40,1614951
2020-02-04,38.40,38.45,38.10,38.16,2359019
2020-02-05,38.16,38.23,37.90,37.97,2928189
2020-02-06,37.97,38.64,37.67,38.34,8779252
2020-02-09,38.34,38.57,38.17,38.40,5517146
2020-02-10,38.40,39.06,38.11,38.77,8672736
2020-02-11,38.77,39.18,38.54,38.95,6813923
2020-02-12,38.95,39.26,38.76,39.06,5990089
2020-02-13,39.06,39.57,38.81,39.32,7509876
2020-02-16,39.32,39.77,39.08,39.53,7052297
2020-02-17,39.53,39.99,39.29,39.75,7111179
2020-02-18,39.75,39.82,39.47,39.54,2772942
2020-02-19,39.54,39.69,39.39,39.54,4827709
2020-02-20,39.54,39.66,39.34,39.47,4213751
2020-02-23,39.47,39.75,39.28,39.56,5795267
2020-02-24,39.56,39.66,39.32,39.42,3473491
2020-02-25,39.42,40.10,39.12,39.79,8631138
2020-02-26,39.79,39.91,39.58,39.70,3910185
2020-02-27,39.70,40.05,39.48,39.84,6322976
2020-03-01,39.84,40.39,39.57,40.12,7696673
2020-03-02,40.12,40.78,39.82,40.48,8451028
2020-03-03,40.48,41.18,40.17,40.87,8709499
2020-03-04,40.87,41.02,40.70,40.85,4743689
2020-03-05,40.85,41.28,40.62,41.04,6751131
2020-03-08,41.04,41.36,40.84,41.15,5966392
2020-03-09,41.15,41.24,40.88,40.97,3105521
2020-03-10,40.97,41.02,40.64,40.69,2143827
2020-03-11,40.69,40.71,40.32,40.34,1426989
2020-03-12,40.34,40.67,40.13,40.46,6115500
2020-03-15,40.46,40.78,40.26,40.57,5962448
2020-03-16,40.57,40.95,40.35,40.73,6424622
2020-03-17,40.73,40.73,40.34,40.35,1106961
2020-03-18,40.35,40.60,40.16,40.41,5540329
2020-03-19,40.41,41.05,40.12,40.76,8292626
2020-03-22,40.76,41.28,40.50,41.02,7413237
2020-03-23,41.02,41.15,40.82,40.95,4210802
2020-03-24,40.95,41.00,40.63,40.69,2364334
2020-03-25,40.69,40.83,40.50,40.64,4367661
2020-03-26,40.64,40.86,40.46,40.68,5307201
2020-03-29,40.68,41.28,40.40,41.00,7973079
2020-03-30,41.00,41.09,40.74,40.83,3303566
2020-03-31,40.83,40.96,40.63,40.76,4162860
2020-04-01,40.76,40.90,40.58,40.72,4452194
2020-04-02,40.72,41.26,40.45,40.99,7554286
2020-04-05,40.99,41.12,40.78,40.91,4111111
2020-04-06,40.91,41.00,40.65,40.73,3135013
2020-04-07,40.73,40.87,40.55,40.69,4453155
2020-04-08,40.69,41.36,40.38,41.06,8485288
2020-04-09,41.06,41.57,40.79,41.31,7354869
2020-04-12,41.31,41.54,41.13,41.36,5333504
2020-04-13,41.36,41.51,41.18,41.33,4618724
2020-04-14,41.33,41.47,41.14,41.28,4445096
2020-04-15,41.28,41.54,41.10,41.35,5528669
2020-04-16,41.35,41.47,41.13,41.24,3844753
2020-04-19,41.24,41.53,41.05,41.33,5739026
2020-04-20,41.33,42.00,41.03,41.69,8371982
2020-04-21,41.69,41.71,41.32,41.34,1496707
2020-04-22,41.34,41.75,41.11,41.52,6569993
2020-04-23,41.52,41.52,41.13,41.13,1196776
2020-04-26,41.13,41.88,40.81,41.55,8907921
2020-04-27,41.55,41.60,41.22,41.28,2271330
2020-04-28,41.28,41.37,41.02,41.12,3336385
2020-04-29,41.12,41.35,40.94,41.17,5411728
2020-04-30,41.17,41.30,40.97,41.10,4176371
2020-05-03,41.10,41.15,40.77,40.82,2124142
2020-05-04,40.82,40.87,40.50,40.56,2341460
2020-05-05,40.56,41.11,40.29,40.83,7618449
2020-05-06,40.83,41.57,40.51,41.24,8893381
2020-05-07,41.24,41.33,40.97,41.05,3030452
2020-05-10,41.05,41.65,40.77,41.37,7930898
2020-05-11,41.37,41.45,41.09,41.17,2977434
2020-05-12,41.17,41.24,40.88,40.96,2812037
2020-05-13,40.96,41.63,40.65,41.32,8447050
2020-05-14,41.32,41.43,41.09,41.20,3709636
2020-05-17,41.20,41.38,41.04,41.22,5019547
2020-05-18,41.22,41.36,41.03,41.18,4500240
2020-05-19,41.18,41.56,40.95,41.34,6423319
2020-05-20,41.34,41.51,41.17,41.35,4986316
2020-05-21,41.35,41.88,41.08,41.61,7423799
2020-05-24,41.61,42.00,41.38,41.77,6451817
2020-05-25,41.77,42.11,41.56,41.90,6045679
2020-05-26,41.90,42.04,41.71,41.86,4551063
2020-05-27,41.86,42.35,41.60,42.10,7128463
2020-05-28,42.10,42.20,41.85,41.95,3530967
2020-05-31,41.95,42.46,41.69,42.20,7215363
2020-06-01,42.20,42.32,41.97,42.08,3786591
2020-06-02,42.08,42.82,41.76,42.49,8775514
2020-06-03,42.49,42.57,42.19,42.27,2750034
2020-06-04,42.27,42.86,41.98,42.57,7759533
2020-06-07,42.57,42.58,42.17,42.17,1112654
2020-06-08,42.17,42.23,41.86,41.92,2488408
2020-06-09,41.92,42.30,41.69,42.08,6380624
2020-06-10,42.08,42.68,41.79,42.39,7875720
2020-06-11,42.39,42.42,42.03,42.06,1763820
2020-06-14,42.06,42.14,41.78,41.86,2983196
2020-06-15,41.86,42.54,41.55,42.23,8398045
2020-06-16,42.23,42.35,42.00,42.13,3909602
2020-06-17,42.13,42.89,41.79,42.55,8900582
2020-06-18,42.55,42.88,42.34,42.67,6012962
2020-06-21,42.67,42.81,42.47,42.60,4259087
2020-06-22,42.60,42.71,42.35,42.45,3466117
2020-06-23,42.45,42.58,42.24,42.37,4053806
2020-06-24,42.37,42.72,42.15,42.50,6145610
2020-06-25,42.50,42.83,42.29,42.62,6013134
2020-06-28,42.62,42.93,42.41,42.72,5853909
2020-06-29,42.72,42.89,42.56,42.73,4902503
2020-06-30,42.73,42.85,42.50,42.62,3874965
2020-07-01,42.62,43.06,42.37,42.82,6746604
2020-07-02,42.82,42.94,42.59,42.71,3863100
2020-07-05,42.71,43.40,42.39,43.08,8384945
2020-07-06,43.08,43.13,42.73,42.78,2065226
2020-07-07,42.78,43.17,42.55,42.94,6360733
2020-07-08,42.94,43.41,42.69,43.15,6876406
2020-07-09,43.15,43.25,42.87,42.97,3143106
2020-07-12,42.97,43.56,42.68,43.27,7728737
2020-07-13,43.27,43.34,42.96,43.03,2682681
2020-07-14,43.03,43.27,42.85,43.08,5313580
2020-07-15,43.08,43.18,42.81,42.91,3300445
2020-07-16,42.91,43.42,42.65,43.15,7137105
2020-07-19,43.15,43.28,42.92,43.05,3909979
2020-07-20,43.05,43.19,42.85,43.00,4409190
2020-07-21,43.00,43.57,42.71,43.29,7573010
2020-07-22,43.29,43.34,42.95,43.00,2265637
2020-07-23,43.00,43.40,42.77,43.17,6388305
2020-07-26,43.17,43.70,42.89,43.43,7323731
2020-07-27,43.43,43.55,43.19,43.30,3713888
2020-07-28,43.30,43.46,43.12,43.27,4571124
2020-07-29,43.27,43.30,42.90,42.93,1722599
2020-07-30,42.93,43.04,42.68,42.79,3588065
2020-08-02,42.79,42.84,42.46,42.51,2290980
2020-08-03,42.51,42.56,42.17,42.22,2102949
2020-08-04,42.22,42.43,42.04,42.25,5221502
2020-08-05,42.25,42.33,41.96,42.04,2881207
2020-08-06,42.04,42.16,41.81,41.93,3798113
2020-08-09,41.93,42.05,41.71,41.83,3947530
2020-08-10,41.83,41.86,41.47,41.50,1675137
2020-08-11,41.50,41.54,41.16,41.21,2141426
2020-08-12,41.21,41.30,40.94,41.03,3099485
2020-08-13,41.03,41.07,40.69,40.73,2006104
2020-08-16,40.73,41.41,40.43,41.10,8466220
2020-08-17,41.10,41.42,40.89,41.21,6010699
2020-08-18,41.21,41.71,40.96,41.45,7207441
2020-08-19,41.45,41.50,41.12,41.17,2105829
2020-08-20,41.17,41.78,40.88,41.49,8014506
2020-08-23,41.49,41.64,41.31,41.46,4612482
2020-08-24,41.46,41.52,41.15,41.20,2393587
2020-08-25,41.20,41.35,41.02,41.16,4444238
2020-08-26,41.16,41.42,40.97,41.23,5554561
2020-08-27,41.23,41.38,41.06,41.21,4662825
2020-08-30,41.21,41.62,40.97,41.39,6633230
2020-08-31,41.39,41.62,41.21,41.44,5367009
2020-09-01,41.44,41.57,41.24,41.37,4246879
2020-09-02,41.37,41.41,41.03,41.07,1914814
2020-09-03,41.07,41.59,40.80,41.32,7383161
2020-09-06,41.32,41.47,41.14,41.28,4479080
2020-09-07,41.28,41.31,40.92,40.94,1622325
2020-09-08,40.94,41.40,40.70,41.16,6936351
2020-09-09,41.16,41.87,40.84,41.55,8692764
2020-09-10,41.55,41.55,41.15,41.15,1089094
2020-09-13,41.15,41.67,40.89,41.41,7359910
2020-09-14,41.41,41.54,41.21,41.34,4221262
2020-09-15,41.34,41.45,41.10,41.21,3648456
2020-09-16,41.21,41.34,41.00,41.12,3987174
2020-09-17,41.12,41.18,40.81,40.87,2397908
2020-09-20,40.87,41.01,40.69,40.84,4633744
2020-09-21,40.84,41.47,40.55,41.17,8151474
2020-09-22,41.17,41.58,40.95,41.35,6556035
2020-09-23,41.35,41.87,41.08,41.61,7378292
2020-09-24,41.61,42.10,41.35,41.85,7186145
2020-09-27,41.85,41.97,41.63,41.76,4028978
2020-09-28,41.76,42.26,41.50,42.00,7215432
2020-09-29,42.00,42.14,41.81,41.95,4424519
2020-09-30,41.95,42.30,41.74,42.09,6150068
2020-10-01,42.09,42.63,41.81,42.36,7478497
2020-10-04,42.36,42.45,42.09,42.18,3199931
2020-10-05,42.18,42.85,41.88,42.54,8252640
2020-10-06,42.54,42.64,42.28,42.39,3500823
2020-10-07,42.39,42.85,42.14,42.60,6845713
2020-10-08,42.60,42.88,42.40,42.68,5670027
2020-10-11,42.68,43.11,42.44,42.87,6615740
2020-10-12,42.87,42.94,42.56,42.63,2695198
2020-10-13,42.63,42.67,42.27,42.30,1735562
2020-10-14,42.30,42.43,42.09,42.22,4156584
2020-10-15,42.22,42.27,41.88,41.93,2081721
2020-10-18,41.93,42.52,41.64,42.23,7782578
2020-10-19,42.23,42.78,41.96,42.50,7456687
2020-10-20,42.50,43.19,42.19,42.87,8338614
2020-10-21,42.87,42.96,42.59,42.68,3144410
2020-10-22,42.68,42.81,42.45,42.57,3849382
2020-10-25,42.57,43.33,42.24,42.99,8799211
2020-10-26,42.99,43.50,42.73,43.24,7154389
2020-10-27,43.24,43.39,43.05,43.21,4668004
2020-10-28,43.21,43.67,42.96,43.42,6796844
2020-10-29,43.42,43.93,43.15,43.67,7145850
2020-11-01,43.67,43.89,43.48,43.71,5245884
2020-11-02,43.71,44.00,43.50,43.79,5664849
2020-11-03,43.79,44.20,43.55,43.96,6452126
2020-11-04,43.96,44.76,43.62,44.41,8916358
2020-11-05,44.41,45.18,44.06,44.84,8736556
2020-11-08,44.84,45.57,44.50,45.23,8406550
2020-11-09,45.23,45.32,44.93,45.02,3012757
2020-11-10,45.02,45.13,44.74,44.85,3345301
2020-11-11,44.85,45.57,44.52,45.24,8342455
2020-11-12,45.24,45.73,44.97,45.46,6868415
2020-11-15,45.46,46.27,45.10,45.91,8824417
2020-11-16,45.91,45.94,45.50,45.53,1593175
2020-11-17,45.53,46.18,45.22,45.87,7816666
2020-11-18,45.87,46.03,45.66,45.82,4507235
2020-11-19,45.82,46.42,45.53,46.12,7492043
2020-11-22,46.12,46.13,45.69,45.70,1190843
2020-11-23,45.70,45.73,45.30,45.34,1727091
2020-11-24,45.34,45.59,45.14,45.39,5372393
2020-11-25,45.39,45.80,45.15,45.56,6324279
2020-11-26,45.56,45.68,45.31,45.44,3817318
2020-11-29,45.44,45.88,45.18,45.63,6567558
2020-11-30,45.63,45.70,45.29,45.36,2550308
2020-12-01,45.36,45.73,45.13,45.50,6111248
2020-12-02,45.50,45.92,45.25,45.67,6410871
2020-12-03,45.67,45.68,45.25,45.26,1202263
2020-12-06,45.26,45.39,45.02,45.15,3942215
2020-12-07,45.15,45.86,44.82,45.53,8235665
2020-12-08,45.53,45.82,45.32,45.61,5613477
2020-12-09,45.61,46.39,45.26,46.04,8643552
2020-12-10,46.04,46.62,45.75,46.33,7375274
2020-12-13,46.33,46.43,46.03,46.12,3117283
2020-12-14,46.12,46.74,45.82,46.43,7548593
2020-12-15,46.43,46.98,46.14,46.70,7163031
2020-12-16,46.70,46.90,46.51,46.72,5047016
2020-12-17,46.72,46.86,46.47,46.61,3990672
2020-12-20,46.61,46.70,46.30,46.38,2932270
2020-12-21,46.38,46.87,46.12,46.60,6736008
2020-12-22,46.60,46.61,46.17,46.18,1303120
2020-12-23,46.18,46.55,45.95,46.31,6016323
2020-12-24,46.31,46.43,46.04,46.16,3517592
2020-12-27,46.16,46.24,45.84,45.92,2819272
2020-12-28,45.92,46.05,45.66,45.79,3748525
2020-12-29,45.79,46.26,45.53,46.00,6725102
2020-12-30,46.00,46.13,45.75,45.88,3872462
2020-12-31,45.88,46.48,45.59,46.18,7462208
2021-01-03,46.18,46.30,45.92,46.04,3691872
2021-01-04,46.04,46.69,45.73,46.38,7796021
2021-01-05,46.38,46.54,46.17,46.33,4490706
2021-01-06,46.33,46.66,46.11,46.43,5751234
2021-01-07,46.43,46.48,46.05,46.09,1923285
2021-01-10,46.09,46.48,45.85,46.24,6167352
2021-01-11,46.24,46.97,45.91,46.63,8236522
2021-01-12,46.63,46.92,46.41,46.71,5587585
2021-01-13,46.71,47.38,46.39,47.05,7825480
2021-01-14,47.05,47.50,46.80,47.24,6481069
2021-01-17,47.24,47.63,47.00,47.39,6122256
2021-01-18,47.39,47.57,47.20,47.38,4798422
2021-01-19,47.38,47.51,47.12,47.25,3818209
2021-01-20,47.25,47.77,46.98,47.49,6860631
2021-01-21,47.49,48.26,47.14,47.91,8419513
2021-01-24,47.91,48.03,47.63,47.75,3581275
2021-01-25,47.75,47.85,47.44,47.54,3136042
2021-01-26,47.54,47.92,47.31,47.68,6022085
2021-01-27,47.68,47.69,47.23,47.23,1103600
2021-01-28,47.23,47.65,46.98,47.40,6281824
2021-01-31,47.40,48.26,47.02,47.88,8939471
2021-02-01,47.88,48.54,47.55,48.22,7718518
2021-02-02,48.22,48.34,47.94,48.07,3631310
2021-02-03,48.07,48.23,47.85,48.02,4505006
2021-02-04,48.02,48.11,47.68,47.77,2759362
2021-02-07,47.77,48.23,47.50,47.96,6517832
2021-02-08,47.96,48.11,47.72,47.86,4052023
2021-02-09,47.86,48.16,47.64,47.94,5559465
2021-02-10,47.94,48.00,47.57,47.63,2274725
2021-02-11,47.63,47.72,47.31,47.40,2913854
2021-02-14,47.40,47.51,47.11,47.23,3452160
2021-02-15,47.23,47.29,46.86,46.92,2235322
2021-02-16,46.92,47.08,46.70,46.86,4423834
2021-02-17,46.86,47.52,46.55,47.20,7770781
2021-02-18,47.20,47.24,46.80,46.83,1732956
2021-02-21,46.83,46.97,46.58,46.72,3915294
2021-02-22,46.72,47.06,46.49,46.83,5848662
2021-02-23,46.83,46.98,46.59,46.74,4100960
2021-02-24,46.74,46.91,46.55,46.72,4721570
2021-02-25,46.72,46.72,46.27,46.27,1019135
2021-02-28,46.27,46.44,46.08,46.25,4672668
2021-03-01,46.25,46.30,45.88,45.93,2175994
2021-03-02,45.93,46.10,45.74,45.90,4615534
2021-03-03,45.90,46.39,45.64,46.12,6781412
2021-03-04,46.12,46.74,45.82,46.44,7611899
2021-03-07,46.44,46.57,46.19,46.33,3971193
2021-03-08,46.33,46.65,46.11,46.43,5760528
2021-03-09,46.43,47.18,46.09,46.84,8362620
2021-03-10,46.84,46.90,46.48,46.55,2419444
2021-03-11,46.55,46.74,46.36,46.56,4943347
2021-03-14,46.56,47.21,46.24,46.89,7761488
2021-03-15,46.89,47.00,46.60,46.70,3293621
2021-03-16,46.70,47.34,46.39,47.03,7663203
2021-03-17,47.03,47.04,46.58,46.59,1141838
2021-03-18,46.59,46.63,46.20,46.25,1927057
2021-03-21,46.25,46.26,45.82,45.83,1253429
2021-03-22,45.83,46.48,45.51,46.17,7837002
2021-03-23,46.17,46.20,45.76,45.79,1653086
2021-03-24,45.79,46.00,45.61,45.81,5047359
2021-03-25,45.81,46.36,45.53,46.08,7180315
2021-03-28,46.08,46.40,45.85,46.18,5805041
2021-03-29,46.18,46.61,45.93,46.36,6378326
2021-03-30,46.36,46.43,46.01,46.08,2505109
2021-03-31,46.08,46.11,45.68,45.72,1716255
2021-04-01,45.72,46.49,45.37,46.14,8579663
2021-04-04,46.14,46.36,45.95,46.17,5144718
2021-04-05,46.17,46.97,45.81,46.61,8720061
2021-04-06,46.61,47.14,46.33,46.86,6984705
2021-04-07,46.86,46.92,46.50,46.57,2432475
2021-04-08,46.57,46.96,46.33,46.72,6149794
2021-04-11,46.72,46.91,46.54,46.72,4926783
2021-04-12,46.72,47.04,46.50,46.82,5701714
2021-04-13,46.82,47.08,46.62,46.87,5338786
2021-04-14,46.87,47.20,46.65,46.97,5739231
2021-04-15,46.97,47.04,46.61,46.67,2285768
2021-04-18,46.67,46.70,46.26,46.29,1620370
2021-04-19,46.29,46.46,46.10,46.28,4755384
2021-04-20,46.28,46.39,46.00,46.12,3517969
2021-04-21,46.12,46.53,45.87,46.28,6327880
2021-04-22,46.28,46.53,46.09,46.33,5308573
2021-04-25,46.33,46.51,46.14,46.32,4731652
2021-04-26,46.32,46.81,46.05,46.54,6794650
2021-04-27,46.54,46.62,46.21,46.29,2732133
2021-04-28,46.29,46.30,45.86,45.87,1260150
2021-04-29,45.87,46.29,45.62,46.04,6354012
2021-05-02,46.04,46.78,45.70,46.44,8359396
2021-05-03,46.44,46.60,46.23,46.39,4436796
2021-05-04,46.39,47.13,46.05,46.79,8339300
2021-05-05,46.79,46.81,46.37,46.40,1523696
2021-05-06,46.40,46.42,45.99,46.02,1594924
2021-05-09,46.02,46.71,45.69,46.38,8083847
2021-05-10,46.38,46.41,45.97,46.00,1558367
2021-05-11,46.00,46.14,45.76,45.91,4067866
2021-05-12,45.91,46.74,45.54,46.37,8920987
2021-05-13,46.37,46.50,46.11,46.24,3796742
2021-05-16,46.24,46.80,45.96,46.51,7188957
2021-05-17,46.51,46.90,46.27,46.66,6184053
2021-05-18,46.66,46.78,46.39,46.51,3572153
2021-05-19,46.51,46.92,46.26,46.67,6291529
2021-05-20,46.67,46.78,46.38,46.48,3206378
2021-05-23,46.48,46.63,46.25,46.40,4217935
2021-05-24,46.40,46.57,46.21,46.38,4708916
2021-05-25,46.38,46.49,46.09,46.20,3321296
2021-05-26,46.20,46.20,45.76,45.76,1067421
2021-05-27,45.76,46.08,45.54,45.86,5774451
2021-05-30,45.86,45.90,45.48,45.52,1862139
2021-05-31,45.52,45.79,45.31,45.58,5453943
2021-06-01,45.58,45.76,45.40,45.58,4821467
2021-06-02,45.58,45.63,45.21,45.27,2162242
2021-06-03,45.27,45.43,45.08,45.25,4710836
2021-06-06,45.25,45.47,45.06,45.28,5183299
2021-06-07,45.28,45.88,44.98,45.58,7554938
2021-06-08,45.58,45.64,45.22,45.28,2171433
2021-06-09,45.28,45.33,44.92,44.97,2193278
2021-06-10,44.97,45.22,44.77,45.03,5373559
2021-06-13,45.03,45.03,44.60,44.61,1169067
2021-06-14,44.61,45.14,44.33,44.87,7184739
2021-06-15,44.87,45.37,44.60,45.10,6951440
2021-06-16,45.10,45.30,44.92,45.12,5037071
2021-06-17,45.12,45.71,44.82,45.41,7491015
2021-06-20,45.41,46.02,45.11,45.72,7621913
2021-06-21,45.72,45.73,45.29,45.29,1108779
2021-06-22,45.29,45.72,45.04,45.47,6445438
2021-06-23,45.47,45.55,45.14,45.22,2718312
2021-06-24,45.22,46.01,44.87,45.66,8717524
2021-06-27,45.66,46.23,45.36,45.94,7381344
2021-06-28,45.94,46.06,45.67,45.79,3573971
2021-06-29,45.79,46.34,45.51,46.06,7196639
2021-06-30,46.06,46.36,45.84,46.14,5632064
2021-07-01,46.14,46.43,45.93,46.22,5522222
2021-07-04,46.22,46.88,45.90,46.56,7879458
2021-07-05,46.56,46.73,46.36,46.52,4530932
2021-07-06,46.52,46.66,46.27,46.41,3896399
2021-07-07,46.41,46.79,46.17,46.55,6099314
2021-07-08,46.55,47.15,46.25,46.85,7411282
2021-07-11,46.85,46.89,46.46,46.51,2029835
2021-07-12,46.51,46.74,46.32,46.55,5189540
2021-07-13,46.55,46.58,46.14,46.17,1606447
2021-07-14,46.17,46.27,45.88,45.98,3255864
2021-07-15,45.98,46.74,45.63,46.39,8483470
2021-07-18,46.39,46.83,46.14,46.58,6449759
2021-07-19,46.58,46.66,46.26,46.35,2907818
2021-07-20,46.35,46.45,46.06,46.16,3314437
2021-07-21,46.16,46.18,45.74,45.75,1274554
2021-07-22,45.75,45.90,45.53,45.68,4319032
2021-07-25,45.68,45.68,45.24,45.24,1015775
2021-07-26,45.24,45.50,45.04,45.30,5414163
2021-07-27,45.30,45.39,44.99,45.07,2822839
2021-07-28,45.07,45.25,44.89,45.07,4920816
2021-07-29,45.07,45.46,44.84,45.22,6201920
2021-08-01,45.22,45.26,44.84,44.87,1752572
2021-08-02,44.87,44.93,44.53,44.59,2362894
2021-08-03,44.59,45.09,44.32,44.82,6971159
2021-08-04,44.82,44.98,44.62,44.77,4441563
2021-08-05,44.77,44.94,44.58,44.75,4675342
2021-08-08,44.75,44.84,44.45,44.54,3055212
2021-08-09,44.54,44.93,44.31,44.69,6223148
2021-08-10,44.69,45.23,44.42,44.95,7191495
2021-08-11,44.95,45.27,44.74,45.05,5787414
2021-08-12,45.05,45.12,44.71,44.78,2430658
2021-08-15,44.78,45.01,44.59,44.82,5244684
2021-08-16,44.82,44.89,44.49,44.55,2501097
2021-08-17,44.55,44.70,44.35,44.50,4397427
2021-08-18,44.50,44.55,44.15,44.20,2168244
2021-08-19,44.20,44.35,44.00,44.16,4529595
2021-08-22,44.16,44.73,43.87,44.44,7456790
2021-08-23,44.44,44.46,44.03,44.04,1295507
2021-08-24,44.04,44.58,43.77,44.30,7206241
2021-08-25,44.30,44.79,44.04,44.53,6942078
2021-08-26,44.53,44.87,44.31,44.65,5959807
2021-08-29,44.65,44.98,44.43,44.76,5864368
2021-08-30,44.76,45.14,44.53,44.91,6186625
2021-08-31,44.91,45.02,44.64,44.75,3494478
2021-09-01,44.75,44.88,44.51,44.63,3837311
2021-09-02,44.63,45.38,44.30,45.04,8523765
2021-09-05,45.04,45.27,44.85,45.08,5232853
2021-09-06,45.08,45.24,44.88,45.03,4458401
2021-09-07,45.03,45.05,44.62,44.63,1286831
2021-09-08,44.63,45.06,44.38,44.81,6508264
2021-09-09,44.81,44.90,44.51,44.61,3060973
2021-09-12,44.61,44.73,44.36,44.49,3809156
2021-09-13,44.49,44.56,44.17,44.24,2654046
2021-09-14,44.24,44.33,43.94,44.03,2978360
2021-09-15,44.03,44.14,43.76,43.87,3424074
2021-09-16,43.87,44.06,43.69,43.88,5003532
2021-09-19,43.88,44.46,43.59,44.17,7543895
2021-09-20,44.17,44.28,43.91,44.02,3464917
2021-09-21,44.02,44.81,43.67,44.46,8890054
2021-09-22,44.46,44.60,44.23,44.37,4090912
2021-09-23,44.37,44.92,44.09,44.64,7265020
2021-09-26,44.64,44.66,44.25,44.28,1646947
2021-09-27,44.28,44.41,44.04,44.17,3952743
2021-09-28,44.17,44.22,43.82,43.87,2157716
2021-09-29,43.87,43.94,43.55,43.62,2607544
2021-09-30,43.62,43.69,43.30,43.36,2462722
2021-10-03,43.36,43.92,43.08,43.64,7476337
2021-10-04,43.64,44.15,43.37,43.88,7105178
2021-10-05,43.88,43.97,43.59,43.67,2954183
2021-10-06,43.67,43.74,43.35,43.42,2554218
2021-10-07,43.42,43.48,43.09,43.16,2473182
2021-10-10,43.16,43.91,42.82,43.58,8760459
2021-10-11,43.58,44.03,43.33,43.78,6724691
2021-10-12,43.78,44.43,43.47,44.12,8044890
2021-10-13,44.12,44.66,43.85,44.38,7214883
2021-10-14,44.38,44.93,44.10,44.65,7321090
2021-10-17,44.65,44.75,44.36,44.46,3153635
2021-10-18,44.46,44.49,44.07,44.10,1650788
2021-10-19,44.10,44.70,43.81,44.41,7676748
2021-10-20,44.41,44.93,44.14,44.66,7132750
2021-10-21,44.66,44.77,44.39,44.49,3401508
2021-10-24,44.49,44.59,44.20,44.30,3125000
2021-10-25,44.30,44.85,44.02,44.57,7315569
2021-10-26,44.57,45.20,44.26,44.89,7800377
2021-10-27,44.89,45.09,44.71,44.91,4999176
2021-10-28,44.91,45.42,44.64,45.15,7035425
2021-10-31,45.15,45.20,44.79,44.84,2180727
2021-11-01,44.84,45.61,44.50,45.26,8632613
2021-11-02,45.26,45.29,44.87,44.90,1625651
2021-11-03,44.90,45.23,44.68,45.01,5875891
2021-11-04,45.01,45.02,44.60,44.61,1358641
2021-11-07,44.61,44.67,44.27,44.34,2419581
2021-11-08,44.34,44.72,44.11,44.49,6219204
2021-11-09,44.49,44.55,44.16,44.22,2510596
2021-11-10,44.22,44.39,44.04,44.21,4750548
2021-11-11,44.21,44.64,43.96,44.39,6543998
2021-11-14,44.39,44.96,44.11,44.67,7421810
2021-11-15,44.67,44.81,44.44,44.57,3951886
2021-11-16,44.57,44.62,44.22,44.27,2183607
2021-11-17,44.27,44.38,44.00,44.11,3425617
2021-11-18,44.11,44.21,43.84,43.94,3356927
2021-11-21,43.94,44.09,43.74,43.90,4471364
2021-11-22,43.90,43.93,43.53,43.56,1855349
2021-11-23,43.56,43.95,43.33,43.72,6299005
2021-11-24,43.72,44.48,43.38,44.14,8740603
2021-11-25,44.14,44.49,43.92,44.27,6044341
2021-11-28,44.27,44.94,43.95,44.63,8111454
2021-11-29,44.63,44.69,44.28,44.34,2324657
2021-11-30,44.34,44.44,44.07,44.17,3325925
2021-12-01,44.17,44.31,43.95,44.09,4127606
2021-12-02,44.09,44.24,43.89,44.05,4556858
2021-12-05,44.05,44.24,43.87,44.07,5033436
2021-12-06,44.07,44.36,43.86,44.16,5680795
2021-12-07,44.16,44.23,43.84,43.92,2770541
2021-12-08,43.92,44.34,43.68,44.10,6500205
2021-12-09,44.10,44.77,43.79,44.46,8104355
2021-12-12,44.46,45.16,44.13,44.84,8299039
2021-12-13,44.84,44.93,44.54,44.63,3059567
2021-12-14,44.63,45.10,44.38,44.84,6731618
2021-12-15,44.84,45.58,44.50,45.24,8475685
2021-12-16,45.24,45.60,45.01,45.37,6044855
2021-12-19,45.37,45.55,45.20,45.38,4895919
2021-12-20,45.38,45.83,45.12,45.57,6633813
2021-12-21,45.57,45.66,45.25,45.34,2789403
2021-12-22,45.34,45.68,45.11,45.46,5930589
2021-12-23,45.46,45.83,45.22,45.59,6106755
2021-12-26,45.59,45.76,45.40,45.57,4626543
2021-12-27,45.57,45.79,45.38,45.60,5168964
2021-12-28,45.60,45.65,45.24,45.30,2227846
2021-12-29,45.30,45.79,45.03,45.52,6889609
2021-12-30,45.52,45.87,45.30,45.64,5944375
2022-01-02,45.64,46.05,45.40,45.81,6330418
2022-01-03,45.81,45.99,45.63,45.81,4911934
2022-01-04,45.81,45.93,45.55,45.67,3590157
2022-01-05,45.67,45.98,45.45,45.77,5747805
2022-01-06,45.77,45.81,45.39,45.44,2026851
2022-01-09,45.44,45.46,45.03,45.05,1439643
2022-01-10,45.05,45.17,44.80,44.93,3813340
2022-01-11,44.93,44.95,44.53,44.56,1567695
2022-01-12,44.56,44.64,44.25,44.33,2826165
2022-01-13,44.33,44.45,44.09,44.21,3860356
2022-01-16,44.21,44.69,43.95,44.43,6867798
2022-01-17,44.43,44.53,44.14,44.23,3083058
2022-01-18,44.23,44.24,43.82,43.83,1222187
2022-01-19,43.83,44.06,43.64,43.87,5260493
2022-01-20,43.87,44.14,43.67,43.94,5543655
2022-01-23,43.94,44.48,43.67,44.20,7232167
2022-01-24,44.20,44.87,43.89,44.56,8079115
2022-01-25,44.56,44.83,44.35,44.63,5541289
2022-01-26,44.63,44.64,44.21,44.22,1223628
2022-01-27,44.22,44.30,43.90,43.98,2656995
2022-01-30,43.98,44.38,43.74,44.14,6409293
2022-01-31,44.14,44.21,43.82,43.88,2529903
2022-02-01,43.88,44.59,43.56,44.26,8327469
2022-02-02,44.26,44.37,44.00,44.11,3481001
2022-02-03,44.11,44.53,43.87,44.29,6484327
2022-02-06,44.29,44.44,44.08,44.23,4423868
2022-02-07,44.23,44.91,43.92,44.59,8089746
2022-02-08,44.59,45.32,44.26,44.98,8420233
2022-02-09,44.98,45.04,44.63,44.69,2279526
2022-02-10,44.69,45.29,44.40,44.99,7568861
2022-02-13,44.99,45.11,44.74,44.86,3670953
2022-02-14,44.86,45.09,44.67,44.90,5227777
2022-02-15,44.90,45.13,44.70,44.94,5251680
2022-02-16,44.94,45.05,44.67,44.79,3569821
2022-02-17,44.79,45.55,44.45,45.21,8601954
2022-02-20,45.21,45.36,45.00,45.16,4471536
2022-02-21,45.16,45.27,44.89,45.00,3450171
2022-02-22,45.00,45.63,44.70,45.32,7735390
2022-02-23,45.32,46.08,44.98,45.74,8561762
2022-02-24,45.74,46.20,45.48,45.94,6645336
2022-02-27,45.94,46.29,45.71,46.06,5961419
2022-02-28,46.06,46.24,45.88,46.06,4855692
2022-03-01,46.06,46.82,45.72,46.48,8488648
2022-03-02,46.48,46.94,46.22,46.68,6613374
2022-03-03,46.68,46.85,46.48,46.65,4686659
2022-03-06,46.65,46.81,46.43,46.59,4313443
2022-03-07,46.59,46.79,46.40,46.61,5024588
2022-03-08,46.61,46.72,46.32,46.43,3387997
2022-03-09,46.43,46.71,46.23,46.50,5453052
2022-03-10,46.50,46.66,46.29,46.46,4528395
2022-03-13,46.46,46.61,46.24,46.39,4293038
2022-03-14,46.39,46.95,46.10,46.66,7240809
2022-03-15,46.66,47.43,46.32,47.08,8458127
2022-03-16,47.08,47.16,46.75,46.83,2735116
2022-03-17,46.83,47.03,46.64,46.84,5010048
2022-03-20,46.84,46.99,46.61,46.76,4147119
2022-03-21,46.76,46.81,46.38,46.43,2047565
2022-03-22,46.43,46.48,46.05,46.10,2094101
2022-03-23,46.10,46.19,45.79,45.88,2928703
2022-03-24,45.88,46.17,45.67,45.96,5563717
2022-03-27,45.96,45.99,45.57,45.61,1826303
2022-03-28,45.61,46.31,45.28,45.98,8136213
2022-03-29,45.98,46.76,45.63,46.41,8616906
2022-03-30,46.41,47.02,46.10,46.72,7539986
2022-03-31,46.72,47.26,46.43,46.97,7102983
2022-04-03,46.97,47.43,46.71,47.17,6540466
2022-04-04,47.17,47.63,46.91,47.37,6568484
2022-04-05,47.37,47.47,47.06,47.17,3162345
2022-04-06,47.17,47.24,46.83,46.90,2667729
2022-04-07,46.90,46.96,46.54,46.60,2245130
2022-04-10,46.60,47.23,46.29,46.92,7647633
2022-04-11,46.92,47.67,46.57,47.32,8332030
2022-04-12,47.32,47.68,47.09,47.44,5903257
2022-04-13,47.44,48.13,47.12,47.80,7892181
2022-04-14,47.80,47.89,47.47,47.56,2866700
2022-04-17,47.56,47.75,47.38,47.56,4876200
2022-04-18,47.56,48.14,47.26,47.84,7229320
2022-04-19,47.84,48.15,47.62,47.93,5605075
2022-04-20,47.93,48.00,47.57,47.64,2497290
2022-04-21,47.64,48.52,47.26,48.13,8992386
2022-04-24,48.13,48.27,47.87,48.01,3880486
2022-04-25,48.01,48.06,47.62,47.68,2099862
2022-04-26,47.68,48.47,47.32,48.11,8514711
2022-04-27,48.11,48.11,47.65,47.65,1026268
2022-04-28,47.65,48.19,47.36,47.90,7017249
2022-05-01,47.90,47.91,47.45,47.45,1129629
2022-05-02,47.45,48.22,47.10,47.87,8375754
2022-05-03,47.87,48.04,47.66,47.83,4582784
2022-05-04,47.83,48.23,47.58,47.99,6170473
2022-05-05,47.99,48.24,47.78,48.03,5262277
2022-05-08,48.03,48.43,47.78,48.18,6129801
2022-05-09,48.18,48.28,47.86,47.95,2970576
2022-05-10,47.95,48.05,47.63,47.73,3019170
2022-05-11,47.73,48.27,47.44,47.98,6991632
2022-05-12,47.98,48.07,47.65,47.74,2863271
2022-05-15,47.74,47.94,47.55,47.75,4979766
2022-05-16,47.75,47.82,47.39,47.47,2501611
2022-05-17,47.47,47.47,47.02,47.03,1181893
2022-05-18,47.03,47.47,46.77,47.22,6477400
2022-05-19,47.22,47.36,46.97,47.11,3993072
2022-05-22,47.11,47.12,46.67,46.68,1259773
2022-05-23,46.68,46.77,46.36,46.45,2845404
2022-05-24,46.45,46.94,46.18,46.67,6799348
2022-05-25,46.67,47.10,46.42,46.85,6430246
2022-05-26,46.85,47.12,46.64,46.91,5417112
2022-05-29,46.91,47.32,46.67,47.07,6253772
2022-05-30,47.07,47.22,46.83,46.97,4026646
2022-05-31,46.97,47.00,46.56,46.58,1525857
2022-06-01,46.58,46.89,46.36,46.67,5689677
2022-06-02,46.67,46.94,46.47,46.73,5382304
2022-06-05,46.73,46.80,46.39,46.46,2504972
2022-06-06,46.46,47.22,46.11,46.87,8440397
2022-06-07,46.87,47.21,46.64,46.98,5830555
2022-06-08,46.98,47.11,46.71,46.84,3687791
2022-06-09,46.84,46.88,46.45,46.48,1839266
2022-06-12,46.48,47.29,46.13,46.93,8704732
2022-06-13,46.93,47.69,46.58,47.34,8407647
2022-06-14,47.34,47.58,47.14,47.38,5219615
2022-06-15,47.38,47.40,46.95,46.96,1338168
2022-06-16,46.96,47.10,46.72,46.86,3997873
2022-06-19,46.86,47.21,46.63,46.98,5914780
2022-06-20,46.98,47.08,46.67,46.77,3064197
2022-06-21,46.77,46.80,46.37,46.41,1791803
2022-06-22,46.41,46.97,46.12,46.68,7258093
2022-06-23,46.68,46.69,46.24,46.25,1216152
2022-06-26,46.25,46.47,46.06,46.28,5122770
2022-06-27,46.28,46.45,46.08,46.25,4582887
2022-06-28,46.25,46.79,45.97,46.51,7127366
2022-06-29,46.51,46.52,46.08,46.09,1324108
2022-06-30,46.09,46.11,45.66,45.67,1222496
2022-07-03,45.67,46.37,45.35,46.04,8131172
2022-07-04,46.04,46.08,45.65,45.68,1729149
2022-07-05,45.68,46.44,45.34,46.10,8510253
2022-07-06,46.10,46.71,45.79,46.41,7560905
2022-07-07,46.41,46.44,46.00,46.03,1671227
2022-07-10,46.03,46.36,45.81,46.14,5779492
2022-07-11,46.14,46.94,45.78,46.58,8749897
2022-07-12,46.58,46.75,46.37,46.54,4483676
2022-07-13,46.54,46.69,46.32,46.48,4363545
2022-07-14,46.48,47.01,46.20,46.73,7031481
2022-07-17,46.73,47.01,46.52,46.80,5499828
2022-07-18,46.80,47.43,46.49,47.12,7595747
2022-07-19,47.12,47.44,46.89,47.22,5738991
2022-07-20,47.22,47.93,46.89,47.59,8053017
2022-07-21,47.59,47.68,47.26,47.35,2809430
2022-07-24,47.35,48.08,47.01,47.74,8205761
2022-07-25,47.74,48.36,47.43,48.05,7476577
2022-07-26,48.05,48.07,47.61,47.62,1337928
2022-07-27,47.62,47.66,47.22,47.25,1765123
2022-07-28,47.25,47.81,46.97,47.52,7103840
2022-07-31,47.52,47.97,47.25,47.71,6514574
2022-08-01,47.71,48.04,47.48,47.81,5750411
2022-08-02,47.81,47.87,47.44,47.50,2268141
2022-08-03,47.50,47.82,47.28,47.60,5672702
2022-08-04,47.60,48.22,47.29,47.91,7494958
2022-08-07,47.91,48.07,47.68,47.84,4302812
2022-08-08,47.84,47.89,47.46,47.51,2145644
2022-08-09,47.51,47.57,47.15,47.21,2332098
2022-08-10,47.21,48.00,46.85,47.64,8541186
2022-08-11,47.64,48.23,47.34,47.93,7266735
2022-08-14,47.93,47.95,47.50,47.53,1595164
2022-08-15,47.53,47.59,47.16,47.23,2316598
2022-08-16,47.23,47.99,46.88,47.64,8369307
2022-08-17,47.64,48.45,47.28,48.08,8617489
2022-08-18,48.08,48.28,47.89,48.09,4962379
2022-08-21,48.09,48.94,47.72,48.56,8786694
2022-08-22,48.56,48.65,48.22,48.30,2732407
2022-08-23,48.30,48.44,48.04,48.17,3811865
2022-08-24,48.17,48.31,47.91,48.05,3852229
2022-08-25,48.05,48.16,47.75,47.86,3273251
2022-08-28,47.86,47.91,47.48,47.54,2198388
2022-08-29,47.54,47.72,47.35,47.54,4899245
2022-08-30,47.54,47.84,47.32,47.62,5573353
2022-08-31,47.62,47.74,47.33,47.45,3455281
2022-09-01,47.45,48.03,47.15,47.73,7261076
2022-09-04,47.73,47.93,47.54,47.74,4966049
2022-09-05,47.74,47.84,47.42,47.51,2915877
2022-09-06,47.51,47.93,47.26,47.67,6271056
2022-09-07,47.67,47.86,47.48,47.66,4784670
2022-09-08,47.66,47.80,47.41,47.55,3913511
2022-09-11,47.55,47.80,47.35,47.59,5262517
2022-09-12,47.59,48.36,47.24,48.01,8362551
2022-09-13,48.01,48.05,47.60,47.64,1781515
2022-09-14,47.64,48.27,47.32,47.96,7568792
2022-09-15,47.96,48.05,47.64,47.74,3033024
2022-09-18,47.74,48.42,47.41,48.09,7853223
2022-09-19,48.09,48.89,47.73,48.53,8523216
2022-09-20,48.53,49.27,48.18,48.92,8129423
2022-09-21,48.92,48.94,48.48,48.50,1461968
2022-09-22,48.50,48.62,48.21,48.33,3459122
2022-09-25,48.33,48.43,48.01,48.10,2985082
2022-09-26,48.10,48.15,47.70,47.75,1941083
2022-09-27,47.75,47.88,47.48,47.61,3709842
2022-09-28,47.61,48.14,47.33,47.85,6933333
2022-09-29,47.85,48.03,47.65,47.82,4623902
2022-10-02,47.82,48.00,47.62,47.79,4608710
2022-10-03,47.79,48.38,47.49,48.08,7307510
2022-10-04,48.08,48.27,47.89,48.08,4843758
2022-10-05,48.08,48.10,47.65,47.67,1489060
2022-10-06,47.67,48.28,47.36,47.97,7440946
2022-10-09,47.97,48.34,47.74,48.10,5933984
2022-10-10,48.10,48.42,47.88,48.20,5684224
2022-10-11,48.20,48.28,47.85,47.93,2666975
2022-10-12,47.93,48.04,47.63,47.73,3227914
2022-10-13,47.73,47.90,47.52,47.69,4527537
2022-10-16,47.69,47.85,47.47,47.62,4318930
2022-10-17,47.62,48.34,47.29,48.00,8058882
2022-10-18,48.00,48.02,47.56,47.58,1352331
2022-10-19,47.58,48.24,47.26,47.92,7730144
2022-10-20,47.92,48.59,47.59,48.26,7760219
2022-10-23,48.26,48.89,47.95,48.58,7491941
2022-10-24,48.58,49.34,48.23,48.99,8233950
2022-10-25,48.99,49.31,48.76,49.08,5665260
2022-10-26,49.08,49.14,48.70,48.76,2279698
2022-10-27,48.76,48.77,48.30,48.31,1163683
2022-10-30,48.31,48.54,48.11,48.34,5107338
2022-10-31,48.34,48.55,48.14,48.36,5048936
2022-11-01,48.36,48.71,48.12,48.47,5852674
2022-11-02,48.47,48.50,48.04,48.06,1419787
2022-11-03,48.06,48.16,47.74,47.85,3132990
2022-11-06,47.85,47.88,47.43,47.46,1634259
2022-11-07,47.46,47.82,47.22,47.58,5935939
2022-11-08,47.58,48.27,47.26,47.94,7865192
2022-11-09,47.94,48.62,47.61,48.29,7841769
2022-11-10,48.29,48.67,48.05,48.43,5989128
2022-11-13,48.43,48.90,48.16,48.63,6578875
2022-11-14,48.63,48.77,48.37,48.50,3808539
2022-11-15,48.50,48.70,48.31,48.51,4912688
2022-11-16,48.51,48.58,48.15,48.23,2607373
2022-11-17,48.23,49.09,47.85,48.71,8867901
2022-11-20,48.71,49.10,48.47,48.85,6039951
2022-11-21,48.85,49.46,48.55,49.15,7284019
2022-11-22,49.15,49.21,48.77,48.84,2353189
2022-11-23,48.84,49.02,48.63,48.81,4704252
2022-11-24,48.81,49.53,48.48,49.19,7942146
2022-11-27,49.19,49.32,48.90,49.03,3597736
2022-11-28,49.03,49.19,48.79,48.95,4238923
2022-11-29,48.95,49.66,48.61,49.32,7915089
2022-11-30,49.32,50.04,48.98,49.70,7934876
2022-12-01,49.70,50.43,49.35,50.08,7977297
2022-12-04,50.08,50.16,49.71,49.79,2536179
2022-12-05,49.79,49.88,49.44,49.52,2697942
2022-12-06,49.52,49.63,49.21,49.32,3252709
2022-12-07,49.32,49.42,49.00,49.10,3138751
2022-12-08,49.10,49.70,48.80,49.39,7220267
2022-12-11,49.39,49.41,48.94,48.96,1398491
2022-12-12,48.96,49.18,48.76,48.98,5056138
2022-12-13,48.98,49.85,48.60,49.47,8835185
2022-12-14,49.47,49.81,49.23,49.57,5747976
2022-12-15,49.57,49.70,49.29,49.42,3621673
2022-12-18,49.42,49.51,49.08,49.17,2876028
2022-12-19,49.17,49.30,48.89,49.02,3634499
2022-12-20,49.02,49.07,48.63,48.69,2168689
2022-12-21,48.69,49.52,48.31,49.15,8676131
2022-12-22,49.15,49.60,48.88,49.33,6391392
2022-12-25,49.33,49.48,49.08,49.23,4030521
2022-12-26,49.23,49.54,49.00,49.31,5568827
2022-12-27,49.31,49.33,48.86,48.88,1351989
2022-12-28,48.88,49.05,48.66,48.84,4540500
2022-12-29,48.84,49.03,48.65,48.84,4887448
2023-01-01,48.84,49.54,48.50,49.20,7849622
2023-01-02,49.20,49.76,48.90,49.46,7031961
2023-01-03,49.46,49.51,49.06,49.10,1965329
2023-01-04,49.10,49.35,48.90,49.15,5217626
2023-01-05,49.15,49.67,48.86,49.39,6838237
2023-01-08,49.39,50.14,49.03,49.79,8135802
2023-01-09,49.79,49.98,49.59,49.78,4789334
2023-01-10,49.78,50.39,49.46,50.08,7292661
2023-01-11,50.08,50.16,49.72,49.81,2732201
2023-01-12,49.81,49.85,49.39,49.44,1898079
2023-01-15,49.44,49.57,49.16,49.29,3728566
2023-01-16,49.29,49.52,49.09,49.32,5087860
2023-01-17,49.32,50.03,48.98,49.69,7877194
2023-01-18,49.69,50.34,49.37,50.01,7479286
2023-01-19,50.01,50.09,49.64,49.72,2536111
2023-01-22,49.72,49.77,49.32,49.37,2060013
2023-01-23,49.37,49.73,49.13,49.49,5878155
2023-01-24,49.49,49.95,49.22,49.68,6410288
2023-01-25,49.68,49.82,49.41,49.55,3779869
2023-01-26,49.55,49.61,49.16,49.22,2258504
2023-01-29,49.22,49.37,48.97,49.12,4043724
2023-01-30,49.12,49.91,48.76,49.55,8370096
2023-01-31,49.55,50.27,49.20,49.93,7953669
2023-02-01,49.93,50.45,49.64,50.16,6769753
2023-02-02,50.16,50.27,49.84,49.95,3164026
2023-02-05,49.95,50.01,49.56,49.62,2296982
2023-02-06,49.62,49.67,49.21,49.26,1921707
2023-02-07,49.26,49.90,48.94,49.58,7494993
2023-02-08,49.58,49.76,49.37,49.55,4621776
2023-02-09,49.55,50.43,49.16,50.04,8832921
2023-02-12,50.04,50.90,49.65,50.52,8696330
2023-02-13,50.52,50.58,50.12,50.18,2261385
2023-02-14,50.18,50.72,49.89,50.43,6836728
2023-02-15,50.43,50.49,50.02,50.08,2101371
2023-02-16,50.08,50.57,49.80,50.29,6549142
2023-02-19,50.29,50.91,49.97,50.59,7266460
2023-02-20,50.59,51.17,50.28,50.86,7043449
2023-02-21,50.86,51.06,50.66,50.85,4818381
2023-02-22,50.85,51.15,50.63,50.93,5455452
2023-02-23,50.93,51.02,50.58,50.67,2855898
2023-02-26,50.67,51.49,50.29,51.12,8402434
2023-02-27,51.12,51.31,50.91,51.10,4737037
2023-02-28,51.10,52.01,50.70,51.61,8872050
2023-03-01,51.61,51.80,51.39,51.58,4634636
2023-03-02,51.58,52.42,51.19,52.04,8444547
2023-03-05,52.04,52.21,51.80,51.98,4425240
2023-03-06,51.98,52.18,51.77,51.97,4848319
2023-03-07,51.97,52.12,51.70,51.85,3911316
2023-03-08,51.85,52.77,51.44,52.36,8848799
2023-03-09,52.36,52.54,52.12,52.30,4376817
2023-03-12,52.30,52.37,51.90,51.98,2470679
2023-03-13,51.98,52.00,51.51,51.54,1476063
2023-03-14,51.54,52.04,51.25,51.75,6553463
2023-03-15,51.75,52.42,51.42,52.09,7455967
2023-03-16,52.09,52.12,51.63,51.66,1640363
2023-03-19,51.66,52.20,51.37,51.90,6711591
2023-03-20,51.90,52.34,51.63,52.07,6200514
2023-03-21,52.07,52.26,51.85,52.05,4675034
2023-03-22,52.05,52.85,51.67,52.48,8184533
2023-03-23,52.48,52.53,52.05,52.10,2037654
2023-03-26,52.10,52.49,51.85,52.24,5913408
2023-03-27,52.24,52.70,51.96,52.42,6305624
2023-03-28,52.42,52.89,52.15,52.61,6300720
2023-03-29,52.61,53.52,52.21,53.11,8688820
2023-03-30,53.11,53.29,52.87,53.05,4408196
2023-04-02,53.05,53.52,52.77,53.24,6323045
2023-04-03,53.24,54.09,52.85,53.70,8334602
2023-04-04,53.70,54.09,53.44,53.83,5825582
2023-04-05,53.83,54.14,53.59,53.90,5437962
2023-04-06,53.90,54.74,53.51,54.35,8184087
2023-04-09,54.35,54.75,54.08,54.48,5891117
2023-04-10,54.48,55.10,54.16,54.77,6978806
2023-04-11,54.77,54.91,54.45,54.59,3570610
2023-04-12,54.59,55.39,54.21,55.01,7938134
2023-04-13,55.01,55.49,54.72,55.20,6278909
2023-04-16,55.20,55.60,54.93,55.33,5827503
2023-04-17,55.33,56.02,54.98,55.67,7299965
2023-04-18,55.67,56.23,55.35,55.92,6671604
2023-04-19,55.92,55.99,55.48,55.55,2288100
2023-04-20,55.55,56.24,55.20,55.89,7309945
2023-04-23,55.89,56.03,55.56,55.70,3490226
2023-04-24,55.70,55.88,55.43,55.61,4285733
2023-04-25,55.61,55.74,55.27,55.39,3301406
2023-04-26,55.39,56.23,55.00,55.84,8068106
2023-04-27,55.84,56.50,55.49,56.15,7153737
2023-04-30,56.15,56.71,55.84,56.40,6607681
2023-05-01,56.40,57.18,56.02,56.80,7738580
2023-05-02,56.80,57.29,56.50,56.99,6225445
2023-05-03,56.99,57.19,56.74,56.94,4562105
2023-05-04,56.94,57.36,56.67,57.08,5834979
2023-05-07,57.08,57.30,56.85,57.07,4834190
2023-05-08,57.07,58.02,56.65,57.59,8498010
2023-05-09,57.59,57.98,57.32,57.71,5690637
2023-05-10,57.71,58.22,57.40,57.91,6313305
2023-05-11,57.91,58.31,57.64,58.04,5748731
2023-05-14,58.04,58.13,57.62,57.71,2638888
2023-05-15,57.71,58.16,57.43,57.88,5996124
2023-05-16,57.88,58.66,57.49,58.28,7647599
2023-05-17,58.28,59.14,57.87,58.73,8013065
2023-05-18,58.73,59.44,58.37,59.07,7215980
2023-05-21,59.07,59.11,58.55,58.58,1527949
2023-05-22,58.58,58.59,58.02,58.03,1146502
2023-05-23,58.03,58.35,57.78,58.09,5306207
2023-05-24,58.09,58.70,57.76,58.36,6723113
2023-05-25,58.36,58.38,57.83,57.85,1372530
2023-05-28,57.85,58.00,57.52,57.67,3600137
2023-05-29,57.67,57.76,57.24,57.33,2566426
2023-05-30,57.33,57.51,57.04,57.21,4024485
2023-05-31,57.21,57.54,56.96,57.29,5431104
2023-06-01,57.29,58.22,56.87,57.79,8391220
2023-06-04,57.79,57.99,57.53,57.73,4435699
2023-06-05,57.73,58.21,57.43,57.91,6132441
2023-06-06,57.91,58.05,57.57,57.71,3530829
2023-06-07,57.71,58.15,57.43,57.87,5939506
2023-06-08,57.87,57.87,57.31,57.31,1037482
2023-06-11,57.31,58.02,56.95,57.66,7318587
2023-06-12,57.66,57.82,57.35,57.51,3869238
2023-06-13,57.51,57.54,57.00,57.02,1479561
2023-06-14,57.02,57.69,56.68,57.34,7087825
2023-06-15,57.34,57.37,56.83,56.86,1558230
2023-06-18,56.86,56.96,56.46,56.57,2792009
2023-06-19,56.57,57.04,56.27,56.75,6171879
2023-06-20,56.75,56.82,56.31,56.39,2339814
2023-06-21,56.39,57.29,55.98,56.87,8308161
2023-06-22,56.87,57.70,56.48,57.30,7904080
2023-06-25,57.30,57.33,56.79,56.82,1547325
2023-06-26,56.82,57.14,56.58,56.89,5361351
2023-06-27,56.89,57.66,56.52,57.28,7617764
2023-06-28,57.28,57.37,56.86,56.94,2514094
2023-06-29,56.94,57.25,56.70,57.00,5284910
2023-07-02,57.00,57.98,56.56,57.54,8646262
2023-07-03,57.54,58.51,57.10,58.07,8573456
2023-07-04,58.07,58.21,57.72,57.86,3412174
2023-07-05,57.86,58.37,57.55,58.06,6322908
2023-07-06,58.06,58.73,57.71,58.38,7058744
2023-07-09,58.38,58.50,58.00,58.12,3076474
2023-07-10,58.12,58.29,57.81,57.99,3981035
2023-07-11,57.99,58.00,57.45,57.47,1303292
2023-07-12,57.47,58.24,57.09,57.86,7611145
2023-07-13,57.86,58.10,57.63,57.87,4953978
2023-07-16,57.87,57.97,57.45,57.55,2640432
2023-07-17,57.55,57.74,57.28,57.47,4349519
2023-07-18,57.47,57.68,57.22,57.43,4575068
2023-07-19,57.43,57.96,57.12,57.65,6403497
2023-07-20,57.65,57.85,57.40,57.61,4624931
2023-07-23,57.61,58.10,57.31,57.80,6177640
2023-07-24,57.80,58.64,57.40,58.24,7925823
2023-07-25,58.24,58.40,57.91,58.07,3770713
2023-07-26,58.07,58.34,57.84,58.11,5095027
2023-07-27,58.11,58.20,57.68,57.77,2540740
2023-07-30,57.77,58.04,57.53,57.80,5120198
2023-07-31,57.80,58.01,57.56,57.77,4660562
2023-08-01,57.77,57.80,57.26,57.29,1581584
2023-08-02,57.29,57.47,57.00,57.17,4006721
2023-08-03,57.17,58.06,56.76,57.64,8207578
2023-08-06,57.64,58.58,57.22,58.15,8381687
2023-08-07,58.15,58.31,57.83,57.99,3763614
2023-08-08,57.99,58.11,57.60,57.72,3069410
2023-08-09,57.72,57.80,57.27,57.35,2274382
2023-08-10,57.35,58.14,56.96,57.75,7724211
2023-08-13,57.75,58.73,57.32,58.29,8579389
2023-08-14,58.29,58.38,57.86,57.96,2593004
2023-08-15,57.96,58.08,57.59,57.72,3221844
2023-08-16,57.72,57.89,57.42,57.60,4070850
2023-08-17,57.60,57.81,57.36,57.57,4670884
2023-08-20,57.57,57.60,57.06,57.10,1589849
2023-08-21,57.10,58.12,56.65,57.67,8877126
2023-08-22,57.67,57.83,57.35,57.52,3841358
2023-08-23,57.52,58.00,57.22,57.70,6161556
2023-08-24,57.70,57.78,57.26,57.33,2331550
2023-08-27,57.33,57.47,56.99,57.13,3437757
2023-08-28,57.13,57.31,56.85,57.04,4270301
2023-08-29,57.04,57.20,56.72,56.88,3767455
2023-08-30,56.88,57.48,56.55,57.15,6793415
2023-08-31,57.15,57.85,56.80,57.49,7249417
2023-09-03,57.49,58.45,57.06,58.01,8518175
2023-09-04,58.01,58.03,57.47,57.49,1241666
2023-09-05,57.49,57.57,57.05,57.13,2432235
2023-09-06,57.13,57.30,56.83,57.00,3917043
2023-09-07,57.00,57.47,56.71,57.17,6115843
2023-09-10,57.17,57.18,56.63,56.64,1152091
2023-09-11,56.64,56.66,56.12,56.13,1297393
2023-09-12,56.13,57.11,55.70,56.68,8749279
2023-09-13,56.68,57.27,56.35,56.94,6742318
2023-09-14,56.94,57.11,56.64,56.81,3992558
2023-09-17,56.81,57.01,56.56,56.76,4475308
2023-09-18,56.76,57.31,56.44,56.99,6536248
2023-09-19,56.99,57.70,56.63,57.34,7335871
2023-09-20,57.34,57.55,57.10,57.30,4627263
2023-09-21,57.30,57.47,57.00,57.16,3867215
2023-09-24,57.16,57.74,56.84,57.41,6660665
2023-09-25,57.41,57.62,57.16,57.36,4538477
2023-09-26,57.36,57.43,56.90,56.96,2068552
2023-09-27,56.96,57.27,56.72,57.02,5300274
2023-09-28,57.02,57.78,56.65,57.40,7542283
2023-10-01,57.40,57.60,57.14,57.34,4473593
2023-10-02,57.34,57.91,57.02,57.59,6588031
2023-10-03,57.59,58.64,57.13,58.18,8972016
2023-10-04,58.18,58.72,57.86,58.40,6415672
2023-10-05,58.40,58.83,58.12,58.54,5857270
2023-10-08,58.54,58.73,58.25,58.44,4161008
2023-10-09,58.44,58.57,58.07,58.20,3228120
2023-10-10,58.20,58.74,57.88,58.42,6441323
2023-10-11,58.42,58.62,58.16,58.36,4442592
2023-10-12,58.36,58.87,58.05,58.56,6244272
2023-10-15,58.56,58.71,58.23,58.38,3673525
2023-10-16,58.38,58.66,58.14,58.42,5150102
2023-10-17,58.42,58.53,58.01,58.12,2797462
2023-10-18,58.12,59.16,57.66,58.70,8887208
2023-10-19,58.70,58.74,58.18,58.22,1616872
2023-10-22,58.22,58.41,57.94,58.12,4221021
2023-10-23,58.12,58.15,57.60,57.62,1415706
2023-10-24,57.62,57.90,57.38,57.66,5176234
2023-10-25,57.66,58.08,57.38,57.80,5848285
2023-10-26,57.80,58.78,57.36,58.34,8592352
2023-10-29,58.34,58.47,57.96,58.09,3161522
2023-10-30,58.09,58.21,57.70,57.82,3012585
2023-10-31,57.82,57.86,57.32,57.37,1750480
2023-11-01,57.37,58.00,57.03,57.66,6906069
2023-11-02,57.66,58.32,57.31,57.97,7047256
2023-11-05,57.97,58.88,57.55,58.45,8223422
2023-11-06,58.45,58.61,58.13,58.29,3743209
2023-11-07,58.29,58.60,58.04,58.35,5285631
2023-11-08,58.35,59.08,57.98,58.71,7344513
2023-11-09,58.71,58.96,58.47,58.72,5006275
2023-11-12,58.72,58.73,58.16,58.16,1061042
2023-11-13,58.16,58.25,57.73,57.81,2447085
2023-11-14,57.81,58.27,57.52,57.98,6028600
2023-11-15,57.98,58.37,57.70,58.10,5706824
2023-11-16,58.10,58.32,57.87,58.09,4864471
2023-11-19,58.09,58.16,57.63,57.70,2143518
2023-11-20,57.70,58.26,57.38,57.94,6556310
2023-11-21,57.94,57.99,57.46,57.51,1930006
2023-11-22,57.51,57.72,57.27,57.48,4684362
2023-11-23,57.48,58.12,57.14,57.78,6942832
2023-11-26,57.78,58.02,57.55,57.79,4977023
2023-11-27,57.79,58.85,57.33,58.39,8984465
2023-11-28,58.39,58.46,57.92,57.99,2199725
2023-11-29,57.99,58.01,57.46,57.48,1338854
2023-11-30,57.48,57.56,57.04,57.12,2377160
2023-12-03,57.12,57.27,56.80,56.95,3660322
2023-12-04,56.95,57.02,56.51,56.59,2348834
2023-12-05,56.59,56.77,56.31,56.49,4195781
2023-12-06,56.49,57.06,56.17,56.74,6657956
2023-12-07,56.74,56.87,56.39,56.52,3340294
2023-12-10,56.52,56.57,56.04,56.08,1773662
2023-12-11,56.08,56.63,55.77,56.31,6525960
2023-12-12,56.31,57.08,55.94,56.70,7646570
2023-12-13,56.70,57.24,56.40,56.93,6444135
2023-12-14,56.93,57.49,56.61,57.17,6597668
2023-12-17,57.17,57.26,56.75,56.84,2600994
2023-12-18,56.84,57.20,56.59,56.94,5540534
2023-12-19,56.94,57.01,56.49,56.56,2206412
2023-12-20,56.56,57.31,56.19,56.93,7536899
2023-12-21,56.93,57.01,56.50,56.58,2396193
2023-12-24,56.58,56.79,56.34,56.55,4685528
2023-12-25,56.55,56.60,56.07,56.12,1787620
2023-12-26,56.12,57.02,55.70,56.60,8344444
2023-12-27,56.60,56.62,56.08,56.10,1368347
2023-12-28,56.10,56.31,55.87,56.08,4686488
2023-12-31,56.08,56.17,55.68,55.77,2718621
2024-01-01,55.77,55.92,55.45,55.59,3588203
2024-01-02,55.59,55.74,55.27,55.41,3566838
2024-01-03,55.41,55.62,55.19,55.41,4852057
2024-01-04,55.41,55.97,55.09,55.66,6678429
2024-01-07,55.66,55.70,55.18,55.22,1762002
2024-01-08,55.22,55.28,54.78,54.84,2078086
2024-01-09,54.84,55.26,54.56,54.99,5972359
2024-01-10,54.99,55.07,54.59,54.67,2605315
2024-01-11,54.67,55.05,54.41,54.79,5730041
2024-01-14,54.79,55.00,54.57,54.78,4803326
2024-01-15,54.78,54.80,54.28,54.31,1430109
2024-01-16,54.31,54.42,53.95,54.07,3141255
2024-01-17,54.07,54.59,53.77,54.29,6504663
2024-01-18,54.29,54.32,53.81,53.84,1569718
2024-01-21,53.84,54.19,53.59,53.94,5645061
2024-01-22,53.94,54.44,53.65,54.15,6409705
2024-01-23,54.15,54.64,53.86,54.35,6357475
2024-01-24,54.35,55.27,53.94,54.85,8574794
2024-01-25,54.85,55.64,54.48,55.26,7851783
2024-01-28,55.26,55.38,54.90,55.02,3126714
2024-01-29,55.02,55.69,54.67,55.35,7263786
2024-01-30,55.35,55.81,55.06,55.52,6164231
2024-01-31,55.52,55.65,55.17,55.29,3210768
2024-02-01,55.29,55.54,55.07,55.31,5045370
2024-02-04,55.31,55.52,55.08,55.29,4680384
2024-02-05,55.29,55.34,54.83,54.88,1942969
2024-02-06,54.88,55.17,54.65,54.93,5252880
2024-02-07,54.93,55.50,54.62,55.19,6733573
2024-02-08,55.19,55.28,54.79,54.88,2656652
2024-02-11,54.88,55.00,54.53,54.65,3219650
2024-02-12,54.65,55.40,54.29,55.03,7657133
2024-02-13,55.03,55.98,54.61,55.55,8685150
2024-02-14,55.55,55.63,55.12,55.19,2279012
2024-02-15,55.19,55.29,54.81,54.90,2784396
2024-02-18,54.90,55.60,54.55,55.24,7361796
2024-02-19,55.24,55.63,54.98,55.37,5764300
2024-02-20,55.37,55.50,55.03,55.17,3448696
2024-02-21,55.17,55.23,54.72,54.77,2019924
2024-02-22,54.77,54.77,54.24,54.24,1008847
2024-02-25,54.24,54.47,54.03,54.26,4983367
2024-02-26,54.26,54.42,53.98,54.14,3992866
2024-02-27,54.14,54.82,53.79,54.47,7345987
2024-02-28,54.47,54.57,54.08,54.18,2721742
2024-02-29,54.18,55.10,53.77,54.68,8613957
2024-03-03,54.68,54.85,54.41,54.58,4109053
2024-03-04,54.58,55.39,54.20,55.00,7997153
2024-03-05,55.00,55.13,54.65,54.77,3216529
2024-03-06,54.77,54.86,54.38,54.47,2631378
2024-03-07,54.47,55.30,54.08,54.91,8142935
2024-03-10,54.91,55.56,54.57,55.22,7133916
2024-03-11,55.22,55.70,54.93,55.41,6246296
2024-03-12,55.41,55.94,55.10,55.63,6492421
2024-03-13,55.63,56.40,55.26,56.02,7699451
2024-03-14,56.02,56.10,55.59,55.66,2287139
2024-03-17,55.66,56.17,55.36,55.87,6378943
2024-03-18,55.87,56.75,55.47,56.34,8246467
2024-03-19,56.34,56.40,55.89,55.95,2087242
2024-03-20,55.95,56.07,55.58,55.70,3135836
2024-03-21,55.70,55.88,55.42,55.60,4108299
2024-03-24,55.60,56.61,55.15,56.17,8979938
2024-03-25,56.17,57.02,55.77,56.62,8096433
2024-03-26,56.62,57.18,56.30,56.86,6618278
2024-03-27,56.86,56.94,56.42,56.50,2298559
2024-03-28,56.50,57.45,56.07,57.02,8594067
2024-03-31,57.02,57.14,56.65,56.77,3109739
2024-04-01,56.77,56.79,56.25,56.27,1376440
2024-04-02,56.27,57.10,55.88,56.70,7962071
2024-04-03,56.70,56.93,56.48,56.71,4916015
2024-04-04,56.71,56.74,56.21,56.24,1546913
2024-04-07,56.24,56.27,55.74,55.77,1533779
2024-04-08,55.77,56.47,55.41,56.11,7370438
2024-04-09,56.11,56.58,55.83,56.29,6143312
2024-04-10,56.29,57.25,55.86,56.82,8642524
2024-04-11,56.82,57.23,56.55,56.95,5806344
2024-04-14,56.95,57.04,56.53,56.61,2498971
2024-04-15,56.61,57.58,56.18,57.14,8621639
2024-04-16,57.14,57.29,56.81,56.95,3557064
2024-04-17,56.95,57.01,56.48,56.54,1947222
2024-04-18,56.54,56.75,56.31,56.53,4804458
2024-04-21,56.53,56.69,56.23,56.39,3955932
2024-04-22,56.39,57.20,56.01,56.81,7821399
2024-04-23,56.81,57.76,56.38,57.33,8524314
2024-04-24,57.33,57.40,56.89,56.96,2336282
2024-04-25,56.96,57.70,56.59,57.33,7454835
2024-04-28,57.33,58.00,56.98,57.65,7114540
2024-04-29,57.65,57.71,57.18,57.24,2031447
2024-04-30,57.24,57.42,56.96,57.14,4180864
2024-05-01,57.14,57.31,56.83,57.00,3908470
2024-05-02,57.00,57.52,56.69,57.21,6374759
2024-05-05,57.21,57.23,56.69,56.71,1332818
2024-05-06,56.71,56.78,56.26,56.33,2239437
2024-05-07,56.33,56.43,55.93,56.02,2699554
2024-05-08,56.02,56.09,55.59,55.66,2244032
2024-05-09,55.66,55.98,55.41,55.73,5440775
2024-05-12,55.73,55.81,55.31,55.38,2339163
2024-05-13,55.38,55.45,54.95,55.01,2247839
2024-05-14,55.01,56.00,54.58,55.56,8845816
2024-05-15,55.56,56.51,55.14,56.08,8626920
2024-05-16,56.08,56.29,55.85,56.05,4677572
2024-05-19,56.05,56.84,55.67,56.46,7787894
2024-05-20,56.46,57.48,56.01,57.03,8896159
2024-05-21,57.03,57.25,56.80,57.02,4866563
2024-05-22,57.02,57.39,56.76,57.13,5600342
2024-05-23,57.13,57.67,56.81,57.36,6480212
2024-05-26,57.36,57.83,57.06,57.54,6148148
2024-05-27,57.54,57.91,57.27,57.64,5616495
2024-05-28,57.64,57.86,57.41,57.62,4712414
2024-05-29,57.62,57.78,57.31,57.47,3855658
2024-05-30,57.47,57.60,57.10,57.23,3169684
2024-06-02,57.23,57.86,56.89,57.52,6926097
2024-06-03,57.52,57.54,56.99,57.01,1322427
2024-06-04,57.01,57.04,56.51,56.54,1593244
2024-06-05,56.54,57.47,56.12,57.04,8454595
2024-06-06,57.04,57.09,56.57,56.62,1881790
2024-06-09,56.62,56.80,56.34,56.52,4220507
2024-06-10,56.52,56.73,56.28,56.49,4631241
2024-06-11,56.49,57.50,56.04,57.05,8867078
2024-06-12,57.05,57.57,56.74,57.27,6384807
2024-06-13,57.27,57.87,56.93,57.54,6789368
2024-06-16,57.54,57.57,57.03,57.07,1611625
2024-06-17,57.07,57.21,56.72,56.86,3419478
2024-06-18,56.86,56.93,56.42,56.49,2262311
2024-06-19,56.49,57.22,56.12,56.85,7448765
2024-06-20,56.85,57.43,56.53,57.10,6657853
2024-06-23,57.10,57.18,56.67,56.75,2383401
2024-06-24,56.75,57.13,56.48,56.87,5711831
2024-06-25,56.87,57.00,56.52,56.66,3433264
2024-06-26,56.66,56.74,56.24,56.32,2485973
2024-06-27,56.32,57.10,55.94,56.72,7734156
2024-06-30,56.72,56.98,56.49,56.75,5079046
2024-07-01,56.75,57.18,56.47,56.90,5903360
2024-07-02,56.90,57.91,56.45,57.46,8849074
2024-07-03,57.46,58.10,57.12,57.76,6928532
2024-07-04,57.76,58.61,57.35,58.20,7968895
2024-07-07,58.20,58.40,57.93,58.13,4389917
2024-07-08,58.13,58.32,57.86,58.05,4315054
2024-07-09,58.05,58.22,57.75,57.92,4015912
2024-07-10,57.92,58.31,57.65,58.04,5690020
2024-07-11,58.04,59.02,57.60,58.58,8571947
2024-07-14,58.58,58.90,58.32,58.65,5377743
2024-07-15,58.65,59.54,58.23,59.12,8082716
2024-07-16,59.12,59.79,58.76,59.44,7032544
2024-07-17,59.44,60.19,59.06,59.81,7387722
2024-07-18,59.81,60.47,59.46,60.11,6901337
2024-07-21,60.11,60.23,59.71,59.83,3030178
2024-07-22,59.83,60.17,59.57,59.91,5379183
2024-07-23,59.91,60.27,59.64,60.00,5479218
2024-07-24,60.00,60.87,59.58,60.45,7898182
2024-07-25,60.45,60.55,60.02,60.12,2685459
2024-07-28,60.12,60.83,59.75,60.46,7149691
2024-07-29,60.46,61.56,59.98,61.08,8969890
2024-07-30,61.08,61.18,60.64,60.74,2639883
2024-07-31,60.74,61.48,60.36,61.09,7246090
2024-08-01,61.09,61.13,60.56,60.59,1578635
2024-08-04,60.59,61.61,60.13,61.15,8575788
2024-08-05,61.15,61.16,60.57,60.57,1101748
2024-08-06,60.57,60.85,60.33,60.60,5057750
2024-08-07,60.60,61.46,60.19,61.05,7826508
2024-08-08,61.05,61.96,60.62,61.53,8050000
2024-08-11,61.53,62.17,61.18,61.82,6740569
2024-08-12,61.82,61.98,61.47,61.64,3725377
2024-08-13,61.64,62.43,61.24,62.03,7424176
2024-08-14,62.03,62.09,61.52,61.58,1960425
2024-08-15,61.58,62.41,61.17,62.00,7605727
2024-08-18,62.00,62.09,61.54,61.64,2557613
2024-08-19,61.64,61.70,61.14,61.20,2050651
2024-08-20,61.20,61.85,60.85,61.49,6800891
2024-08-21,61.49,61.73,61.25,61.48,4783641
2024-08-22,61.48,61.56,61.01,61.09,2344581
2024-08-25,61.09,61.31,60.83,61.05,4644204
2024-08-26,61.05,61.08,60.50,60.53,1435596
2024-08-27,60.53,61.04,60.21,60.72,6175548
2024-08-28,60.72,60.93,60.45,60.66,4468998
2024-08-29,60.66,60.83,60.33,60.51,3846810
2024-09-01,60.51,61.59,60.03,61.11,8876886
2024-09-02,61.11,61.15,60.57,60.61,1608607
2024-09-03,60.61,61.37,60.23,60.98,7350617
2024-09-04,60.98,61.41,60.69,61.12,5781927
2024-09-05,61.12,61.90,60.73,61.51,7396364
2024-09-08,61.51,62.26,61.12,61.88,7280349
2024-09-09,61.88,62.84,61.43,62.39,8224005
2024-09-10,62.39,62.40,61.80,61.81,1165603
2024-09-11,61.81,62.51,61.44,62.14,6969341
2024-09-12,62.14,62.29,61.77,61.93,3536454
2024-09-15,61.93,62.00,61.44,61.52,2249657
2024-09-16,61.52,61.57,60.99,61.04,1750925
2024-09-17,61.04,61.16,60.64,60.76,3052606
2024-09-18,60.76,61.23,60.46,60.93,5981858
2024-09-19,60.93,61.05,60.52,60.63,2958436
2024-09-22,60.63,60.70,60.15,60.21,2105795
2024-09-23,60.21,61.04,59.81,60.64,7695541
2024-09-24,60.64,61.10,60.34,60.80,5925205
2024-09-25,60.80,60.98,60.48,60.67,4029355
2024-09-26,60.67,60.77,60.24,60.34,2724039
2024-09-29,60.34,60.81,60.04,60.51,5984567
2024-09-30,60.51,60.70,60.21,60.40,4156618
2024-10-01,60.40,60.48,59.94,60.02,2400685
2024-10-02,60.02,60.59,59.69,60.26,6469855
2024-10-03,60.26,60.69,59.97,60.40,5820919
2024-10-06,60.40,60.47,59.91,59.98,2058813
2024-10-07,59.98,60.08,59.55,59.65,2714403
2024-10-08,59.65,59.85,59.37,59.57,4355589
2024-10-09,59.57,59.84,59.33,59.60,5031755
2024-10-10,59.60,60.07,59.30,59.77,6051543
2024-10-13,59.77,59.90,59.38,59.50,3093964
2024-10-14,59.50,60.11,59.17,59.77,6652846
2024-10-15,59.77,59.94,59.44,59.61,3814609
2024-10-16,59.61,59.94,59.35,59.68,5369375
2024-10-17,59.68,59.76,59.22,59.29,2255418
2024-10-20,59.29,60.03,58.91,59.65,7336934
2024-10-21,59.65,60.23,59.33,59.90,6515157
2024-10-22,59.90,60.03,59.51,59.64,3172805
2024-10-23,59.64,59.82,59.33,59.50,3951851
2024-10-24,59.50,59.56,59.01,59.06,1864643
2024-10-27,59.06,59.28,58.81,59.04,4738340
2024-10-28,59.04,59.29,58.80,59.05,4992695
2024-10-29,59.05,59.16,58.63,58.74,2751165
2024-10-30,58.74,58.81,58.28,58.36,2285356
2024-10-31,58.36,58.77,58.08,58.49,5792798
2024-11-03,58.49,58.69,58.23,58.44,4508058
2024-11-04,58.44,59.13,58.08,58.77,7147187
2024-11-05,58.77,58.81,58.26,58.30,1685493
2024-11-06,58.30,58.38,57.86,57.95,2468655
2024-11-07,57.95,58.53,57.62,58.20,6657167
2024-11-10,58.20,58.38,57.90,58.08,4004115
2024-11-11,58.08,58.93,57.67,58.52,7966289
2024-11-12,58.52,58.71,58.23,58.42,4148628
2024-11-13,58.42,59.30,58.00,58.88,8081995
2024-11-14,58.88,59.83,58.45,59.39,8334293
2024-11-17,59.39,59.51,58.99,59.11,2954903
2024-11-18,59.11,59.12,58.56,58.57,1252469
2024-11-19,58.57,59.22,58.23,58.87,6906001
2024-11-20,58.87,59.41,58.55,59.09,6409327
2024-11-21,59.09,59.20,58.68,58.79,2848868
2024-11-24,58.79,59.46,58.44,59.11,7014746
2024-11-25,59.11,59.16,58.61,58.66,1845233
2024-11-26,58.66,59.57,58.24,59.15,8204526
2024-11-27,59.15,59.32,58.84,59.01,3993861
2024-11-28,59.01,60.02,58.57,59.56,8595953
2024-12-01,59.56,59.78,59.31,59.53,4652777
2024-12-02,59.53,59.54,58.97,58.98,1176680
2024-12-03,58.98,59.44,58.68,59.14,5994821
2024-12-04,59.14,59.29,58.79,58.94,3526954
2024-12-05,58.94,59.00,58.45,58.50,1896536
2024-12-08,58.50,58.83,58.25,58.57,5375171
2024-12-09,58.57,59.48,58.16,59.06,8160390
2024-12-10,59.06,59.08,58.53,58.55,1486762
2024-12-11,58.55,58.62,58.08,58.14,2070336
2024-12-12,58.14,58.57,57.86,58.29,5886419
2024-12-15,58.29,58.42,57.92,58.06,3280692
2024-12-16,58.06,58.80,57.68,58.42,7413648
2024-12-17,58.42,59.30,58.01,58.89,8038374
2024-12-18,58.89,58.98,58.46,58.55,2611659
2024-12-19,58.55,59.57,58.10,59.12,8738443
2024-12-22,59.12,59.17,58.63,58.68,1949588
2024-12-23,58.68,58.79,58.27,58.38,2812997
2024-12-24,58.38,58.40,57.85,57.87,1378052
2024-12-25,57.87,58.52,57.52,58.17,6953395
2024-12-26,58.17,58.87,57.81,58.51,7218038
2024-12-29,58.51,58.72,58.26,58.48,4665809
2024-12-30,58.48,58.56,58.03,58.11,2383127
2024-12-31,58.11,58.24,57.74,57.86,3160116
2025-01-01,57.86,58.30,57.58,58.02,5935048
2025-01-02,58.02,58.79,57.63,58.41,7572119
2025-01-05,58.41,58.46,57.92,57.98,1972565
2025-01-06,57.98,58.95,57.55,58.51,8519101
2025-01-07,58.51,58.56,58.02,58.07,1853703
2025-01-08,58.07,58.72,57.72,58.37,6988717
2025-01-09,58.37,59.19,57.98,58.79,7751303
2025-01-12,58.79,59.00,58.53,58.74,4561213
2025-01-13,58.74,59.11,58.48,58.84,5541906
2025-01-14,58.84,59.50,58.49,59.15,6964986
2025-01-15,59.15,59.27,58.75,58.87,3027983
2025-01-16,58.87,59.95,58.41,59.48,8965466
2025-01-19,59.48,59.50,58.94,58.97,1493484
2025-01-20,58.97,59.97,58.52,59.52,8587345
2025-01-21,59.52,59.73,59.26,59.48,4592729
2025-01-22,59.48,59.58,59.05,59.15,2670130
2025-01-23,59.15,60.15,58.70,59.69,8572633
2025-01-26,59.69,59.86,59.36,59.53,3757030
2025-01-27,59.53,59.95,59.24,59.67,5828257
2025-01-28,59.67,60.20,59.35,59.88,6317181
2025-01-29,59.88,59.93,59.37,59.42,1791700
2025-01-30,59.42,59.95,59.10,59.63,6301200
2025-02-02,59.63,59.92,59.38,59.67,5154320
2025-02-03,59.67,59.73,59.18,59.25,2030075
2025-02-04,59.25,60.01,58.87,59.62,7422290
2025-02-05,59.62,60.60,59.18,60.15,8417386
2025-02-06,60.15,61.00,59.74,60.59,7805486
2025-02-09,60.59,60.80,60.32,60.54,4524862
2025-02-10,60.54,60.68,60.17,60.32,3439711
2025-02-11,60.32,60.88,59.99,60.55,6451268
2025-02-12,60.55,61.66,60.07,61.17,8942249
2025-02-13,61.17,61.20,60.63,60.66,1554629
2025-02-16,60.66,60.68,60.10,60.12,1300754
2025-02-17,60.12,61.01,59.70,60.59,8007784
2025-02-18,60.59,61.08,60.28,60.77,6095473
2025-02-19,60.77,60.94,60.43,60.59,3687277
2025-02-20,60.59,60.86,60.35,60.62,5054801
2025-02-23,60.62,60.82,60.34,60.54,4395576
2025-02-24,60.54,61.65,60.06,61.16,8944170
2025-02-25,61.16,61.31,60.79,60.94,3416632
2025-02-26,60.94,61.80,60.52,61.38,7788271
2025-02-27,61.38,61.59,61.10,61.31,4404766
2025-03-02,61.31,61.88,60.97,61.54,6426611
2025-03-03,61.54,61.70,61.19,61.35,3606893
2025-03-04,61.35,61.37,60.79,60.81,1402400
2025-03-05,60.81,60.84,60.26,60.29,1418072
2025-03-06,60.29,60.42,59.90,60.03,3184773
2025-03-09,60.03,60.17,59.65,59.79,3270404
2025-03-10,59.79,60.62,59.39,60.22,7724348
2025-03-11,60.22,60.27,59.71,59.76,1855246
2025-03-12,59.76,60.09,59.50,59.83,5342112
2025-03-13,59.83,60.05,59.58,59.80,4678772
2025-03-16,59.80,59.92,59.39,59.51,2951646
2025-03-17,59.51,59.63,59.11,59.22,2950857
2025-03-18,59.22,59.38,58.88,59.04,3614677
2025-03-19,59.04,59.08,58.54,58.58,1807304
2025-03-20,58.58,59.34,58.21,58.96,7429972
2025-03-23,58.96,59.80,58.55,59.40,7865397
2025-03-24,59.40,59.44,58.89,58.93,1755555
2025-03-25,58.93,59.42,58.63,59.11,6112791
2025-03-26,59.11,59.34,58.87,59.10,4764266
2025-03-27,59.10,59.59,58.79,59.28,6129732
2025-03-30,59.28,59.36,58.83,58.90,2332647
2025-03-31,58.90,59.29,58.63,59.02,5644615
2025-04-01,59.02,59.09,58.56,58.63,2263168
2025-04-02,58.63,59.38,58.25,59.00,7422873
2025-04-03,59.00,59.43,58.72,59.14,5839780
2025-04-06,59.14,59.17,58.61,58.64,1489197
2025-04-07,58.64,59.66,58.19,59.21,8716803
2025-04-08,59.21,60.23,58.75,59.77,8683093
2025-04-09,59.77,60.48,59.40,60.11,7141152
2025-04-10,60.11,60.14,59.57,59.61,1547770
2025-04-13,59.61,59.64,59.07,59.10,1507887
2025-04-14,59.10,59.68,58.78,59.35,6552366
2025-04-15,59.35,59.66,59.10,59.41,5249108
2025-04-16,59.41,59.56,59.07,59.22,3647496
2025-04-17,59.22,59.34,58.83,58.95,3056172
2025-04-20,58.95,59.65,58.59,59.29,7154149
2025-04-21,59.29,59.37,58.84,58.93,2435253
2025-04-22,58.93,59.80,58.51,59.38,7985905
2025-04-23,59.38,59.48,58.95,59.04,2596227
2025-04-24,59.04,59.06,58.49,58.50,1204492
2025-04-27,58.50,59.51,58.05,59.06,8674897
2025-04-28,59.06,59.17,58.65,58.77,2908676
2025-04-29,58.77,58.90,58.40,58.53,3288545
2025-04-30,58.53,59.49,58.09,59.05,8456481
2025-05-01,59.05,59.20,58.70,58.84,3424828
2025-05-04,58.84,59.02,58.54,58.71,4020747
2025-05-05,58.71,58.81,58.29,58.39,2663991
2025-05-06,58.39,59.15,58.01,58.77,7478017
2025-05-07,58.77,59.38,58.43,59.04,6734430
2025-05-08,59.04,59.14,58.61,58.71,2630761
2025-05-11,58.71,58.79,58.26,58.34,2401577
2025-05-12,58.34,58.96,58.01,58.62,6762928
2025-05-13,58.62,58.78,58.29,58.44,3690123
2025-05-14,58.44,59.22,58.06,58.83,7528840
2025-05-15,58.83,59.59,58.45,59.21,7439574
2025-05-18,59.21,59.22,58.65,58.66,1175411
2025-05-19,58.66,58.73,58.20,58.27,2193141
2025-05-20,58.27,58.45,57.97,58.15,4097702
2025-05-21,58.15,58.69,57.84,58.38,6419958
2025-05-22,58.38,58.78,58.10,58.50,5727812
2025-05-25,58.50,59.38,58.09,58.97,8070644
2025-05-26,58.97,59.58,58.63,59.24,6757098
2025-05-27,59.24,59.59,58.98,59.33,5466186
2025-05-28,59.33,59.94,58.99,59.60,6691735
2025-05-29,59.60,59.96,59.33,59.69,5520164
2025-06-01,59.69,59.92,59.45,59.67,4741598
2025-06-02,59.67,59.81,59.30,59.44,3294307
2025-06-03,59.44,59.91,59.14,59.61,6042489
2025-06-04,59.61,60.26,59.26,59.91,6887379
2025-06-05,59.91,59.92,59.35,59.36,1211694
2025-06-08,59.36,59.52,59.02,59.18,3657407
2025-06-09,59.18,59.90,58.81,59.53,7236865
2025-06-10,59.53,59.69,59.20,59.36,3777229
2025-06-11,59.36,59.40,58.85,58.89,1698251
2025-06-12,58.89,58.90,58.33,58.34,1123388
2025-06-15,58.34,58.86,58.03,58.55,6324245
2025-06-16,58.55,58.69,58.20,58.34,3498353
2025-06-17,58.34,59.19,57.94,58.78,7880281
2025-06-18,58.78,58.97,58.49,58.68,4186076
2025-06-19,58.68,58.88,58.41,58.61,4391049
2025-06-22,58.61,59.24,58.27,58.90,6840877
2025-06-23,58.90,59.92,58.44,59.46,8696056
2025-06-24,59.46,60.28,59.06,59.88,7709670
2025-06-25,59.88,59.90,59.33,59.35,1338511
2025-06-26,59.35,60.06,58.98,59.69,7187517
2025-06-29,59.69,60.74,59.23,60.27,8787551
2025-06-30,60.27,60.38,59.84,59.95,2706515
2025-07-01,59.95,60.07,59.54,59.66,2993792
2025-07-02,59.66,59.78,59.26,59.38,2958024
2025-07-03,59.38,59.90,59.06,59.58,6278223
2025-07-06,59.58,60.35,59.20,59.97,7448216
2025-07-07,59.97,60.00,59.44,59.47,1554423
2025-07-08,59.47,60.22,59.09,59.84,7386968
2025-07-09,59.84,60.71,59.43,60.29,7884122
2025-07-10,60.29,61.17,59.87,60.75,7910082
2025-07-13,60.75,60.77,60.19,60.21,1366083
2025-07-14,60.21,61.03,59.81,60.63,7634842
2025-07-15,60.63,60.65,60.07,60.09,1358333
2025-07-16,60.09,60.89,59.70,60.50,7548902
2025-07-17,60.50,60.56,60.00,60.07,2033710
2025-07-20,60.07,60.08,59.50,59.52,1232510
2025-07-21,59.52,59.83,59.26,59.58,5268758
2025-07-22,59.58,59.66,59.12,59.21,2414060
2025-07-23,59.21,59.32,58.80,58.91,2865946
2025-07-24,58.91,59.34,58.62,59.05,5858984
2025-07-27,59.05,59.24,58.76,58.94,4109224
2025-07-28,58.94,58.98,58.42,58.46,1591975
2025-07-29,58.46,58.67,58.21,58.42,4652914
2025-07-30,58.42,58.51,57.98,58.07,2452537
2025-07-31,58.07,59.08,57.62,58.63,8743930
2025-08-03,58.63,58.88,58.40,58.64,4983882
2025-08-04,58.64,59.68,58.19,59.22,8777331
2025-08-05,59.22,59.37,58.88,59.03,3655144
2025-08-06,59.03,59.10,58.57,58.64,2185219
2025-08-07,58.64,58.72,58.19,58.28,2416941
2025-08-10,58.28,58.66,58.00,58.39,5658950
2025-08-11,58.39,59.17,58.00,58.78,7590260
2025-08-12,58.78,58.88,58.37,58.47,2704698
2025-08-13,58.47,58.53,57.99,58.06,2088683
2025-08-14,58.06,59.03,57.62,58.59,8532338
2025-08-17,58.59,58.83,58.35,58.60,4973936
2025-08-18,58.60,58.79,58.32,58.51,4277674
2025-08-19,58.51,59.45,58.08,59.02,8344787
2025-08-20,59.02,59.23,58.76,58.97,4557990
2025-08-21,58.97,59.76,58.59,59.37,7559259
2025-08-24,59.37,59.45,58.91,58.99,2360939
2025-08-25,58.99,59.22,58.76,58.98,4790192
2025-08-26,58.98,59.70,58.61,59.33,7266769
2025-08-27,59.33,59.39,58.84,58.89,1914128
2025-08-28,58.89,58.89,58.32,58.32,1003875
2025-08-31,58.32,58.93,57.99,58.59,6733539
2025-09-01,58.59,58.67,58.14,58.22,2337688
2025-09-02,58.22,58.42,57.96,58.17,4532373
2025-09-03,58.17,58.19,57.63,57.65,1292901
2025-09-04,57.65,58.29,57.30,57.95,6964951
2025-09-07,57.95,58.05,57.53,57.63,2709019
2025-09-08,57.63,57.71,57.18,57.26,2278189
2025-09-09,57.26,57.38,56.89,57.01,3129252
2025-09-10,57.01,57.63,56.67,57.29,6867146
2025-09-11,57.29,57.54,57.06,57.31,5022736
2025-09-14,57.31,57.38,56.86,56.92,2163923
2025-09-15,56.92,57.11,56.66,56.84,4340089
2025-09-16,56.84,57.06,56.62,56.84,4859876
2025-09-17,56.84,57.57,56.48,57.20,7402297
2025-09-18,57.20,57.74,56.89,57.43,6461179
2025-09-21,57.43,57.70,57.19,57.46,5122942
2025-09-22,57.46,57.95,57.16,57.65,6177709
2025-09-23,57.65,58.62,57.21,58.18,8563751
2025-09-24,58.18,58.19,57.63,57.64,1145267
2025-09-25,57.64,57.68,57.15,57.20,1823491
2025-09-28,57.20,57.64,56.91,57.35,5981138
2025-09-29,57.35,57.54,57.08,57.26,4260185
2025-09-30,57.26,57.65,57.00,57.38,5672976
2025-10-01,57.38,57.44,56.91,56.97,2046673
2025-10-02,56.97,57.02,56.49,56.53,1801028
2025-10-05,56.53,56.79,56.30,56.56,5059499
2025-10-06,56.56,57.42,56.16,57.01,8093689
2025-10-07,57.01,57.28,56.78,57.04,5101131
2025-10-08,57.04,57.18,56.69,56.82,3316392
2025-10-09,56.82,56.96,56.48,56.62,3455521
2025-10-12,56.62,56.65,56.11,56.14,1493827
2025-10-13,56.14,56.29,55.83,55.98,3776989
2025-10-14,55.98,56.71,55.62,56.35,7465500
2025-10-15,56.35,56.42,55.91,55.98,2312448
2025-10-16,55.98,56.03,55.51,55.55,1774622
2025-10-19,55.55,56.27,55.19,55.91,7456961
2025-10-20,55.91,56.01,55.52,55.63,2890329
2025-10-21,55.63,56.58,55.20,56.15,8642626
2025-10-22,56.15,56.74,55.83,56.42,6763237
2025-10-23,56.42,56.97,56.10,56.65,6560802
2025-10-26,56.65,56.81,56.34,56.49,3714334
2025-10-27,56.49,57.47,56.05,57.03,8717661
2025-10-28,57.03,58.01,56.59,57.57,8657201
2025-10-29,57.57,58.08,57.26,57.78,6323079
2025-10-30,57.78,58.77,57.34,58.32,8653566
2025-11-02,58.32,58.53,58.06,58.27,4512860
2025-11-03,58.27,58.43,57.95,58.11,3802194
2025-11-04,58.11,58.16,57.63,57.68,1904286
2025-11-05,57.68,58.02,57.42,57.76,5461111
2025-11-06,57.76,58.52,57.39,58.14,7485013
2025-11-09,58.14,58.96,57.74,58.56,7803155
2025-11-10,58.56,59.19,58.22,58.85,6835288
2025-11-11,58.85,59.07,58.61,58.83,4704869
2025-11-12,58.83,59.22,58.55,58.94,5683504
2025-11-13,58.94,59.12,58.63,58.81,3968724
2025-11-16,58.81,59.43,58.47,59.09,6795096
2025-11-17,59.09,59.73,58.74,59.39,6878669
2025-11-18,59.39,60.31,58.96,59.88,8194753
2025-11-19,59.88,59.88,59.31,59.31,1089026
2025-11-20,59.31,59.92,58.97,59.58,6721982
2025-11-23,59.58,60.23,59.24,59.88,6846707
2025-11-24,59.88,60.54,59.52,60.18,6919993
2025-11-25,60.18,61.19,59.73,60.73,8546776
2025-11-26,60.73,60.87,60.35,60.49,3257921
2025-11-27,60.49,60.65,60.14,60.30,3621330
2025-11-30,60.30,61.13,59.89,60.72,7686385
2025-12-01,60.72,61.79,60.25,61.31,8761728
2025-12-02,61.31,61.40,60.86,60.95,2526371
2025-12-03,60.95,61.74,60.55,61.34,7474142
2025-12-04,61.34,61.45,60.90,61.01,2691460
2025-12-07,61.01,61.69,60.64,61.33,6968449
2025-12-08,61.33,61.46,60.94,61.08,3243381
2025-12-09,61.08,61.28,60.79,61.00,4380452
2025-12-10,61.00,61.20,60.71,60.91,4280898
2025-12-11,60.91,61.45,60.58,61.13,6327434
2025-12-14,61.13,61.14,60.55,60.56,1162037
2025-12-15,60.56,60.99,60.27,60.70,5797050
2025-12-16,60.70,60.88,60.39,60.57,4059636
2025-12-17,60.57,60.78,60.29,60.50,4369547
2025-12-18,60.50,61.15,60.14,60.80,6850240
2025-12-21,60.80,61.65,60.38,61.24,7773319
2025-12-22,61.24,61.26,60.67,60.69,1336316
2025-12-23,60.69,60.80,60.27,60.37,2773799
2025-12-24,60.37,60.60,60.13,60.36,4801817
2025-12-25,60.36,60.51,59.99,60.14,3395679
2025-12-28,60.14,60.37,59.90,60.14,4901063
2025-12-29,60.14,60.71,59.81,60.38,6478463
2025-12-30,60.38,60.83,60.09,60.53,5880967
2025-12-31,60.53,61.55,60.07,61.09,8565363
2026-01-01,61.09,62.03,60.65,61.59,8136591
2026-01-04,61.59,61.78,61.28,61.47,4125514
2026-01-05,61.47,61.48,60.88,60.89,1100034
2026-01-06,60.89,61.18,60.64,60.92,5109533
2026-01-07,60.92,60.95,60.38,60.40,1462654
2026-01-08,60.40,60.45,59.89,59.94,1838408
2026-01-11,59.94,60.99,59.48,60.52,8730624
2026-01-12,60.52,60.54,59.96,59.97,1225720
2026-01-13,59.97,60.46,59.66,60.15,6113820
2026-01-14,60.15,60.69,59.83,60.37,6333196
2026-01-15,60.37,61.00,60.03,60.65,6748045
2026-01-18,60.65,60.67,60.09,60.11,1259602
2026-01-19,60.11,60.12,59.55,59.56,1250582
2026-01-20,59.56,59.89,59.30,59.63,5362962
2026-01-21,59.63,60.23,59.30,59.89,6609087
2026-01-22,59.89,60.12,59.65,59.88,4816117
2026-01-25,59.88,60.86,59.44,60.41,8403806
2026-01-26,60.41,60.44,59.87,59.90,1495610
2026-01-27,59.90,60.10,59.62,59.82,4363134
2026-01-28,59.82,59.95,59.44,59.57,3203909
2026-01-29,59.57,59.88,59.32,59.62,5252503
2026-02-01,59.62,59.76,59.25,59.38,3224965
2026-02-02,59.38,59.38,58.81,58.82,1096604
2026-02-03,58.82,59.11,58.57,58.86,5213100
2026-02-04,58.86,59.08,58.62,58.84,4734945
2026-02-05,58.84,59.18,58.58,58.92,5415226
2026-02-08,58.92,59.14,58.68,58.90,4710733
2026-02-09,58.90,59.09,58.61,58.80,4226406
2026-02-10,58.80,58.95,58.45,58.60,3493106
2026-02-11,58.60,59.28,58.24,58.92,7078737
2026-02-12,58.92,59.18,58.68,58.94,5032681
2026-02-15,58.94,59.54,58.61,59.20,6663580
2026-02-16,59.20,60.01,58.81,59.61,7650445
2026-02-17,59.61,59.70,59.17,59.26,2487105
2026-02-18,59.26,59.33,58.80,58.87,2259979
2026-02-19,58.87,58.91,58.37,58.41,1759190
2026-02-22,58.41,59.26,58.01,58.85,7923010
2026-02-23,58.85,58.89,58.34,58.37,1615637
2026-02-24,58.37,59.39,57.92,58.94,8738305
2026-02-25,58.94,59.95,58.49,59.50,8673731
2026-02-26,59.50,60.39,59.08,59.97,8063888
2026-03-01,59.97,60.84,59.56,60.43,7921124
2026-03-02,60.43,61.34,60.00,60.91,8072599
2026-03-03,60.91,62.01,60.42,61.53,8938065
2026-03-04,61.53,61.63,61.08,61.18,2640980
2026-03-05,61.18,61.21,60.63,60.66,1452949
2026-03-08,60.66,61.47,60.26,61.07,7571502
2026-03-09,61.07,61.26,60.77,60.97,4231207
2026-03-10,60.97,61.90,60.53,61.46,8148113
2026-03-11,61.46,62.23,61.08,61.84,7297530
2026-03-12,61.84,62.76,61.40,62.32,8025137
2026-03-15,62.32,63.14,61.92,62.73,7491426
2026-03-16,62.73,62.88,62.35,62.51,3449485
2026-03-17,62.51,62.53,61.93,61.95,1356104
2026-03-18,61.95,62.07,61.52,61.63,2816220
2026-03-19,61.63,62.41,61.24,62.02,7360699
2026-03-22,62.02,62.18,61.65,61.81,3557441
2026-03-23,61.81,62.18,61.54,61.90,5455829
2026-03-24,61.90,62.46,61.57,62.13,6364506
2026-03-25,62.13,62.19,61.62,61.68,1962482
2026-03-26,61.68,61.79,61.24,61.35,2743587
2026-03-29,61.35,61.52,61.01,61.18,3794238
2026-03-30,61.18,62.07,60.76,61.64,7904561
2026-03-31,61.64,62.13,61.34,61.82,6012825
2026-04-01,61.82,61.94,61.40,61.53,2983230
2026-04-02,61.53,62.60,61.05,62.12,8717009
2026-04-05,62.12,62.22,61.66,61.76,2596879
2026-04-06,61.76,62.52,61.37,62.13,7264814
2026-04-07,62.13,62.99,61.71,62.57,7733161
2026-04-08,62.57,62.75,62.23,62.41,3829080
2026-04-09,62.41,62.59,62.08,62.27,3972325
2026-04-12,62.27,63.25,61.81,62.80,8286351
2026-04-13,62.80,63.08,62.54,62.82,5042764
2026-04-14,62.82,63.04,62.54,62.75,4439094
2026-04-15,62.75,63.18,62.46,62.88,5709910
2026-04-16,62.88,62.92,62.33,62.36,1571262
2026-04-19,62.36,62.55,62.04,62.23,3998456
2026-04-20,62.23,62.37,61.84,61.99,3337174
2026-04-21,61.99,62.22,61.73,61.97,4747908
2026-04-22,61.97,62.45,61.66,62.14,5983744
2026-04-23,62.14,62.35,61.86,62.08,4501474
2026-04-26,62.08,62.13,61.56,61.62,1906035
2026-04-27,61.62,62.04,61.32,61.75,5728292
2026-04-28,61.75,61.97,61.48,61.69,4536145
2026-04-29,61.69,61.90,61.41,61.62,4378978
2026-04-30,61.62,62.22,61.27,61.88,6565432
2026-05-03,61.88,62.53,61.52,62.17,6774519
2026-05-04,62.17,62.98,61.76,62.58,7500068
2026-05-05,62.58,62.75,62.24,62.41,3828497
2026-05-06,62.41,63.02,62.07,62.67,6549931
2026-05-07,62.67,63.29,62.32,62.94,6602640
2026-05-10,62.94,64.07,62.45,63.57,8850823
2026-05-11,63.57,64.33,63.17,63.94,7195713
2026-05-12,63.94,64.21,63.68,63.96,5020027
2026-05-13,63.96,65.13,63.45,64.61,8965740
2026-05-14,64.61,64.81,64.28,64.48,4045198
2026-05-17,64.48,65.00,64.15,64.67,6085562
2026-05-18,64.67,65.52,64.25,65.09,7506584
2026-05-19,65.09,66.16,64.61,65.67,8431721
2026-05-20,65.67,65.99,65.40,65.71,5132578
2026-05-21,65.71,66.65,65.27,66.20,7806687
2026-05-24,66.20,67.11,65.75,66.66,7688614
2026-05-25,66.66,67.06,66.36,66.76,5494410
2026-05-26,66.76,67.10,66.48,66.82,5199382
2026-05-27,66.82,67.14,66.54,66.86,5149211
2026-05-28,66.86,66.96,66.36,66.46,2504389
2026-05-31,66.46,66.60,66.02,66.15,3018004
2026-06-01,66.15,66.36,65.83,66.03,4146844
2026-06-02,66.03,66.90,65.60,66.46,7495850
2026-06-03,66.46,66.70,66.18,66.42,4595884
2026-06-04,66.42,67.41,65.95,66.94,8014849
2026-06-07,66.94,67.89,66.48,67.43,7802126
2026-06-08,67.43,67.78,67.14,67.49,5266358
2026-06-09,67.49,67.70,67.15,67.36,4086556
2026-06-10,67.36,68.06,66.97,67.67,6756550
2026-06-11,67.67,68.77,67.18,68.26,8362757
2026-06-14,68.26,68.45,67.88,68.06,3695301
2026-06-15,68.06,69.00,67.61,68.54,7692455
2026-06-16,68.54,68.55,67.90,67.91,1218415
2026-06-17,67.91,67.99,67.37,67.45,2174417
2026-06-18,67.45,67.97,67.12,67.63,5943175
2026-06-21,67.63,67.78,67.20,67.34,3166666
2026-06-22,67.34,67.47,66.88,67.00,2857235
2026-06-23,67.00,67.26,66.74,67.00,4842043
2026-06-24,67.00,67.03,66.40,66.44,1540843
2026-06-25,66.44,66.44,65.80,65.80,1077091
2026-06-28,65.80,66.72,65.36,66.27,7722393
2026-06-29,66.27,67.18,65.83,66.74,7674279
2026-06-30,66.74,67.77,66.26,67.28,8167318
2026-07-01,67.28,67.35,66.72,66.79,1917558
2026-07-02,66.79,67.99,66.26,67.46,8900308
2026-07-05,67.46,67.62,67.05,67.22,3461248
2026-07-06,67.22,67.92,66.83,67.53,6760871
2026-07-07,67.53,68.67,67.02,68.15,8552263
2026-07-08,68.15,68.76,67.79,68.39,6292215
2026-07-09,68.39,68.43,67.79,67.83,1585665
2026-07-12,67.83,67.90,67.27,67.34,1963477
2026-07-13,67.34,67.54,66.99,67.19,3993552
2026-07-14,67.19,67.65,66.87,67.33,5725274
2026-07-15,67.33,68.44,66.83,67.93,8467283
2026-07-16,67.93,68.92,67.46,68.45,7898593
2026-07-19,68.45,69.10,68.07,68.73,6513031
2026-07-20,68.73,69.60,68.29,69.16,7397016
2026-07-21,69.16,69.54,68.86,69.24,5340672
2026-07-22,69.24,70.09,68.80,69.65,7282270
2026-07-23,69.65,69.73,69.09,69.17,2086008
2026-07-26,69.17,70.11,68.71,69.65,7653120
2026-07-27,69.65,69.81,69.22,69.38,3366323
2026-07-28,69.38,69.58,69.01,69.21,3867592
2026-07-29,69.21,69.29,68.66,68.74,2169272
2026-07-30,68.74,69.30,68.39,68.95,6098525