Date,Open,High,Low,Close,Volume
2015-12-31,25.00,25.19,24.88,25.07,5914368
2016-01-03,25.07,25.39,24.91,25.23,7236625
2016-01-04,25.23,25.25,24.99,25.00,1544478
2016-01-05,25.00,25.05,24.82,24.87,2887311
2016-01-06,24.87,24.95,24.76,24.84,4573765
2016-01-07,24.84,24.88,24.64,24.67,2282853
2016-01-10,24.67,24.91,24.53,24.78,6508401
2016-01-11,24.78,24.86,24.66,24.74,4336831
2016-01-12,24.74,24.99,24.60,24.85,6558264
2016-01-13,24.85,24.93,24.72,24.80,4110973
2016-01-14,24.80,24.82,24.57,24.60,1859156
2016-01-17,24.60,24.61,24.36,24.38,1704046
2016-01-18,24.38,24.67,24.23,24.53,7028360
2016-01-19,24.53,24.95,24.34,24.77,8474074
2016-01-20,24.77,25.07,24.62,24.92,7053532
2016-01-21,24.92,24.96,24.72,24.76,2593895
2016-01-24,24.76,24.82,24.60,24.67,3514917
2016-01-25,24.67,24.69,24.44,24.47,1940054
2016-01-26,24.47,24.49,24.25,24.28,2140912
2016-01-27,24.28,24.51,24.15,24.38,6315020
2016-01-28,24.38,24.55,24.26,24.43,5696947
2016-01-31,24.43,24.43,24.17,24.17,1002743
2016-02-01,24.17,24.25,24.05,24.13,4207716
2016-02-02,24.13,24.29,24.02,24.18,5657544
2016-02-03,24.18,24.22,23.99,24.02,2512722
2016-02-04,24.02,24.45,23.84,24.26,8526337
2016-02-07,24.26,24.38,24.16,24.28,5155178
2016-02-08,24.28,24.31,24.06,24.09,2004183
2016-02-09,24.09,24.34,23.95,24.20,6604218
2016-02-10,24.20,24.54,24.05,24.38,7523182
2016-02-11,24.38,24.42,24.20,24.24,2810459
2016-02-14,24.24,24.26,24.01,24.03,1774691
2016-02-15,24.03,24.42,23.86,24.25,8094890
2016-02-16,24.25,24.65,24.07,24.47,8264883
2016-02-17,24.47,24.61,24.36,24.50,5371090
2016-02-18,24.50,24.53,24.29,24.32,2203635
2016-02-21,24.32,24.49,24.21,24.38,5700788
2016-02-22,24.38,24.47,24.28,24.37,4726748
2016-02-23,24.37,24.37,24.12,24.12,1182750
2016-02-24,24.12,24.36,23.99,24.23,6451508
2016-02-25,24.23,24.28,24.06,24.11,3175000
2016-02-28,24.11,24.52,23.93,24.34,8365569
2016-02-29,24.34,24.53,24.22,24.41,5850377
2016-03-01,24.41,24.48,24.28,24.35,4049176
2016-03-02,24.35,24.40,24.18,24.23,3085425
2016-03-03,24.23,24.54,24.08,24.39,7230727
2016-03-06,24.39,24.43,24.20,24.24,2682613
2016-03-07,24.24,24.33,24.14,24.23,4675651
2016-03-08,24.23,24.42,24.11,24.30,5925891
2016-03-09,24.30,24.33,24.10,24.13,2408641
2016-03-10,24.13,24.55,23.95,24.37,8469581
2016-03-13,24.37,24.50,24.27,24.40,5269204
2016-03-14,24.40,24.65,24.26,24.51,6560596
2016-03-15,24.51,24.53,24.28,24.30,1800548
2016-03-16,24.30,24.74,24.12,24.55,8593998
2016-03-17,24.55,24.59,24.35,24.39,2471810
2016-03-20,24.39,24.46,24.26,24.33,4001886
2016-03-21,24.33,24.38,24.16,24.22,3233607
2016-03-22,24.22,24.23,23.98,23.99,1475617
2016-03-23,23.99,24.03,23.79,23.83,2406927
2016-03-24,23.83,24.25,23.65,24.07,8521364
2016-03-27,24.07,24.34,23.92,24.20,6905349
2016-03-28,24.20,24.61,24.02,24.43,8349005
2016-03-29,24.43,24.50,24.29,24.36,3790603
2016-03-30,24.36,24.56,24.23,24.44,6094341
2016-03-31,24.44,24.44,24.19,24.19,1161454
2016-04-03,24.19,24.60,24.01,24.42,8374657
2016-04-04,24.42,24.46,24.22,24.25,2375925
2016-04-05,24.25,24.65,24.08,24.47,8177606
2016-04-06,24.47,24.49,24.24,24.25,1606858
2016-04-07,24.25,24.55,24.11,24.40,7083436
2016-04-10,24.40,24.85,24.21,24.66,8730795
2016-04-11,24.66,24.70,24.47,24.52,2820541
2016-04-12,24.52,24.86,24.36,24.70,7550205
2016-04-13,24.70,24.91,24.57,24.79,6154355
2016-04-14,24.79,25.11,24.63,24.95,7349039
2016-04-17,24.95,25.26,24.80,25.11,7109567
2016-04-18,25.11,25.18,24.96,25.03,3781618
2016-04-19,25.03,25.07,24.83,24.87,2525685
2016-04-20,24.87,24.87,24.61,24.61,1094855
2016-04-21,24.61,24.71,24.51,24.62,4945919
2016-04-24,24.62,24.97,24.45,24.81,7683813
2016-04-25,24.81,25.27,24.61,25.08,8839403
2016-04-26,25.08,25.18,24.98,25.08,4980589
2016-04-27,25.08,25.11,24.87,24.89,2156755
2016-04-28,24.89,24.91,24.66,24.67,1676543
2016-05-01,24.67,24.99,24.52,24.83,7218964
2016-05-02,24.83,24.97,24.73,24.86,5277846
2016-05-03,24.86,25.15,24.71,25.00,6939609
2016-05-04,25.00,25.30,24.85,25.15,6994375
2016-05-05,25.15,25.23,25.03,25.11,4380418
2016-05-08,25.11,25.19,24.97,25.05,3961934
2016-05-09,25.05,25.41,24.88,25.24,7640157
2016-05-10,25.24,25.28,25.05,25.09,2797805
2016-05-11,25.09,25.17,24.96,25.04,4076851
2016-05-12,25.04,25.13,24.93,25.01,4489643
2016-05-15,25.01,25.08,24.87,24.94,3863340
2016-05-16,24.94,24.98,24.75,24.79,2617695
2016-05-17,24.79,25.26,24.59,25.06,8876165
2016-05-18,25.06,25.11,24.88,24.92,2910356
2016-05-19,24.92,24.97,24.74,24.79,2917798
2016-05-22,24.79,25.19,24.61,25.01,8133058
2016-05-23,25.01,25.07,24.84,24.90,3272187
2016-05-24,24.90,25.32,24.72,25.14,8310493
2016-05-25,25.14,25.30,25.02,25.18,5593655
2016-05-26,25.18,25.61,25.00,25.42,8282167
2016-05-29,25.42,25.64,25.29,25.51,6129115
2016-05-30,25.51,25.60,25.40,25.49,4591289
2016-05-31,25.49,25.62,25.38,25.52,5273628
2016-06-01,25.52,25.89,25.34,25.71,7706995
2016-06-02,25.71,26.16,25.52,25.97,8459293
2016-06-05,25.97,26.14,25.85,26.02,5579903
2016-06-06,26.02,26.46,25.82,26.27,8377469
2016-06-07,26.27,26.36,26.15,26.24,4531001
2016-06-08,26.24,26.33,26.12,26.22,4534327
2016-06-09,26.22,26.28,26.05,26.12,3473868
2016-06-12,26.12,26.20,25.98,26.06,4139746
2016-06-13,26.06,26.22,25.95,26.10,5470233
2016-06-14,26.10,26.19,25.98,26.06,4329526
2016-06-15,26.06,26.11,25.86,25.90,2618861
2016-06-16,25.90,25.97,25.75,25.82,3720953
2016-06-19,25.82,26.06,25.68,25.92,6277777
2016-06-20,25.92,25.98,25.75,25.81,3301680
2016-06-21,25.81,25.85,25.61,25.65,2619821
2016-06-22,25.65,25.74,25.54,25.63,4651954
2016-06-23,25.63,25.64,25.38,25.39,1521536
2016-06-26,25.39,25.55,25.28,25.44,5500171
2016-06-27,25.44,25.48,25.25,25.29,2785390
2016-06-28,25.29,25.74,25.10,25.55,8611762
2016-06-29,25.55,25.92,25.38,25.75,7695336
2016-06-30,25.75,25.83,25.61,25.69,4011419
2016-07-03,25.69,25.76,25.54,25.62,3905692
2016-07-04,25.62,25.71,25.50,25.59,4538648
2016-07-05,25.59,25.66,25.44,25.51,3663374
2016-07-06,25.51,25.79,25.36,25.64,6736659
2016-07-07,25.64,25.98,25.47,25.81,7363443
2016-07-10,25.81,25.93,25.71,25.83,5074588
2016-07-11,25.83,25.92,25.71,25.80,4437997
2016-07-12,25.80,25.86,25.63,25.70,3503052
2016-07-13,25.70,25.76,25.54,25.61,3578395
2016-07-14,25.61,26.04,25.42,25.85,8343038
2016-07-17,25.85,25.93,25.72,25.81,4290809
2016-07-18,25.81,25.85,25.60,25.64,2508127
2016-07-19,25.64,25.83,25.52,25.70,5785116
2016-07-20,25.70,25.82,25.60,25.72,5060048
2016-07-21,25.72,25.85,25.61,25.74,5197119
2016-07-24,25.74,26.15,25.56,25.97,8097565
2016-07-25,25.97,25.97,25.70,25.70,1144101
2016-07-26,25.70,26.00,25.55,25.85,6978703
2016-07-27,25.85,25.89,25.65,25.69,2613717
2016-07-28,25.69,25.76,25.54,25.62,3876303
2016-07-31,25.62,25.67,25.44,25.50,3186213
2016-08-01,25.50,25.96,25.30,25.76,8666906
2016-08-02,25.76,26.22,25.57,26.02,8589986
2016-08-03,26.02,26.15,25.92,26.04,5152983
2016-08-04,26.04,26.22,25.92,26.10,5590466
2016-08-07,26.10,26.14,25.89,25.93,2618484
2016-08-08,25.93,26.36,25.75,26.17,8212345
2016-08-09,26.17,26.27,26.06,26.16,4717729
2016-08-10,26.16,26.30,26.05,26.19,5295130
2016-08-11,26.19,26.57,26.01,26.39,7697633
2016-08-14,26.39,26.40,26.13,26.14,1382030
2016-08-15,26.14,26.22,25.99,26.07,3953257
2016-08-16,26.07,26.37,25.92,26.22,6942181
2016-08-17,26.22,26.52,26.06,26.37,6916700
2016-08-18,26.37,26.39,26.13,26.15,1926200
2016-08-21,26.15,26.16,25.89,25.89,1279320
2016-08-22,25.89,26.36,25.69,26.16,8655075
2016-08-23,26.16,26.20,25.95,25.99,2547290
2016-08-24,25.99,26.02,25.76,25.79,2042386
2016-08-25,25.79,25.82,25.56,25.58,1930486
2016-08-28,25.58,25.59,25.32,25.32,1149862
2016-08-29,25.32,25.41,25.21,25.30,4564711
2016-08-30,25.30,25.51,25.17,25.38,6076268
2016-08-31,25.38,25.38,25.11,25.11,1067249
2016-09-01,25.11,25.19,24.99,25.07,4179629
2016-09-04,25.07,25.50,24.88,25.31,8425754
2016-09-05,25.31,25.48,25.19,25.36,5632784
2016-09-06,25.36,25.44,25.24,25.32,4220473
2016-09-07,25.32,25.40,25.19,25.28,4312277
2016-09-08,25.28,25.31,25.06,25.09,2179801
2016-09-11,25.09,25.48,24.91,25.31,8020576
2016-09-12,25.31,25.42,25.20,25.32,5069170
2016-09-13,25.32,25.35,25.10,25.12,2041632
2016-09-14,25.12,25.17,24.94,24.99,2913271
2016-09-15,24.99,25.19,24.86,25.07,6029766
2016-09-18,25.07,25.51,24.88,25.32,8551611
2016-09-19,25.32,25.74,25.14,25.55,8231893
2016-09-20,25.55,25.59,25.35,25.39,2527400
2016-09-21,25.39,25.39,25.12,25.12,1043072
2016-09-22,25.12,25.18,24.95,25.01,3309773
2016-09-25,25.01,25.20,24.89,25.08,5895404
2016-09-26,25.08,25.36,24.93,25.22,6849348
2016-09-27,25.22,25.56,25.05,25.40,7480246
2016-09-28,25.40,25.46,25.23,25.30,3467112
2016-09-29,25.30,25.44,25.19,25.33,5303772
2016-10-02,25.33,25.73,25.15,25.55,8076646
2016-10-03,25.55,25.81,25.41,25.67,6575857
2016-10-04,25.67,26.04,25.50,25.87,7739677
2016-10-05,25.87,26.32,25.68,26.12,8432304
2016-10-06,26.12,26.16,25.92,25.96,2554972
2016-10-09,25.96,25.97,25.70,25.71,1490397
2016-10-10,25.71,25.79,25.57,25.64,3880555
2016-10-11,25.64,25.69,25.45,25.49,2737791
2016-10-12,25.49,25.69,25.37,25.56,5889266
2016-10-13,25.56,25.75,25.44,25.62,5754732
2016-10-16,25.62,25.66,25.42,25.45,2457647
2016-10-17,25.45,25.88,25.27,25.69,8269615
2016-10-18,25.69,25.70,25.43,25.44,1388168
2016-10-19,25.44,25.56,25.34,25.46,5047873
2016-10-20,25.46,25.53,25.32,25.39,3964780
2016-10-23,25.39,25.42,25.17,25.20,2114197
2016-10-24,25.20,25.39,25.08,25.27,5841803
2016-10-25,25.27,25.35,25.14,25.23,4308093
2016-10-26,25.23,25.28,25.06,25.11,3266152
2016-10-27,25.11,25.52,24.93,25.34,8172770
2016-10-30,25.34,25.43,25.23,25.32,4632887
2016-10-31,25.32,25.74,25.14,25.55,8177366
2016-11-01,25.55,25.89,25.39,25.73,7374108
2016-11-02,25.73,26.16,25.54,25.97,8272496
2016-11-03,25.97,26.05,25.84,25.92,4181172
2016-11-06,25.92,26.21,25.77,26.05,6779149
2016-11-07,26.05,26.10,25.85,25.89,2560253
2016-11-08,25.89,25.93,25.69,25.73,2610905
2016-11-09,25.73,25.75,25.49,25.50,1721227
2016-11-10,25.50,25.79,25.35,25.64,6829492
2016-11-13,25.64,25.93,25.49,25.78,6799897
2016-11-14,25.78,25.84,25.62,25.68,3533676
2016-11-15,25.68,26.12,25.49,25.93,8413545
2016-11-16,25.93,26.01,25.79,25.87,4081481
2016-11-17,25.87,26.23,25.70,26.06,7549828
2016-11-20,26.06,26.11,25.86,25.90,2645747
2016-11-21,25.90,26.09,25.78,25.97,5788991
2016-11-22,25.97,25.97,25.69,25.70,1103017
2016-11-23,25.70,26.18,25.50,25.98,8859430
2016-11-24,25.98,26.31,25.82,26.15,7255761
2016-11-27,26.15,26.21,25.99,26.05,3526577
2016-11-28,26.05,26.30,25.91,26.16,6387928
2016-11-29,26.16,26.23,26.01,26.08,3815123
2016-11-30,26.08,26.11,25.86,25.89,2153840
2016-12-01,25.89,26.15,25.74,26.01,6564574
2016-12-04,26.01,26.30,25.86,26.14,6800411
2016-12-05,26.14,26.58,25.95,26.39,8318141
2016-12-06,26.39,26.49,26.28,26.38,4722702
2016-12-07,26.38,26.45,26.22,26.28,3544958
2016-12-08,26.28,26.29,26.02,26.03,1352812
2016-12-11,26.03,26.11,25.90,25.98,4195644
2016-12-12,25.98,26.13,25.87,26.02,5382098
2016-12-13,26.02,26.48,25.82,26.28,8591186
2016-12-14,26.28,26.72,26.09,26.53,8316735
2016-12-15,26.53,26.91,26.35,26.73,7645164
2016-12-18,26.73,26.74,26.46,26.47,1366598
2016-12-19,26.47,26.56,26.35,26.44,4419307
2016-12-20,26.44,26.62,26.32,26.50,5667489
2016-12-21,26.50,26.81,26.34,26.65,7012379
2016-12-22,26.65,26.73,26.50,26.58,3836694
2016-12-25,26.58,26.62,26.37,26.42,2782407
2016-12-26,26.42,26.52,26.32,26.42,4861865
2016-12-27,26.42,26.44,26.18,26.20,1902229
2016-12-28,26.20,26.24,25.99,26.02,2323251
2016-12-29,26.02,26.25,25.88,26.12,6248388
2017-01-01,26.12,26.14,25.88,25.91,1949245
2017-01-02,25.91,26.28,25.74,26.10,7623353
2017-01-03,26.10,26.36,25.96,26.22,6505281
2017-01-04,26.22,26.56,26.05,26.39,7311076
2017-01-05,26.39,26.61,26.26,26.48,6016049
2017-01-08,26.48,26.99,26.27,26.77,8965877
2017-01-09,26.77,26.92,26.66,26.81,5321056
2017-01-10,26.81,27.31,26.60,27.10,8834670
2017-01-11,27.10,27.62,26.88,27.40,8963511
2017-01-12,27.40,27.76,27.23,27.59,7312517
2017-01-15,27.59,27.65,27.41,27.48,3412551
2017-01-16,27.48,27.50,27.22,27.24,1831515
2017-01-17,27.24,27.73,27.04,27.52,8618792
2017-01-18,27.52,27.53,27.24,27.24,1083024
2017-01-19,27.24,27.55,27.08,27.39,6903223
2017-01-22,27.39,27.49,27.27,27.37,4573216
2017-01-23,27.37,27.50,27.25,27.39,5179423
2017-01-24,27.39,27.46,27.22,27.29,3511968
2017-01-25,27.29,27.56,27.14,27.41,6509122
2017-01-26,27.41,27.46,27.21,27.27,3035082
2017-01-29,27.27,27.32,27.07,27.13,2991083
2017-01-30,27.13,27.15,26.87,26.89,1759842
2017-01-31,26.89,27.11,26.76,26.98,5983333
2017-02-01,26.98,27.47,26.77,27.26,8673902
2017-02-02,27.26,27.28,27.00,27.02,1658710
2017-02-05,27.02,27.03,26.74,26.75,1357510
2017-02-06,26.75,27.16,26.57,26.98,7893758
2017-02-07,26.98,26.99,26.71,26.73,1539060
2017-02-08,26.73,27.20,26.53,26.99,8490946
2017-02-09,26.99,27.07,26.85,26.93,3983984
2017-02-12,26.93,27.03,26.82,26.92,4734224
2017-02-13,26.92,27.21,26.76,27.05,6716975
2017-02-14,27.05,27.50,26.86,27.30,8277914
2017-02-15,27.30,27.59,27.15,27.43,6577537
2017-02-16,27.43,27.80,27.26,27.62,7368930
2017-02-19,27.62,28.06,27.42,27.87,8108882
2017-02-20,27.87,27.90,27.64,27.68,2402331
2017-02-21,27.68,27.88,27.54,27.74,5780144
2017-02-22,27.74,28.05,27.58,27.89,6810219
2017-02-23,27.89,27.96,27.72,27.79,3541941
2017-02-26,27.79,27.94,27.67,27.82,5283950
2017-02-27,27.82,28.22,27.63,28.04,7715260
2017-02-28,28.04,28.19,27.91,28.07,5329698
2017-03-01,28.07,28.08,27.78,27.79,1213683
2017-03-02,27.79,28.03,27.64,27.89,6157338
2017-03-05,27.89,27.94,27.69,27.75,3098936
2017-03-06,27.75,27.86,27.64,27.75,4902674
2017-03-07,27.75,27.92,27.63,27.80,5469787
2017-03-08,27.80,28.25,27.60,28.05,8182990
2017-03-09,28.05,28.12,27.88,27.96,3684259
2017-03-12,27.96,28.50,27.73,28.27,8985939
2017-03-13,28.27,28.70,28.08,28.51,7915192
2017-03-14,28.51,29.05,28.28,28.82,8891769
2017-03-15,28.82,28.91,28.67,28.76,4039128
2017-03-16,28.76,28.95,28.62,28.81,5628875
2017-03-19,28.81,29.25,28.62,29.05,7858539
2017-03-20,29.05,29.08,28.79,28.82,1962688
2017-03-21,28.82,28.92,28.69,28.80,4657373
2017-03-22,28.80,28.88,28.64,28.72,3917901
2017-03-23,28.72,28.97,28.58,28.82,6089951
2017-03-26,28.82,29.31,28.61,29.09,8334019
2017-03-27,29.09,29.59,28.88,29.38,8403189
2017-03-28,29.38,29.46,29.20,29.28,3754252
2017-03-29,29.28,29.37,29.13,29.21,3992146
2017-03-30,29.21,29.74,28.99,29.52,8647736
2017-04-02,29.52,29.79,29.36,29.63,6288923
2017-04-03,29.63,29.69,29.42,29.47,2965089
2017-04-04,29.47,29.93,29.27,29.73,7984876
2017-04-05,29.73,29.73,29.41,29.41,1027297
2017-04-06,29.41,29.94,29.19,29.71,8586179
2017-04-09,29.71,29.73,29.43,29.45,1747942
2017-04-10,29.45,29.84,29.27,29.65,7302709
2017-04-11,29.65,30.14,29.44,29.92,8188751
2017-04-12,29.92,29.93,29.62,29.62,1270267
2017-04-13,29.62,29.73,29.49,29.59,4448491
2017-04-16,29.59,29.73,29.47,29.61,5106138
2017-04-17,29.61,29.63,29.34,29.36,1885185
2017-04-18,29.36,29.44,29.19,29.28,3797976
2017-04-19,29.28,29.32,29.05,29.10,2671673
2017-04-20,29.10,29.43,28.92,29.26,6926028
2017-04-23,29.26,29.79,29.04,29.57,8684499
2017-04-24,29.57,29.66,29.42,29.51,4218689
2017-04-25,29.51,29.59,29.34,29.42,3726131
2017-04-26,29.42,29.71,29.26,29.55,6441392
2017-04-27,29.55,29.68,29.43,29.56,5080521
2017-04-30,29.56,29.64,29.38,29.46,3618827
2017-05-01,29.46,29.97,29.24,29.75,8401989
2017-05-02,29.75,30.28,29.52,30.05,8590500
2017-05-03,30.05,30.08,29.78,29.81,1937448
2017-05-04,29.81,29.83,29.53,29.56,1899622
2017-05-07,29.56,29.59,29.30,29.33,2081961
2017-05-08,29.33,29.36,29.07,29.10,2015329
2017-05-09,29.10,29.37,28.95,29.21,6267626
2017-05-10,29.21,29.33,29.10,29.21,4888237
2017-05-11,29.21,29.58,29.03,29.40,7185802
2017-05-14,29.40,29.95,29.17,29.72,8839334
2017-05-15,29.72,29.82,29.58,29.68,4342661
2017-05-16,29.68,29.79,29.56,29.67,4782201
2017-05-17,29.67,29.79,29.55,29.67,4948079
2017-05-18,29.67,29.76,29.50,29.58,3778566
2017-05-21,29.58,29.84,29.43,29.69,6137860
2017-05-22,29.69,29.92,29.54,29.77,5927194
2017-05-23,29.77,30.07,29.61,29.91,6529286
2017-05-24,29.91,30.21,29.74,30.05,6586111
2017-05-25,30.05,30.42,29.86,30.23,7110013
2017-05-28,30.23,30.70,30.02,30.48,7928155
2017-05-29,30.48,30.50,30.18,30.20,1460288
2017-05-30,30.20,30.28,30.03,30.11,3829869
2017-05-31,30.11,30.18,29.91,29.98,3308504
2017-06-01,29.98,30.01,29.72,29.75,2093724
2017-06-04,29.75,30.15,29.56,29.96,7420096
2017-06-05,29.96,30.05,29.80,29.89,4003669
2017-06-06,29.89,29.97,29.72,29.80,3819753
2017-06-07,29.80,29.95,29.67,29.83,5214026
2017-06-08,29.83,29.99,29.70,29.86,5346982
2017-06-11,29.86,29.89,29.60,29.63,1971707
2017-06-12,29.63,30.15,29.40,29.92,8544993
2017-06-13,29.92,29.97,29.69,29.74,2671776
2017-06-14,29.74,30.19,29.54,29.99,7882921
2017-06-15,29.99,30.10,29.87,29.98,4746330
2017-06-18,29.98,30.37,29.79,30.18,7311385
2017-06-19,30.18,30.75,29.94,30.51,8886728
2017-06-20,30.51,30.66,30.38,30.53,5151371
2017-06-21,30.53,30.85,30.36,30.68,6599142
2017-06-22,30.68,31.19,30.45,30.97,8316460
2017-06-25,30.97,31.11,30.84,30.99,5093449
2017-06-26,30.99,31.07,30.81,30.90,3868381
2017-06-27,30.90,30.92,30.60,30.61,1505452
2017-06-28,30.61,31.08,30.40,30.87,7905898
2017-06-29,30.87,30.91,30.62,30.66,2452434
2017-07-02,30.66,31.12,30.45,30.91,7787037
2017-07-03,30.91,31.50,30.66,31.25,8922050
2017-07-04,31.25,31.47,31.10,31.32,5684636
2017-07-05,31.32,31.63,31.15,31.46,6494547
2017-07-06,31.46,31.54,31.26,31.34,3475240
2017-07-09,31.34,31.93,31.09,31.68,8898319
2017-07-10,31.68,32.29,31.43,32.04,8961316
2017-07-11,32.04,32.10,31.80,31.86,2898799
2017-07-12,31.86,32.29,31.66,32.09,7426817
2017-07-13,32.09,32.14,31.83,31.88,2520679
2017-07-16,31.88,31.93,31.62,31.67,2526063
2017-07-17,31.67,31.79,31.53,31.65,4603463
2017-07-18,31.65,31.97,31.47,31.79,6505967
2017-07-19,31.79,32.01,31.64,31.86,5690363
2017-07-20,31.86,31.95,31.68,31.76,3761591
2017-07-23,31.76,32.29,31.53,32.06,8250514
2017-07-24,32.06,32.53,31.84,32.31,7725034
2017-07-25,32.31,32.84,32.07,32.61,8234533
2017-07-26,32.61,32.67,32.38,32.45,3087654
2017-07-27,32.45,32.54,32.27,32.36,3963408
2017-07-30,32.36,32.55,32.22,32.41,5355624
2017-07-31,32.41,32.45,32.14,32.18,2350720
2017-08-01,32.18,32.41,32.03,32.26,5738820
2017-08-02,32.26,32.57,32.08,32.40,6458196
2017-08-03,32.40,32.41,32.07,32.08,1373045
2017-08-06,32.08,32.63,31.85,32.39,8384602
2017-08-07,32.39,32.76,32.20,32.57,6875582
2017-08-08,32.57,32.65,32.37,32.45,3487962
2017-08-09,32.45,32.86,32.24,32.66,7234087
2017-08-10,32.66,32.69,32.36,32.39,1941117
2017-08-13,32.39,32.49,32.22,32.32,4028806
2017-08-14,32.32,32.53,32.17,32.38,5620610
2017-08-15,32.38,32.45,32.15,32.21,2988134
2017-08-16,32.21,32.51,32.04,32.34,6328909
2017-08-17,32.34,32.71,32.15,32.52,6877503
2017-08-20,32.52,32.70,32.38,32.56,5349965
2017-08-21,32.56,32.79,32.41,32.64,5721604
2017-08-22,32.64,32.94,32.46,32.77,6338100
2017-08-23,32.77,32.88,32.61,32.72,4359945
2017-08-24,32.72,32.93,32.57,32.78,5540226
2017-08-27,32.78,33.21,32.57,33.00,7335733
2017-08-28,33.00,33.08,32.79,32.86,3351406
2017-08-29,32.86,32.87,32.52,32.52,1118106
2017-08-30,32.52,32.69,32.39,32.55,5203737
2017-08-31,32.55,32.77,32.40,32.62,5657681
2017-09-03,32.62,32.71,32.43,32.52,3788580
2017-09-04,32.52,32.60,32.31,32.38,3275445
2017-09-05,32.38,32.72,32.20,32.54,6612105
2017-09-06,32.54,33.15,32.28,32.89,8884979
2017-09-07,32.89,33.02,32.77,32.89,4884190
2017-09-10,32.89,32.91,32.57,32.59,1548010
2017-09-11,32.59,32.68,32.40,32.49,3740637
2017-09-12,32.49,32.68,32.35,32.53,5363305
2017-09-13,32.53,32.56,32.23,32.26,1798731
2017-09-14,32.26,32.72,32.04,32.51,7688888
2017-09-17,32.51,33.02,32.28,32.79,8046124
2017-09-18,32.79,32.85,32.54,32.59,2697599
2017-09-19,32.59,33.11,32.36,32.88,8063065
2017-09-20,32.88,33.43,32.64,33.18,8265980
2017-09-21,33.18,33.65,32.97,33.43,7577949
2017-09-24,33.43,33.98,33.19,33.74,8196502
2017-09-25,33.74,33.75,33.40,33.41,1356207
2017-09-26,33.41,33.50,33.21,33.31,3773113
2017-09-27,33.31,33.39,33.09,33.17,3422530
2017-09-28,33.17,33.52,32.99,33.34,6650137
2017-10-01,33.34,33.39,33.07,33.13,2616426
2017-10-02,33.13,33.28,32.99,33.15,5074485
2017-10-03,33.15,33.23,32.94,33.02,3481104
2017-10-04,33.02,33.46,32.81,33.25,7441220
2017-10-05,33.25,33.83,33.00,33.58,8485699
2017-10-08,33.58,33.65,33.35,33.42,3182441
2017-10-09,33.42,33.64,33.27,33.49,5580829
2017-10-10,33.49,34.14,33.22,33.87,8989506
2017-10-11,33.87,33.87,33.51,33.51,1087482
2017-10-12,33.51,34.08,33.27,33.83,8368587
2017-10-15,33.83,33.87,33.53,33.56,1919238
2017-10-16,33.56,34.15,33.31,33.90,8529561
2017-10-17,33.90,33.97,33.66,33.73,3137825
2017-10-18,33.73,34.08,33.54,33.89,6608230
2017-10-19,33.89,34.02,33.76,33.89,4842009
2017-10-22,33.89,33.90,33.54,33.55,1221879
2017-10-23,33.55,33.60,33.27,33.32,2389814
2017-10-24,33.32,33.33,32.98,33.00,1358161
2017-10-25,33.00,33.26,32.83,33.09,5954080
2017-10-26,33.09,33.69,32.84,33.43,8597325
2017-10-29,33.43,33.45,33.10,33.11,1411351
2017-10-30,33.11,33.24,32.97,33.09,4667764
2017-10-31,33.09,33.21,32.95,33.07,4564094
2017-11-01,33.07,33.62,32.82,33.38,8334910
2017-11-02,33.38,33.99,33.12,33.73,8696262
2017-11-05,33.73,33.75,33.41,33.43,1623456
2017-11-06,33.43,33.44,33.10,33.11,1462174
2017-11-07,33.11,33.30,32.97,33.16,5372908
2017-11-08,33.16,33.23,32.93,33.00,3108744
2017-11-09,33.00,33.53,32.76,33.29,8126474
2017-11-12,33.29,33.57,33.12,33.40,6031035
2017-11-13,33.40,33.51,33.24,33.35,4353292
2017-11-14,33.35,33.83,33.13,33.60,7661145
2017-11-15,33.60,33.88,33.44,33.71,6003978
2017-11-16,33.71,34.32,33.45,34.06,8690432
2017-11-19,34.06,34.14,33.84,33.92,3399519
2017-11-20,33.92,34.53,33.66,34.27,8625068
2017-11-21,34.27,34.36,34.05,34.14,3453497
2017-11-22,34.14,34.50,33.94,34.31,6674931
2017-11-23,34.31,34.31,33.95,33.96,1227640
2017-11-26,33.96,34.49,33.72,34.25,7975823
2017-11-27,34.25,34.38,34.11,34.24,4820713
2017-11-28,34.24,34.32,34.01,34.08,3145027
2017-11-29,34.08,34.10,33.75,33.77,1590740
2017-11-30,33.77,33.78,33.42,33.43,1170198
2017-12-03,33.43,33.45,33.11,33.14,1710562
2017-12-04,33.14,33.22,32.94,33.02,3631584
2017-12-05,33.02,33.42,32.82,33.22,7056721
2017-12-06,33.22,33.77,32.98,33.53,8257578
2017-12-07,33.53,33.54,33.20,33.21,1431687
2017-12-10,33.21,33.24,32.90,32.93,1813614
2017-12-11,32.93,32.97,32.64,32.68,2119410
2017-12-12,32.68,32.99,32.51,32.81,6324382
2017-12-13,32.81,32.94,32.68,32.80,4774211
2017-12-14,32.80,32.86,32.55,32.60,2629389
2017-12-17,32.60,32.82,32.45,32.67,5643004
2017-12-18,32.67,32.74,32.45,32.52,3271844
2017-12-19,32.52,32.68,32.39,32.54,5120850
2017-12-20,32.54,32.60,32.30,32.35,2720884
2017-12-21,32.35,32.94,32.10,32.69,8639849
2017-12-24,32.69,32.82,32.56,32.69,4927126
2017-12-25,32.69,33.31,32.43,33.05,8891358
2017-12-26,33.05,33.59,32.81,33.35,8211556
2017-12-27,33.35,33.55,33.21,33.40,5381550
2017-12-28,33.40,33.48,33.19,33.27,3487757
2017-12-31,33.27,33.46,33.13,33.31,5320301
2018-01-01,33.31,33.34,33.00,33.03,1817455
2018-01-02,33.03,33.28,32.87,33.12,5843415
2018-01-03,33.12,33.19,32.90,32.97,3299417
2018-01-04,32.97,33.19,32.82,33.04,5568175
2018-01-07,33.04,33.11,32.82,32.89,3291666
2018-01-08,32.89,33.09,32.75,32.95,5482235
2018-01-09,32.95,33.04,32.77,32.86,3967043
2018-01-10,32.86,33.27,32.66,33.07,7165843
2018-01-11,33.07,33.49,32.87,33.28,7202091
2018-01-14,33.28,33.85,33.04,33.60,8347393
2018-01-15,33.60,33.73,33.46,33.59,4799279
2018-01-16,33.59,33.69,33.40,33.49,3792318
2018-01-17,33.49,33.77,33.32,33.60,6042558
2018-01-18,33.60,34.06,33.38,33.84,7525308
2018-01-21,33.84,34.19,33.65,34.00,6586248
2018-01-22,34.00,34.58,33.75,34.33,8385871
2018-01-23,34.33,34.39,34.06,34.12,2677263
2018-01-24,34.12,34.19,33.87,33.94,2917215
2018-01-25,33.94,34.00,33.68,33.74,2710665
2018-01-28,33.74,33.76,33.41,33.43,1588477
2018-01-29,33.43,33.53,33.26,33.36,4118552
2018-01-30,33.36,33.93,33.11,33.68,8350274
2018-01-31,33.68,34.15,33.46,33.93,7592283
2018-02-01,33.93,34.14,33.78,33.99,5523593
2018-02-04,33.99,34.11,33.84,33.97,4638031
2018-02-05,33.97,34.50,33.73,34.26,8022016
2018-02-06,34.26,34.31,33.98,34.03,2465672
2018-02-07,34.03,34.10,33.78,33.85,2907270
2018-02-08,33.85,34.15,33.67,33.97,6211008
2018-02-11,33.97,34.28,33.79,34.10,6278120
2018-02-12,34.10,34.44,33.92,34.25,6491323
2018-02-13,34.25,34.47,34.10,34.31,5492592
2018-02-14,34.31,34.42,34.14,34.26,4294272
2018-02-15,34.26,34.32,33.99,34.05,2723525
2018-02-18,34.05,34.06,33.70,33.71,1200102
2018-02-19,33.71,34.22,33.48,33.98,7847462
2018-02-20,33.98,34.05,33.74,33.80,2937208
2018-02-21,33.80,33.93,33.66,33.78,4666872
2018-02-22,33.78,33.89,33.62,33.73,4271021
2018-02-25,33.73,33.78,33.45,33.50,2465706
2018-02-26,33.50,33.58,33.28,33.35,3226234
2018-02-27,33.35,33.48,33.22,33.35,4898285
2018-02-28,33.35,33.47,33.21,33.33,4642352
2018-03-01,33.33,33.88,33.09,33.63,8211522
2018-03-04,33.63,33.79,33.50,33.65,5062585
2018-03-05,33.65,33.78,33.52,33.64,4800480
2018-03-06,33.64,34.04,33.44,33.84,6956069
2018-03-07,33.84,34.38,33.60,34.14,8097256
2018-03-08,34.14,34.45,33.96,34.27,6273422
2018-03-11,34.27,34.33,34.01,34.07,2793209
2018-03-12,34.07,34.08,33.73,33.74,1335631
2018-03-13,33.74,33.85,33.58,33.69,4394513
2018-03-14,33.69,34.10,33.49,33.89,7056275
2018-03-15,33.89,34.00,33.72,33.82,4111042
2018-03-18,33.82,33.87,33.55,33.60,2497085
2018-03-19,33.60,34.01,33.40,33.80,7078600
2018-03-20,33.80,33.90,33.61,33.70,3756824
2018-03-21,33.70,33.80,33.51,33.61,3914471
2018-03-22,33.61,33.91,33.44,33.73,6193518
2018-03-25,33.73,33.82,33.53,33.61,3606310
2018-03-26,33.61,33.71,33.43,33.53,3980006
2018-03-27,33.53,34.02,33.30,33.79,7734362
2018-03-28,33.79,34.19,33.59,33.99,6992832
2018-03-29,33.99,34.27,33.82,34.10,6027023
2018-04-01,34.10,34.51,33.89,34.30,7034465
2018-04-02,34.30,34.31,33.95,33.96,1249725
2018-04-03,33.96,34.15,33.81,34.00,5388854
2018-04-04,34.00,34.46,33.79,34.24,7427160
2018-04-05,34.24,34.48,34.08,34.32,5710322
2018-04-08,34.32,34.52,34.17,34.37,5398834
2018-04-09,34.37,34.48,34.20,34.31,4245781
2018-04-10,34.31,34.81,34.08,34.58,7707956
2018-04-11,34.58,34.59,34.23,34.24,1390294
2018-04-12,34.24,34.89,33.98,34.62,8823662
2018-04-15,34.62,34.67,34.34,34.40,2575960
2018-04-16,34.40,34.52,34.25,34.38,4696570
2018-04-17,34.38,34.98,34.12,34.72,8494135
2018-04-18,34.72,34.74,34.39,34.41,1647668
2018-04-19,34.41,34.47,34.14,34.20,2650994
2018-04-22,34.20,34.55,34.01,34.36,6590534
2018-04-23,34.36,34.93,34.11,34.68,8256412
2018-04-24,34.68,35.04,34.49,34.84,6586899
2018-04-25,34.84,35.18,34.65,34.99,6446193
2018-04-26,34.99,35.02,34.67,34.69,1735528
2018-04-29,34.69,34.79,34.49,34.59,3837620
2018-04-30,34.59,34.67,34.37,34.45,3394444
2018-05-01,34.45,34.47,34.11,34.12,1418347
2018-05-02,34.12,34.37,33.96,34.20,5736488
2018-05-03,34.20,34.84,33.94,34.57,8768621
2018-05-06,34.57,34.63,34.30,34.36,2638203
2018-05-07,34.36,34.84,34.13,34.61,7616838
2018-05-08,34.61,34.65,34.30,34.33,1902057
2018-05-09,34.33,34.96,34.07,34.69,8728429
2018-05-10,34.69,34.83,34.56,34.69,4812002
2018-05-13,34.69,34.73,34.39,34.43,2128086
2018-05-14,34.43,34.84,34.22,34.63,7022359
2018-05-15,34.63,35.26,34.36,34.99,8655315
2018-05-16,34.99,35.12,34.85,34.98,4780041
2018-05-17,34.98,35.64,34.70,35.36,8853326
2018-05-20,35.36,35.71,35.17,35.52,6480109
2018-05-21,35.52,35.70,35.37,35.55,5191255
2018-05-22,35.55,35.57,35.20,35.22,1554663
2018-05-23,35.22,35.24,34.88,34.91,1619718
2018-05-24,34.91,35.28,34.71,35.08,6695061
2018-05-27,35.08,35.20,34.92,35.04,4459705
2018-05-28,35.04,35.24,34.88,35.09,5407475
2018-05-29,35.09,35.22,34.94,35.07,4624794
2018-05-30,35.07,35.20,34.93,35.07,4901783
2018-05-31,35.07,35.24,34.92,35.10,5176714
2018-06-03,35.10,35.14,34.80,34.85,2313786
2018-06-04,34.85,35.16,34.67,34.98,6214231
2018-06-05,34.98,35.09,34.80,34.92,4260768
2018-06-06,34.92,34.99,34.67,34.75,3095370
2018-06-07,34.75,34.84,34.54,34.64,3730384
2018-06-10,34.64,34.91,34.46,34.74,5992969
2018-06-11,34.74,34.79,34.45,34.50,2302880
2018-06-12,34.50,35.14,34.23,34.87,8783573
2018-06-13,34.87,35.11,34.70,34.94,5706652
2018-06-14,34.94,35.02,34.71,34.79,3269650
2018-06-17,34.79,35.43,34.52,35.16,8707133
2018-06-18,35.16,35.54,34.95,35.34,6735150
2018-06-19,35.34,35.35,34.98,34.99,1329012
2018-06-20,34.99,35.38,34.79,35.18,6834396
2018-06-21,35.18,35.30,35.01,35.13,4411796
2018-06-24,35.13,35.66,34.89,35.42,7814300
2018-06-25,35.42,35.77,35.22,35.57,6498696
2018-06-26,35.57,35.61,35.26,35.30,2069924
2018-06-27,35.30,35.34,34.99,35.03,2058847
2018-06-28,35.03,35.10,34.78,34.85,3033367
2018-07-01,34.85,34.92,34.60,34.67,3042866
2018-07-02,34.67,34.75,34.45,34.53,3395987
2018-07-03,34.53,35.04,34.30,34.80,7771742
2018-07-04,34.80,34.86,34.54,34.59,2663957
2018-07-05,34.59,35.02,34.38,34.81,7159053
2018-07-08,34.81,35.36,34.56,35.11,8047153
2018-07-09,35.11,35.23,34.94,35.05,4266529
2018-07-10,35.05,35.69,34.78,35.42,8681378
2018-07-11,35.42,35.87,35.20,35.65,7192935
2018-07-12,35.65,35.72,35.40,35.48,3183916
2018-07-15,35.48,35.56,35.24,35.32,3296296
2018-07-16,35.32,35.95,35.06,35.68,8542421
2018-07-17,35.68,35.74,35.41,35.47,2749451
2018-07-18,35.47,35.52,35.18,35.22,2337139
2018-07-19,35.22,35.70,35.00,35.47,7428943
2018-07-22,35.47,35.80,35.28,35.61,6296467
2018-07-23,35.61,35.61,35.24,35.24,1137242
2018-07-24,35.24,35.68,35.02,35.47,7185836
2018-07-25,35.47,35.47,35.10,35.10,1158299
2018-07-26,35.10,35.17,34.85,34.92,3029938
2018-07-29,34.92,35.00,34.68,34.76,3146433
2018-07-30,34.76,35.13,34.56,34.93,6668278
2018-07-31,34.93,35.01,34.70,34.78,3348559
2018-08-01,34.78,35.15,34.58,34.95,6644067
2018-08-02,34.95,34.99,34.65,34.69,2159739
2018-08-05,34.69,34.89,34.53,34.74,5426440
2018-08-06,34.74,34.89,34.60,34.75,5012071
2018-08-07,34.75,35.16,34.55,34.95,6966015
2018-08-08,34.95,35.08,34.80,34.93,4596913
2018-08-09,34.93,34.95,34.59,34.61,1583779
2018-08-12,34.61,35.20,34.35,34.95,8420438
2018-08-13,34.95,35.06,34.77,34.88,4193312
2018-08-14,34.88,35.38,34.65,35.15,7692524
2018-08-15,35.15,35.18,34.83,34.86,1856344
2018-08-16,34.86,35.34,34.63,35.11,7548971
2018-08-19,35.11,35.17,34.84,34.90,2671639
2018-08-20,34.90,35.26,34.70,35.07,6607064
2018-08-21,35.07,35.10,34.75,34.79,1997222
2018-08-22,34.79,35.05,34.62,34.88,5854458
2018-08-23,34.88,34.92,34.57,34.60,2005932
2018-08-26,34.60,35.00,34.40,34.79,6871399
2018-08-27,34.79,34.92,34.64,34.77,4574314
2018-08-28,34.77,35.23,34.54,35.00,7386282
2018-08-29,35.00,35.02,34.66,34.68,1504835
2018-08-30,34.68,34.72,34.38,34.42,2164540
2018-09-02,34.42,34.46,34.12,34.16,2081447
2018-09-03,34.16,34.33,34.01,34.19,5230864
2018-09-04,34.19,34.22,33.88,33.91,1958470
2018-09-05,33.91,34.12,33.76,33.96,5424759
2018-09-06,33.96,34.16,33.82,34.01,5382818
2018-09-09,34.01,34.45,33.80,34.24,7289437
2018-09-10,34.24,34.37,34.10,34.23,4749554
2018-09-11,34.23,34.41,34.08,34.26,5294032
2018-09-12,34.26,34.48,34.11,34.32,5490775
2018-09-13,34.32,34.40,34.10,34.18,3389163
2018-09-16,34.18,34.75,33.93,34.50,8297839
2018-09-17,34.50,35.03,34.26,34.79,7895816
2018-09-18,34.79,34.92,34.64,34.77,4676920
2018-09-19,34.77,34.79,34.44,34.47,1727572
2018-09-20,34.47,34.50,34.15,34.18,1837894
2018-09-23,34.18,34.28,33.99,34.09,3946159
2018-09-24,34.09,34.23,33.96,34.09,4916563
2018-09-25,34.09,34.45,33.90,34.26,6650342
2018-09-26,34.26,34.38,34.11,34.23,4530212
2018-09-27,34.23,34.40,34.08,34.26,5198148
2018-09-30,34.26,34.28,33.93,33.95,1666495
2018-10-01,33.95,33.98,33.64,33.66,1762414
2018-10-02,33.66,33.92,33.50,33.76,5905658
2018-10-03,33.76,34.06,33.58,33.88,6219684
2018-10-04,33.88,34.28,33.68,34.08,6976097
2018-10-07,34.08,34.13,33.80,33.84,2372427
2018-10-08,33.84,34.33,33.62,34.10,7643244
2018-10-09,34.10,34.57,33.88,34.35,7504595
2018-10-10,34.35,34.62,34.18,34.45,5931790
2018-10-11,34.45,34.46,34.09,34.10,1270507
2018-10-14,34.10,34.47,33.91,34.27,6681241
2018-10-15,34.27,34.37,34.08,34.18,3917078
2018-10-16,34.18,34.52,34.00,34.33,6434807
2018-10-17,34.33,34.84,34.09,34.61,7839368
2018-10-18,34.61,35.10,34.38,34.87,7661625
2018-10-21,34.87,34.92,34.59,34.64,2469478
2018-10-22,34.64,34.96,34.46,34.78,6312311
2018-10-23,34.78,34.90,34.62,34.74,4498765
2018-10-24,34.74,35.38,34.47,35.11,8707853
2018-10-25,35.11,35.32,34.95,35.16,5433401
2018-10-28,35.16,35.41,34.99,35.25,5761831
2018-10-29,35.25,35.37,35.08,35.21,4483264
2018-10-30,35.21,35.83,34.94,35.56,8535973
2018-10-31,35.56,35.95,35.36,35.75,6784156
2018-11-01,35.75,35.75,35.37,35.38,1129046
2018-11-04,35.38,35.45,35.12,35.19,2953360
2018-11-05,35.19,35.26,34.93,35.00,2899074
2018-11-06,35.00,35.03,34.69,34.72,1978532
2018-11-07,34.72,35.27,34.48,35.02,8018895
2018-11-08,35.02,35.23,34.86,35.07,5439917
2018-11-11,35.07,35.12,34.78,34.83,2365054
2018-11-12,34.83,34.90,34.59,34.66,3065912
2018-11-13,34.66,34.68,34.33,34.36,1740020
2018-11-14,34.36,34.59,34.20,34.43,5621947
2018-11-15,34.43,34.89,34.21,34.67,7427743
2018-11-18,34.67,34.74,34.43,34.50,3132716
2018-11-19,34.50,34.92,34.29,34.71,7082544
2018-11-20,34.71,35.31,34.45,35.05,8437722
2018-11-21,35.05,35.20,34.91,35.06,4951337
2018-11-22,35.06,35.10,34.75,34.79,2080178
2018-11-25,34.79,34.80,34.44,34.46,1429183
2018-11-26,34.46,34.51,34.18,34.24,2529218
2018-11-27,34.24,34.27,33.93,33.96,1948182
2018-11-28,33.96,34.20,33.80,34.04,5735459
2018-11-29,34.04,34.47,33.83,34.26,7199691
2018-12-02,34.26,34.29,33.95,33.99,2019890
2018-12-03,33.99,34.61,33.73,34.34,8689883
2018-12-04,34.34,34.66,34.16,34.48,6296090
2018-12-05,34.48,34.71,34.32,34.55,5628635
2018-12-06,34.55,34.78,34.39,34.62,5625788
2018-12-09,34.62,34.69,34.38,34.45,3151748
2018-12-10,34.45,35.01,34.21,34.76,8107750
2018-12-11,34.76,35.29,34.52,35.05,7876508
2018-12-12,35.05,35.05,34.68,34.68,1100000
2018-12-13,34.68,34.81,34.54,34.67,4790569
2018-12-16,34.67,34.74,34.41,34.47,2775377
2018-12-17,34.47,34.56,34.26,34.34,3474176
2018-12-18,34.34,34.75,34.13,34.54,7010425
2018-12-19,34.54,34.56,34.21,34.23,1655727
2018-12-20,34.23,34.46,34.08,34.30,5607613
2018-12-23,34.30,34.34,34.00,34.04,2100651
2018-12-24,34.04,34.55,33.81,34.32,7850891
2018-12-25,34.32,34.38,34.06,34.13,2833641
2018-12-26,34.13,34.14,33.79,33.80,1394581
2018-12-27,33.80,34.42,33.54,34.15,8694204
2018-12-30,34.15,34.49,33.97,34.30,6485596
2018-12-31,34.30,34.87,34.06,34.62,8225548
2019-01-01,34.62,35.10,34.39,34.87,7518998
2019-01-02,34.87,34.97,34.68,34.78,3896810
2019-01-03,34.78,34.81,34.46,34.49,1926886
2019-01-06,34.49,34.99,34.26,34.76,7658607
2019-01-07,34.76,35.09,34.57,34.90,6400617
2019-01-08,34.90,34.93,34.58,34.61,1831927
2019-01-09,34.61,34.73,34.45,34.57,4446364
2019-01-10,34.57,34.58,34.22,34.23,1330349
2019-01-13,34.23,34.31,34.00,34.08,3274005
2019-01-14,34.08,34.09,33.73,33.74,1215603
2019-01-15,33.74,34.27,33.50,34.03,8019341
2019-01-16,34.03,34.05,33.70,33.72,1586454
2019-01-17,33.72,33.73,33.38,33.39,1299657
2019-01-20,33.39,33.63,33.23,33.47,5800925
2019-01-21,33.47,34.01,33.24,33.77,8102606
2019-01-22,33.77,34.30,33.53,34.06,8031858
2019-01-23,34.06,34.34,33.89,34.17,6008436
2019-01-24,34.17,34.21,33.87,33.91,2155795
2019-01-27,33.91,34.54,33.65,34.27,8745541
2019-01-28,34.27,34.37,34.09,34.19,3975205
2019-01-29,34.19,34.26,33.95,34.02,3079355
2019-01-30,34.02,34.39,33.82,34.20,6774039
2019-01-31,34.20,34.26,33.95,34.02,3034567
2019-02-03,34.02,34.32,33.84,34.15,6206618
2019-02-04,34.15,34.35,33.99,34.20,5450685
2019-02-05,34.20,34.54,34.01,34.35,6519855
2019-02-06,34.35,34.74,34.15,34.54,6870919
2019-02-07,34.54,35.10,34.30,34.85,8108813
2019-02-10,34.85,34.88,34.52,34.55,1764403
2019-02-11,34.55,35.14,34.29,34.88,8405589
2019-02-12,34.88,34.92,34.58,34.62,2081755
2019-02-13,34.62,35.17,34.37,34.92,8101543
2019-02-14,34.92,35.22,34.74,35.04,6143964
2019-02-17,35.04,35.42,34.84,35.22,6702846
2019-02-18,35.22,35.36,35.08,35.22,4864609
2019-02-19,35.22,35.30,34.99,35.08,3419375
2019-02-20,35.08,35.09,34.72,34.73,1305418
2019-02-21,34.73,34.82,34.51,34.59,3386934
2019-02-24,34.59,34.68,34.38,34.46,3565157
2019-02-25,34.46,34.64,34.32,34.50,5222805
2019-02-26,34.50,34.91,34.29,34.70,7001851
2019-02-27,34.70,34.73,34.38,34.42,1914643
2019-02-28,34.42,34.67,34.25,34.50,5788340
2019-03-03,34.50,34.57,34.26,34.33,3042695
2019-03-04,34.33,34.35,34.01,34.04,1801165
2019-03-05,34.04,34.36,33.86,34.17,6335356
2019-03-06,34.17,34.24,33.92,33.98,2842798
2019-03-07,33.98,34.33,33.79,34.14,6558058
2019-03-10,34.14,34.18,33.85,33.89,2197187
2019-03-11,33.89,33.91,33.57,33.59,1735493
2019-03-12,33.59,33.68,33.38,33.47,3518655
2019-03-13,33.47,33.59,33.33,33.45,4707167
2019-03-14,33.45,33.52,33.22,33.28,3054115
2019-03-17,33.28,33.38,33.10,33.20,4016289
2019-03-18,33.20,33.21,32.86,32.87,1198628
2019-03-19,32.87,32.91,32.58,32.62,2131995
2019-03-20,32.62,32.70,32.41,32.49,3384293
2019-03-21,32.49,32.55,32.25,32.32,3004903
2019-03-24,32.32,32.36,32.05,32.09,2302469
2019-03-25,32.09,32.22,31.96,32.10,4956001
2019-03-26,32.10,32.29,31.95,32.15,5459327
2019-03-27,32.15,32.52,31.96,32.33,6898868
2019-03-28,32.33,32.42,32.15,32.25,4064746
2019-03-31,32.25,32.35,32.07,32.17,3895233
2019-04-01,32.17,32.24,31.95,32.02,3254526
2019-04-02,32.02,32.12,31.85,31.95,4043861
2019-04-03,31.95,31.97,31.64,31.66,1645953
2019-04-04,31.66,31.72,31.42,31.47,2702777
2019-04-07,31.47,31.99,31.25,31.76,8226680
2019-04-08,31.76,31.80,31.48,31.52,2044821
2019-04-09,31.52,32.08,31.28,31.84,8576954
2019-04-10,31.84,31.93,31.66,31.76,3946536
2019-04-11,31.76,32.30,31.52,32.06,8425171
2019-04-14,32.06,32.59,31.83,32.36,8210390
2019-04-15,32.36,32.41,32.10,32.15,2536762
2019-04-16,32.15,32.67,31.92,32.44,8120336
2019-04-17,32.44,32.57,32.31,32.44,4936419
2019-04-18,32.44,32.87,32.24,32.66,7330692
2019-04-21,32.66,32.77,32.51,32.62,4463648
2019-04-22,32.62,32.66,32.34,32.37,2088374
2019-04-23,32.37,32.59,32.22,32.44,5661659
2019-04-24,32.44,33.05,32.19,32.79,8788443
2019-04-25,32.79,32.86,32.56,32.62,2999588
2019-04-28,32.62,33.24,32.36,32.98,8862997
2019-04-29,32.98,33.55,32.73,33.30,8428052
2019-04-30,33.30,33.37,33.06,33.13,3003395
2019-05-01,33.13,33.24,32.96,33.07,4268038
2019-05-02,33.07,33.43,32.88,33.24,6715809
2019-05-05,33.24,33.44,33.09,33.29,5433127
2019-05-06,33.29,33.36,33.06,33.14,3210116
2019-05-07,33.14,33.53,32.94,33.33,6985048
2019-05-08,33.33,33.55,33.18,33.40,5622119
2019-05-09,33.40,33.40,33.04,33.04,1022565
2019-05-12,33.04,33.16,32.90,33.01,4569101
2019-05-13,33.01,33.39,32.82,33.20,6903703
2019-05-14,33.20,33.20,32.85,32.85,1038717
2019-05-15,32.85,32.91,32.60,32.66,2801303
2019-05-16,32.66,32.78,32.52,32.64,4611213
2019-05-19,32.64,32.97,32.45,32.79,6591906
2019-05-20,32.79,32.93,32.66,32.80,5014986
2019-05-21,32.80,32.84,32.51,32.55,2077983
2019-05-22,32.55,32.69,32.42,32.56,5015466
2019-05-23,32.56,32.89,32.38,32.71,6543484
2019-05-26,32.71,32.76,32.45,32.51,2637345
2019-05-27,32.51,32.97,32.29,32.76,7642729
2019-05-28,32.76,32.81,32.50,32.56,2720130
2019-05-29,32.56,32.58,32.25,32.27,1622633
2019-05-30,32.27,32.29,31.97,32.00,1807030
2019-06-02,32.00,32.12,31.87,32.00,4878257
2019-06-03,32.00,32.04,31.73,31.77,2367181
2019-06-04,31.77,32.13,31.59,31.95,6841700
2019-06-05,31.95,32.49,31.71,32.25,8351200
2019-06-06,32.25,32.78,32.02,32.55,8204320
2019-06-09,32.55,32.58,32.26,32.30,2080075
2019-06-10,32.30,32.86,32.05,32.61,8472290
2019-06-11,32.61,32.94,32.44,32.76,6467386
2019-06-12,32.76,33.13,32.57,32.93,6855486
2019-06-13,32.93,33.52,32.69,33.27,8574862
2019-06-16,33.27,33.85,33.02,33.60,8489711
2019-06-17,33.60,34.19,33.35,33.93,8501268
2019-06-18,33.93,34.04,33.75,33.85,3992249
2019-06-19,33.85,33.87,33.53,33.55,1604629
2019-06-20,33.55,33.59,33.27,33.31,2350754
2019-06-23,33.31,33.59,33.14,33.42,6057784
2019-06-24,33.42,33.58,33.28,33.45,5145473
2019-06-25,33.45,33.94,33.22,33.71,7737277
2019-06-26,33.71,33.75,33.41,33.45,2104801
2019-06-27,33.45,33.78,33.27,33.60,6445576
2019-06-30,33.60,33.70,33.41,33.51,3994170
2019-07-01,33.51,33.60,33.30,33.38,3466632
2019-07-02,33.38,34.01,33.12,33.75,8838271
2019-07-03,33.75,33.80,33.47,33.52,2454766
2019-07-04,33.52,33.73,33.37,33.58,5476611
2019-07-07,33.58,34.06,33.35,33.83,7656893
2019-07-08,33.83,34.16,33.65,33.98,6452400
2019-07-09,33.98,34.06,33.76,33.85,3468072
2019-07-10,33.85,34.15,33.67,33.97,6234773
2019-07-11,33.97,34.05,33.75,33.83,3320404
2019-07-14,33.83,34.46,33.56,34.19,8774348
2019-07-15,34.19,34.71,33.95,34.47,7905246
2019-07-16,34.47,34.59,34.31,34.43,4392112
2019-07-17,34.43,35.06,34.16,34.79,8728772
2019-07-18,34.79,35.34,34.55,35.09,8001646
2019-07-21,35.09,35.24,34.95,35.10,5000857
2019-07-22,35.10,35.47,34.90,35.28,6664677
2019-07-23,35.28,35.31,34.95,34.98,1857304
2019-07-24,34.98,35.59,34.72,35.33,8479972
2019-07-25,35.33,35.60,35.15,35.43,5915397
2019-07-28,35.43,36.09,35.15,35.81,8805555
2019-07-29,35.81,35.85,35.50,35.54,2162791
2019-07-30,35.54,35.57,35.22,35.24,1814266
2019-07-31,35.24,35.82,34.99,35.56,8179732
2019-08-01,35.56,35.77,35.41,35.61,5382647
2019-08-04,35.61,35.86,35.45,35.69,5694615
2019-08-05,35.69,35.78,35.46,35.54,3313168
2019-08-06,35.54,35.76,35.38,35.60,5472873
2019-08-07,35.60,35.74,35.46,35.60,4889780
2019-08-08,35.60,35.82,35.44,35.66,5539197
2019-08-11,35.66,35.92,35.49,35.75,5766803
2019-08-12,35.75,35.81,35.48,35.54,2733093
2019-08-13,35.54,35.58,35.23,35.28,2191152
2019-08-14,35.28,35.30,34.94,34.96,1597770
2019-08-15,34.96,35.01,34.68,34.73,2557887
2019-08-18,34.73,34.86,34.58,34.71,4602366
2019-08-19,34.71,34.82,34.54,34.65,4299108
2019-08-20,34.65,35.15,34.42,34.92,7697496
2019-08-21,34.92,35.48,34.67,35.23,8106172
2019-08-22,35.23,35.24,34.87,34.87,1204149
2019-08-25,34.87,35.09,34.72,34.93,5485253
2019-08-26,34.93,35.48,34.69,35.24,8035905
2019-08-27,35.24,35.33,35.02,35.12,3646227
2019-08-28,35.12,35.57,34.90,35.35,7254492
2019-08-29,35.35,35.86,35.11,35.62,7724897
2019-09-01,35.62,36.04,35.41,35.83,6958676
2019-09-02,35.83,36.43,35.56,36.17,8338545
2019-09-03,36.17,36.22,35.88,35.93,2506481
2019-09-04,35.93,36.29,35.73,36.09,6474828
2019-09-05,36.09,36.20,35.90,36.01,4070747
2019-09-08,36.01,36.10,35.79,35.89,3713991
2019-09-09,35.89,36.12,35.73,35.96,5528017
2019-09-10,35.96,36.22,35.78,36.05,5784430
2019-09-11,36.05,36.43,35.84,36.22,6680761
2019-09-12,36.22,36.72,35.99,36.48,7451577
2019-09-15,36.48,37.16,36.19,36.87,8812928
2019-09-16,36.87,37.28,36.66,37.06,6740123
2019-09-17,37.06,37.58,36.82,37.34,7578840
2019-09-18,37.34,37.99,37.06,37.71,8489574
2019-09-19,37.71,38.19,37.47,37.95,7225411
2019-09-22,37.95,37.96,37.56,37.57,1243141
2019-09-23,37.57,38.18,37.30,37.91,8147702
2019-09-24,37.91,38.00,37.67,37.76,3469958
2019-09-25,37.76,38.32,37.51,38.06,7777812
2019-09-26,38.06,38.14,37.80,37.88,3120644
2019-09-29,37.88,38.30,37.66,38.08,6807098
2019-09-30,38.08,38.46,37.87,38.25,6516186
2019-10-01,38.25,38.39,38.09,38.24,4741735
2019-10-02,38.24,38.37,38.07,38.20,4570164
2019-10-03,38.20,38.92,37.91,38.62,8791598
2019-10-06,38.62,39.27,38.33,38.98,8344307
2019-10-07,38.98,39.61,38.71,39.33,8092489
2019-10-08,39.33,39.36,38.97,39.01,1937379
2019-10-09,39.01,39.02,38.61,38.62,1261694
2019-10-10,38.62,38.76,38.46,38.60,4707407
2019-10-13,38.60,38.81,38.44,38.65,5286865
2019-10-14,38.65,38.72,38.36,38.43,2827229
2019-10-15,38.43,38.70,38.25,38.52,5748251
2019-10-16,38.52,38.86,38.32,38.66,6173388
2019-10-17,38.66,39.32,38.37,39.03,8374245
2019-10-20,39.03,39.42,38.81,39.21,6548353
2019-10-21,39.21,39.81,38.94,39.54,7930281
2019-10-22,39.54,39.74,39.37,39.58,5236076
2019-10-23,39.58,39.63,39.25,39.31,2441049
2019-10-24,39.31,39.61,39.12,39.42,5890877
2019-10-27,39.42,39.57,39.26,39.40,4746056
2019-10-28,39.40,39.55,39.24,39.39,4759670
2019-10-29,39.39,39.49,39.14,39.23,3388511
2019-10-30,39.23,39.28,38.90,38.94,2237517
2019-10-31,38.94,39.68,38.64,39.37,8837551
2019-11-03,39.37,39.48,39.14,39.25,3756515
2019-11-04,39.25,39.25,38.83,38.83,1043792
2019-11-05,38.83,38.87,38.49,38.53,2008024
2019-11-06,38.53,38.58,38.20,38.26,2328223
2019-11-07,38.26,38.39,38.08,38.22,4498216
2019-11-10,38.22,38.32,37.98,38.08,3604423
2019-11-11,38.08,38.14,37.77,37.83,2436968
2019-11-12,37.83,38.41,37.56,38.14,7934122
2019-11-13,38.14,38.88,37.84,38.57,8960082
2019-11-14,38.57,39.09,38.32,38.84,7416083
2019-11-17,38.84,39.26,38.62,39.03,6684842
2019-11-18,39.03,39.26,38.86,39.09,5408333
2019-11-19,39.09,39.23,38.92,39.06,4598902
2019-11-20,39.06,39.18,38.85,38.97,4083710
2019-11-21,38.97,39.10,38.78,38.91,4282510
2019-11-24,38.91,39.13,38.74,38.96,5318758
2019-11-25,38.96,39.05,38.71,38.81,3464060
2019-11-26,38.81,39.55,38.50,39.24,8915946
2019-11-27,39.24,39.39,39.08,39.24,4908984
2019-11-28,39.24,39.88,38.96,39.59,8159224
2019-12-01,39.59,40.01,39.37,39.78,6641975
2019-12-02,39.78,40.21,39.56,39.98,6702914
2019-12-03,39.98,40.23,39.80,40.05,5502537
2019-12-04,40.05,40.80,39.74,40.48,8793930
2019-12-05,40.48,40.82,40.28,40.61,6033882
2019-12-08,40.61,41.07,40.38,40.83,6827331
2019-12-09,40.83,40.90,40.52,40.59,2705144
2019-12-10,40.59,40.95,40.37,40.74,6235219
2019-12-11,40.74,41.29,40.47,41.03,7466941
2019-12-12,41.03,41.62,40.75,41.35,7708950
2019-12-15,41.35,41.41,41.02,41.09,2640260
2019-12-16,41.09,41.16,40.78,40.85,2754698
2019-12-17,40.85,40.94,40.57,40.66,3138683
2019-12-18,40.66,41.07,40.43,40.85,6582338
2019-12-19,40.85,40.97,40.63,40.75,4023936
2019-12-22,40.75,41.44,40.45,41.14,8327674
2019-12-23,41.14,41.38,40.96,41.19,5394787
2019-12-24,41.19,41.62,40.96,41.39,6607990
2019-12-25,41.39,41.46,41.07,41.13,2609259
2019-12-26,41.13,41.19,40.79,40.85,2410939
2019-12-29,40.85,41.16,40.65,40.96,5840192
2019-12-30,40.96,41.19,40.78,41.01,5316769
2019-12-31,41.01,41.80,40.68,41.47,8964128
2020-01-01,41.47,41.66,41.30,41.49,5053875
2020-01-02,41.49,41.61,41.25,41.36,3783539
2020-01-05,41.36,41.50,41.17,41.31,4387688
2020-01-06,41.31,41.89,41.04,41.62,7582373
2020-01-07,41.62,41.63,41.20,41.21,1342901
2020-01-08,41.21,41.86,40.92,41.57,8014951
2020-01-09,41.57,42.34,41.24,42.01,8759019
2020-01-12,42.01,42.02,41.59,41.60,1328189
2020-01-13,41.60,42.12,41.34,41.86,7179252
2020-01-14,41.86,41.98,41.63,41.75,3917146
2020-01-15,41.75,42.26,41.50,42.00,7072736
2020-01-16,42.00,42.22,41.83,42.04,5213923
2020-01-19,42.04,42.18,41.84,41.99,4390089
2020-01-20,41.99,42.31,41.78,42.10,5909876
2020-01-21,42.10,42.36,41.92,42.17,5452297
2020-01-22,42.17,42.43,41.98,42.24,5511179
2020-01-23,42.24,42.25,41.81,41.81,1172942
2020-01-26,41.81,41.91,41.53,41.62,3227709
2020-01-27,41.62,41.69,41.30,41.36,2613751
2020-01-28,41.36,41.50,41.15,41.29,4195267
2020-01-29,41.29,41.32,40.91,40.94,1873491
2020-01-30,40.94,41.43,40.70,41.19,7031138
2020-02-02,41.19,41.24,40.84,40.90,2310185
2020-02-03,40.90,41.05,40.73,40.88,4722976
2020-02-04,40.88,41.22,40.67,41.01,6096673
2020-02-05,41.01,41.48,40.77,41.24,6851028
2020-02-06,41.24,41.74,40.98,41.49,7109499
2020-02-09,41.49,41.58,41.20,41.29,3143689
2020-02-10,41.29,41.49,41.12,41.32,5151131
2020-02-11,41.32,41.46,41.12,41.26,4366392
2020-02-12,41.26,41.28,40.86,40.88,1505521
2020-02-13,40.88,41.60,40.57,41.29,8543827
2020-02-16,41.29,41.91,41.01,41.63,7826989
2020-02-17,41.63,41.77,41.44,41.59,4515500
2020-02-18,41.59,41.73,41.39,41.53,4362448
2020-02-19,41.53,41.69,41.36,41.52,4824622
2020-02-20,41.52,42.09,41.25,41.82,7506961
2020-02-23,41.82,41.94,41.59,41.71,3940329
2020-02-24,41.71,42.16,41.47,41.92,6692626
2020-02-25,41.92,42.23,41.72,42.03,5813237
2020-02-26,42.03,42.10,41.70,41.77,2610802
2020-02-27,41.77,42.54,41.44,42.21,8764334
2020-03-01,42.21,42.29,41.89,41.97,2767661
2020-03-02,41.97,42.08,41.72,41.83,3707201
2020-03-03,41.83,42.23,41.61,42.00,6373079
2020-03-04,42.00,42.03,41.61,41.64,1703566
2020-03-05,41.64,41.70,41.31,41.37,2562860
2020-03-08,41.37,41.45,41.06,41.14,2852194
2020-03-09,41.14,41.47,40.94,41.26,5954286
2020-03-10,41.26,41.32,40.93,40.99,2511111
2020-03-11,40.99,41.01,40.59,40.62,1535013
2020-03-12,40.62,40.69,40.31,40.39,2853155
2020-03-15,40.39,40.85,40.15,40.61,6885288
2020-03-16,40.61,40.90,40.42,40.71,5754869
2020-03-17,40.71,40.82,40.47,40.58,3733504
2020-03-18,40.58,40.66,40.29,40.37,3018724
2020-03-19,40.37,40.45,40.07,40.15,2845096
2020-03-22,40.15,40.27,39.93,40.04,3928669
2020-03-23,40.04,40.09,39.70,39.75,2244753
2020-03-24,39.75,39.88,39.55,39.67,4139026
2020-03-25,39.67,40.11,39.44,39.88,6771982
2020-03-26,39.88,40.49,39.60,40.21,7896707
2020-03-29,40.21,40.38,40.05,40.22,4969993
2020-03-30,40.22,40.79,39.95,40.52,7596776
2020-03-31,40.52,41.05,40.26,40.79,7307921
2020-04-01,40.79,41.53,40.48,41.21,8671330
2020-04-02,41.21,41.25,40.83,40.86,1736385
2020-04-05,40.86,40.97,40.62,40.74,3811728
2020-04-06,40.74,40.80,40.42,40.48,2576371
2020-04-07,40.48,41.19,40.18,40.89,8524142
2020-04-08,40.89,41.64,40.57,41.32,8741460
2020-04-09,41.32,41.66,41.11,41.45,6018449
2020-04-12,41.45,41.99,41.19,41.72,7293381
2020-04-13,41.72,41.74,41.31,41.33,1430452
2020-04-14,41.33,41.71,41.11,41.49,6330898
2020-04-15,41.49,41.51,41.08,41.09,1377434
2020-04-16,41.09,41.10,40.67,40.68,1212037
2020-04-19,40.68,41.14,40.44,40.90,6847050
2020-04-20,40.90,40.94,40.54,40.59,2109636
2020-04-21,40.59,40.69,40.33,40.42,3419547
2020-04-22,40.42,40.50,40.13,40.20,2900240
2020-04-23,40.20,40.36,40.04,40.20,4823319
2020-04-26,40.20,40.29,39.94,40.03,3386316
2020-04-27,40.03,40.33,39.84,40.14,5823799
2020-04-28,40.14,40.29,39.98,40.13,4851817
2020-04-29,40.13,40.27,39.95,40.09,4445679
2020-04-30,40.09,40.16,39.80,39.87,2951063
2020-05-03,39.87,40.13,39.69,39.94,5528463
2020-05-04,39.94,39.98,39.58,39.62,1930967
2020-05-05,39.62,39.88,39.44,39.70,5615363
2020-05-06,39.70,39.75,39.36,39.41,2186591
2020-05-07,39.41,39.90,39.16,39.66,7175514
2020-05-10,39.66,39.66,39.24,39.25,1150034
2020-05-11,39.25,39.59,39.05,39.39,6159533
2020-05-12,39.39,39.93,39.13,39.67,7512654
2020-05-13,39.67,40.43,39.36,40.11,8888408
2020-05-14,40.11,40.26,39.95,40.10,4780624
2020-05-17,40.10,40.46,39.89,40.25,6275720
2020-05-18,40.25,40.91,39.96,40.62,8163820
2020-05-19,40.62,40.63,40.21,40.23,1383196
2020-05-20,40.23,40.67,39.99,40.44,6798045
2020-05-21,40.44,40.49,40.10,40.15,2309602
2020-05-24,40.15,40.67,39.90,40.42,7300582
2020-05-25,40.42,40.56,40.23,40.37,4412962
2020-05-26,40.37,40.43,40.05,40.12,2659087
2020-05-27,40.12,40.16,39.75,39.79,1866117
2020-05-28,39.79,39.85,39.47,39.52,2453806
2020-05-31,39.52,39.66,39.35,39.49,4545610
2020-06-01,39.49,39.62,39.30,39.44,4413134
2020-06-02,39.44,39.56,39.24,39.37,4253909
2020-06-03,39.37,39.46,39.11,39.20,3302503
2020-06-04,39.20,39.25,38.87,38.92,2274965
2020-06-07,38.92,39.11,38.75,38.94,5146604
2020-06-08,38.94,38.99,38.62,38.66,2263100
2020-06-09,38.66,39.09,38.44,38.87,6784945
2020-06-10,38.87,39.54,38.58,39.25,8465226
2020-06-11,39.25,39.40,39.09,39.24,4760733
2020-06-14,39.24,39.45,39.07,39.28,5276406
2020-06-15,39.28,39.30,38.90,38.92,1543106
2020-06-16,38.92,39.25,38.72,39.05,6128737
2020-06-17,39.05,39.06,38.64,38.65,1082681
2020-06-18,38.65,38.75,38.42,38.52,3713580
2020-06-21,38.52,38.55,38.16,38.18,1700445
2020-06-22,38.18,38.43,38.01,38.25,5537105
2020-06-23,38.25,38.30,37.93,37.98,2309979
2020-06-24,37.98,38.05,37.70,37.77,2809190
2020-06-25,37.77,38.07,37.58,37.88,5973010
2020-06-28,37.88,38.57,37.59,38.27,8665637
2020-06-29,38.27,38.42,38.12,38.27,4788305
2020-06-30,38.27,38.54,38.08,38.35,5723731
2020-07-01,38.35,38.40,38.02,38.06,2113888
2020-07-02,38.06,38.14,37.79,37.86,2971124
2020-07-05,37.86,38.47,37.59,38.20,8122599
2020-07-06,38.20,38.24,37.86,37.90,1988065
2020-07-07,37.90,38.59,37.60,38.29,8690980
2020-07-08,38.29,38.97,38.01,38.67,8502949
2020-07-09,38.67,38.78,38.44,38.54,3621502
2020-07-12,38.54,38.55,38.15,38.16,1281207
2020-07-13,38.16,38.21,37.83,37.88,2198113
2020-07-14,37.88,37.93,37.56,37.61,2347530
2020-07-15,37.61,38.21,37.35,37.94,8075137
2020-07-16,37.94,38.62,37.66,38.33,8541426
2020-07-19,38.33,38.35,37.95,37.97,1499485
2020-07-20,37.97,38.62,37.69,38.34,8406104
2020-07-21,38.34,38.77,38.11,38.55,6866220
2020-07-22,38.55,38.68,38.37,38.50,4410699
2020-07-23,38.50,38.75,38.32,38.58,5607441
2020-07-26,38.58,39.25,38.29,38.96,8505829
2020-07-27,38.96,39.34,38.75,39.12,6414506
2020-07-28,39.12,39.20,38.85,38.92,3012482
2020-07-29,38.92,39.65,38.62,39.34,8793587
2020-07-30,39.34,39.42,39.05,39.12,2844238
2020-08-02,39.12,39.24,38.91,39.02,3954561
2020-08-03,39.02,39.10,38.75,38.83,3062825
2020-08-04,38.83,39.00,38.67,38.84,5033230
2020-08-05,38.84,38.95,38.62,38.73,3767009
2020-08-06,38.73,38.79,38.42,38.49,2646879
2020-08-09,38.49,39.14,38.21,38.85,8314814
2020-08-10,38.85,39.13,38.67,38.95,5783161
2020-08-11,38.95,39.02,38.66,38.73,2879080
2020-08-12,38.73,39.34,38.46,39.07,8022325
2020-08-13,39.07,39.29,38.90,39.12,5336351
2020-08-16,39.12,39.59,38.88,39.35,7092764
2020-08-17,39.35,39.89,39.10,39.64,7489094
2020-08-18,39.64,39.92,39.45,39.73,5759910
2020-08-19,39.73,39.80,39.42,39.49,2621262
2020-08-20,39.49,39.53,39.14,39.18,2048456
2020-08-23,39.18,39.23,38.86,38.91,2387174
2020-08-24,38.91,39.64,38.61,39.33,8797908
2020-08-25,39.33,39.41,39.05,39.13,3033744
2020-08-26,39.13,39.53,38.91,39.31,6551474
2020-08-27,39.31,39.47,39.15,39.32,4956035
2020-08-30,39.32,39.60,39.13,39.42,5778292
2020-08-31,39.42,39.67,39.23,39.49,5586145
2020-09-01,39.49,39.55,39.17,39.23,2428978
2020-09-02,39.23,39.49,39.04,39.30,5615432
2020-09-03,39.30,39.38,39.01,39.08,2824519
2020-09-06,39.08,39.22,38.91,39.05,4550068
2020-09-07,39.05,39.35,38.86,39.15,5878497
2020-09-08,39.15,39.18,38.78,38.80,1599931
2020-09-09,38.80,39.21,38.58,38.99,6652640
2020-09-10,38.99,39.03,38.64,38.67,1900823
2020-09-13,38.67,38.87,38.51,38.71,5245713
2020-09-14,38.71,38.83,38.50,38.62,4070027
2020-09-15,38.62,38.79,38.47,38.64,5015740
2020-09-16,38.64,38.64,38.23,38.24,1095198
2020-09-17,38.24,38.85,37.96,38.58,8135562
2020-09-20,38.58,38.64,38.27,38.33,2556584
2020-09-21,38.33,39.00,38.04,38.71,8481721
2020-09-22,38.71,39.05,38.51,38.85,6182578
2020-09-23,38.85,39.14,38.66,38.95,5856687
2020-09-24,38.95,39.38,38.73,39.15,6738614
2020-09-27,39.15,39.17,38.77,38.79,1544410
2020-09-28,38.79,38.84,38.47,38.51,2249382
2020-09-29,38.51,39.00,38.27,38.76,7199211
2020-09-30,38.76,39.01,38.58,38.83,5554389
2020-10-01,38.83,38.91,38.56,38.64,3068004
2020-10-04,38.64,38.83,38.48,38.67,5196844
2020-10-05,38.67,38.92,38.50,38.74,5545850
2020-10-06,38.74,38.84,38.51,38.61,3645884
2020-10-07,38.61,38.73,38.41,38.52,4064849
2020-10-08,38.52,38.67,38.37,38.52,4852126
2020-10-11,38.52,39.02,38.28,38.78,7316358
2020-10-12,38.78,39.26,38.54,39.02,7136556
2020-10-13,39.02,39.45,38.79,39.23,6806550
2020-10-14,39.23,39.24,38.84,38.85,1412757
2020-10-15,38.85,38.88,38.49,38.52,1745301
2020-10-18,38.52,38.94,38.30,38.71,6742455
2020-10-19,38.71,38.92,38.55,38.76,5268415
2020-10-20,38.76,39.25,38.51,39.01,7224417
2020-10-21,39.01,39.62,38.73,39.34,7993175
2020-10-22,39.34,39.69,39.13,39.48,6216666
2020-10-25,39.48,39.56,39.20,39.27,2907235
2020-10-26,39.27,39.57,39.08,39.38,5892043
2020-10-27,39.38,39.93,39.12,39.67,7590843
2020-10-28,39.67,40.31,39.39,40.03,8127091
2020-10-29,40.03,40.14,39.79,39.91,3772393
2020-11-01,39.91,40.05,39.74,39.89,4724279
2020-11-02,39.89,39.94,39.55,39.60,2217318
2020-11-03,39.60,39.76,39.44,39.61,4967558
2020-11-04,39.61,40.37,39.29,40.05,8950308
2020-11-05,40.05,40.19,39.87,40.01,4511248
2020-11-08,40.01,40.16,39.85,40.00,4810871
2020-11-09,40.00,40.57,39.74,40.30,7602263
2020-11-10,40.30,40.35,39.97,40.02,2342215
2020-11-11,40.02,40.44,39.79,40.21,6635665
2020-11-12,40.21,40.33,40.00,40.12,4013477
2020-11-15,40.12,40.60,39.87,40.36,7043552
2020-11-16,40.36,40.65,40.16,40.45,5775274
2020-11-17,40.45,40.48,40.06,40.08,1517283
2020-11-18,40.08,40.40,39.88,40.20,5948593
2020-11-19,40.20,40.46,40.01,40.27,5563031
2020-11-22,40.27,40.37,40.02,40.12,3447016
2020-11-23,40.12,40.17,39.79,39.84,2390672
2020-11-24,39.84,39.85,39.44,39.45,1332270
2020-11-25,39.45,39.64,39.29,39.48,5136008
2020-11-26,39.48,40.05,39.22,39.79,7703120
2020-11-29,39.79,39.92,39.60,39.74,4416323
2020-11-30,39.74,39.77,39.38,39.41,1917592
2020-12-01,39.41,39.42,39.01,39.01,1219272
2020-12-02,39.01,39.06,38.68,38.72,2148525
2020-12-03,38.72,38.91,38.56,38.75,5125102
2020-12-06,38.75,38.80,38.42,38.47,2272462
2020-12-07,38.47,38.76,38.28,38.57,5862208
2020-12-08,38.57,38.62,38.24,38.28,2091872
2020-12-09,38.28,38.62,38.08,38.42,6196021
2020-12-10,38.42,38.49,38.13,38.21,2890706
2020-12-13,38.21,38.33,38.01,38.13,4151234
2020-12-14,38.13,38.77,37.85,38.49,8323285
2020-12-15,38.49,38.63,38.32,38.46,4567352
2020-12-16,38.46,38.86,38.24,38.64,6636522
2020-12-17,38.64,38.76,38.43,38.55,3987585
2020-12-20,38.55,38.89,38.35,38.69,6225480
2020-12-21,38.69,38.84,38.54,38.69,4881069
2020-12-22,38.69,38.83,38.52,38.65,4522256
2020-12-23,38.65,38.74,38.39,38.47,3198422
2020-12-24,38.47,38.52,38.15,38.19,2218209
2020-12-27,38.19,38.40,38.03,38.23,5260631
2020-12-28,38.23,38.66,38.01,38.44,6819513
2020-12-29,38.44,38.47,38.09,38.13,1981275
2020-12-30,38.13,38.15,37.76,37.78,1536042
2020-12-31,37.78,37.91,37.60,37.73,4422085
2021-01-03,37.73,38.25,37.49,38.00,7503600
2021-01-04,38.00,38.14,37.84,37.98,4681824
2021-01-05,37.98,38.48,37.74,38.24,7339471
2021-01-06,38.24,38.57,38.05,38.37,6118518
2021-01-07,38.37,38.41,38.03,38.07,2031310
2021-01-10,38.07,38.14,37.79,37.86,2905006
2021-01-11,37.86,37.87,37.47,37.48,1159362
2021-01-12,37.48,37.63,37.33,37.48,4917832
2021-01-13,37.48,37.53,37.18,37.23,2452023
2021-01-14,37.23,37.34,37.03,37.14,3959465
2021-01-17,37.14,37.81,36.85,37.52,8674725
2021-01-18,37.52,37.54,37.14,37.16,1313854
2021-01-19,37.16,37.19,36.81,36.85,1852160
2021-01-20,36.85,37.51,36.56,37.23,8635322
2021-01-21,37.23,37.29,36.95,37.02,2823834
2021-01-24,37.02,37.34,36.82,37.15,6170781
2021-01-25,37.15,37.75,36.88,37.48,8132956
2021-01-26,37.48,37.53,37.17,37.22,2315294
2021-01-27,37.22,37.34,37.03,37.15,4248662
2021-01-28,37.15,37.21,36.85,36.91,2500960
2021-01-31,36.91,36.99,36.65,36.73,3121570
2021-02-01,36.73,37.22,36.49,36.99,7419135
2021-02-02,36.99,37.06,36.73,36.80,3072668
2021-02-03,36.80,37.46,36.52,37.18,8575994
2021-02-04,37.18,37.25,36.91,36.99,3015534
2021-02-07,36.99,37.17,36.83,37.02,5181412
2021-02-08,37.02,37.32,36.83,37.13,6011899
2021-02-09,37.13,37.18,36.82,36.88,2371193
2021-02-10,36.88,36.99,36.69,36.80,4160528
2021-02-11,36.80,37.21,36.59,36.99,6762620
2021-02-14,36.99,37.69,36.70,37.39,8819444
2021-02-15,37.39,37.48,37.15,37.24,3343347
2021-02-16,37.24,37.56,37.04,37.37,6161488
2021-02-17,37.37,37.39,37.01,37.04,1693621
2021-02-18,37.04,37.35,36.85,37.16,6063203
2021-02-21,37.16,37.68,36.92,37.43,7541838
2021-02-22,37.43,38.06,37.16,37.79,8327057
2021-02-23,37.79,38.33,37.54,38.07,7653429
2021-02-24,38.07,38.42,37.88,38.22,6237002
2021-02-25,38.22,38.82,37.95,38.55,8053086
2021-02-28,38.55,38.64,38.30,38.40,3447359
2021-03-01,38.40,38.65,38.22,38.47,5580315
2021-03-02,38.47,38.60,38.28,38.40,4205041
2021-03-03,38.40,38.55,38.25,38.39,4778326
2021-03-04,38.39,39.12,38.09,38.82,8905109
2021-03-07,38.82,39.44,38.54,39.16,8116255
2021-03-08,39.16,39.62,38.93,39.39,6979663
2021-03-09,39.39,39.49,39.14,39.24,3544718
2021-03-10,39.24,39.73,39.00,39.48,7120061
2021-03-11,39.48,39.71,39.31,39.54,5384705
2021-03-14,39.54,40.28,39.23,39.97,8832475
2021-03-15,39.97,40.11,39.79,39.93,4549794
2021-03-16,39.93,40.03,39.67,39.76,3326783
2021-03-17,39.76,39.88,39.55,39.68,4101714
2021-03-18,39.68,39.79,39.44,39.55,3738786
2021-03-21,39.55,39.68,39.35,39.47,4139231
2021-03-22,39.47,40.19,39.17,39.88,8685768
2021-03-23,39.88,40.51,39.60,40.23,8020370
2021-03-24,40.23,40.32,39.95,40.04,3155384
2021-03-25,40.04,40.07,39.68,39.71,1917969
2021-03-28,39.71,39.86,39.55,39.70,4727880
2021-03-29,39.70,39.80,39.46,39.57,3708573
2021-03-30,39.57,39.65,39.29,39.38,3131652
2021-03-31,39.38,39.58,39.21,39.41,5194650
2021-04-01,39.41,39.42,39.00,39.01,1132133
2021-04-04,39.01,39.57,38.75,39.30,7660150
2021-04-05,39.30,39.45,39.14,39.29,4754012
2021-04-06,39.29,39.72,39.06,39.49,6759396
2021-04-07,39.49,39.57,39.20,39.27,2836796
2021-04-08,39.27,39.70,39.05,39.47,6739300
2021-04-11,39.47,40.08,39.20,39.80,7923696
2021-04-12,39.80,40.42,39.52,40.14,7994924
2021-04-13,40.14,40.54,39.92,40.32,6483847
2021-04-14,40.32,40.94,40.04,40.66,7958367
2021-04-15,40.66,40.72,40.33,40.39,2467866
2021-04-18,40.39,40.92,40.14,40.66,7320987
2021-04-19,40.66,40.71,40.31,40.36,2196742
2021-04-20,40.36,40.63,40.18,40.44,5588957
2021-04-21,40.44,40.59,40.26,40.41,4584053
2021-04-22,40.41,40.45,40.05,40.09,1972153
2021-04-25,40.09,40.23,39.92,40.06,4691529
2021-04-26,40.06,40.09,39.68,39.70,1606378
2021-04-27,39.70,39.77,39.39,39.46,2617935
2021-04-28,39.46,39.54,39.18,39.26,3108916
2021-04-29,39.26,39.29,38.90,38.92,1721296
2021-05-02,38.92,39.45,38.67,39.20,7467421
2021-05-03,39.20,39.33,39.00,39.12,4174451
2021-05-04,39.12,39.78,38.84,39.49,8262139
2021-05-05,39.49,39.60,39.26,39.38,3853943
2021-05-06,39.38,39.46,39.11,39.20,3221467
2021-05-09,39.20,39.89,38.90,39.59,8562242
2021-05-10,39.59,39.68,39.32,39.40,3110836
2021-05-11,39.40,39.50,39.16,39.26,3583299
2021-05-12,39.26,39.57,39.07,39.38,5954938
2021-05-13,39.38,40.08,39.08,39.78,8571433
2021-05-16,39.78,40.49,39.48,40.18,8593278
2021-05-17,40.18,40.29,39.95,40.06,3773559
2021-05-18,40.06,40.62,39.80,40.36,7569067
2021-05-19,40.36,40.62,40.17,40.44,5584739
2021-05-20,40.44,40.66,40.26,40.49,5351440
2021-05-23,40.49,40.59,40.23,40.33,3437071
2021-05-24,40.33,40.64,40.13,40.44,5891015
2021-05-25,40.44,40.77,40.24,40.57,6021913
2021-05-26,40.57,41.13,40.30,40.86,7508779
2021-05-27,40.86,41.02,40.70,40.86,4845438
2021-05-30,40.86,40.86,40.43,40.43,1118312
2021-05-31,40.43,40.93,40.19,40.68,7117524
2021-06-01,40.68,40.98,40.49,40.78,5781344
2021-06-02,40.78,40.82,40.42,40.46,1973971
2021-06-03,40.46,40.72,40.27,40.54,5596639
2021-06-06,40.54,40.66,40.32,40.44,4032064
2021-06-07,40.44,40.56,40.22,40.34,3922222
2021-06-08,40.34,40.70,40.12,40.49,6279458
2021-06-09,40.49,40.57,40.20,40.27,2930932
2021-06-10,40.27,40.33,39.94,39.99,2296399
2021-06-13,39.99,40.13,39.81,39.95,4499314
2021-06-14,39.95,40.24,39.75,40.05,5811282
2021-06-15,40.05,40.74,39.75,40.44,8429835
2021-06-16,40.44,40.54,40.19,40.30,3589540
2021-06-17,40.30,40.93,40.01,40.64,8006447
2021-06-20,40.64,40.67,40.26,40.28,1655864
2021-06-21,40.28,40.74,40.04,40.50,6883470
2021-06-22,40.50,40.66,40.34,40.50,4849759
2021-06-23,40.50,40.51,40.09,40.10,1307818
2021-06-24,40.10,40.13,39.72,39.75,1714437
2021-06-27,39.75,40.33,39.49,40.06,7674554
2021-06-28,40.06,40.13,39.75,39.82,2719032
2021-06-29,39.82,40.36,39.57,40.10,7415775
2021-06-30,40.10,40.21,39.87,39.98,3814163
2021-07-01,39.98,39.99,39.57,39.58,1222839
2021-07-04,39.58,39.67,39.32,39.41,3320816
2021-07-05,39.41,39.55,39.24,39.38,4601920
2021-07-06,39.38,40.02,39.10,39.73,8152572
2021-07-07,39.73,40.47,39.42,40.16,8762894
2021-07-08,40.16,40.39,39.98,40.21,5371159
2021-07-11,40.21,40.29,39.91,39.99,2841563
2021-07-12,39.99,40.07,39.71,39.79,3075342
2021-07-13,39.79,39.81,39.40,39.41,1455212
2021-07-14,39.41,39.56,39.24,39.39,4623148
2021-07-15,39.39,39.64,39.20,39.46,5591495
2021-07-18,39.46,39.59,39.26,39.39,4187414
2021-07-19,39.39,40.13,39.08,39.82,8830658
2021-07-20,39.82,39.92,39.57,39.68,3644684
2021-07-21,39.68,40.44,39.37,40.12,8901097
2021-07-22,40.12,40.19,39.82,39.89,2797427
2021-07-25,39.89,40.60,39.59,40.29,8568244
2021-07-26,40.29,40.37,40.00,40.08,2929595
2021-07-27,40.08,40.38,39.88,40.18,5856790
2021-07-28,40.18,40.77,39.92,40.50,7695507
2021-07-29,40.50,40.76,40.31,40.58,5606241
2021-08-01,40.58,40.80,40.40,40.63,5342078
2021-08-02,40.63,40.77,40.43,40.57,4359807
2021-08-03,40.57,40.70,40.37,40.50,4264368
2021-08-04,40.50,40.65,40.32,40.47,4586625
2021-08-05,40.47,40.51,40.10,40.14,1894478
2021-08-08,40.14,40.19,39.80,39.85,2237311
2021-08-09,39.85,40.31,39.61,40.07,6923765
2021-08-10,40.07,40.17,39.83,39.93,3632853
2021-08-11,39.93,40.01,39.64,39.71,2858401
2021-08-12,39.71,40.28,39.44,40.02,7686831
2021-08-15,40.02,40.18,39.86,40.02,4908264
2021-08-16,40.02,40.04,39.62,39.64,1460973
2021-08-17,39.64,39.69,39.30,39.35,2209156
2021-08-18,39.35,39.35,38.94,38.94,1054046
2021-08-19,38.94,38.95,38.55,38.56,1378360
2021-08-22,38.56,38.59,38.21,38.24,1824074
2021-08-23,38.24,38.33,37.99,38.08,3403532
2021-08-24,38.08,38.38,37.90,38.19,5943895
2021-08-25,38.19,38.23,37.85,37.88,1864917
2021-08-26,37.88,38.37,37.64,38.13,7290054
2021-08-29,38.13,38.19,37.82,37.88,2490912
2021-08-30,37.88,38.14,37.70,37.96,5665020
2021-08-31,37.96,38.56,37.69,38.29,8046947
2021-09-01,38.29,38.34,37.97,38.02,2352743
2021-09-02,38.02,38.70,37.74,38.41,8557716
2021-09-05,38.41,38.41,38.00,38.00,1007544
2021-09-06,38.00,38.72,37.70,38.42,8862722
2021-09-07,38.42,38.71,38.23,38.52,5876337
2021-09-08,38.52,38.76,38.35,38.59,5505178
2021-09-09,38.59,38.60,38.20,38.21,1354183
2021-09-12,38.21,38.95,37.91,38.64,8954218
2021-09-13,38.64,39.37,38.34,39.07,8873182
2021-09-14,39.07,39.55,38.83,39.31,7160459
2021-09-15,39.31,39.50,39.15,39.34,5124691
2021-09-16,39.34,39.72,39.12,39.51,6444890
2021-09-19,39.51,39.77,39.32,39.59,5614883
2021-09-20,39.59,39.87,39.40,39.68,5721090
2021-09-21,39.68,39.70,39.29,39.32,1553635
2021-09-22,39.32,39.94,39.04,39.66,8050788
2021-09-23,39.66,39.99,39.46,39.79,6076748
2021-09-26,39.79,40.04,39.61,39.86,5532750
2021-09-27,39.86,39.89,39.49,39.52,1801508
2021-09-28,39.52,39.54,39.14,39.16,1525000
2021-09-29,39.16,39.43,38.97,39.25,5715569
2021-09-30,39.25,39.60,39.04,39.39,6200377
2021-10-03,39.39,39.49,39.14,39.23,3399176
2021-10-04,39.23,39.46,39.06,39.29,5435425
2021-10-05,39.29,39.99,38.99,39.69,8580727
2021-10-06,39.69,40.17,39.45,39.93,7032613
2021-10-07,39.93,40.55,39.64,40.27,8025651
2021-10-10,40.27,40.40,40.07,40.20,4275891
2021-10-11,40.20,40.80,39.93,40.52,7758641
2021-10-12,40.52,41.28,40.21,40.96,8819581
2021-10-13,40.96,41.11,40.78,40.93,4619204
2021-10-14,40.93,41.71,40.61,41.39,8910596
2021-10-17,41.39,41.47,41.10,41.19,3150548
2021-10-18,41.19,41.36,41.03,41.20,4943998
2021-10-19,41.20,41.50,41.00,41.30,5821810
2021-10-20,41.30,41.36,40.96,41.02,2351886
2021-10-21,41.02,41.75,40.70,41.43,8583607
2021-10-24,41.43,41.47,41.05,41.08,1825617
2021-10-25,41.08,41.12,40.70,40.73,1756927
2021-10-26,40.73,40.81,40.43,40.51,2871364
2021-10-27,40.51,41.18,40.21,40.88,8255349
2021-10-28,40.88,41.03,40.71,40.86,4699005
2021-10-31,40.86,41.37,40.61,41.12,7140603
2021-11-01,41.12,41.26,40.93,41.07,4444341
2021-11-02,41.07,41.48,40.84,41.25,6511454
2021-11-03,41.25,42.01,40.93,41.69,8724657
2021-11-04,41.69,41.72,41.30,41.33,1725925
2021-11-07,41.33,41.39,41.00,41.06,2527606
2021-11-08,41.06,41.14,40.76,40.84,2956858
2021-11-09,40.84,40.94,40.58,40.68,3433436
2021-11-10,40.68,40.80,40.46,40.59,4080795
2021-11-11,40.59,40.60,40.17,40.18,1170541
2021-11-14,40.18,40.33,40.02,40.18,4900205
2021-11-15,40.18,40.58,39.96,40.36,6504355
2021-11-16,40.36,40.79,40.13,40.56,6699039
2021-11-17,40.56,40.58,40.16,40.18,1459567
2021-11-18,40.18,40.37,40.01,40.21,5131618
2021-11-21,40.21,40.66,39.97,40.43,6875685
2021-11-22,40.43,40.57,40.24,40.38,4444855
2021-11-23,40.38,40.47,40.11,40.20,3295919
2021-11-24,40.20,40.38,40.04,40.22,5033813
2021-11-25,40.22,40.23,39.80,39.81,1189403
2021-11-28,39.81,39.94,39.62,39.75,4330589
2021-11-29,39.75,39.89,39.57,39.71,4506755
2021-11-30,39.71,39.79,39.43,39.51,3026543
2021-12-01,39.51,39.61,39.26,39.37,3568964
2021-12-02,39.37,40.07,39.06,39.77,8627846
2021-12-05,39.77,39.99,39.60,39.82,5289609
2021-12-06,39.82,39.95,39.62,39.76,4344375
2021-12-07,39.76,39.91,39.59,39.74,4730418
2021-12-08,39.74,39.83,39.48,39.57,3311934
2021-12-09,39.57,39.61,39.22,39.25,1990157
2021-12-12,39.25,39.38,39.05,39.18,4147805
2021-12-13,39.18,39.85,38.88,39.56,8426851
2021-12-14,39.56,40.15,39.29,39.88,7839643
2021-12-15,39.88,39.93,39.54,39.59,2213340
2021-12-16,39.59,40.20,39.31,39.92,7967695
2021-12-19,39.92,39.93,39.51,39.52,1226165
2021-12-20,39.52,39.57,39.19,39.24,2260356
2021-12-21,39.24,39.45,39.07,39.28,5267798
2021-12-22,39.28,39.30,38.89,38.91,1483058
2021-12-23,38.91,39.47,38.65,39.21,7622187
2021-12-26,39.21,39.31,38.97,39.07,3660493
2021-12-27,39.07,39.19,38.86,38.97,3943655
2021-12-28,38.97,39.24,38.79,39.05,5632167
2021-12-29,39.05,39.44,38.84,39.23,6479115
2021-12-30,39.23,39.34,39.01,39.13,3941289
2022-01-02,39.13,39.68,38.87,39.42,7623628
2022-01-03,39.42,39.42,39.00,39.01,1056995
2022-01-04,39.01,39.15,38.85,39.00,4809293
2022-01-05,39.00,39.75,38.69,39.43,8929903
2022-01-06,39.43,39.86,39.21,39.63,6727469
2022-01-09,39.63,39.67,39.27,39.31,1881001
2022-01-10,39.31,39.46,39.15,39.31,4884327
2022-01-11,39.31,39.38,39.01,39.08,2823868
2022-01-12,39.08,39.47,38.87,39.26,6489746
2022-01-13,39.26,39.70,39.03,39.47,6820233
2022-01-16,39.47,40.19,39.16,39.88,8679526
2022-01-17,39.88,40.20,39.68,40.00,5968861
2022-01-18,40.00,40.04,39.65,39.69,2070953
2022-01-19,39.69,39.79,39.45,39.55,3627777
2022-01-20,39.55,39.66,39.31,39.42,3651680
2022-01-23,39.42,39.46,39.07,39.10,1969821
2022-01-24,39.10,39.57,38.87,39.33,7001954
2022-01-25,39.33,39.41,39.04,39.11,2871536
2022-01-26,39.11,39.15,38.76,38.79,1850171
2022-01-27,38.79,39.12,38.59,38.92,6135390
2022-01-30,38.92,39.38,38.69,39.15,6961762
2022-01-31,39.15,39.32,38.99,39.16,5045336
2022-02-01,39.16,39.30,38.98,39.11,4361419
2022-02-02,39.11,39.20,38.85,38.93,3255692
2022-02-03,38.93,39.38,38.70,39.15,6888648
2022-02-06,39.15,39.32,38.99,39.16,5013374
2022-02-07,39.16,39.24,38.89,38.97,3086659
2022-02-08,38.97,39.04,38.67,38.74,2713443
2022-02-09,38.74,38.83,38.49,38.58,3424588
2022-02-10,38.58,38.61,38.22,38.25,1787997
2022-02-13,38.25,38.36,38.04,38.15,3853052
2022-02-14,38.15,38.22,37.87,37.94,2928395
2022-02-15,37.94,38.01,37.65,37.71,2693038
2022-02-16,37.71,37.97,37.54,37.79,5640809
2022-02-17,37.79,38.22,37.57,38.00,6858127
2022-02-20,38.00,38.00,37.60,37.61,1135116
2022-02-21,37.61,37.70,37.36,37.45,3410048
2022-02-22,37.45,37.51,37.16,37.21,2547119
2022-02-23,37.21,37.86,36.94,37.58,8447565
2022-02-24,37.58,38.24,37.30,37.95,8494101
2022-02-27,37.95,37.96,37.57,37.58,1328703
2022-02-28,37.58,37.69,37.38,37.49,3963717
2022-03-01,37.49,38.11,37.22,37.83,8226303
2022-03-02,37.83,38.21,37.62,38.00,6536213
2022-03-03,38.00,38.46,37.78,38.23,7016906
2022-03-06,38.23,38.53,38.04,38.34,5939986
2022-03-07,38.34,38.58,38.17,38.40,5502983
2022-03-08,38.40,38.56,38.25,38.41,4940466
2022-03-09,38.41,38.57,38.26,38.42,4968484
2022-03-10,38.42,38.44,38.05,38.07,1562345
2022-03-13,38.07,38.07,37.67,37.67,1067729
2022-03-14,37.67,38.35,37.38,38.06,8645130
2022-03-15,38.06,38.38,37.87,38.18,6047633
2022-03-16,38.18,38.60,37.96,38.38,6732030
2022-03-17,38.38,38.50,38.19,38.32,4303257
2022-03-20,38.32,38.67,38.11,38.47,6292181
2022-03-21,38.47,38.48,38.07,38.08,1266700
2022-03-22,38.08,38.17,37.83,37.92,3276200
2022-03-23,37.92,38.17,37.74,37.99,5629320
2022-03-24,37.99,38.11,37.79,37.90,4005075
2022-03-27,37.90,38.62,37.60,38.32,8897290
2022-03-28,38.32,38.83,38.08,38.59,7392386
2022-03-29,38.59,38.63,38.26,38.31,2280486
2022-03-30,38.31,38.98,38.02,38.69,8499862
2022-03-31,38.69,39.14,38.46,38.91,6914711
2022-04-03,38.91,39.43,38.66,39.18,7426268
2022-04-04,39.18,39.41,39.01,39.24,5417249
2022-04-05,39.24,39.78,38.98,39.52,7529629
2022-04-06,39.52,39.96,39.30,39.73,6775754
2022-04-07,39.73,39.81,39.44,39.52,2982784
2022-04-10,39.52,39.66,39.35,39.49,4570473
2022-04-11,39.49,39.59,39.25,39.36,3662277
2022-04-12,39.36,39.50,39.18,39.32,4529801
2022-04-13,39.32,39.33,38.92,38.94,1370576
2022-04-14,38.94,38.96,38.55,38.57,1419170
2022-04-17,38.57,38.79,38.40,38.62,5391632
2022-04-18,38.62,38.63,38.23,38.24,1263271
2022-04-19,38.24,38.33,37.99,38.08,3379766
2022-04-20,38.08,38.81,37.78,38.50,8901611
2022-04-21,38.50,39.04,38.25,38.79,7581893
2022-04-24,38.79,38.94,38.64,38.79,4877400
2022-04-25,38.79,38.84,38.47,38.52,2393072
2022-04-26,38.52,39.08,38.27,38.82,7659773
2022-04-27,38.82,38.83,38.42,38.43,1245404
2022-04-28,38.43,38.62,38.27,38.46,5199348
2022-05-01,38.46,38.61,38.31,38.46,4830246
2022-05-02,38.46,38.57,38.24,38.35,3817112
2022-05-03,38.35,38.49,38.18,38.32,4653772
2022-05-04,38.32,38.38,38.01,38.06,2426646
2022-05-05,38.06,38.65,37.80,38.38,7925857
2022-05-08,38.38,38.50,38.18,38.30,4089677
2022-05-09,38.30,38.40,38.08,38.18,3782304
2022-05-10,38.18,38.91,37.88,38.61,8904972
2022-05-11,38.61,39.04,38.38,38.81,6840397
2022-05-12,38.81,38.94,38.62,38.74,4230555
2022-05-15,38.74,38.79,38.40,38.45,2087791
2022-05-16,38.45,39.08,38.17,38.80,8239266
2022-05-17,38.80,39.28,38.56,39.04,7104732
2022-05-18,39.04,39.47,38.81,39.25,6807647
2022-05-19,39.25,39.35,39.01,39.11,3619615
2022-05-22,39.11,39.68,38.85,39.42,7738168
2022-05-23,39.42,39.47,39.09,39.15,2397873
2022-05-24,39.15,39.28,38.96,39.09,4314780
2022-05-25,39.09,39.11,38.70,38.72,1464197
2022-05-26,38.72,39.35,38.44,39.07,8191803
2022-05-29,39.07,39.34,38.89,39.16,5658093
2022-05-30,39.16,39.71,38.90,39.45,7616152
2022-05-31,39.45,39.55,39.20,39.30,3522770
2022-06-01,39.30,39.38,39.02,39.10,2982887
2022-06-02,39.10,39.35,38.92,39.17,5527366
2022-06-05,39.17,39.74,38.91,39.48,7724108
2022-06-06,39.48,40.04,39.21,39.77,7622496
2022-06-07,39.77,40.17,39.55,39.95,6531172
2022-06-08,39.95,40.60,39.67,40.31,8129149
2022-06-09,40.31,40.77,40.07,40.54,6910253
2022-06-12,40.54,40.86,40.33,40.66,5960905
2022-06-13,40.66,41.30,40.37,41.01,8071227
2022-06-14,41.01,41.14,40.80,40.93,4179492
2022-06-15,40.93,41.44,40.68,41.19,7149897
2022-06-16,41.19,41.27,40.89,40.96,2883676
2022-06-19,40.96,41.04,40.65,40.72,2763545
2022-06-20,40.72,40.97,40.54,40.79,5431481
2022-06-21,40.79,40.90,40.56,40.68,3899828
2022-06-22,40.68,41.01,40.47,40.80,5995747
2022-06-23,40.80,40.93,40.59,40.72,4138991
2022-06-26,40.72,41.12,40.50,40.89,6453017
2022-06-27,40.89,40.90,40.47,40.48,1209430
2022-06-28,40.48,40.90,40.25,40.67,6605761
2022-06-29,40.67,40.98,40.48,40.79,5876577
2022-06-30,40.79,41.38,40.51,41.11,7737928
2022-07-03,41.11,41.77,40.81,41.48,8165123
2022-07-04,41.48,41.74,41.29,41.55,5503840
2022-07-05,41.55,41.71,41.39,41.55,4914574
2022-07-06,41.55,41.68,41.34,41.47,4150411
2022-07-07,41.47,42.22,41.15,41.90,8668141
2022-07-10,41.90,42.03,41.68,41.81,4072702
2022-07-11,41.81,42.13,41.60,41.92,5894958
2022-07-12,41.92,42.00,41.60,41.67,2702812
2022-07-13,41.67,42.41,41.36,42.09,8545644
2022-07-14,42.09,42.87,41.77,42.54,8732098
2022-07-17,42.54,43.03,42.29,42.78,6941186
2022-07-18,42.78,43.07,42.58,42.87,5666735
2022-07-19,42.87,43.54,42.57,43.24,7995164
2022-07-20,43.24,44.03,42.91,43.70,8716598
2022-07-21,43.70,44.18,43.44,43.92,6769307
2022-07-24,43.92,44.45,43.66,44.18,7017489
2022-07-25,44.18,44.29,43.89,44.00,3362379
2022-07-26,44.00,44.55,43.73,44.28,7186694
2022-07-27,44.28,44.28,43.81,43.82,1132407
2022-07-28,43.82,43.87,43.45,43.50,2211865
2022-07-31,43.50,43.55,43.13,43.18,2252229
2022-08-01,43.18,43.21,42.77,42.80,1673251
2022-08-02,42.80,43.57,42.48,43.24,8598388
2022-08-03,43.24,43.34,42.95,43.05,3299245
2022-08-04,43.05,43.18,42.82,42.95,3973353
2022-08-07,42.95,42.98,42.55,42.59,1855281
2022-08-08,42.59,42.88,42.39,42.68,5661076
2022-08-09,42.68,42.78,42.40,42.50,3366049
2022-08-10,42.50,42.52,42.07,42.09,1315877
2022-08-11,42.09,42.24,41.91,42.06,4671056
2022-08-14,42.06,42.15,41.77,41.87,3184670
2022-08-15,41.87,41.92,41.52,41.57,2313511
2022-08-16,41.57,41.68,41.32,41.43,3662517
2022-08-17,41.43,41.89,41.19,41.65,6762551
2022-08-18,41.65,42.33,41.35,42.02,8181515
2022-08-21,42.02,42.36,41.81,42.15,5968792
2022-08-22,42.15,42.17,41.73,41.75,1433024
2022-08-23,41.75,42.13,41.53,41.91,6253223
2022-08-24,41.91,42.39,41.66,42.14,6923216
2022-08-25,42.14,42.57,41.91,42.33,6529423
2022-08-28,42.33,42.97,42.04,42.68,7861968
2022-08-29,42.68,42.72,42.29,42.33,1859122
2022-08-30,42.33,42.34,41.90,41.92,1385082
2022-08-31,41.92,42.63,41.61,42.32,8341083
2022-09-01,42.32,42.37,41.95,42.00,2109842
2022-09-04,42.00,42.23,41.81,42.05,5333333
2022-09-05,42.05,42.13,41.75,41.83,3023902
2022-09-06,41.83,41.92,41.54,41.62,3008710
2022-09-07,41.62,41.91,41.42,41.71,5707510
2022-09-08,41.71,41.81,41.43,41.53,3243758
2022-09-11,41.53,42.16,41.24,41.87,7889060
2022-09-12,41.87,42.18,41.67,41.98,5840946
2022-09-13,41.98,42.12,41.78,41.92,4333984
2022-09-14,41.92,42.05,41.70,41.83,4084224
2022-09-15,41.83,41.83,41.38,41.39,1066975
2022-09-18,41.39,41.41,40.99,41.02,1627914
2022-09-19,41.02,41.10,40.72,40.80,2927537
2022-09-20,40.80,40.87,40.48,40.55,2718930
2022-09-21,40.55,40.95,40.33,40.73,6458882
2022-09-22,40.73,41.33,40.46,41.05,7752331
2022-09-25,41.05,41.40,40.84,41.19,6130144
2022-09-26,41.19,41.55,40.98,41.34,6160219
2022-09-27,41.34,41.66,41.14,41.45,5891941
2022-09-28,41.45,41.89,41.22,41.65,6633950
2022-09-29,41.65,41.78,41.43,41.56,4065260
2022-10-02,41.56,42.32,41.24,41.99,8679698
2022-10-03,41.99,42.58,41.72,42.30,7563683
2022-10-04,42.30,42.41,42.04,42.14,3507338
2022-10-05,42.14,42.25,41.88,41.98,3448936
2022-10-06,41.98,42.11,41.77,41.91,4252674
2022-10-09,41.91,42.53,41.62,42.24,7819787
2022-10-10,42.24,42.27,41.83,41.86,1532990
2022-10-11,41.86,42.52,41.56,42.22,8034259
2022-10-12,42.22,42.36,42.02,42.16,4335939
2022-10-13,42.16,42.54,41.93,42.32,6265192
2022-10-16,42.32,42.70,42.09,42.47,6241769
2022-10-17,42.47,42.62,42.27,42.42,4389128
2022-10-18,42.42,42.60,42.25,42.43,4978875
2022-10-19,42.43,42.48,42.07,42.12,2208539
2022-10-20,42.12,42.21,41.84,41.94,3312688
2022-10-23,41.94,41.94,41.49,41.49,1007373
2022-10-24,41.49,42.02,41.23,41.76,7267901
2022-10-25,41.76,41.91,41.57,41.71,4439951
2022-10-26,41.71,42.00,41.52,41.80,5684019
2022-10-27,41.80,42.58,41.48,42.25,8753189
2022-10-30,42.25,42.34,41.95,42.04,3104252
2022-10-31,42.04,42.44,41.82,42.21,6342146
2022-11-01,42.21,42.25,41.83,41.88,1997736
2022-11-02,41.88,41.95,41.55,41.62,2638923
2022-11-03,41.62,42.00,41.40,41.78,6315089
2022-11-06,41.78,42.17,41.56,41.95,6334876
2022-11-07,41.95,42.35,41.72,42.12,6377297
2022-11-08,42.12,42.93,41.79,42.59,8936179
2022-11-09,42.59,42.60,42.15,42.15,1097942
2022-11-10,42.15,42.18,41.75,41.78,1652709
2022-11-13,41.78,41.80,41.37,41.39,1538751
2022-11-14,41.39,41.67,41.20,41.48,5620267
2022-11-15,41.48,42.09,41.19,41.81,7798491
2022-11-16,41.81,41.91,41.54,41.65,3456138
2022-11-17,41.65,42.18,41.39,41.91,7235185
2022-11-20,41.91,42.05,41.70,41.83,4147976
2022-11-21,41.83,41.87,41.46,41.50,2021673
2022-11-22,41.50,41.51,41.08,41.09,1276028
2022-11-23,41.09,41.13,40.73,40.77,2034499
2022-11-24,40.77,41.49,40.46,41.18,8568689
2022-11-27,41.18,41.68,40.93,41.43,7076131
2022-11-28,41.43,41.59,41.26,41.42,4791392
2022-11-29,41.42,41.48,41.08,41.14,2430521
2022-11-30,41.14,41.26,40.92,41.04,3968827
2022-12-01,41.04,41.64,40.76,41.36,7751989
2022-12-04,41.36,41.44,41.06,41.14,2940500
2022-12-05,41.14,41.24,40.87,40.96,3287448
2022-12-06,40.96,41.33,40.75,41.12,6249622
2022-12-07,41.12,41.36,40.93,41.18,5431961
2022-12-08,41.18,41.88,40.88,41.57,8365329
2022-12-11,41.57,41.68,41.32,41.43,3617626
2022-12-12,41.43,41.65,41.25,41.47,5238237
2022-12-13,41.47,41.89,41.24,41.66,6535802
2022-12-14,41.66,41.75,41.37,41.47,3189334
2022-12-15,41.47,41.75,41.27,41.56,5692661
2022-12-18,41.56,41.56,41.12,41.13,1132201
2022-12-19,41.13,41.82,40.83,41.52,8298079
2022-12-20,41.52,41.56,41.16,41.20,2128566
2022-12-21,41.20,41.30,40.94,41.04,3487860
2022-12-22,41.04,41.42,40.83,41.20,6277194
2022-12-25,41.20,41.52,41.00,41.32,5879286
2022-12-26,41.32,42.11,40.99,41.78,8936111
2022-12-27,41.78,42.50,41.46,42.19,8460013
2022-12-28,42.19,42.33,41.98,42.12,4278155
2022-12-29,42.12,42.28,41.95,42.11,4810288
2023-01-01,42.11,42.16,41.75,41.80,2179869
2023-01-02,41.80,42.55,41.48,42.23,8658504
2023-01-03,42.23,42.29,41.89,41.95,2443724
2023-01-04,41.95,42.41,41.71,42.17,6770096
2023-01-05,42.17,42.56,41.94,42.34,6353669
2023-01-08,42.34,42.55,42.16,42.37,5169753
2023-01-09,42.37,42.39,41.96,41.98,1564026
2023-01-10,41.98,42.75,41.66,42.43,8696982
2023-01-11,42.43,43.14,42.11,42.83,8321707
2023-01-12,42.83,43.16,42.62,42.95,5894993
2023-01-15,42.95,43.03,42.64,42.73,3021776
2023-01-16,42.73,43.27,42.46,43.00,7232921
2023-01-17,43.00,43.53,42.74,43.27,7096330
2023-01-18,43.27,44.05,42.93,43.72,8661385
2023-01-19,43.72,43.94,43.53,43.76,5236728
2023-01-22,43.76,44.53,43.43,44.19,8501371
2023-01-23,44.19,44.38,44.02,44.20,4949142
2023-01-24,44.20,44.50,44.00,44.30,5666460
2023-01-25,44.30,44.56,44.10,44.37,5443449
2023-01-26,44.37,44.46,44.07,44.16,3218381
2023-01-29,44.16,44.29,43.91,44.04,3855452
2023-01-30,44.04,44.05,43.59,43.60,1255898
2023-01-31,43.60,44.09,43.35,43.83,6802434
2023-02-01,43.83,43.92,43.53,43.62,3137037
2023-02-02,43.62,44.18,43.35,43.91,7272050
2023-02-05,43.91,44.00,43.60,43.68,3034636
2023-02-06,43.68,44.18,43.43,43.92,6844547
2023-02-07,43.92,44.00,43.59,43.67,2825240
2023-02-08,43.67,43.77,43.38,43.48,3248319
2023-02-09,43.48,43.53,43.11,43.17,2311316
2023-02-12,43.17,43.72,42.90,43.45,7248799
2023-02-13,43.45,43.53,43.12,43.20,2776817
2023-02-14,43.20,44.02,42.86,43.67,8870679
2023-02-15,43.67,44.34,43.37,44.03,7876063
2023-02-16,44.03,44.22,43.86,44.04,4953463
2023-02-19,44.04,44.38,43.83,44.16,5855967
2023-02-20,44.16,44.86,43.85,44.54,8040363
2023-02-21,44.54,44.76,44.36,44.57,5111591
2023-02-22,44.57,44.73,44.38,44.54,4600514
2023-02-23,44.54,44.63,44.23,44.32,3075034
2023-02-26,44.32,44.77,44.07,44.53,6584533
2023-02-27,44.53,45.30,44.19,44.96,8437654
2023-02-28,44.96,45.11,44.74,44.89,4313408
2023-03-01,44.89,45.06,44.70,44.87,4705624
2023-03-02,44.87,45.04,44.68,44.85,4700720
2023-03-05,44.85,45.39,44.57,45.12,7088820
2023-03-06,45.12,45.20,44.78,44.86,2808196
2023-03-07,44.86,45.03,44.68,44.84,4723045
2023-03-08,44.84,45.33,44.59,45.07,6734602
2023-03-09,45.07,45.22,44.85,44.99,4225582
2023-03-12,44.99,45.12,44.73,44.86,3837962
2023-03-13,44.86,45.32,44.61,45.07,6584087
2023-03-14,45.07,45.22,44.85,45.00,4291117
2023-03-15,45.00,45.26,44.80,45.06,5378806
2023-03-16,45.06,45.10,44.66,44.70,1970610
2023-03-19,44.70,45.12,44.46,44.88,6338134
2023-03-20,44.88,45.04,44.69,44.85,4678909
2023-03-21,44.85,45.00,44.63,44.77,4227503
2023-03-22,44.77,45.09,44.56,44.88,5699965
2023-03-23,44.88,45.08,44.69,44.90,5071604
2023-03-26,44.90,45.72,44.55,45.37,8688100
2023-03-27,45.37,45.69,45.16,45.47,5709945
2023-03-28,45.47,45.51,45.06,45.10,1890226
2023-03-29,45.10,45.17,44.75,44.83,2685733
2023-03-30,44.83,44.86,44.40,44.43,1701406
2023-04-02,44.43,44.87,44.19,44.63,6468106
2023-04-03,44.63,44.92,44.43,44.71,5553737
2023-04-04,44.71,44.91,44.53,44.73,5007681
2023-04-05,44.73,45.11,44.50,44.88,6138580
2023-04-06,44.88,45.04,44.69,44.85,4625445
2023-04-09,44.85,44.94,44.53,44.61,2962105
2023-04-10,44.61,44.76,44.39,44.53,4234979
2023-04-11,44.53,44.63,44.23,44.33,3234190
2023-04-12,44.33,44.84,44.07,44.58,6898010
2023-04-13,44.58,44.72,44.35,44.48,4090637
2023-04-16,44.48,44.65,44.30,44.46,4713305
2023-04-17,44.46,44.60,44.23,44.37,4148731
2023-04-18,44.37,44.37,43.90,43.90,1038888
2023-04-19,43.90,44.05,43.70,43.85,4396124
2023-04-20,43.85,44.21,43.62,43.99,6047599
2023-04-23,43.99,44.41,43.75,44.17,6413065
2023-04-24,44.17,44.47,43.97,44.26,5615980
2023-04-25,44.26,44.94,43.95,44.63,7927949
2023-04-26,44.63,45.25,44.34,44.96,7546502
2023-04-27,44.96,45.08,44.69,44.81,3706207
2023-04-30,44.81,45.03,44.63,44.84,5123113
2023-05-01,44.84,45.51,44.54,45.20,7772530
2023-05-02,45.20,45.25,44.80,44.84,2000137
2023-05-03,44.84,45.71,44.49,45.35,8966426
2023-05-04,45.35,45.41,44.98,45.04,2424485
2023-05-07,45.04,45.17,44.78,44.91,3831104
2023-05-08,44.91,45.41,44.65,45.15,6791220
2023-05-09,45.15,45.23,44.81,44.89,2835699
2023-05-10,44.89,45.05,44.69,44.85,4532441
2023-05-11,44.85,44.89,44.45,44.49,1930829
2023-05-14,44.49,44.63,44.27,44.42,4339506
2023-05-15,44.42,45.02,44.13,44.73,7437482
2023-05-16,44.73,45.05,44.52,44.84,5718587
2023-05-17,44.84,44.89,44.46,44.51,2269238
2023-05-18,44.51,45.19,44.21,44.88,7879561
2023-05-21,44.88,45.16,44.68,44.96,5487825
2023-05-22,44.96,45.65,44.64,45.34,7958230
2023-05-23,45.34,45.35,44.87,44.88,1192009
2023-05-24,44.88,45.04,44.68,44.84,4571879
2023-05-25,44.84,45.67,44.49,45.31,8739814
2023-05-28,45.31,45.80,45.06,45.54,6708161
2023-05-29,45.54,45.96,45.30,45.72,6304080
2023-05-30,45.72,46.43,45.40,46.11,7947325
2023-05-31,46.11,46.23,45.84,45.96,3761351
2023-06-01,45.96,46.34,45.73,46.11,6017764
2023-06-04,46.11,46.99,45.74,46.62,8914094
2023-06-05,46.62,46.75,46.34,46.47,3684910
2023-06-06,46.47,47.03,46.19,46.74,7046262
2023-06-07,46.74,47.29,46.46,47.01,6973456
2023-06-08,47.01,47.05,46.58,46.62,1812174
2023-06-11,46.62,46.79,46.42,46.60,4722908
2023-06-12,46.60,46.88,46.39,46.67,5458744
2023-06-13,46.67,46.69,46.21,46.23,1476474
2023-06-14,46.23,46.30,45.85,45.92,2381035
2023-06-15,45.92,46.58,45.61,46.27,7703292
2023-06-18,46.27,46.65,46.04,46.42,6011145
2023-06-19,46.42,46.53,46.11,46.22,3353978
2023-06-20,46.22,46.22,45.73,45.73,1040432
2023-06-21,45.73,45.81,45.39,45.47,2749519
2023-06-22,45.47,45.56,45.14,45.23,2975068
2023-06-25,45.23,45.40,45.05,45.22,4803497
2023-06-26,45.22,45.31,44.90,44.99,3024931
2023-06-27,44.99,45.15,44.79,44.95,4577640
2023-06-28,44.95,45.37,44.71,45.13,6325823
2023-06-29,45.13,45.18,44.74,44.79,2170713
2023-07-02,44.79,44.90,44.51,44.62,3495027
2023-07-03,44.62,45.48,44.27,45.12,8940740
2023-07-04,45.12,45.23,44.84,44.95,3520198
2023-07-05,44.95,45.04,44.63,44.73,3060562
2023-07-06,44.73,45.42,44.41,45.11,7981584
2023-07-09,45.11,45.17,44.74,44.80,2406721
2023-07-10,44.80,45.27,44.55,45.01,6607578
2023-07-11,45.01,45.51,44.75,45.25,6781687
2023-07-12,45.25,45.30,44.86,44.91,2163614
2023-07-13,44.91,44.93,44.47,44.49,1469410
2023-07-16,44.49,45.30,44.15,44.95,8674382
2023-07-17,44.95,45.34,44.72,45.11,6124211
2023-07-18,45.11,45.64,44.84,45.37,6979389
2023-07-19,45.37,46.25,45.01,45.88,8993004
2023-07-20,45.88,45.91,45.44,45.47,1621844
2023-07-23,45.47,45.54,45.10,45.17,2470850
2023-07-24,45.17,45.26,44.85,44.94,3070884
2023-07-25,44.94,45.65,44.63,45.33,7989849
2023-07-26,45.33,45.91,45.04,45.63,7277126
2023-07-27,45.63,45.68,45.24,45.30,2241358
2023-07-30,45.30,45.46,45.10,45.26,4561556
2023-07-31,45.26,46.09,44.91,45.74,8731550
2023-08-01,45.74,45.77,45.32,45.35,1837757
2023-08-02,45.35,45.43,45.00,45.08,2670301
2023-08-03,45.08,45.13,44.69,44.74,2167455
2023-08-06,44.74,44.97,44.55,44.78,5193415
2023-08-07,44.78,45.08,44.57,44.88,5649417
2023-08-08,44.88,45.39,44.61,45.13,6918175
2023-08-09,45.13,45.77,44.83,45.47,7641666
2023-08-10,45.47,46.32,45.11,45.96,8832235
2023-08-13,45.96,46.02,45.58,45.64,2317043
2023-08-14,45.64,45.80,45.43,45.59,4515843
2023-08-15,45.59,46.23,45.30,45.93,7552091
2023-08-16,45.93,46.59,45.62,46.28,7697393
2023-08-17,46.28,46.86,46.00,46.57,7149279
2023-08-20,46.57,46.80,46.38,46.61,5142318
2023-08-21,46.61,46.67,46.22,46.29,2392558
2023-08-22,46.29,46.38,45.95,46.03,2875308
2023-08-23,46.03,46.22,45.85,46.04,4936248
2023-08-24,46.04,46.37,45.82,46.15,5735871
2023-08-27,46.15,46.24,45.82,45.91,3027263
2023-08-28,45.91,45.97,45.53,45.58,2267215
2023-08-29,45.58,45.79,45.40,45.61,5060665
2023-08-30,45.61,45.69,45.27,45.36,2938477
2023-08-31,45.36,46.15,45.02,45.81,8468552
2023-09-03,45.81,45.93,45.54,45.66,3700274
2023-09-04,45.66,46.02,45.44,45.80,5942283
2023-09-05,45.80,45.88,45.46,45.54,2873593
2023-09-06,45.54,45.74,45.36,45.56,4988031
2023-09-07,45.56,46.16,45.27,45.87,7372016
2023-09-10,45.87,46.04,45.69,45.86,4815672
2023-09-11,45.86,46.01,45.63,45.78,4257270
2023-09-12,45.78,45.85,45.42,45.49,2561008
2023-09-13,45.49,45.52,45.05,45.08,1628120
2023-09-14,45.08,45.26,44.90,45.08,4841323
2023-09-17,45.08,45.16,44.74,44.83,2842592
2023-09-18,44.83,44.99,44.63,44.80,4644272
2023-09-19,44.80,44.84,44.40,44.45,2073525
2023-09-20,44.45,44.56,44.18,44.29,3550102
2023-09-21,44.29,44.30,43.83,43.84,1197462
2023-09-24,43.84,44.41,43.56,44.13,7287208
2023-09-25,44.13,44.82,43.82,44.51,8016872
2023-09-26,44.51,44.58,44.16,44.23,2621021
2023-09-27,44.23,44.89,43.93,44.59,7815706
2023-09-28,44.59,44.71,44.32,44.43,3576234
2023-10-01,44.43,44.58,44.21,44.35,4248285
2023-10-02,44.35,44.88,44.09,44.61,6992352
2023-10-03,44.61,44.64,44.18,44.20,1561522
2023-10-04,44.20,44.22,43.76,43.78,1412585
2023-10-05,43.78,44.49,43.47,44.18,8150480
2023-10-08,44.18,44.42,43.99,44.23,5306069
2023-10-09,44.23,44.49,44.03,44.30,5447256
2023-10-10,44.30,44.76,44.05,44.51,6623422
2023-10-11,44.51,44.56,44.12,44.17,2143209
2023-10-12,44.17,44.29,43.91,44.03,3685631
2023-10-15,44.03,44.34,43.82,44.13,5744513
2023-10-16,44.13,44.24,43.85,43.96,3406275
2023-10-17,43.96,44.55,43.67,44.27,7461042
2023-10-18,44.27,45.10,43.92,44.75,8847085
2023-10-19,44.75,44.90,44.54,44.70,4428600
2023-10-22,44.70,44.83,44.46,44.60,4106824
2023-10-23,44.60,44.70,44.30,44.40,3264471
2023-10-24,44.40,45.19,44.07,44.85,8543518
2023-10-25,44.85,45.04,44.67,44.86,4956310
2023-10-26,44.86,45.62,44.53,45.28,8330006
2023-10-29,45.28,45.38,44.97,45.06,3084362
2023-10-30,45.06,45.31,44.86,45.12,5342832
2023-10-31,45.12,45.23,44.82,44.93,3377023
2023-11-01,44.93,45.53,44.64,45.24,7384465
2023-11-02,45.24,46.05,44.90,45.70,8599725
2023-11-05,45.70,46.37,45.40,46.06,7738854
2023-11-06,46.06,46.92,45.70,46.56,8777160
2023-11-07,46.56,46.61,46.15,46.20,2060322
2023-11-08,46.20,47.05,45.84,46.69,8748834
2023-11-09,46.69,46.76,46.32,46.39,2595781
2023-11-12,46.39,46.60,46.21,46.42,5057956
2023-11-13,46.42,46.45,45.98,46.02,1740294
2023-11-14,46.02,46.77,45.69,46.43,8173662
2023-11-15,46.43,46.62,46.25,46.44,4925960
2023-11-16,46.44,46.82,46.20,46.59,6046570
2023-11-19,46.59,46.77,46.40,46.58,4844135
2023-11-20,46.58,46.78,46.40,46.60,4997668
2023-11-21,46.60,46.60,46.10,46.10,1000994
2023-11-22,46.10,46.24,45.85,45.98,3940534
2023-11-23,45.98,46.81,45.63,46.45,8606412
2023-11-26,46.45,46.82,46.22,46.59,5936899
2023-11-27,46.59,47.46,46.22,47.09,8796193
2023-11-28,47.09,47.19,46.76,46.86,3085528
2023-11-29,46.86,47.62,46.52,47.28,8187620
2023-11-30,47.28,47.80,47.01,47.53,6744444
2023-12-03,47.53,48.23,47.20,47.90,7768347
2023-12-04,47.90,48.00,47.57,47.67,3086488
2023-12-05,47.67,47.67,47.17,47.17,1118621
2023-12-06,47.17,47.22,46.75,46.80,1988203
2023-12-07,46.80,46.84,46.38,46.42,1966838
2023-12-10,46.42,46.53,46.11,46.22,3252057
2023-12-11,46.22,46.43,46.03,46.24,5078429
2023-12-12,46.24,46.99,45.91,46.66,8162002
2023-12-13,46.66,47.47,46.31,47.12,8478086
2023-12-14,47.12,47.28,46.90,47.05,4372359
2023-12-17,47.05,47.05,46.55,46.55,1005315
2023-12-18,46.55,46.70,46.31,46.46,4130041
2023-12-19,46.46,46.56,46.14,46.24,3203326
2023-12-20,46.24,46.94,45.93,46.62,7830109
2023-12-21,46.62,46.64,46.17,46.19,1541255
2023-12-24,46.19,46.37,46.01,46.19,4904663
2023-12-25,46.19,46.91,45.87,46.59,7969718
2023-12-26,46.59,46.73,46.34,46.48,4045061
2023-12-27,46.48,46.66,46.29,46.47,4809705
2023-12-28,46.47,46.64,46.28,46.45,4757475
2023-12-31,46.45,47.00,46.18,46.72,6974794
2024-01-01,46.72,47.14,46.48,46.90,6251783
2024-01-02,46.90,46.92,46.44,46.47,1526714
2024-01-03,46.47,46.78,46.25,46.57,5663786
2024-01-04,46.57,46.73,46.36,46.53,4564231
2024-01-07,46.53,46.55,46.08,46.11,1610768
2024-01-08,46.11,46.22,45.81,45.93,3445370
2024-01-09,45.93,46.02,45.60,45.70,3080384
2024-01-10,45.70,46.47,45.36,46.13,8342969
2024-01-11,46.13,46.26,45.86,45.98,3652880
2024-01-14,45.98,46.20,45.79,46.01,5133573
2024-01-15,46.01,46.01,45.52,45.53,1056652
2024-01-16,45.53,45.55,45.09,45.12,1619650
2024-01-17,45.12,45.49,44.89,45.26,6057133
2024-01-18,45.26,45.82,44.99,45.54,7085150
2024-01-21,45.54,46.37,45.19,46.01,8679012
2024-01-22,46.01,46.02,45.54,45.55,1184396
2024-01-23,45.55,45.87,45.33,45.66,5761796
2024-01-24,45.66,45.80,45.42,45.57,4164300
2024-01-25,45.57,45.61,45.15,45.19,1848696
2024-01-28,45.19,45.97,44.85,45.63,8419924
2024-01-29,45.63,46.24,45.33,45.94,7408847
2024-01-30,45.94,46.05,45.65,45.76,3383367
2024-01-31,45.76,45.82,45.38,45.44,2392866
2024-02-01,45.44,45.77,45.23,45.55,5745987
2024-02-04,45.55,45.56,45.07,45.08,1121742
2024-02-05,45.08,45.62,44.81,45.34,7013957
2024-02-06,45.34,45.41,44.98,45.05,2509053
2024-02-07,45.05,45.48,44.81,45.24,6397153
2024-02-08,45.24,45.26,44.80,44.83,1616529
2024-02-11,44.83,44.83,44.35,44.36,1031378
2024-02-12,44.36,44.81,44.11,44.56,6542935
2024-02-13,44.56,44.84,44.36,44.64,5533916
2024-02-14,44.64,44.80,44.45,44.61,4646296
2024-02-15,44.61,44.79,44.44,44.61,4892421
2024-02-18,44.61,44.99,44.38,44.76,6099451
2024-02-19,44.76,45.58,44.42,45.23,8687139
2024-02-20,45.23,45.40,45.05,45.22,4778943
2024-02-21,45.22,45.69,44.96,45.44,6646467
2024-02-22,45.44,46.23,45.10,45.89,8487242
2024-02-25,45.89,45.91,45.44,45.47,1535836
2024-02-26,45.47,45.53,45.10,45.17,2508299
2024-02-27,45.17,45.77,44.88,45.48,7379938
2024-02-28,45.48,45.93,45.23,45.68,6496433
2024-02-29,45.68,45.88,45.50,45.70,5018278
2024-03-03,45.70,46.53,45.35,46.18,8698559
2024-03-04,46.18,46.73,45.90,46.45,6994067
2024-03-05,46.45,46.47,45.99,46.02,1509739
2024-03-06,46.02,46.70,45.71,46.38,7776440
2024-03-07,46.38,46.82,46.14,46.57,6362071
2024-03-10,46.57,46.68,46.27,46.37,3316015
2024-03-11,46.37,47.09,46.05,46.76,7946913
2024-03-12,46.76,47.48,46.44,47.16,7933779
2024-03-13,47.16,47.50,46.93,47.27,5770438
2024-03-14,47.27,47.44,47.06,47.23,4543312
2024-03-17,47.23,47.80,46.94,47.51,7042524
2024-03-18,47.51,47.66,47.27,47.42,4206344
2024-03-19,47.42,48.32,47.05,47.94,8898971
2024-03-20,47.94,48.52,47.66,48.23,7021639
2024-03-21,48.23,48.27,47.79,47.84,1957064
2024-03-24,47.84,48.65,47.49,48.30,8347222
2024-03-25,48.30,48.40,47.97,48.07,3204458
2024-03-26,48.07,48.14,47.67,47.74,2355932
2024-03-27,47.74,48.17,47.49,47.92,6221399
2024-03-28,47.92,48.47,47.63,48.19,6924314
2024-03-31,48.19,49.07,47.81,48.70,8736282
2024-04-01,48.70,49.06,48.46,48.83,5854835
2024-04-02,48.83,49.13,48.61,48.91,5514540
2024-04-03,48.91,49.76,48.55,49.39,8431447
2024-04-04,49.39,49.47,49.00,49.08,2580864
2024-04-07,49.08,49.14,48.67,48.73,2308470
2024-04-08,48.73,48.91,48.53,48.72,4774759
2024-04-09,48.72,49.43,48.39,49.10,7732818
2024-04-10,49.10,49.98,48.72,49.61,8639437
2024-04-11,49.61,49.61,49.09,49.09,1099554
2024-04-14,49.09,49.98,48.71,49.60,8644032
2024-04-15,49.60,49.74,49.32,49.46,3840775
2024-04-16,49.46,50.37,49.07,49.98,8739163
2024-04-17,49.98,50.89,49.60,50.50,8647839
2024-04-18,50.50,51.15,50.18,50.83,7245816
2024-04-21,50.83,51.44,50.52,51.13,7026920
2024-04-22,51.13,51.23,50.77,50.87,3077572
2024-04-23,50.87,51.32,50.61,51.06,6187894
2024-04-24,51.06,51.72,50.74,51.40,7296159
2024-04-25,51.40,51.51,51.05,51.17,3266563
2024-04-28,51.17,51.32,50.89,51.04,4000342
2024-04-29,51.04,51.24,50.85,51.04,4880212
2024-04-30,51.04,51.23,50.82,51.00,4548148
2024-05-01,51.00,51.15,50.72,50.88,4016495
2024-05-02,50.88,50.98,50.52,50.63,3112414
2024-05-05,50.63,50.69,50.20,50.26,2255658
2024-05-06,50.26,50.29,49.78,49.81,1569684
2024-05-07,49.81,50.08,49.59,49.87,5326097
2024-05-08,49.87,50.60,49.53,50.26,7722427
2024-05-09,50.26,51.04,49.91,50.69,7993244
2024-05-12,50.69,51.26,50.39,50.96,6854595
2024-05-13,50.96,51.81,50.59,51.44,8281790
2024-05-14,51.44,51.52,51.04,51.12,2620507
2024-05-15,51.12,51.22,50.76,50.86,3031241
2024-05-16,50.86,51.52,50.54,51.19,7267078
2024-05-19,51.19,51.39,50.99,51.18,4784807
2024-05-20,51.18,51.44,50.97,51.22,5189368
2024-05-21,51.22,52.03,50.87,51.67,8011625
2024-05-22,51.67,51.71,51.19,51.23,1819478
2024-05-23,51.23,52.16,50.84,51.76,8662311
2024-05-26,51.76,52.15,51.51,51.90,5848765
2024-05-27,51.90,52.14,51.69,51.93,5057853
2024-05-28,51.93,52.89,51.52,52.48,8783401
2024-05-29,52.48,52.65,52.21,52.37,4111831
2024-05-30,52.37,52.42,51.89,51.93,1833264
2024-06-02,51.93,52.92,51.53,52.51,8885973
2024-06-03,52.51,52.96,52.24,52.69,6134156
2024-06-04,52.69,52.82,52.35,52.49,3479046
2024-06-05,52.49,52.66,52.23,52.40,4303360
2024-06-06,52.40,53.07,52.07,52.74,7249074
2024-06-09,52.74,53.04,52.51,52.81,5328532
2024-06-10,52.81,53.31,52.52,53.02,6368895
2024-06-11,53.02,53.12,52.63,52.72,2789917
2024-06-12,52.72,52.81,52.32,52.41,2715054
2024-06-13,52.41,52.48,51.98,52.05,2415912
2024-06-16,52.05,52.21,51.78,51.94,4090020
2024-06-17,51.94,52.55,51.63,52.24,6971947
2024-06-18,52.24,52.38,51.93,52.08,3777743
2024-06-19,52.08,52.59,51.79,52.31,6482716
2024-06-20,52.31,52.62,52.08,52.39,5432544
2024-06-23,52.39,52.77,52.14,52.52,5787722
2024-06-24,52.52,52.80,52.29,52.58,5301337
2024-06-25,52.58,52.60,52.06,52.08,1430178
2024-06-26,52.08,52.22,51.78,51.92,3779183
2024-06-27,51.92,52.07,51.63,51.78,3879218
2024-06-30,51.78,52.26,51.51,51.98,6298182
2024-07-01,51.98,51.99,51.43,51.44,1085459
2024-07-02,51.44,51.77,51.20,51.53,5549691
2024-07-03,51.53,52.22,51.21,51.89,7369890
2024-07-04,51.89,51.89,51.34,51.34,1039883
2024-07-07,51.34,51.69,51.10,51.45,5646090
2024-07-08,51.45,52.25,51.09,51.89,7978635
2024-07-09,51.89,52.50,51.58,52.18,6975788
2024-07-10,52.18,52.90,51.84,52.56,7501748
2024-07-11,52.56,52.69,52.23,52.35,3457750
2024-07-14,52.35,52.82,52.08,52.55,6226508
2024-07-15,52.55,53.06,52.26,52.78,6450000
2024-07-16,52.78,53.03,52.56,52.81,5140569
2024-07-17,52.81,52.87,52.35,52.41,2125377
2024-07-18,52.41,52.80,52.16,52.55,5824176
2024-07-21,52.55,53.44,52.16,53.05,8360425
2024-07-22,53.05,53.48,52.79,53.22,6005727
2024-07-23,53.22,54.24,52.79,53.81,8957613
2024-07-24,53.81,54.75,53.41,54.34,8450651
2024-07-25,54.34,54.62,54.11,54.39,5200891
2024-07-28,54.39,54.51,54.02,54.14,3183641
2024-07-29,54.14,55.14,53.72,54.71,8744581
2024-07-30,54.71,54.82,54.32,54.44,3044204
2024-07-31,54.44,55.25,54.06,54.88,7835596
2024-08-01,54.88,55.07,54.64,54.83,4575548
2024-08-04,54.83,54.93,54.43,54.53,2868998
2024-08-05,54.53,54.60,54.07,54.13,2246810
2024-08-06,54.13,54.83,53.79,54.49,7276886
2024-08-07,54.49,55.34,54.11,54.96,8008607
2024-08-08,54.96,55.35,54.70,55.09,5750617
2024-08-11,55.09,55.27,54.81,54.98,4181927
2024-08-12,54.98,55.39,54.72,55.12,5796364
2024-08-13,55.12,55.50,54.87,55.24,5680349
2024-08-14,55.24,55.82,54.93,55.51,6624005
2024-08-15,55.51,56.29,55.15,55.92,7565603
2024-08-18,55.92,56.24,55.68,56.00,5369341
2024-08-19,56.00,56.05,55.49,55.54,1936454
2024-08-20,55.54,56.55,55.12,56.12,8649657
2024-08-21,56.12,57.03,55.72,56.62,8150925
2024-08-22,56.62,56.65,56.06,56.09,1452606
2024-08-25,56.09,56.28,55.82,56.01,4381858
2024-08-26,56.01,56.03,55.45,55.47,1358436
2024-08-27,55.47,56.44,55.05,56.02,8505795
2024-08-28,56.02,56.50,55.74,56.21,6095541
2024-08-29,56.21,56.40,55.94,56.12,4325205
2024-09-01,56.12,56.20,55.67,55.75,2429355
2024-09-02,55.75,55.75,55.16,55.17,1124039
2024-09-03,55.17,55.36,54.91,55.09,4384567
2024-09-04,55.09,55.18,54.66,54.74,2556618
2024-09-05,54.74,55.76,54.32,55.33,8800685
2024-09-08,55.33,55.55,55.12,55.33,4869855
2024-09-09,55.33,55.51,55.05,55.23,4220919
2024-09-10,55.23,56.19,54.82,55.77,8458813
2024-09-11,55.77,55.78,55.19,55.20,1114403
2024-09-12,55.20,55.29,54.78,54.87,2755589
2024-09-15,54.87,55.01,54.52,54.66,3431755
2024-09-16,54.66,54.84,54.40,54.59,4451543
2024-09-17,54.59,54.62,54.06,54.08,1493964
2024-09-18,54.08,54.33,53.86,54.11,5052846
2024-09-19,54.11,54.17,53.65,53.71,2214609
2024-09-22,53.71,53.86,53.40,53.55,3769375
2024-09-23,53.55,54.52,53.14,54.10,8655418
2024-09-24,54.10,54.49,53.85,54.23,5736934
2024-09-25,54.23,54.45,54.02,54.24,4915157
2024-09-26,54.24,54.27,53.71,53.74,1572805
2024-09-29,53.74,53.82,53.30,53.37,2351851
2024-09-30,53.37,54.26,52.98,53.87,8264643
2024-10-01,53.87,53.98,53.49,53.61,3138340
2024-10-02,53.61,53.74,53.26,53.39,3392695
2024-10-03,53.39,53.40,52.83,52.84,1151165
2024-10-06,52.84,53.81,52.44,53.40,8685356
2024-10-07,53.40,53.57,53.12,53.29,4192798
2024-10-08,53.29,53.40,52.90,53.01,2908058
2024-10-09,53.01,53.34,52.76,53.10,5547187
2024-10-10,53.10,53.95,52.73,53.57,8085493
2024-10-13,53.57,54.58,53.15,54.16,8868655
2024-10-14,54.16,54.40,53.94,54.18,5057167
2024-10-15,54.18,54.26,53.74,53.82,2404115
2024-10-16,53.82,54.33,53.53,54.04,6366289
2024-10-17,54.04,54.12,53.61,53.69,2548628
2024-10-20,53.69,54.22,53.39,53.93,6481995
2024-10-21,53.93,54.51,53.62,54.20,6734293
2024-10-22,54.20,54.22,53.66,53.68,1354903
2024-10-23,53.68,54.44,53.32,54.08,7652469
2024-10-24,54.08,54.38,53.85,54.15,5306001
2024-10-27,54.15,54.35,53.93,54.14,4809327
2024-10-28,54.14,54.15,53.58,53.60,1248868
2024-10-29,53.60,53.91,53.36,53.68,5414746
2024-10-30,53.68,54.56,53.29,54.17,8245233
2024-10-31,54.17,54.73,53.87,54.43,6604526
2024-11-03,54.43,54.51,53.98,54.06,2393861
2024-11-04,54.06,54.70,53.73,54.37,6995953
2024-11-05,54.37,54.48,53.99,54.10,3052777
2024-11-06,54.10,54.86,53.74,54.50,7576680
2024-11-07,54.50,54.68,54.24,54.43,4394821
2024-11-10,54.43,54.48,53.93,53.98,1926954
2024-11-11,53.98,54.89,53.59,54.49,8296536
2024-11-12,54.49,54.64,54.18,54.33,3775171
2024-11-13,54.33,54.88,54.02,54.58,6560390
2024-11-14,54.58,55.41,54.20,55.03,7886762
2024-11-17,55.03,55.99,54.62,55.57,8470336
2024-11-18,55.57,55.75,55.30,55.48,4286419
2024-11-19,55.48,55.52,54.96,54.99,1680692
2024-11-20,54.99,55.40,54.73,55.13,5813648
2024-11-21,55.13,55.67,54.83,55.37,6438374
2024-11-24,55.37,55.37,54.78,54.78,1011659
2024-11-25,54.78,55.46,54.45,55.12,7138443
2024-11-26,55.12,56.06,54.72,55.65,8349588
2024-11-27,55.65,55.66,55.08,55.09,1212997
2024-11-28,55.09,55.90,54.71,55.53,7778052
2024-12-01,55.53,55.84,55.28,55.60,5353395
2024-12-02,55.60,55.97,55.34,55.71,5618038
2024-12-03,55.71,55.83,55.32,55.43,3065809
2024-12-04,55.43,56.46,55.00,56.03,8783127
2024-12-05,56.03,56.06,55.49,55.52,1560116
2024-12-08,55.52,55.70,55.25,55.43,4335048
2024-12-09,55.43,55.88,55.16,55.60,5972119
2024-12-10,55.60,56.55,55.19,56.13,8372565
2024-12-11,56.13,56.78,55.80,56.45,6919101
2024-12-12,56.45,57.39,56.04,56.97,8253703
2024-12-15,56.97,57.30,56.72,57.05,5388717
2024-12-16,57.05,57.55,56.76,57.25,6151303
2024-12-17,57.25,57.36,56.84,56.95,2961213
2024-12-18,56.95,57.12,56.64,56.80,3941906
2024-12-19,56.80,57.13,56.55,56.88,5364986
2024-12-22,56.88,56.90,56.31,56.34,1427983
2024-12-23,56.34,57.08,55.98,56.72,7365466
2024-12-24,56.72,57.59,56.33,57.19,7893484
2024-12-25,57.19,57.87,56.85,57.52,6987345
2024-12-26,57.52,57.64,57.11,57.23,2992729
2024-12-29,57.23,57.23,56.62,56.63,1070130
2024-12-30,56.63,57.29,56.29,56.95,6972633
2024-12-31,56.95,57.02,56.46,56.53,2157030
2025-01-01,56.53,56.71,56.24,56.42,4228257
2025-01-02,56.42,56.63,56.19,56.40,4717181
2025-01-05,56.40,57.32,55.99,56.91,8191700
2025-01-06,56.91,57.12,56.67,56.89,4701200
2025-01-07,56.89,57.03,56.53,56.68,3554320
2025-01-08,56.68,57.66,56.26,57.23,8430075
2025-01-09,57.23,57.66,56.96,57.38,5822290
2025-01-12,57.38,58.02,57.05,57.69,6817386
2025-01-13,57.69,58.20,57.38,57.90,6205486
2025-01-14,57.90,58.01,57.47,57.58,2924862
2025-01-15,57.58,57.63,57.05,57.10,1839711
2025-01-16,57.10,57.32,56.88,57.10,4851268
2025-01-19,57.10,57.85,56.74,57.48,7342249
2025-01-20,57.48,58.37,57.09,57.97,7954629
2025-01-21,57.97,58.81,57.58,58.42,7700754
2025-01-22,58.42,58.98,58.10,58.67,6407784
2025-01-23,58.67,58.87,58.40,58.60,4495473
2025-01-26,58.60,58.67,58.09,58.15,2087277
2025-01-27,58.15,58.30,57.78,57.93,3454801
2025-01-28,57.93,58.03,57.49,57.59,2795576
2025-01-29,57.59,58.35,57.23,57.98,7344170
2025-01-30,57.98,58.03,57.45,57.50,1816632
2025-02-02,57.50,58.00,57.20,57.70,6188271
2025-02-03,57.70,57.81,57.27,57.37,2804766
2025-02-04,57.37,57.59,57.15,57.36,4826611
2025-02-05,57.36,57.42,56.85,56.91,2006893
2025-02-06,56.91,57.76,56.52,57.37,7802400
2025-02-09,57.37,58.23,56.98,57.83,7818072
2025-02-10,57.83,57.87,57.27,57.31,1584773
2025-02-11,57.31,57.35,56.76,56.80,1670404
2025-02-12,56.80,57.29,56.51,57.00,6124348
2025-02-13,57.00,57.94,56.58,57.53,8255246
2025-02-16,57.53,57.68,57.19,57.35,3742112
2025-02-17,57.35,57.47,56.94,57.06,3078772
2025-02-18,57.06,57.08,56.49,56.51,1351646
2025-02-19,56.51,56.53,55.94,55.96,1350857
2025-02-20,55.96,56.02,55.46,55.52,2014677
2025-02-23,55.52,56.43,55.12,56.03,8207304
2025-02-24,56.03,56.44,55.76,56.17,5829972
2025-02-25,56.17,56.68,55.88,56.39,6265397
2025-02-26,56.39,57.30,55.98,56.90,8155555
2025-02-27,56.90,57.10,56.64,56.84,4512791
2025-03-02,56.84,56.96,56.45,56.57,3164266
2025-03-03,56.57,56.77,56.32,56.52,4529732
2025-03-04,56.52,57.56,56.08,57.11,8732647
2025-03-05,57.11,57.29,56.81,56.98,4044615
2025-03-06,56.98,58.02,56.55,57.58,8663168
2025-03-09,57.58,58.00,57.30,57.72,5822873
2025-03-10,57.72,57.91,57.44,57.62,4239780
2025-03-11,57.62,58.50,57.23,58.10,7889197
2025-03-12,58.10,58.82,57.74,58.46,7116803
2025-03-13,58.46,59.17,58.10,58.81,7083093
2025-03-16,58.81,59.19,58.54,58.92,5541152
2025-03-17,58.92,59.83,58.51,59.42,7947770
2025-03-18,59.42,60.32,59.01,59.91,7907887
2025-03-19,59.91,60.16,59.67,59.92,4952366
2025-03-20,59.92,60.08,59.56,59.72,3649108
2025-03-23,59.72,59.78,59.19,59.25,2047496
2025-03-24,59.25,59.28,58.67,58.70,1456172
2025-03-25,58.70,59.07,58.43,58.81,5554149
2025-03-26,58.81,59.91,58.34,59.44,8835253
2025-03-27,59.44,60.01,59.12,59.69,6385905
2025-03-30,59.69,60.85,59.21,60.37,8996227
2025-03-31,60.37,61.22,59.97,60.82,7604492
2025-04-01,60.82,61.56,60.45,61.19,7074897
2025-04-02,61.19,61.20,60.57,60.59,1308676
2025-04-03,60.59,60.63,60.01,60.05,1688545
2025-04-06,60.05,60.73,59.70,60.38,6856481
2025-04-07,60.38,60.43,59.82,59.87,1824828
2025-04-08,59.87,59.96,59.38,59.47,2420747
2025-04-09,59.47,59.47,58.84,58.84,1063991
2025-04-10,58.84,59.29,58.56,59.01,5878017
2025-04-13,59.01,59.29,58.76,59.05,5134430
2025-04-14,59.05,59.05,58.42,58.42,1030761
2025-04-15,58.42,59.51,57.97,59.05,8801577
2025-04-16,59.05,59.34,58.81,59.10,5162928
2025-04-17,59.10,59.16,58.58,58.64,2090123
2025-04-20,58.64,59.10,58.35,58.81,5928840
2025-04-21,58.81,59.25,58.53,58.97,5839574
2025-04-22,58.97,59.80,58.58,59.41,7575411
2025-04-23,59.41,60.47,58.95,60.01,8593141
2025-04-24,60.01,60.10,59.53,59.62,2497702
2025-04-27,59.62,59.85,59.38,59.61,4819958
2025-04-28,59.61,59.80,59.30,59.49,4127812
2025-04-29,59.49,60.07,59.16,59.75,6470644
2025-04-30,59.75,60.04,59.50,59.79,5157098
2025-05-01,59.79,59.96,59.45,59.62,3866186
2025-05-04,59.62,59.90,59.38,59.66,5091735
2025-05-05,59.66,59.83,59.33,59.50,3920164
2025-05-06,59.50,59.63,59.09,59.22,3141598
2025-05-07,59.22,59.26,58.66,58.70,1694307
2025-05-08,58.70,58.90,58.43,58.63,4442489
2025-05-11,58.63,58.95,58.38,58.69,5287379
2025-05-12,58.69,59.53,58.31,59.13,7611694
2025-05-13,59.13,59.20,58.61,58.68,2057407
2025-05-14,58.68,59.07,58.40,58.80,5636865
2025-05-15,58.80,58.87,58.29,58.36,2177229
2025-05-18,58.36,59.30,57.95,58.88,8098251
2025-05-19,58.88,59.69,58.49,59.31,7523388
2025-05-20,59.31,59.53,59.06,59.28,4724245
2025-05-21,59.28,59.33,58.74,58.79,1898353
2025-05-22,58.79,59.33,58.48,59.02,6280281
2025-05-25,59.02,59.11,58.55,58.65,2586076
2025-05-26,58.65,58.75,58.21,58.31,2791049
2025-05-27,58.31,58.62,58.06,58.37,5240877
2025-05-28,58.37,59.08,58.01,58.72,7096056
2025-05-29,58.72,59.22,58.42,58.92,6109670
2025-06-01,58.92,59.79,58.53,59.39,7738511
2025-06-02,59.39,59.77,59.11,59.50,5587517
2025-06-03,59.50,60.25,59.13,59.88,7187551
2025-06-04,59.88,59.89,59.25,59.26,1106515
2025-06-05,59.26,59.28,58.67,58.69,1393792
2025-06-08,58.69,58.71,58.10,58.12,1358024
2025-06-09,58.12,58.34,57.88,58.09,4678223
2025-06-10,58.09,58.53,57.81,58.24,5848216
2025-06-11,58.24,59.14,57.84,58.74,7954423
2025-06-12,58.74,59.16,58.46,58.88,5786968
2025-06-15,58.88,59.42,58.57,59.11,6284122
2025-06-16,59.11,59.66,58.80,59.34,6310082
2025-06-17,59.34,60.22,58.94,59.81,7766083
2025-06-18,59.81,60.31,59.51,60.00,6034842
2025-06-19,60.00,60.89,59.60,60.48,7758333
2025-06-22,60.48,60.96,60.18,60.66,5948902
2025-06-23,60.66,61.70,60.21,61.25,8433710
2025-06-24,61.25,62.12,60.84,61.71,7632510
2025-06-25,61.71,61.88,61.34,61.51,3668758
2025-06-26,61.51,62.66,61.03,62.17,8814060
2025-06-29,62.17,62.19,61.54,61.55,1265946
2025-06-30,61.55,61.76,61.25,61.45,4258984
2025-07-01,61.45,61.54,60.96,61.05,2509224
2025-07-02,61.05,62.00,60.62,61.57,7991975
2025-07-03,61.57,61.70,61.14,61.26,3052914
2025-07-06,61.26,62.42,60.78,61.93,8852537
2025-07-07,61.93,62.70,61.55,62.32,7143930
2025-07-08,62.32,62.47,61.91,62.06,3383882
2025-07-09,62.06,62.84,61.68,62.45,7177331
2025-07-10,62.45,62.52,61.90,61.97,2055144
2025-07-13,61.97,63.07,61.50,62.60,8585219
2025-07-14,62.60,63.77,62.11,63.28,8816941
2025-07-15,63.28,63.47,62.94,63.13,4058950
2025-07-16,63.13,63.64,62.82,63.33,5990260
2025-07-17,63.33,63.33,62.66,62.67,1104698
2025-07-20,62.67,63.76,62.20,63.29,8488683
2025-07-21,63.29,64.03,62.92,63.65,6932338
2025-07-22,63.65,63.80,63.23,63.38,3373936
2025-07-23,63.38,63.49,62.89,63.00,2677674
2025-07-24,63.00,63.69,62.64,63.32,6744787
2025-07-27,63.32,63.45,62.87,62.99,2957990
2025-07-28,62.99,63.49,62.68,63.18,5959259
2025-07-29,63.18,64.35,62.69,63.85,8760939
2025-07-30,63.85,63.99,63.41,63.55,3190192
2025-07-31,63.55,63.99,63.26,63.69,5666769
2025-08-03,63.69,64.76,63.23,64.29,8314128
2025-08-04,64.29,65.15,63.88,64.74,7403875
2025-08-05,64.74,65.05,64.47,64.78,5133539
2025-08-06,64.78,65.98,64.28,65.47,8737688
2025-08-07,65.47,65.60,64.99,65.12,2932373
2025-08-10,65.12,66.06,64.68,65.62,7692901
2025-08-11,65.62,66.00,65.34,65.71,5364951
2025-08-12,65.71,65.72,65.02,65.03,1109019
2025-08-13,65.03,66.21,64.53,65.71,8678189
2025-08-14,65.71,65.74,65.07,65.10,1529252
2025-08-17,65.10,65.45,64.83,65.17,5267146
2025-08-18,65.17,65.33,64.75,64.91,3422736
2025-08-19,64.91,66.07,64.42,65.57,8563923
2025-08-20,65.57,65.68,65.07,65.18,2740089
2025-08-21,65.18,65.33,64.75,64.89,3259876
2025-08-24,64.89,65.37,64.58,65.06,5802297
2025-08-25,65.06,65.31,64.80,65.05,4861179
2025-08-26,65.05,65.22,64.65,64.81,3522942
2025-08-27,64.81,65.04,64.53,64.76,4577709
2025-08-28,64.76,65.52,64.37,65.13,6963751
2025-08-31,65.13,66.04,64.70,65.61,7545267
2025-09-01,65.61,66.69,65.13,66.21,8223491
2025-09-02,66.21,66.43,65.90,66.12,4381138
2025-09-03,66.12,66.23,65.61,65.72,2660185
2025-09-04,65.72,65.92,65.37,65.57,4072976
2025-09-07,65.57,66.71,65.08,66.21,8446673
2025-09-08,66.21,67.30,65.74,66.82,8201028
2025-09-09,66.82,66.98,66.39,66.56,3459499
2025-09-10,66.56,67.22,66.19,66.85,6493689
2025-09-11,66.85,67.02,66.43,66.60,3501131
2025-09-14,66.60,66.65,65.97,66.02,1716392
2025-09-15,66.02,66.08,65.41,65.47,1855521
2025-09-16,65.47,66.47,65.02,66.01,7893827
2025-09-17,66.01,66.09,65.44,65.52,2176989
2025-09-18,65.52,66.02,65.20,65.70,5865500
2025-09-21,65.70,66.90,65.19,66.39,8712448
2025-09-22,66.39,67.47,65.92,66.99,8174622
2025-09-23,66.99,67.50,66.67,67.17,5856961
2025-09-24,67.17,67.19,66.49,66.51,1290329
2025-09-25,66.51,67.31,66.11,66.91,7042626
2025-09-28,66.91,67.24,66.63,66.96,5163237
2025-09-29,66.96,67.24,66.69,66.97,4960802
2025-09-30,66.97,67.05,66.39,66.46,2114334
2025-10-01,66.46,67.28,66.06,66.87,7117661
2025-10-02,66.87,67.68,66.47,67.27,7057201
2025-10-05,67.27,67.52,66.99,67.24,4723079
2025-10-06,67.24,68.05,66.84,67.65,7053566
2025-10-07,67.65,67.77,67.15,67.28,2912860
2025-10-08,67.28,67.36,66.70,66.78,2202194
2025-10-09,66.78,67.91,66.30,67.41,8304286
2025-10-12,67.41,67.61,67.03,67.22,3861111
2025-10-13,67.22,67.74,66.90,67.41,5885013
2025-10-14,67.41,68.01,67.06,67.66,6203155
2025-10-15,67.66,68.01,67.37,67.72,5235288
2025-10-16,67.72,67.86,67.25,67.39,3104869
2025-10-19,67.39,67.60,67.04,67.24,4083504
2025-10-20,67.24,67.33,66.69,66.78,2368724
2025-10-21,66.78,67.12,66.50,66.84,5195096
2025-10-22,66.84,67.20,66.55,66.91,5278669
2025-10-23,66.91,67.60,66.54,67.23,6594753
2025-10-26,67.23,68.15,66.79,67.71,7489026
2025-10-27,67.71,68.03,67.43,67.75,5121982
2025-10-28,67.75,68.11,67.46,67.82,5246707
2025-10-29,67.82,68.20,67.53,67.90,5319993
2025-10-30,67.90,68.70,67.50,68.29,6946776
2025-11-02,68.29,68.33,67.64,67.68,1657921
2025-11-03,67.68,67.75,67.08,67.15,2021330
2025-11-04,67.15,67.72,66.81,67.37,6086385
2025-11-05,67.37,68.22,66.96,67.80,7161728
2025-11-06,67.80,69.10,67.26,68.55,8926371
2025-11-09,68.55,69.07,68.22,68.74,5874142
2025-11-10,68.74,68.75,68.02,68.02,1091460
2025-11-11,68.02,68.41,67.73,68.11,5368449
2025-11-12,68.11,68.16,67.46,67.51,1643381
2025-11-13,67.51,67.63,67.00,67.12,2780452
2025-11-16,67.12,67.23,66.60,66.71,2680898
2025-11-17,66.71,66.96,66.44,66.68,4727434
2025-11-18,66.68,67.62,66.25,67.18,7562037
2025-11-19,67.18,67.39,66.84,67.05,4197050
2025-11-20,67.05,67.15,66.51,66.60,2459636
2025-11-23,66.60,66.72,66.10,66.22,2769547
2025-11-24,66.22,66.57,65.94,66.28,5250240
2025-11-25,66.28,66.86,65.94,66.52,6173319
2025-11-26,66.52,67.49,66.07,67.04,7736316
2025-11-27,67.04,67.05,66.35,66.36,1173799
2025-11-30,66.36,66.51,65.91,66.05,3201817
2025-12-01,66.05,66.11,65.44,65.49,1795679
2025-12-02,65.49,65.64,65.06,65.21,3301063
2025-12-03,65.21,65.46,64.96,65.21,4878463
2025-12-04,65.21,65.42,64.89,65.10,4280967
2025-12-07,65.10,65.86,64.71,65.47,6965363
2025-12-08,65.47,66.14,65.11,65.77,6536591
2025-12-09,65.77,65.87,65.25,65.35,2525514
2025-12-10,65.35,66.25,64.92,65.82,7500034
2025-12-11,65.82,65.98,65.41,65.57,3509533
2025-12-14,65.57,66.56,65.12,66.11,7862654
2025-12-15,66.11,67.20,65.63,66.72,8238408
2025-12-16,66.72,67.54,66.31,67.13,7130624
2025-12-17,67.13,68.09,66.69,67.64,7625720
2025-12-18,67.64,67.88,67.33,67.57,4513820
2025-12-21,67.57,67.82,67.29,67.54,4733196
2025-12-22,67.54,67.87,67.26,67.59,5148045
2025-12-23,67.59,68.56,67.14,68.11,7659602
2025-12-24,68.11,69.08,67.66,68.63,7650582
2025-12-25,68.63,68.82,68.23,68.42,3762962
2025-12-28,68.42,68.72,68.14,68.44,5009087
2025-12-29,68.44,68.59,67.98,68.13,3216117
2025-12-30,68.13,68.89,67.73,68.49,6803806
2025-12-31,68.49,69.53,68.02,69.06,7895610
2026-01-01,69.06,69.18,68.53,68.65,2763134
2026-01-04,68.65,68.70,67.99,68.04,1603909
2026-01-05,68.04,68.22,67.63,67.81,3652503
2026-01-06,67.81,67.85,67.16,67.20,1624965
2026-01-07,67.20,68.12,66.76,67.68,7496604
2026-01-08,67.68,67.86,67.27,67.45,3613100
2026-01-11,67.45,67.59,66.98,67.12,3134945
2026-01-12,67.12,67.31,66.74,66.93,3815226
2026-01-13,66.93,67.07,66.46,66.60,3110733
2026-01-14,66.60,66.71,66.08,66.19,2626406
2026-01-15,66.19,66.25,65.59,65.64,1893106
2026-01-18,65.64,66.05,65.35,65.75,5478737
2026-01-19,65.75,65.91,65.33,65.49,3432681
2026-01-20,65.49,65.79,65.23,65.52,5063580
2026-01-21,65.52,66.07,65.19,65.74,6050445
2026-01-22,65.74,66.98,65.22,66.46,8887105
2026-01-25,66.46,67.66,65.95,67.15,8659979
2026-01-26,67.15,68.24,66.67,67.76,8159190
2026-01-27,67.76,68.39,67.40,68.02,6323010
2026-01-28,68.02,69.09,67.55,68.61,8015637
2026-01-29,68.61,69.46,68.19,69.04,7138305
2026-02-01,69.04,69.88,68.62,69.45,7073731
2026-02-02,69.45,70.14,69.07,69.76,6463888
2026-02-03,69.76,70.41,69.39,70.03,6321124
2026-02-04,70.03,70.72,69.65,70.34,6472599
2026-02-05,70.34,71.26,69.89,70.82,7338065
2026-02-08,70.82,70.82,70.06,70.07,1040980
2026-02-09,70.07,71.12,69.59,70.64,7852949
2026-02-10,70.64,71.20,70.29,70.85,5971502
2026-02-11,70.85,70.97,70.30,70.41,2631207
2026-02-12,70.41,71.13,70.02,70.74,6548113
2026-02-15,70.74,71.23,70.40,70.90,5697530
2026-02-16,70.90,71.58,70.51,71.20,6425137
2026-02-17,71.20,71.74,70.85,71.40,5891426
2026-02-18,71.40,71.46,70.74,70.80,1849485
2026-02-19,70.80,71.84,70.32,71.36,7756104
2026-02-22,71.36,71.38,70.63,70.64,1216220
2026-02-23,70.64,71.15,70.31,70.81,5760699
2026-02-24,70.81,70.88,70.18,70.24,1957441
2026-02-25,70.24,70.44,69.85,70.05,3855829
2026-02-26,70.05,70.31,69.76,70.02,4764506
2026-03-01,70.02,71.21,69.51,70.69,8362482
2026-03-02,70.69,70.70,69.96,69.97,1143587
2026-03-03,69.97,70.05,69.37,69.45,2194238
2026-03-04,69.45,70.09,69.08,69.72,6304561
2026-03-05,69.72,69.96,69.40,69.63,4412825
2026-03-08,69.63,69.66,68.94,68.96,1383230
2026-03-09,68.96,69.81,68.54,69.39,7117009
2026-03-10,69.39,70.73,68.83,70.17,8996879
2026-03-11,70.17,70.65,69.85,70.32,5664814
2026-03-12,70.32,70.93,69.96,70.57,6133161
2026-03-15,70.57,70.65,69.97,70.05,2229080
2026-03-16,70.05,70.15,69.47,69.57,2372325
2026-03-17,69.57,70.31,69.17,69.92,6686351
2026-03-18,69.92,70.09,69.47,69.64,3442764
2026-03-19,69.64,69.77,69.12,69.25,2839094
2026-03-22,69.25,69.46,68.89,69.10,4109910
2026-03-23,69.10,70.17,68.62,69.69,7971262
2026-03-24,69.69,69.79,69.12,69.21,2398456
2026-03-25,69.21,69.26,68.56,68.62,1737174
2026-03-26,68.62,68.76,68.14,68.29,3147908
2026-03-29,68.29,68.52,67.96,68.20,4383744
2026-03-30,68.20,68.32,67.70,67.82,2901474
2026-03-31,67.82,68.96,67.33,68.46,8306035
2026-04-01,68.46,68.68,68.11,68.32,4128292
2026-04-02,68.32,68.45,67.82,67.96,2936145
2026-04-05,67.96,68.08,67.44,67.56,2778978
2026-04-06,67.56,67.85,67.30,67.58,4965432
2026-04-07,67.58,67.92,67.30,67.63,5174519
2026-04-08,67.63,68.16,67.30,67.82,5900068
2026-04-09,67.82,67.91,67.25,67.33,2228497
2026-04-12,67.33,67.61,67.06,67.34,4949931
2026-04-13,67.34,67.63,67.07,67.37,5002640
2026-04-14,67.37,68.23,66.94,67.80,7250823
2026-04-15,67.80,68.25,67.49,67.94,5595713
2026-04-16,67.94,68.10,67.50,67.67,3420027
2026-04-19,67.67,68.56,67.23,68.13,7365740
2026-04-20,68.13,68.23,67.57,67.67,2445198
2026-04-21,67.67,67.91,67.36,67.60,4485562
2026-04-22,67.60,68.12,67.27,67.79,5906584
2026-04-23,67.79,68.55,67.39,68.15,6831721
2026-04-26,68.15,68.33,67.73,67.90,3532578
2026-04-27,67.90,68.50,67.55,68.15,6206687
2026-04-28,68.15,68.72,67.80,68.37,6088614
2026-04-29,68.37,68.57,67.99,68.19,3894410
2026-04-30,68.19,68.37,67.77,67.95,3599382
2026-05-03,67.95,68.12,67.53,67.70,3549211
2026-05-04,67.70,68.99,67.17,68.45,8904389
2026-05-05,68.45,68.48,67.77,67.80,1418004
2026-05-06,67.80,67.90,67.26,67.36,2546844
2026-05-07,67.36,67.88,67.03,67.55,5895850
2026-05-10,67.55,67.69,67.07,67.20,2995884
2026-05-11,67.20,67.85,66.84,67.48,6414849
2026-05-12,67.48,68.08,67.13,67.73,6202126
2026-05-13,67.73,67.91,67.32,67.50,3666358
2026-05-14,67.50,67.60,66.96,67.06,2486556
2026-05-17,67.06,67.39,66.78,67.11,5156550
2026-05-18,67.11,67.85,66.72,67.46,6762757
2026-05-19,67.46,67.53,66.87,66.94,2095301
2026-05-20,66.94,67.51,66.60,67.16,6092455
2026-05-21,67.16,68.12,66.72,67.67,7618415
2026-05-24,67.67,68.88,67.16,68.36,8574417
2026-05-25,68.36,68.59,68.03,68.26,4343175
2026-05-26,68.26,68.30,67.60,67.64,1566666
2026-05-27,67.64,67.65,66.94,66.96,1257235
2026-05-28,66.96,67.11,66.51,66.66,3242043
2026-05-31,66.66,67.69,66.20,67.22,7940843
2026-06-01,67.22,68.14,66.79,67.70,7477091
2026-06-02,67.70,68.28,67.35,67.93,6122393
2026-06-03,67.93,68.50,67.59,68.16,6074279
2026-06-04,68.16,68.85,67.78,68.47,6567318
2026-06-07,68.47,69.62,67.97,69.12,8317558
2026-06-08,69.12,70.02,68.68,69.58,7300308
2026-06-09,69.58,69.64,68.94,69.00,1861248
2026-06-10,69.00,69.34,68.71,69.05,5160871
2026-06-11,69.05,69.86,68.64,69.45,6952263
2026-06-14,69.45,69.70,69.16,69.41,4692215
2026-06-15,69.41,70.49,68.93,70.01,7985665
2026-06-16,70.01,71.20,69.49,70.68,8363477
2026-06-17,70.68,70.77,70.09,70.19,2393552
2026-06-18,70.19,70.41,69.83,70.05,4125274
2026-06-21,70.05,70.84,69.64,70.43,6867283
2026-06-22,70.43,71.08,70.06,70.70,6298593
2026-06-23,70.70,70.99,70.43,70.71,4913031
2026-06-24,70.71,71.23,70.37,70.89,5797016
2026-06-25,70.89,71.08,70.47,70.67,3740672
2026-06-28,70.67,71.15,70.34,70.82,5682270
2026-06-29,70.82,72.06,70.29,71.53,8486008
2026-06-30,71.53,72.12,71.16,71.76,6053120
2026-07-01,71.76,71.81,71.09,71.14,1766323
2026-07-02,71.14,71.23,70.54,70.63,2267592
2026-07-05,70.63,71.89,70.10,71.35,8569272
2026-07-06,71.35,71.60,71.02,71.27,4498525
2026-07-07,71.27,71.98,70.88,71.58,6475102
2026-07-08,71.58,72.33,71.18,71.93,6622462
2026-07-09,71.93,71.94,71.19,71.20,1212208
2026-07-12,71.20,72.43,70.67,71.90,8441872
2026-07-13,71.90,72.08,71.45,71.64,3546021
2026-07-14,71.64,71.80,71.15,71.31,3240706
2026-07-15,71.31,71.49,70.87,71.04,3501234
2026-07-16,71.04,71.16,70.49,70.61,2673285
2026-07-19,70.61,71.16,70.26,70.81,5917352
2026-07-20,70.81,70.95,70.30,70.44,2986522
2026-07-21,70.44,71.37,70.00,70.92,7337585
2026-07-22,70.92,71.17,70.61,70.86,4575480
2026-07-23,70.86,70.95,70.26,70.34,2231069
2026-07-26,70.34,70.62,70.07,70.34,4872256
2026-07-27,70.34,70.45,69.78,69.89,2548422
2026-07-28,69.89,70.14,69.58,69.83,4568209
2026-07-29,69.83,70.56,69.44,70.16,6610631
2026-07-30,70.16,70.32,69.68,69.83,3169513