Date,Open,High,Low,Close,Volume
2015-12-31,40.00,40.04,39.54,39.58,2086796
2016-01-03,39.58,40.13,39.34,39.89,6989300
2016-01-04,39.89,40.10,39.73,39.94,5173696
2016-01-05,39.94,40.35,39.73,40.14,6244924
2016-01-06,40.14,40.17,39.64,39.67,1733847
2016-01-07,39.67,39.80,39.44,39.57,4208367
2016-01-10,39.57,39.68,39.29,39.40,3717866
2016-01-11,39.40,39.42,38.89,38.91,1570987
2016-01-12,38.91,38.93,38.39,38.41,1446742
2016-01-13,38.41,38.73,38.22,38.54,5838957
2016-01-14,38.54,38.58,38.07,38.10,1834053
2016-01-17,38.10,38.86,37.83,38.58,8222153
2016-01-18,38.58,39.30,38.31,39.03,7941529
2016-01-19,39.03,39.36,38.84,39.17,5856378
2016-01-20,39.17,39.28,38.91,39.02,3867935
2016-01-21,39.02,39.26,38.85,39.09,5358916
2016-01-24,39.09,40.01,38.78,39.69,8971296
2016-01-25,39.69,40.38,39.42,40.11,7717421
2016-01-26,40.11,40.13,39.57,39.59,1424451
2016-01-27,39.59,40.05,39.37,39.83,6512139
2016-01-28,39.83,40.41,39.59,40.17,7103943
2016-01-31,40.17,40.82,39.91,40.56,7471467
2016-02-01,40.56,40.59,40.06,40.09,1812242
2016-02-02,40.09,40.34,39.92,40.16,5360836
2016-02-03,40.16,40.24,39.78,39.85,2833299
2016-02-04,39.85,40.26,39.65,40.05,6204938
2016-02-07,40.05,40.39,39.86,40.19,5821433
2016-02-08,40.19,40.73,39.96,40.49,6843278
2016-02-09,40.49,41.06,40.25,40.81,7023559
2016-02-10,40.81,40.93,40.54,40.65,3819067
2016-02-11,40.65,41.19,40.42,40.95,6834739
2016-02-14,40.95,41.64,40.68,41.37,7601440
2016-02-15,41.37,41.44,40.96,41.03,2687071
2016-02-16,41.03,41.43,40.82,41.22,6141015
2016-02-17,41.22,41.32,40.88,40.97,3271913
2016-02-18,40.97,41.30,40.78,41.11,5758779
2016-02-21,41.11,41.90,40.82,41.60,8095438
2016-02-22,41.60,41.86,41.42,41.68,5368312
2016-02-23,41.68,42.54,41.37,42.23,8367524
2016-02-24,42.23,43.02,41.93,42.72,8031344
2016-02-25,42.72,42.73,42.13,42.14,1223971
2016-02-28,42.14,42.50,41.93,42.29,5846639
2016-02-29,42.29,42.30,41.71,41.72,1282064
2016-03-01,41.72,41.77,41.25,41.30,2172222
2016-03-02,41.30,41.32,40.76,40.78,1529458
2016-03-03,40.78,41.38,40.53,41.13,7180932
2016-03-06,41.13,41.23,40.82,40.92,3546399
2016-03-07,40.92,41.45,40.69,41.21,6749314
2016-03-08,41.21,41.41,41.04,41.24,5061282
2016-03-09,41.24,42.15,40.92,41.83,8679835
2016-03-10,41.83,42.78,41.50,42.45,8839540
2016-03-13,42.45,42.89,42.23,42.67,6256447
2016-03-14,42.67,42.84,42.50,42.67,4905864
2016-03-15,42.67,42.76,42.30,42.39,3133470
2016-03-16,42.39,42.80,42.18,42.59,6099759
2016-03-17,42.59,42.69,42.27,42.37,3557818
2016-03-20,42.37,43.37,42.04,43.02,8964437
2016-03-21,43.02,43.82,42.73,43.51,7924554
2016-03-22,43.51,44.33,43.21,44.02,7969032
2016-03-23,44.02,44.35,43.81,44.15,5665775
2016-03-24,44.15,44.78,43.88,44.51,7064163
2016-03-27,44.51,44.81,44.31,44.61,5472839
2016-03-28,44.61,44.77,44.40,44.56,4570816
2016-03-29,44.56,45.15,44.30,44.89,6851920
2016-03-30,44.89,45.60,44.60,45.31,7402572
2016-03-31,45.31,45.31,44.65,44.65,1012894
2016-04-03,44.65,44.73,44.20,44.28,2621159
2016-04-04,44.28,44.28,43.64,43.65,1091563
2016-04-05,43.65,44.12,43.41,43.88,6325342
2016-04-06,43.88,44.23,43.68,44.02,5705212
2016-04-07,44.02,44.40,43.81,44.18,5873148
2016-04-10,44.18,44.98,43.88,44.67,7841495
2016-04-11,44.67,44.78,44.32,44.43,3437414
2016-04-12,44.43,44.44,43.80,43.80,1080658
2016-04-13,43.80,44.81,43.45,44.46,8894684
2016-04-14,44.46,45.11,44.19,44.84,7151097
2016-04-17,44.84,45.26,44.61,45.03,6047427
2016-04-18,45.03,45.21,44.85,45.02,4818244
2016-04-19,45.02,45.17,44.76,44.91,4179595
2016-04-20,44.91,45.77,44.59,45.45,8106790
2016-04-21,45.45,46.07,45.18,45.80,6945507
2016-04-24,45.80,46.19,45.58,45.97,5856241
2016-04-25,45.97,46.04,45.50,45.57,2592078
2016-04-26,45.57,45.65,45.11,45.19,2609807
2016-04-27,45.19,45.93,44.89,45.63,7514368
2016-04-28,45.63,46.67,45.27,46.31,8836625
2016-05-01,46.31,46.41,45.91,46.01,3144478
2016-05-02,46.01,46.17,45.78,45.94,4487311
2016-05-03,45.94,46.40,45.70,46.16,6173765
2016-05-04,46.16,46.30,45.86,45.99,3882853
2016-05-05,45.99,46.88,45.66,46.55,8108401
2016-05-08,46.55,46.96,46.32,46.73,5936831
2016-05-09,46.73,47.64,46.40,47.31,8158264
2016-05-10,47.31,47.68,47.08,47.45,5710973
2016-05-11,47.45,47.57,47.08,47.20,3459156
2016-05-12,47.20,47.31,46.81,46.92,3304046
2016-05-15,46.92,47.94,46.56,47.58,8628360
2016-05-16,47.58,47.63,47.03,47.08,2074074
2016-05-17,47.08,48.11,46.72,47.75,8653532
2016-05-18,47.75,47.90,47.47,47.62,4193895
2016-05-19,47.62,47.86,47.43,47.67,5114917
2016-05-22,47.67,47.79,47.31,47.43,3540054
2016-05-23,47.43,47.56,47.09,47.22,3740912
2016-05-24,47.22,48.09,46.90,47.76,7915020
2016-05-25,47.76,48.50,47.46,48.19,7296947
2016-05-26,48.19,48.27,47.71,47.78,2602743
2016-05-29,47.78,48.18,47.55,47.95,5807716
2016-05-30,47.95,48.68,47.65,48.38,7257544
2016-05-31,48.38,48.53,48.09,48.24,4112722
2016-06-01,48.24,48.29,47.69,47.74,2126337
2016-06-02,47.74,48.35,47.46,48.07,6755178
2016-06-05,48.07,48.20,47.72,47.84,3604183
2016-06-06,47.84,48.79,47.50,48.44,8204218
2016-06-07,48.44,48.45,47.75,47.76,1123182
2016-06-08,47.76,47.92,47.51,47.67,4410459
2016-06-09,47.67,47.79,47.29,47.41,3374691
2016-06-12,47.41,47.44,46.81,46.84,1694890
2016-06-13,46.84,46.88,46.27,46.31,1864883
2016-06-14,46.31,46.95,46.03,46.67,6971090
2016-06-15,46.67,46.80,46.35,46.48,3803635
2016-06-16,46.48,47.20,46.19,46.91,7300788
2016-06-19,46.91,47.41,46.66,47.16,6326748
2016-06-20,47.16,47.25,46.71,46.79,2782750
2016-06-21,46.79,47.68,46.46,47.35,8051508
2016-06-22,47.35,47.53,47.15,47.33,4775000
2016-06-23,47.33,47.37,46.77,46.81,1965569
2016-06-26,46.81,47.57,46.51,47.26,7450377
2016-06-27,47.26,47.62,47.04,47.40,5649176
2016-06-28,47.40,47.57,47.19,47.36,4685425
2016-06-29,47.36,48.44,46.99,48.07,8830727
2016-06-30,48.07,48.22,47.80,47.96,4282613
2016-07-03,47.96,48.46,47.70,48.21,6275651
2016-07-04,48.21,49.00,47.89,48.69,7525891
2016-07-05,48.69,48.83,48.38,48.53,4008641
2016-07-06,48.53,48.58,47.97,48.02,2069581
2016-07-07,48.02,48.66,47.73,48.37,6869204
2016-07-10,48.37,49.32,48.03,48.97,8160596
2016-07-11,48.97,49.09,48.58,48.70,3400548
2016-07-12,48.70,48.76,48.15,48.21,2193998
2016-07-13,48.21,48.36,47.91,48.06,4071810
2016-07-14,48.06,48.41,47.84,48.19,5601886
2016-07-17,48.19,48.38,48.00,48.18,4833607
2016-07-18,48.18,48.28,47.76,47.86,3075617
2016-07-19,47.86,48.00,47.56,47.70,4006927
2016-07-20,47.70,47.75,47.15,47.21,2121364
2016-07-21,47.21,48.21,46.85,47.85,8505349
2016-07-24,47.85,47.89,47.28,47.32,1949005
2016-07-25,47.32,47.62,47.12,47.41,5390603
2016-07-26,47.41,48.23,47.10,47.91,7694341
2016-07-27,47.91,48.00,47.45,47.53,2761454
2016-07-28,47.53,47.58,46.97,47.02,1974657
2016-07-31,47.02,47.16,46.72,46.86,3975925
2016-08-01,46.86,46.89,46.27,46.31,1777606
2016-08-02,46.31,46.41,45.92,46.02,3206858
2016-08-03,46.02,47.04,45.67,46.68,8683436
2016-08-04,46.68,46.74,46.17,46.23,2330795
2016-08-07,46.23,46.39,45.99,46.15,4420541
2016-08-08,46.15,46.16,45.50,45.51,1150205
2016-08-09,45.51,46.31,45.20,46.00,7754355
2016-08-10,46.00,47.07,45.63,46.70,8949039
2016-08-11,46.70,47.73,46.34,47.37,8709567
2016-08-14,47.37,47.67,47.16,47.46,5381618
2016-08-15,47.46,47.61,47.18,47.32,4125685
2016-08-16,47.32,47.40,46.86,46.94,2694855
2016-08-17,46.94,47.49,46.68,47.23,6545919
2016-08-18,47.23,47.24,46.58,46.59,1283813
2016-08-21,46.59,46.66,46.10,46.17,2439403
2016-08-22,46.17,46.72,45.91,46.46,6580589
2016-08-23,46.46,46.59,46.14,46.26,3756755
2016-08-24,46.26,46.37,45.88,45.99,3276543
2016-08-25,45.99,47.03,45.63,46.67,8818964
2016-08-28,46.67,47.29,46.39,47.01,6877846
2016-08-29,47.01,48.02,46.66,47.66,8539609
2016-08-30,47.66,48.69,47.30,48.32,8594375
2016-08-31,48.32,48.76,48.08,48.52,5980418
2016-09-01,48.52,48.87,48.30,48.65,5561934
2016-09-04,48.65,48.66,47.97,47.98,1240157
2016-09-05,47.98,48.15,47.73,47.90,4397805
2016-09-06,47.90,48.26,47.67,48.04,5676851
2016-09-07,48.04,48.50,47.80,48.26,6089643
2016-09-08,48.26,48.58,48.04,48.36,5463340
2016-09-11,48.36,48.52,48.09,48.24,4217695
2016-09-12,48.24,48.31,47.74,47.81,2476165
2016-09-13,47.81,47.98,47.57,47.74,4510356
2016-09-14,47.74,47.91,47.51,47.68,4517798
2016-09-15,47.68,47.71,47.08,47.11,1733058
2016-09-18,47.11,47.30,46.93,47.11,4872187
2016-09-19,47.11,47.16,46.55,46.59,1910493
2016-09-20,46.59,47.28,46.30,46.99,7193655
2016-09-21,46.99,47.03,46.42,46.46,1882167
2016-09-22,46.46,47.28,46.15,46.96,7729115
2016-09-25,46.96,47.44,46.72,47.19,6191289
2016-09-26,47.19,47.82,46.91,47.54,6873628
2016-09-27,47.54,47.56,46.89,46.91,1306995
2016-09-28,46.91,46.96,46.36,46.41,2059293
2016-09-29,46.41,47.10,46.12,46.81,7179903
2016-10-02,46.81,46.86,46.26,46.30,1977469
2016-10-03,46.30,46.76,46.06,46.52,6131001
2016-10-04,46.52,46.98,46.28,46.74,6134327
2016-10-05,46.74,46.96,46.55,46.77,5073868
2016-10-06,46.77,47.15,46.55,46.92,5739746
2016-10-09,46.92,47.60,46.64,47.31,7070233
2016-10-10,47.31,47.73,47.07,47.49,5929526
2016-10-11,47.49,47.65,47.22,47.38,4218861
2016-10-12,47.38,47.66,47.17,47.45,5320953
2016-10-13,47.45,48.32,47.13,47.99,7877777
2016-10-16,47.99,48.18,47.80,47.99,4901680
2016-10-17,47.99,48.15,47.72,47.87,4219821
2016-10-18,47.87,48.37,47.62,48.12,6251954
2016-10-19,48.12,48.22,47.70,47.80,3121536
2016-10-20,47.80,48.49,47.51,48.20,7100171
2016-10-23,48.20,48.36,47.95,48.11,4385390
2016-10-24,48.11,48.17,47.57,47.63,2211762
2016-10-25,47.63,47.64,46.98,46.99,1295336
2016-10-26,46.99,47.34,46.77,47.12,5611419
2016-10-27,47.12,47.44,46.91,47.23,5505692
2016-10-30,47.23,47.70,46.99,47.45,6138648
2016-10-31,47.45,47.72,47.25,47.52,5263374
2016-11-01,47.52,48.49,47.17,48.14,8336659
2016-11-02,48.14,49.26,47.75,48.87,8963443
2016-11-03,48.87,49.48,48.60,49.20,6674588
2016-11-06,49.20,49.66,48.95,49.42,6037997
2016-11-07,49.42,49.66,49.21,49.46,5103052
2016-11-08,49.46,49.72,49.25,49.51,5178395
2016-11-09,49.51,49.56,48.92,48.97,1943038
2016-11-10,48.97,49.39,48.73,49.15,5890809
2016-11-13,49.15,49.31,48.86,49.01,4108127
2016-11-14,49.01,49.79,48.70,49.47,7385116
2016-11-15,49.47,50.08,49.19,49.80,6660048
2016-11-16,49.80,50.45,49.51,50.16,6797119
2016-11-17,50.16,50.19,49.53,49.56,1697565
2016-11-20,49.56,49.65,49.08,49.16,2744101
2016-11-21,49.16,50.22,48.79,49.85,8578703
2016-11-22,49.85,50.01,49.56,49.72,4213717
2016-11-23,49.72,50.06,49.50,49.83,5476303
2016-11-24,49.83,50.02,49.63,49.81,4786213
2016-11-27,49.81,49.88,49.26,49.33,2266906
2016-11-28,49.33,49.38,48.77,48.83,2189986
2016-11-29,48.83,49.45,48.55,49.17,6752983
2016-11-30,49.17,49.90,48.87,49.60,7190466
2016-12-01,49.60,49.76,49.32,49.47,4218484
2016-12-04,49.47,49.51,48.87,48.91,1812345
2016-12-05,48.91,49.43,48.65,49.17,6317729
2016-12-06,49.17,49.83,48.88,49.54,6895130
2016-12-07,49.54,49.56,48.86,48.88,1297633
2016-12-08,48.88,48.97,48.43,48.53,2982030
2016-12-11,48.53,48.87,48.31,48.65,5553257
2016-12-12,48.65,49.69,48.28,49.32,8542181
2016-12-13,49.32,50.37,48.95,49.99,8516700
2016-12-14,49.99,50.12,49.61,49.74,3526200
2016-12-15,49.74,49.83,49.27,49.36,2879320
2016-12-18,49.36,49.43,48.82,48.88,2255075
2016-12-19,48.88,49.03,48.59,48.74,4147290
2016-12-20,48.74,48.87,48.39,48.52,3642386
2016-12-21,48.52,48.64,48.15,48.27,3530486
2016-12-22,48.27,48.36,47.80,47.89,2749862
2016-12-25,47.89,48.37,47.64,48.12,6164711
2016-12-26,48.12,48.95,47.80,48.62,7676268
2016-12-27,48.62,48.70,48.14,48.22,2667249
2016-12-28,48.22,48.61,47.99,48.38,5779629
2016-12-29,48.38,48.43,47.81,47.86,2025754
2017-01-01,47.86,48.59,47.56,48.29,7232784
2017-01-02,48.29,48.69,48.05,48.46,5820473
2017-01-03,48.46,48.88,48.22,48.64,5912277
2017-01-04,48.64,48.78,48.31,48.44,3779801
2017-01-05,48.44,48.47,47.82,47.85,1620576
2017-01-08,47.85,48.44,47.58,48.17,6669170
2017-01-09,48.17,48.30,47.82,47.95,3641632
2017-01-10,47.95,48.12,47.71,47.88,4513271
2017-01-11,47.88,48.70,47.56,48.38,7629766
2017-01-12,48.38,48.43,47.83,47.88,2151611
2017-01-15,47.88,47.92,47.29,47.33,1831893
2017-01-16,47.33,47.48,47.05,47.20,4127400
2017-01-17,47.20,47.28,46.73,46.80,2643072
2017-01-18,46.80,46.99,46.62,46.81,4909773
2017-01-19,46.81,47.57,46.50,47.27,7495404
2017-01-22,47.27,48.26,46.92,47.90,8449348
2017-01-23,47.90,47.90,47.21,47.22,1080246
2017-01-24,47.22,47.44,47.03,47.25,5067112
2017-01-25,47.25,47.89,46.97,47.61,6903772
2017-01-26,47.61,47.64,47.01,47.04,1676646
2017-01-29,47.04,47.96,46.70,47.62,8175857
2017-01-30,47.62,47.64,46.97,46.99,1339677
2017-01-31,46.99,47.04,46.44,46.49,2032304
2017-02-01,46.49,46.63,46.21,46.36,4154972
2017-02-02,46.36,46.46,45.95,46.05,3090397
2017-02-05,46.05,46.36,45.84,46.15,5480555
2017-02-06,46.15,46.31,45.90,46.06,4337791
2017-02-07,46.06,46.81,45.76,46.51,7489266
2017-02-08,46.51,47.24,46.21,46.94,7354732
2017-02-09,46.94,47.08,46.65,46.80,4057647
2017-02-12,46.80,46.84,46.23,46.27,1869615
2017-02-13,46.27,46.36,45.85,45.94,2988168
2017-02-14,45.94,46.50,45.68,46.24,6647873
2017-02-15,46.24,46.57,46.03,46.36,5564780
2017-02-16,46.36,46.49,46.03,46.16,3714197
2017-02-19,46.16,46.90,45.86,46.60,7441803
2017-02-20,46.60,47.01,46.37,46.78,5908093
2017-02-21,46.78,46.96,46.60,46.78,4866152
2017-02-22,46.78,46.82,46.20,46.23,1772770
2017-02-23,46.23,46.71,45.99,46.47,6232887
2017-02-26,46.47,46.51,45.89,45.93,1777366
2017-02-27,45.93,47.01,45.56,46.63,8974108
2017-02-28,46.63,46.67,46.07,46.11,1872496
2017-03-01,46.11,46.48,45.89,46.26,5781172
2017-03-02,46.26,47.22,45.92,46.87,8379149
2017-03-05,46.87,47.02,46.60,46.74,4160253
2017-03-06,46.74,46.89,46.48,46.63,4210905
2017-03-07,46.63,46.74,46.25,46.35,3321227
2017-03-08,46.35,47.32,46.01,46.97,8429492
2017-03-09,46.97,47.94,46.62,47.59,8399897
2017-03-12,47.59,47.83,47.39,47.64,5133676
2017-03-13,47.64,47.68,47.08,47.12,2013545
2017-03-14,47.12,47.49,46.90,47.27,5681481
2017-03-15,47.27,47.27,46.60,46.61,1149828
2017-03-16,46.61,46.76,46.34,46.49,4245747
2017-03-19,46.49,47.23,46.20,46.93,7388991
2017-03-20,46.93,47.01,46.47,46.55,2703017
2017-03-21,46.55,46.62,46.06,46.13,2459430
2017-03-22,46.13,47.18,45.76,46.81,8855761
2017-03-23,46.81,47.05,46.62,46.86,5126577
2017-03-26,46.86,47.73,46.53,47.40,7987928
2017-03-27,47.40,47.71,47.19,47.50,5415123
2017-03-28,47.50,47.63,47.17,47.30,3753840
2017-03-29,47.30,48.22,46.96,47.88,8164574
2017-03-30,47.88,48.87,47.53,48.51,8400411
2017-04-02,48.51,48.56,47.93,47.97,1918141
2017-04-03,47.97,48.49,47.72,48.23,6322702
2017-04-04,48.23,48.48,48.03,48.28,5144958
2017-04-05,48.28,48.38,47.84,47.93,2952812
2017-04-06,47.93,48.33,47.70,48.10,5795644
2017-04-09,48.10,48.77,47.81,48.48,6982098
2017-04-10,48.48,48.53,47.93,47.99,2191186
2017-04-11,47.99,48.03,47.41,47.45,1916735
2017-04-12,47.45,47.47,46.80,46.81,1245164
2017-04-13,46.81,46.90,46.38,46.47,2966598
2017-04-16,46.47,46.90,46.24,46.67,6019307
2017-04-17,46.67,47.38,46.38,47.09,7267489
2017-04-18,47.09,48.11,46.73,47.75,8612379
2017-04-19,47.75,48.06,47.53,47.85,5436694
2017-04-20,47.85,48.01,47.60,47.76,4382407
2017-04-23,47.76,48.30,47.50,48.04,6461865
2017-04-24,48.04,48.16,47.67,47.79,3502229
2017-04-25,47.79,47.93,47.48,47.62,3923251
2017-04-26,47.62,48.48,47.29,48.15,7848388
2017-04-27,48.15,48.27,47.79,47.91,3549245
2017-04-30,47.91,47.92,47.24,47.25,1223353
2017-05-01,47.25,48.16,46.92,47.82,8105281
2017-05-02,47.82,48.93,47.45,48.55,8911076
2017-05-03,48.55,49.37,48.23,49.05,7616049
2017-05-04,49.05,49.12,48.54,48.62,2565877
2017-05-07,48.62,49.28,48.33,48.99,6921056
2017-05-08,48.99,49.06,48.47,48.54,2434670
2017-05-09,48.54,48.62,48.05,48.12,2563511
2017-05-10,48.12,49.24,47.74,48.85,8912517
2017-05-11,48.85,49.07,48.65,48.87,5012551
2017-05-14,48.87,48.99,48.49,48.61,3431515
2017-05-15,48.61,48.67,48.06,48.12,2218792
2017-05-16,48.12,48.20,47.65,47.73,2683024
2017-05-17,47.73,48.74,47.37,48.37,8503223
2017-05-18,48.37,48.86,48.12,48.61,6173216
2017-05-21,48.61,49.24,48.33,48.96,6779423
2017-05-22,48.96,49.20,48.75,49.00,5111968
2017-05-23,49.00,49.94,48.65,49.59,8109122
2017-05-24,49.59,49.77,49.37,49.55,4635082
2017-05-25,49.55,49.72,49.31,49.49,4591083
2017-05-28,49.49,49.61,49.09,49.21,3359842
2017-05-29,49.21,50.04,48.89,49.71,7583333
2017-05-30,49.71,49.77,49.16,49.22,2273902
2017-05-31,49.22,49.33,48.81,48.92,3258710
2017-06-01,48.92,49.02,48.48,48.57,2957510
2017-06-04,48.57,48.60,47.93,47.95,1493758
2017-06-05,47.95,48.06,47.54,47.64,3139060
2017-06-06,47.64,47.69,47.09,47.14,2090946
2017-06-07,47.14,47.48,46.93,47.27,5583984
2017-06-08,47.27,47.78,47.02,47.53,6334224
2017-06-11,47.53,48.49,47.18,48.14,8316975
2017-06-12,48.14,48.18,47.55,47.60,1877914
2017-06-13,47.60,48.53,47.25,48.18,8177537
2017-06-14,48.18,49.31,47.80,48.92,8968930
2017-06-15,48.92,48.96,48.31,48.34,1708882
2017-06-18,48.34,48.49,48.04,48.18,4002331
2017-06-19,48.18,48.94,47.88,48.63,7380144
2017-06-20,48.63,49.64,48.27,49.28,8410219
2017-06-21,49.28,49.53,49.07,49.33,5141941
2017-06-22,49.33,49.99,49.04,49.70,6883950
2017-06-25,49.70,49.71,49.02,49.03,1315260
2017-06-26,49.03,49.70,48.74,49.41,6929698
2017-06-27,49.41,49.50,48.94,49.03,2813683
2017-06-28,49.03,49.89,48.70,49.56,7757338
2017-06-29,49.56,49.74,49.34,49.52,4698936
2017-07-02,49.52,50.10,49.25,49.82,6502674
2017-07-03,49.82,50.54,49.52,50.23,7069787
2017-07-04,50.23,50.27,49.61,49.65,1782990
2017-07-05,49.65,49.94,49.44,49.72,5284259
2017-07-06,49.72,49.80,49.22,49.30,2585939
2017-07-09,49.30,49.32,48.65,48.67,1515192
2017-07-10,48.67,48.75,48.17,48.24,2491769
2017-07-11,48.24,48.60,48.02,48.38,5639128
2017-07-12,48.38,49.11,48.07,48.80,7228875
2017-07-13,48.80,48.82,48.15,48.18,1458539
2017-07-16,48.18,48.30,47.82,47.94,3562688
2017-07-17,47.94,48.44,47.69,48.19,6257373
2017-07-18,48.19,48.52,47.97,48.30,5517901
2017-07-19,48.30,49.14,47.98,48.81,7689951
2017-07-20,48.81,48.86,48.23,48.27,1934019
2017-07-23,48.27,48.32,47.70,47.75,2003189
2017-07-24,47.75,48.04,47.54,47.83,5354252
2017-07-25,47.83,48.18,47.62,47.96,5592146
2017-07-26,47.96,48.02,47.43,47.49,2247736
2017-07-27,47.49,48.36,47.16,48.03,7888923
2017-07-30,48.03,48.20,47.80,47.97,4565089
2017-07-31,47.97,48.00,47.35,47.38,1584876
2017-08-01,47.38,47.45,46.90,46.98,2627297
2017-08-02,46.98,47.03,46.45,46.50,2186179
2017-08-03,46.50,46.61,46.13,46.23,3347942
2017-08-06,46.23,47.30,45.87,46.93,8902709
2017-08-07,46.93,46.97,46.35,46.39,1788751
2017-08-08,46.39,46.47,45.95,46.04,2870267
2017-08-09,46.04,46.47,45.81,46.24,6048491
2017-08-10,46.24,46.82,45.98,46.56,6706138
2017-08-13,46.56,46.67,46.20,46.31,3485185
2017-08-14,46.31,46.61,46.11,46.40,5397976
2017-08-15,46.40,46.55,46.15,46.30,4271673
2017-08-16,46.30,47.28,45.95,46.93,8526028
2017-08-17,46.93,46.99,46.41,46.47,2284499
2017-08-20,46.47,46.86,46.25,46.64,5818689
2017-08-21,46.64,46.92,46.43,46.71,5326131
2017-08-22,46.71,47.60,46.39,47.27,8041392
2017-08-23,47.27,47.86,47.00,47.59,6680521
2017-08-24,47.59,47.85,47.39,47.65,5218827
2017-08-27,47.65,47.70,47.09,47.13,2001989
2017-08-28,47.13,47.19,46.60,46.66,2190500
2017-08-29,46.66,46.78,46.31,46.42,3537448
2017-08-30,46.42,46.54,46.07,46.18,3499622
2017-08-31,46.18,46.31,45.85,45.98,3681961
2017-09-03,45.98,46.10,45.64,45.76,3615329
2017-09-04,45.76,46.59,45.44,46.27,7867626
2017-09-05,46.27,46.80,46.02,46.55,6488237
2017-09-06,46.55,47.60,46.19,47.23,8785802
2017-09-07,47.23,47.30,46.73,46.80,2439334
2017-09-10,46.80,47.22,46.57,46.99,5942661
2017-09-11,46.99,47.50,46.73,47.25,6382201
2017-09-12,47.25,47.81,46.99,47.55,6548079
2017-09-13,47.55,47.84,47.34,47.63,5378566
2017-09-14,47.63,48.47,47.31,48.14,7737860
2017-09-17,48.14,48.94,47.83,48.62,7527194
2017-09-18,48.62,49.57,48.28,49.22,8129286
2017-09-19,49.22,50.18,48.86,49.83,8186111
2017-09-20,49.83,50.93,49.44,50.54,8710013
2017-09-21,50.54,50.57,49.88,49.91,1528155
2017-09-24,49.91,50.01,49.46,49.57,3060288
2017-09-25,49.57,49.89,49.35,49.67,5429869
2017-09-26,49.67,49.87,49.47,49.67,4908504
2017-09-27,49.67,49.81,49.32,49.45,3693724
2017-09-28,49.45,49.45,48.73,48.74,1020096
2017-10-01,48.74,49.09,48.51,48.87,5603669
2017-10-02,48.87,49.18,48.65,48.97,5419753
2017-10-03,48.97,49.61,48.68,49.32,6814026
2017-10-04,49.32,50.00,49.03,49.70,6946982
2017-10-05,49.70,49.83,49.33,49.46,3571707
2017-10-08,49.46,49.52,48.90,48.95,2144993
2017-10-09,48.95,49.11,48.68,48.84,4271776
2017-10-10,48.84,48.87,48.20,48.22,1482921
2017-10-11,48.22,48.74,47.96,48.48,6346330
2017-10-12,48.48,49.61,48.10,49.22,8911385
2017-10-15,49.22,49.29,48.70,48.78,2486728
2017-10-16,48.78,49.40,48.50,49.12,6751371
2017-10-17,49.12,50.09,48.76,49.73,8199142
2017-10-18,49.73,49.78,49.13,49.18,1916460
2017-10-19,49.18,49.79,48.90,49.51,6693449
2017-10-22,49.51,49.84,49.29,49.62,5468381
2017-10-23,49.62,49.73,49.19,49.29,3105452
2017-10-24,49.29,49.32,48.64,48.67,1505898
2017-10-25,48.67,48.82,48.37,48.52,4052434
2017-10-26,48.52,48.53,47.86,47.88,1387037
2017-10-29,47.88,47.95,47.38,47.46,2522050
2017-10-30,47.46,48.19,47.16,47.88,7284636
2017-10-31,47.88,48.81,47.55,48.46,8094547
2017-11-01,48.46,48.70,48.26,48.50,5075240
2017-11-02,48.50,48.57,47.99,48.06,2498319
2017-11-05,48.06,48.14,47.57,47.65,2561316
2017-11-06,47.65,47.81,47.41,47.58,4498799
2017-11-07,47.58,47.58,46.89,46.89,1026817
2017-11-08,46.89,47.04,46.61,46.76,4120679
2017-11-09,46.76,46.90,46.48,46.63,4126063
2017-11-12,46.63,47.10,46.38,46.86,6203463
2017-11-13,46.86,47.76,46.52,47.42,8105967
2017-11-14,47.42,48.15,47.13,47.85,7290363
2017-11-15,47.85,48.15,47.64,47.94,5361591
2017-11-16,47.94,47.98,47.35,47.39,1850514
2017-11-19,47.39,47.41,46.75,46.76,1325034
2017-11-20,46.76,46.80,46.19,46.23,1834533
2017-11-21,46.23,46.40,46.02,46.19,4687654
2017-11-22,46.19,46.52,45.98,46.31,5563408
2017-11-23,46.31,46.95,46.04,46.67,6955624
2017-11-26,46.67,46.81,46.37,46.51,3950720
2017-11-27,46.51,47.24,46.22,46.94,7338820
2017-11-28,46.94,47.83,46.61,47.50,8058196
2017-11-29,47.50,47.59,47.07,47.16,2973045
2017-11-30,47.16,47.21,46.60,46.65,1984602
2017-12-03,46.65,47.63,46.30,47.28,8475582
2017-12-04,47.28,47.51,47.08,47.31,5087962
2017-12-05,47.31,48.39,46.94,48.01,8834087
2017-12-06,48.01,48.14,47.65,47.77,3541117
2017-12-07,47.77,48.13,47.55,47.91,5628806
2017-12-10,47.91,48.63,47.61,48.33,7220610
2017-12-11,48.33,48.50,48.10,48.28,4588134
2017-12-12,48.28,49.17,47.94,48.83,7928909
2017-12-13,48.83,49.86,48.46,49.49,8477503
2017-12-14,49.49,50.17,49.19,49.87,6949965
2017-12-17,49.87,50.65,49.56,50.33,7321604
2017-12-18,50.33,51.26,49.98,50.90,7938100
2017-12-19,50.90,51.36,50.65,51.11,5959945
2017-12-20,51.11,51.86,50.80,51.54,7140226
2017-12-21,51.54,52.74,51.13,52.33,8935733
2017-12-24,52.33,52.55,52.12,52.34,4951406
2017-12-25,52.34,52.43,51.83,51.92,2718106
2017-12-26,51.92,52.59,51.62,52.29,6803737
2017-12-27,52.29,53.09,51.96,52.76,7257681
2017-12-28,52.76,53.09,52.53,52.86,5388580
2017-12-31,52.86,53.06,52.65,52.86,4875445
2018-01-01,52.86,53.90,52.48,53.52,8212105
2018-01-02,53.52,53.60,52.96,53.04,2484979
2018-01-03,53.04,53.65,52.75,53.36,6484190
2018-01-04,53.36,53.47,52.90,53.01,3148010
2018-01-07,53.01,53.33,52.78,53.10,5340637
2018-01-08,53.10,53.84,52.78,53.52,6963305
2018-01-09,53.52,53.64,53.09,53.22,3398731
2018-01-10,53.22,53.23,52.49,52.50,1288888
2018-01-11,52.50,52.54,51.83,51.87,1646124
2018-01-14,51.87,52.04,51.58,51.75,4297599
2018-01-15,51.75,51.79,51.09,51.13,1663065
2018-01-16,51.13,51.17,50.51,50.55,1865980
2018-01-17,50.55,50.56,49.84,49.85,1177949
2018-01-18,49.85,49.89,49.23,49.27,1796502
2018-01-21,49.27,49.37,48.82,48.92,2956207
2018-01-22,48.92,49.22,48.70,49.01,5373113
2018-01-23,49.01,49.23,48.81,49.03,5022530
2018-01-24,49.03,50.01,48.68,49.65,8250137
2018-01-25,49.65,49.81,49.37,49.53,4216426
2018-01-28,49.53,50.15,49.25,49.86,6674485
2018-01-29,49.86,50.10,49.66,49.90,5081104
2018-01-30,49.90,49.90,49.18,49.18,1041220
2018-01-31,49.18,49.24,48.61,48.67,2085699
2018-02-01,48.67,48.85,48.46,48.65,4782441
2018-02-04,48.65,49.37,48.35,49.07,7180829
2018-02-05,49.07,49.15,48.57,48.65,2589506
2018-02-06,48.65,48.73,48.17,48.25,2687482
2018-02-07,48.25,48.29,47.67,47.72,1968587
2018-02-08,47.72,47.84,47.36,47.48,3519238
2018-02-11,47.48,47.53,46.93,46.99,2129561
2018-02-12,46.99,47.16,46.79,46.96,4737825
2018-02-13,46.96,47.89,46.62,47.55,8208230
2018-02-14,47.55,48.09,47.29,47.83,6442009
2018-02-15,47.83,47.91,47.37,47.46,2821879
2018-02-18,47.46,47.60,47.16,47.30,3989814
2018-02-19,47.30,47.39,46.87,46.96,2958161
2018-02-20,46.96,47.74,46.65,47.43,7554080
2018-02-21,47.43,47.49,46.90,46.95,2197325
2018-02-22,46.95,47.05,46.53,46.62,3011351
2018-02-25,46.62,47.11,46.38,46.87,6267764
2018-02-26,46.87,47.33,46.62,47.09,6164094
2018-02-27,47.09,47.14,46.53,46.57,1934910
2018-02-28,46.57,46.63,46.06,46.12,2296262
2018-03-01,46.12,46.22,45.73,45.83,3223456
2018-03-04,45.83,45.93,45.43,45.52,3062174
2018-03-05,45.52,46.15,45.25,45.88,6972908
2018-03-06,45.88,46.05,45.68,45.85,4708744
2018-03-07,45.85,45.88,45.27,45.31,1726474
2018-03-08,45.31,46.08,45.01,45.77,7631035
2018-03-11,45.77,46.19,45.55,45.96,5953292
2018-03-12,45.96,45.97,45.32,45.33,1261145
2018-03-13,45.33,46.10,45.04,45.80,7603978
2018-03-14,45.80,45.86,45.29,45.35,2290432
2018-03-15,45.35,45.55,45.17,45.37,4999519
2018-03-18,45.37,45.43,44.87,44.92,2225068
2018-03-19,44.92,45.13,44.74,44.95,5053497
2018-03-20,44.95,45.85,44.62,45.52,8274931
2018-03-21,45.52,45.61,45.09,45.17,2827640
2018-03-22,45.17,45.20,44.59,44.61,1575823
2018-03-25,44.61,45.11,44.37,44.87,6420713
2018-03-26,44.87,45.04,44.68,44.85,4745027
2018-03-27,44.85,44.95,44.47,44.56,3190740
2018-03-28,44.56,44.64,44.13,44.21,2770198
2018-03-29,44.21,44.31,43.85,43.95,3310562
2018-04-01,43.95,44.20,43.77,44.01,5231584
2018-04-02,44.01,44.97,43.67,44.63,8656721
2018-04-03,44.63,44.67,44.09,44.13,1857578
2018-04-04,44.13,44.22,43.73,43.82,3031687
2018-04-05,43.82,43.93,43.47,43.58,3413614
2018-04-08,43.58,43.70,43.27,43.39,3719410
2018-04-09,43.39,44.19,43.09,43.89,7924382
2018-04-10,43.89,44.37,43.65,44.13,6374211
2018-04-11,44.13,44.27,43.88,44.02,4229389
2018-04-12,44.02,44.69,43.75,44.41,7243004
2018-04-15,44.41,44.59,44.24,44.41,4871844
2018-04-16,44.41,44.97,44.16,44.72,6720850
2018-04-17,44.72,44.87,44.48,44.63,4320884
2018-04-18,44.63,44.68,44.13,44.18,2239849
2018-04-19,44.18,44.70,43.94,44.46,6527126
2018-04-22,44.46,44.52,43.99,44.06,2491358
2018-04-23,44.06,44.09,43.52,43.55,1811556
2018-04-24,43.55,44.16,43.29,43.89,6981550
2018-04-25,43.89,44.11,43.71,43.93,5087757
2018-04-26,43.93,44.53,43.67,44.26,6920301
2018-04-29,44.26,44.37,43.92,44.02,3417455
2018-04-30,44.02,44.73,43.74,44.44,7443415
2018-05-01,44.44,44.62,44.27,44.45,4899417
2018-05-02,44.45,45.11,44.17,44.83,7168175
2018-05-03,44.83,45.01,44.66,44.83,4891666
2018-05-06,44.83,45.48,44.56,45.20,7082235
2018-05-07,45.20,45.53,45.00,45.32,5567043
2018-05-08,45.32,46.34,44.97,45.98,8765843
2018-05-09,45.98,47.02,45.62,46.65,8802091
2018-05-10,46.65,46.70,46.10,46.14,1947393
2018-05-13,46.14,46.66,45.89,46.40,6399279
2018-05-14,46.40,46.70,46.20,46.49,5392318
2018-05-15,46.49,47.29,46.18,46.98,7642558
2018-05-16,46.98,46.98,46.31,46.31,1125308
2018-05-17,46.31,47.23,45.98,46.89,8186248
2018-05-20,46.89,46.93,46.33,46.38,1985871
2018-05-21,46.38,46.53,46.12,46.27,4277263
2018-05-22,46.27,46.44,46.05,46.21,4517215
2018-05-23,46.21,46.36,45.96,46.11,4310665
2018-05-24,46.11,46.21,45.72,45.82,3188477
2018-05-27,45.82,46.18,45.60,45.96,5718552
2018-05-28,45.96,46.01,45.42,45.46,1950274
2018-05-29,45.46,45.47,44.82,44.83,1192283
2018-05-30,44.83,45.48,44.56,45.21,7123593
2018-05-31,45.21,45.68,44.97,45.44,6238031
2018-06-03,45.44,45.47,44.86,44.88,1622016
2018-06-04,44.88,45.02,44.61,44.75,4065672
2018-06-05,44.75,44.90,44.53,44.68,4507270
2018-06-06,44.68,45.48,44.38,45.17,7811008
2018-06-07,45.17,46.00,44.86,45.68,7878120
2018-06-10,45.68,46.56,45.36,46.23,8091323
2018-06-11,46.23,46.90,45.95,46.62,7092592
2018-06-12,46.62,47.02,46.39,46.79,5894272
2018-06-13,46.79,46.95,46.54,46.70,4323525
2018-06-14,46.70,46.78,46.25,46.33,2800102
2018-06-17,46.33,46.35,45.71,45.74,1447462
2018-06-18,45.74,45.90,45.52,45.68,4537208
2018-06-19,45.68,46.16,45.44,45.91,6266872
2018-06-20,45.91,46.31,45.69,46.08,5871021
2018-06-21,46.08,46.23,45.80,45.94,4065706
2018-06-24,45.94,46.12,45.76,45.93,4826234
2018-06-25,45.93,46.47,45.68,46.21,6498285
2018-06-26,46.21,46.69,45.97,46.45,6242352
2018-06-27,46.45,46.49,45.88,45.92,1811522
2018-06-28,45.92,46.48,45.66,46.22,6662585
2018-07-01,46.22,46.74,45.97,46.49,6400480
2018-07-02,46.49,47.48,46.13,47.13,8556069
2018-07-03,47.13,47.16,46.53,46.56,1697256
2018-07-04,46.56,47.41,46.24,47.09,7873422
2018-07-05,47.09,47.25,46.84,47.00,4393209
2018-07-08,47.00,47.09,46.57,46.66,2935631
2018-07-09,46.66,47.09,46.42,46.85,5994513
2018-07-10,46.85,47.88,46.49,47.52,8656275
2018-07-11,47.52,47.89,47.29,47.66,5711042
2018-07-12,47.66,47.81,47.38,47.52,4097085
2018-07-15,47.52,48.57,47.16,48.20,8678600
2018-07-16,48.20,48.50,47.99,48.29,5356824
2018-07-17,48.29,48.62,48.07,48.40,5514471
2018-07-18,48.40,49.26,48.07,48.93,7793518
2018-07-19,48.93,49.20,48.73,48.99,5206310
2018-07-22,48.99,49.34,48.77,49.12,5580006
2018-07-23,49.12,49.14,48.45,48.47,1334362
2018-07-24,48.47,49.51,48.10,49.14,8592832
2018-07-25,49.14,49.98,48.82,49.65,7627023
2018-07-26,49.65,50.73,49.27,50.35,8634465
2018-07-29,50.35,50.44,49.87,49.96,2849725
2018-07-30,49.96,50.66,49.66,50.36,6988854
2018-07-31,50.36,50.36,49.63,49.63,1027160
2018-08-01,49.63,50.40,49.32,50.08,7310322
2018-08-02,50.08,50.78,49.78,50.48,6998834
2018-08-05,50.48,50.91,50.24,50.66,5845781
2018-08-06,50.66,50.68,49.97,49.99,1307956
2018-08-07,49.99,50.09,49.53,49.63,2990294
2018-08-08,49.63,49.70,49.10,49.17,2423662
2018-08-09,49.17,49.33,48.89,49.04,4175960
2018-08-12,49.04,49.57,48.78,49.30,6296570
2018-08-13,49.30,49.36,48.74,48.79,2094135
2018-08-14,48.79,48.90,48.38,48.49,3247668
2018-08-15,48.49,48.65,48.22,48.38,4250994
2018-08-16,48.38,49.33,48.03,48.98,8190534
2018-08-19,48.98,49.02,48.38,48.42,1856412
2018-08-20,48.42,49.37,48.07,49.02,8186899
2018-08-21,49.02,49.95,48.68,49.60,8046193
2018-08-22,49.60,49.72,49.20,49.32,3335528
2018-08-23,49.32,49.64,49.10,49.42,5437620
2018-08-26,49.42,49.64,49.22,49.44,4994444
2018-08-27,49.44,49.54,49.00,49.10,3018347
2018-08-28,49.10,49.86,48.79,49.55,7336488
2018-08-29,49.55,49.62,49.01,49.08,2368621
2018-08-30,49.08,49.24,48.81,48.96,4238203
2018-09-02,48.96,48.97,48.28,48.29,1216838
2018-09-03,48.29,48.41,47.92,48.04,3502057
2018-09-04,48.04,48.11,47.52,47.58,2328429
2018-09-05,47.58,48.11,47.32,47.86,6412002
2018-09-06,47.86,47.99,47.52,47.65,3728086
2018-09-09,47.65,48.69,47.29,48.32,8622359
2018-09-10,48.32,48.38,47.78,47.84,2255315
2018-09-11,47.84,48.37,47.58,48.11,6380041
2018-09-12,48.11,48.18,47.60,47.67,2453326
2018-09-13,47.67,48.59,47.34,48.25,8080109
2018-09-16,48.25,48.87,47.97,48.59,6791255
2018-09-17,48.59,48.70,48.17,48.28,3154663
2018-09-18,48.28,48.38,47.87,47.98,3219718
2018-09-19,47.98,48.95,47.63,48.59,8295061
2018-09-20,48.59,49.05,48.34,48.81,6059705
2018-09-23,48.81,49.49,48.51,49.19,7007475
2018-09-24,49.19,49.70,48.94,49.44,6224794
2018-09-25,49.44,50.02,49.17,49.74,6501783
2018-09-26,49.74,50.39,49.46,50.10,6776714
2018-09-27,50.10,50.24,49.77,49.92,3913786
2018-09-30,49.92,50.81,49.58,50.47,7814231
2018-10-01,50.47,50.90,50.22,50.65,5860768
2018-10-02,50.65,50.84,50.43,50.62,4695370
2018-10-03,50.62,50.92,50.40,50.70,5330384
2018-10-04,50.70,51.55,50.37,51.22,7592969
2018-10-07,51.22,51.37,50.88,51.03,3902880
2018-10-08,51.03,51.10,50.48,50.55,2383573
2018-10-09,50.55,51.33,50.23,51.01,7306652
2018-10-10,51.01,51.21,50.81,51.01,4869650
2018-10-11,51.01,51.08,50.45,50.52,2307133
2018-10-14,50.52,51.55,50.15,51.17,8335150
2018-10-15,51.17,51.27,50.70,50.80,2929012
2018-10-16,50.80,51.86,50.42,51.47,8434396
2018-10-17,51.47,51.95,51.22,51.69,6011796
2018-10-18,51.69,51.71,51.00,51.02,1414300
2018-10-21,51.02,52.00,50.66,51.64,8098696
2018-10-22,51.64,51.78,51.27,51.40,3669924
2018-10-23,51.40,51.54,51.03,51.17,3658847
2018-10-24,51.17,51.35,50.93,51.12,4633367
2018-10-25,51.12,51.31,50.89,51.07,4642866
2018-10-28,51.07,51.30,50.87,51.10,4995987
2018-10-29,51.10,51.12,50.41,50.42,1371742
2018-10-30,50.42,50.59,50.14,50.31,4263957
2018-10-31,50.31,51.44,49.92,51.04,8759053
2018-11-01,51.04,51.07,50.39,50.42,1647153
2018-11-04,50.42,50.85,50.18,50.61,5866529
2018-11-05,50.61,50.67,50.05,50.11,2281378
2018-11-06,50.11,51.25,49.72,50.85,8792935
2018-11-07,50.85,51.04,50.64,50.83,4783916
2018-11-08,50.83,51.03,50.63,50.83,4896296
2018-11-11,50.83,50.89,50.26,50.31,2142421
2018-11-12,50.31,50.48,50.04,50.21,4349451
2018-11-13,50.21,50.36,49.89,50.04,3937139
2018-11-14,50.04,50.04,49.31,49.31,1028943
2018-11-15,49.31,50.21,48.97,49.87,7896467
2018-11-18,49.87,49.96,49.38,49.47,2737242
2018-11-19,49.47,50.59,49.08,50.19,8785836
2018-11-20,50.19,50.28,49.71,49.80,2758299
2018-11-21,49.80,49.98,49.57,49.75,4629938
2018-11-22,49.75,49.93,49.54,49.72,4746433
2018-11-25,49.72,50.72,49.36,50.36,8268278
2018-11-26,50.36,50.57,50.16,50.37,4948559
2018-11-27,50.37,51.37,50.00,51.00,8244067
2018-11-28,51.00,51.14,50.65,50.79,3759739
2018-11-29,50.79,51.51,50.48,51.20,7026440
2018-12-02,51.20,51.82,50.91,51.53,6612071
2018-12-03,51.53,52.64,51.14,52.24,8566015
2018-12-04,52.24,52.77,51.97,52.50,6196913
2018-12-05,52.50,52.62,52.05,52.17,3183779
2018-12-06,52.17,52.22,51.55,51.61,2020438
2018-12-09,51.61,52.03,51.36,51.78,5793312
2018-12-10,51.78,51.80,51.07,51.09,1292524
2018-12-11,51.09,51.21,50.69,50.81,3456344
2018-12-12,50.81,50.82,50.10,50.10,1148971
2018-12-13,50.10,50.27,49.83,49.99,4271639
2018-12-16,49.99,50.98,49.63,50.61,8207064
2018-12-17,50.61,50.74,50.24,50.37,3597222
2018-12-18,50.37,51.18,50.04,50.86,7454458
2018-12-19,50.86,50.99,50.48,50.61,3605932
2018-12-20,50.61,51.68,50.24,51.29,8471399
2018-12-23,51.29,51.81,51.03,51.54,6174314
2018-12-24,51.54,52.76,51.13,52.34,8986282
2018-12-25,52.34,52.45,51.88,51.99,3104835
2018-12-26,51.99,52.13,51.63,51.77,3764540
2018-12-27,51.77,51.91,51.40,51.54,3681447
2018-12-30,51.54,52.22,51.24,51.92,6830864
2018-12-31,51.92,52.05,51.53,51.66,3558470
2019-01-01,51.66,52.39,51.35,52.07,7024759
2019-01-02,52.07,52.80,51.76,52.48,6982818
2019-01-03,52.48,53.69,52.07,53.27,8889437
2019-01-06,53.27,53.85,52.99,53.57,6349554
2019-01-07,53.57,54.29,53.25,53.97,6894032
2019-01-08,53.97,54.75,53.64,54.42,7090775
2019-01-09,54.42,54.66,54.20,54.44,4989163
2019-01-10,54.44,54.49,53.78,53.83,1897839
2019-01-13,53.83,53.86,53.12,53.15,1495816
2019-01-14,53.15,53.71,52.87,53.43,6276920
2019-01-15,53.43,53.55,52.99,53.12,3327572
2019-01-16,53.12,53.25,52.70,52.83,3437894
2019-01-17,52.83,53.20,52.59,52.96,5546159
2019-01-20,52.96,53.58,52.67,53.29,6516563
2019-01-21,53.29,54.35,52.90,53.96,8250342
2019-01-22,53.96,54.49,53.68,54.21,6130212
2019-01-23,54.21,54.92,53.90,54.60,6798148
2019-01-24,54.60,54.73,54.15,54.27,3266495
2019-01-27,54.27,54.40,53.84,53.96,3362414
2019-01-28,53.96,54.85,53.61,54.50,7505658
2019-01-29,54.50,55.47,54.12,55.10,7819684
2019-01-30,55.10,56.28,54.68,55.86,8576097
2019-01-31,55.86,56.03,55.50,55.67,3972427
2019-02-03,55.67,55.68,54.90,54.91,1243244
2019-02-04,54.91,54.92,54.13,54.13,1104595
2019-02-05,54.13,55.03,53.78,54.67,7531790
2019-02-06,54.67,54.77,54.16,54.26,2870507
2019-02-07,54.26,55.35,53.86,54.95,8281241
2019-02-10,54.95,55.33,54.70,55.08,5517078
2019-02-11,55.08,56.13,54.70,55.73,8034807
2019-02-12,55.73,55.76,54.99,55.02,1439368
2019-02-13,55.02,55.03,54.25,54.27,1261625
2019-02-14,54.27,54.44,53.94,54.10,4069478
2019-02-17,54.10,55.10,53.73,54.72,7912311
2019-02-18,54.72,55.25,54.44,54.97,6098765
2019-02-19,54.97,55.04,54.37,54.44,2307853
2019-02-20,54.44,55.21,54.11,54.88,7033401
2019-02-21,54.88,55.74,54.53,55.39,7361831
2019-02-24,55.39,55.92,55.11,55.64,6083264
2019-02-25,55.64,55.70,55.00,55.07,2135973
2019-02-26,55.07,56.20,54.66,55.79,8384156
2019-02-27,55.79,55.89,55.24,55.34,2729046
2019-02-28,55.34,55.54,55.08,55.27,4553360
2019-03-03,55.27,55.47,55.00,55.19,4499074
2019-03-04,55.19,55.34,54.78,54.92,3578532
2019-03-05,54.92,54.96,54.22,54.25,1618895
2019-03-06,54.25,55.02,53.92,54.69,7039917
2019-03-07,54.69,54.85,54.34,54.50,3965054
2019-03-10,54.50,54.70,54.26,54.46,4665912
2019-03-11,54.46,54.59,54.02,54.15,3340020
2019-03-12,54.15,54.96,53.81,54.62,7221947
2019-03-13,54.62,54.62,53.83,53.83,1027743
2019-03-14,53.83,54.03,53.60,53.80,4732716
2019-03-17,53.80,54.99,53.39,54.57,8682544
2019-03-18,54.57,54.63,53.93,53.99,2037722
2019-03-19,53.99,54.63,53.69,54.33,6551337
2019-03-20,54.33,54.47,53.94,54.08,3680178
2019-03-21,54.08,54.19,53.60,53.71,3029183
2019-03-24,53.71,53.88,53.39,53.56,4129218
2019-03-25,53.56,53.69,53.15,53.29,3548182
2019-03-26,53.29,54.12,52.95,53.78,7335459
2019-03-27,53.78,55.00,53.36,54.57,8799691
2019-03-28,54.57,54.71,54.17,54.31,3619890
2019-03-31,54.31,54.38,53.71,53.78,2289883
2019-04-01,53.78,54.77,53.41,54.39,7896090
2019-04-02,54.39,55.21,54.05,54.87,7228635
2019-04-03,54.87,55.70,54.53,55.35,7225788
2019-04-04,55.35,55.56,55.12,55.33,4751748
2019-04-07,55.33,55.37,54.63,54.67,1707750
2019-04-08,54.67,54.70,53.95,53.97,1476508
2019-04-09,53.97,54.06,53.44,53.53,2700000
2019-04-10,53.53,54.12,53.24,53.83,6390569
2019-04-11,53.83,54.02,53.55,53.73,4375377
2019-04-14,53.73,53.99,53.51,53.77,5074176
2019-04-15,53.77,54.94,53.36,54.52,8610425
2019-04-16,54.52,54.65,54.07,54.19,3255727
2019-04-17,54.19,55.00,53.85,54.66,7207613
2019-04-18,54.66,54.81,54.28,54.42,3700651
2019-04-21,54.42,54.45,53.70,53.72,1450891
2019-04-22,53.72,53.91,53.45,53.63,4433641
2019-04-23,53.63,53.74,53.15,53.25,2994581
2019-04-24,53.25,53.32,52.67,52.74,2294204
2019-04-25,52.74,53.75,52.36,53.37,8085596
2019-04-28,53.37,53.41,52.72,52.76,1825548
2019-04-29,52.76,52.77,52.01,52.02,1118998
2019-04-30,52.02,52.37,51.78,52.14,5496810
2019-05-01,52.14,52.27,51.74,51.87,3526886
2019-05-02,51.87,51.88,51.15,51.17,1258607
2019-05-05,51.17,52.13,50.81,51.77,8000617
2019-05-06,51.77,51.89,51.36,51.48,3431927
2019-05-07,51.48,51.97,51.22,51.71,6046364
2019-05-08,51.71,51.81,51.23,51.33,2930349
2019-05-09,51.33,51.53,51.13,51.33,4874005
2019-05-12,51.33,51.42,50.84,50.93,2815603
2019-05-13,50.93,50.96,50.28,50.31,1619341
2019-05-14,50.31,50.42,49.88,49.99,3186454
2019-05-15,49.99,50.09,49.53,49.62,2899657
2019-05-16,49.62,50.41,49.30,50.09,7400925
2019-05-19,50.09,50.12,49.46,49.49,1702606
2019-05-20,49.49,49.52,48.86,48.89,1631858
2019-05-21,48.89,49.72,48.57,49.39,7608436
2019-05-22,49.39,49.53,49.05,49.18,3755795
2019-05-23,49.18,49.25,48.65,48.71,2345541
2019-05-26,48.71,49.06,48.49,48.84,5575205
2019-05-27,48.84,49.02,48.62,48.80,4679355
2019-05-28,48.80,49.81,48.44,49.44,8374039
2019-05-29,49.44,49.62,49.22,49.40,4634567
2019-05-30,49.40,50.28,49.06,49.94,7806618
2019-06-02,49.94,50.65,49.64,50.35,7050685
2019-06-03,50.35,51.32,49.99,50.96,8119855
2019-06-04,50.96,52.03,50.58,51.64,8470919
2019-06-05,51.64,51.68,50.99,51.03,1708813
2019-06-06,51.03,51.15,50.62,50.74,3364403
2019-06-09,50.74,50.79,50.14,50.19,2005589
2019-06-10,50.19,50.33,49.83,49.97,3681755
2019-06-11,49.97,50.00,49.34,49.37,1701543
2019-06-12,49.37,50.24,49.04,49.90,7743964
2019-06-13,49.90,50.91,49.54,50.54,8302846
2019-06-16,50.54,51.12,50.27,50.84,6464609
2019-06-17,50.84,51.07,50.64,50.87,5019375
2019-06-18,50.87,50.97,50.40,50.49,2905418
2019-06-19,50.49,50.71,50.29,50.51,4986934
2019-06-20,50.51,50.78,50.30,50.57,5165157
2019-06-23,50.57,51.23,50.27,50.94,6822805
2019-06-24,50.94,52.04,50.55,51.65,8601851
2019-06-25,51.65,51.78,51.25,51.38,3514643
2019-06-26,51.38,52.20,51.05,51.87,7388340
2019-06-27,51.87,52.05,51.63,51.82,4642695
2019-06-30,51.82,51.94,51.41,51.53,3401165
2019-07-01,51.53,52.48,51.17,52.12,7935356
2019-07-02,52.12,52.30,51.86,52.04,4442798
2019-07-03,52.04,53.05,51.66,52.68,8158058
2019-07-04,52.68,52.82,52.32,52.46,3797187
2019-07-07,52.46,52.59,52.04,52.16,3335493
2019-07-08,52.16,52.42,51.94,52.21,5118655
2019-07-09,52.21,52.76,51.93,52.48,6307167
2019-07-10,52.48,52.68,52.25,52.44,4654115
2019-07-11,52.44,52.83,52.20,52.59,5616289
2019-07-14,52.59,52.68,52.08,52.17,2798628
2019-07-15,52.17,52.32,51.81,51.95,3731995
2019-07-16,51.95,52.18,51.74,51.97,4984293
2019-07-17,51.97,52.16,51.73,51.92,4604903
2019-07-18,51.92,52.07,51.58,51.73,3902469
2019-07-21,51.73,52.34,51.44,52.05,6556001
2019-07-22,52.05,52.80,51.74,52.48,7059327
2019-07-23,52.48,53.59,52.08,53.19,8498868
2019-07-24,53.19,53.59,52.94,53.35,5664746
2019-07-25,53.35,53.71,53.11,53.47,5495233
2019-07-28,53.47,53.67,53.26,53.46,4854526
2019-07-29,53.46,53.87,53.22,53.62,5643861
2019-07-30,53.62,53.74,53.17,53.29,3245953
2019-07-31,53.29,53.46,53.00,53.17,4302777
2019-08-01,53.17,53.22,52.52,52.56,1826680
2019-08-04,52.56,52.70,52.18,52.32,3644821
2019-08-05,52.32,52.38,51.73,51.79,2176954
2019-08-06,51.79,52.16,51.55,51.92,5546536
2019-08-07,51.92,51.97,51.31,51.36,2025171
2019-08-08,51.36,51.41,50.73,50.77,1810390
2019-08-11,50.77,50.93,50.47,50.63,4136762
2019-08-12,50.63,50.67,50.00,50.03,1720336
2019-08-13,50.03,50.62,49.75,50.34,6536419
2019-08-14,50.34,51.51,49.94,51.11,8930692
2019-08-15,51.11,51.59,50.85,51.33,6063648
2019-08-18,51.33,51.47,50.97,51.10,3688374
2019-08-19,51.10,51.88,50.78,51.56,7261659
2019-08-20,51.56,51.63,51.01,51.08,2388443
2019-08-21,51.08,51.26,50.84,51.03,4599588
2019-08-22,51.03,51.10,50.49,50.56,2462997
2019-08-25,50.56,50.61,49.97,50.02,2028052
2019-08-26,50.02,50.20,49.79,49.97,4603395
2019-08-27,49.97,50.40,49.73,50.16,5868038
2019-08-28,50.16,51.17,49.79,50.80,8315809
2019-08-29,50.80,51.52,50.49,51.21,7033127
2019-09-01,51.21,51.41,51.00,51.20,4810116
2019-09-02,51.20,52.30,50.81,51.91,8585048
2019-09-03,51.91,52.69,51.59,52.37,7222119
2019-09-04,52.37,52.45,51.84,51.92,2622565
2019-09-05,51.92,52.44,51.65,52.17,6169101
2019-09-08,52.17,53.28,51.78,52.88,8503703
2019-09-09,52.88,52.97,52.35,52.44,2638717
2019-09-10,52.44,52.62,52.17,52.34,4401303
2019-09-11,52.34,52.88,52.07,52.60,6211213
2019-09-12,52.60,53.64,52.23,53.26,8191906
2019-09-15,53.26,53.91,52.96,53.60,6614986
2019-09-16,53.60,53.75,53.22,53.36,3677983
2019-09-17,53.36,54.01,53.06,53.71,6615466
2019-09-18,53.71,54.76,53.33,54.37,8143484
2019-09-19,54.37,54.54,54.06,54.24,4237345
2019-09-22,54.24,54.25,53.48,53.50,1242729
2019-09-23,53.50,53.67,53.21,53.38,4320130
2019-09-24,53.38,53.50,52.93,53.05,3222633
2019-09-25,53.05,53.18,52.63,52.76,3407030
2019-09-26,52.76,53.37,52.47,53.08,6478257
2019-09-29,53.08,53.23,52.74,52.89,3967181
2019-09-30,52.89,54.00,52.50,53.60,8441700
2019-10-01,53.60,53.65,52.96,53.01,1951200
2019-10-02,53.01,53.05,52.36,52.40,1804320
2019-10-03,52.40,52.54,52.02,52.16,3680075
2019-10-06,52.16,52.22,51.56,51.62,2072290
2019-10-07,51.62,52.60,51.25,52.23,8067386
2019-10-08,52.23,53.33,51.84,52.93,8455486
2019-10-09,52.93,52.99,52.33,52.40,2174862
2019-10-10,52.40,52.45,51.79,51.85,2089711
2019-10-13,51.85,51.90,51.25,51.31,2101268
2019-10-14,51.31,51.68,51.07,51.44,5592249
2019-10-15,51.44,51.56,51.01,51.12,3204629
2019-10-16,51.12,51.27,50.79,50.94,3950754
2019-10-17,50.94,51.82,50.60,51.47,7657784
2019-10-20,51.47,52.13,51.18,51.83,6745473
2019-10-21,51.83,51.85,51.13,51.15,1337277
2019-10-22,51.15,51.28,50.78,50.92,3704801
2019-10-23,50.92,51.89,50.56,51.52,8045576
2019-10-24,51.52,51.90,51.29,51.66,5594170
2019-10-27,51.66,51.91,51.45,51.70,5066632
2019-10-28,51.70,51.77,51.15,51.22,2438271
2019-10-29,51.22,51.38,50.91,51.07,4054766
2019-10-30,51.07,51.80,50.76,51.49,7076611
2019-10-31,51.49,51.50,50.77,50.79,1256893
2019-11-03,50.79,51.75,50.43,51.39,8052400
2019-11-04,51.39,51.64,51.18,51.43,5068072
2019-11-05,51.43,52.35,51.08,52.00,7834773
2019-11-06,52.00,52.21,51.79,52.01,4920404
2019-11-07,52.01,52.08,51.45,51.52,2374348
2019-11-10,51.52,51.54,50.84,50.87,1505246
2019-11-11,50.87,51.33,50.61,51.08,5992112
2019-11-12,51.08,51.15,50.52,50.59,2328772
2019-11-13,50.59,50.62,49.94,49.97,1601646
2019-11-14,49.97,50.57,49.69,50.29,6600857
2019-11-17,50.29,51.30,49.92,50.93,8264677
2019-11-18,50.93,51.05,50.53,50.66,3457304
2019-11-19,50.66,50.71,50.07,50.12,2079972
2019-11-20,50.12,50.95,49.80,50.62,7515397
2019-11-21,50.62,50.69,50.08,50.15,2405555
2019-11-24,50.15,50.29,49.80,49.94,3762791
2019-11-25,49.94,50.06,49.54,49.66,3414266
2019-11-26,49.66,49.70,49.05,49.09,1779732
2019-11-27,49.09,49.77,48.79,49.47,6982647
2019-11-28,49.47,50.24,49.16,49.92,7294615
2019-12-01,49.92,50.12,49.73,49.93,4913168
2019-12-02,49.93,50.64,49.63,50.34,7072873
2019-12-03,50.34,50.92,50.06,50.64,6489780
2019-12-04,50.64,51.39,50.33,51.07,7139197
2019-12-05,51.07,51.88,50.75,51.55,7366803
2019-12-08,51.55,51.72,51.27,51.44,4333093
2019-12-09,51.44,51.59,51.09,51.23,3791152
2019-12-10,51.23,51.35,50.80,50.91,3197770
2019-12-11,50.91,51.07,50.61,50.77,4157887
2019-12-12,50.77,51.29,50.51,51.02,6202366
2019-12-15,51.02,51.47,50.77,51.22,5899108
2019-12-16,51.22,51.23,50.52,50.53,1297496
2019-12-17,50.53,50.57,49.89,49.93,1706172
2019-12-18,49.93,50.02,49.45,49.54,2804149
2019-12-19,49.54,50.25,49.24,49.95,7085253
2019-12-22,49.95,49.98,49.31,49.34,1635905
2019-12-23,49.34,49.62,49.13,49.41,5246227
2019-12-24,49.41,50.54,49.02,50.15,8854492
2019-12-25,50.15,50.16,49.46,49.48,1324897
2019-12-26,49.48,50.54,49.10,50.16,8558676
2019-12-29,50.16,50.21,49.56,49.61,1938545
2019-12-30,49.61,49.76,49.31,49.46,4106481
2019-12-31,49.46,50.41,49.11,50.06,8074828
2020-01-01,50.06,50.44,49.82,50.20,5670747
2020-01-02,50.20,50.50,49.99,50.29,5313991
2020-01-05,50.29,51.02,49.98,50.71,7128017
2020-01-06,50.71,51.51,50.39,51.19,7384430
2020-01-07,51.19,52.22,50.81,51.84,8280761
2020-01-08,51.84,51.84,51.09,51.09,1051577
2020-01-09,51.09,51.17,50.55,50.62,2412928
2020-01-12,50.62,51.66,50.25,51.28,8340123
2020-01-13,51.28,51.29,50.56,50.57,1178840
2020-01-14,50.57,50.62,49.98,50.04,2089574
2020-01-15,50.04,51.18,49.65,50.78,8825411
2020-01-16,50.78,50.87,50.30,50.39,2843141
2020-01-19,50.39,50.43,49.76,49.80,1747702
2020-01-20,49.80,50.04,49.60,49.83,5069958
2020-01-21,49.83,49.85,49.16,49.18,1377812
2020-01-22,49.18,49.36,48.97,49.15,4720644
2020-01-23,49.15,50.17,48.79,49.80,8407098
2020-01-26,49.80,50.76,49.45,50.40,8116186
2020-01-27,50.40,50.95,50.14,50.68,6341735
2020-01-28,50.68,51.19,50.42,50.93,6170164
2020-01-29,50.93,51.00,50.38,50.45,2391598
2020-01-30,50.45,50.50,49.85,49.90,1944307
2020-02-02,49.90,49.93,49.26,49.30,1692489
2020-02-03,49.30,49.42,48.93,49.05,3537379
2020-02-04,49.05,49.14,48.59,48.68,2861694
2020-02-05,48.68,49.20,48.42,48.94,6307407
2020-02-06,48.94,49.60,48.65,49.31,6886865
2020-02-09,49.31,49.48,49.06,49.22,4427229
2020-02-10,49.22,50.00,48.91,49.68,7348251
2020-02-11,49.68,50.56,49.34,50.22,7773388
2020-02-12,50.22,50.27,49.62,49.67,1974245
2020-02-13,49.67,50.64,49.32,50.28,8148353
2020-02-16,50.28,50.31,49.62,49.65,1530281
2020-02-17,49.65,50.31,49.36,50.01,6836076
2020-02-18,50.01,50.17,49.70,49.86,4041049
2020-02-19,49.86,50.67,49.53,50.34,7490877
2020-02-20,50.34,50.89,50.08,50.62,6346056
2020-02-23,50.62,51.17,50.35,50.90,6359670
2020-02-24,50.90,51.13,50.70,50.92,4988511
2020-02-25,50.92,51.07,50.58,50.72,3837517
2020-02-26,50.72,50.80,50.19,50.26,2437551
2020-02-27,50.26,50.57,50.04,50.35,5356515
2020-03-01,50.35,50.43,49.84,49.93,2643792
2020-03-02,49.93,50.06,49.56,49.69,3608024
2020-03-03,49.69,49.83,49.37,49.51,3928223
2020-03-04,49.51,49.99,49.26,49.74,6098216
2020-03-05,49.74,50.01,49.53,49.80,5204423
2020-03-08,49.80,49.95,49.49,49.64,4036968
2020-03-09,49.64,49.67,48.99,49.02,1534122
2020-03-10,49.02,49.09,48.52,48.59,2560082
2020-03-11,48.59,48.59,47.89,47.89,1016083
2020-03-12,47.89,48.85,47.54,48.50,8284842
2020-03-15,48.50,49.18,48.21,48.89,7008333
2020-03-16,48.89,49.38,48.63,49.13,6198902
2020-03-17,49.13,49.51,48.90,49.28,5683710
2020-03-18,49.28,49.70,49.03,49.46,5882510
2020-03-19,49.46,50.13,49.17,49.84,6918758
2020-03-22,49.84,50.08,49.64,49.87,5064060
2020-03-23,49.87,49.95,49.36,49.43,2515946
2020-03-24,49.43,50.01,49.16,49.73,6508984
2020-03-25,49.73,49.77,49.11,49.15,1759224
2020-03-26,49.15,50.13,48.80,49.77,8241975
2020-03-29,49.77,50.78,49.41,50.41,8302914
2020-03-30,50.41,51.14,50.10,50.83,7102537
2020-03-31,50.83,50.90,50.29,50.36,2393930
2020-04-01,50.36,51.21,50.02,50.88,7633882
2020-04-02,50.88,51.94,50.50,51.55,8427331
2020-04-05,51.55,51.72,51.27,51.44,4305144
2020-04-06,51.44,52.37,51.09,52.01,7835219
2020-04-07,52.01,52.02,51.26,51.27,1066941
2020-04-08,51.27,51.28,50.57,50.58,1308950
2020-04-09,50.58,50.75,50.30,50.46,4240260
2020-04-12,50.46,50.63,50.19,50.36,4354698
2020-04-13,50.36,50.55,50.15,50.33,4738683
2020-04-14,50.33,51.32,49.97,50.96,8182338
2020-04-15,50.96,51.34,50.72,51.10,5623936
2020-04-16,51.10,51.15,50.49,50.53,1927674
2020-04-19,50.53,51.24,50.23,50.93,6994787
2020-04-20,50.93,51.94,50.57,51.57,8207990
2020-04-21,51.57,51.74,51.28,51.44,4209259
2020-04-22,51.44,51.60,51.12,51.27,4010939
2020-04-23,51.27,52.10,50.94,51.77,7440192
2020-04-26,51.77,52.47,51.46,52.16,6916769
2020-04-27,52.16,52.24,51.63,51.71,2564128
2020-04-28,51.71,52.35,51.42,52.05,6653875
2020-04-29,52.05,52.38,51.82,52.15,5383539
2020-04-30,52.15,52.63,51.89,52.37,5987688
2020-05-03,52.37,52.38,51.63,51.64,1182373
2020-05-04,51.64,51.74,51.17,51.27,2942901
2020-05-05,51.27,51.30,50.61,50.64,1614951
2020-05-06,50.64,50.71,50.09,50.16,2359019
2020-05-07,50.16,50.26,49.70,49.79,2928189
2020-05-10,49.79,50.91,49.40,50.52,8779252
2020-05-11,50.52,50.87,50.29,50.64,5517146
2020-05-12,50.64,51.75,50.25,51.36,8672736
2020-05-13,51.36,52.03,51.06,51.73,6813923
2020-05-14,51.73,52.21,51.47,51.95,5990089
2020-05-17,51.95,52.80,51.61,52.46,7509876
2020-05-18,52.46,53.21,52.14,52.89,7052297
2020-05-19,52.89,53.66,52.56,53.33,7111179
2020-05-20,53.33,53.43,52.82,52.91,2772942
2020-05-21,52.91,53.11,52.70,52.90,4827709
2020-05-24,52.90,53.07,52.60,52.77,4213751
2020-05-25,52.77,53.20,52.51,52.95,5795267
2020-05-26,52.95,53.08,52.54,52.67,3473491
2020-05-27,52.67,53.82,52.27,53.41,8631138
2020-05-28,53.41,53.56,53.06,53.22,3910185
2020-05-31,53.22,53.79,52.93,53.50,6322976
2020-06-01,53.50,54.43,53.14,54.07,7696673
2020-06-02,54.07,55.20,53.67,54.79,8451028
2020-06-03,54.79,56.01,54.37,55.58,8709499
2020-06-04,55.58,55.79,55.34,55.55,4743689
2020-06-07,55.55,56.26,55.23,55.94,6751131
2020-06-08,55.94,56.45,55.66,56.17,5966392
2020-06-09,56.17,56.29,55.68,55.79,3105521
2020-06-10,55.79,55.86,55.16,55.22,2143827
2020-06-11,55.22,55.25,54.48,54.51,1426989
2020-06-14,54.51,55.04,54.23,54.76,6115500
2020-06-15,54.76,55.25,54.49,54.98,5962448
2020-06-16,54.98,55.60,54.68,55.30,6424622
2020-06-17,55.30,55.31,54.51,54.52,1106961
2020-06-18,54.52,54.90,54.27,54.65,5540329
2020-06-21,54.65,55.76,54.25,55.35,8292626
2020-06-22,55.35,56.24,55.00,55.88,7413237
2020-06-23,55.88,56.06,55.56,55.74,4210802
2020-06-24,55.74,55.81,55.14,55.21,2364334
2020-06-25,55.21,55.40,54.92,55.11,4367661
2020-06-28,55.11,55.43,54.87,55.19,5307201
2020-06-29,55.19,56.22,54.81,55.83,7973079
2020-06-30,55.83,55.96,55.38,55.50,3303566
2020-07-01,55.50,55.68,55.18,55.36,4162860
2020-07-02,55.36,55.55,55.08,55.27,4452194
2020-07-05,55.27,56.19,54.90,55.82,7554286
2020-07-06,55.82,55.99,55.49,55.66,4111111
2020-07-07,55.66,55.78,55.18,55.30,3135013
2020-07-08,55.30,55.49,55.02,55.21,4453155
2020-07-09,55.21,56.37,54.79,55.95,8485288
2020-07-12,55.95,56.83,55.60,56.47,7354869
2020-07-13,56.47,56.81,56.23,56.57,5333504
2020-07-14,56.57,56.77,56.31,56.51,4618724
2020-07-15,56.51,56.71,56.23,56.42,4445096
2020-07-16,56.42,56.81,56.17,56.56,5528669
2020-07-19,56.56,56.72,56.18,56.34,3844753
2020-07-20,56.34,56.79,56.07,56.52,5739026
2020-07-21,56.52,57.68,56.10,57.26,8371982
2020-07-22,57.26,57.29,56.51,56.53,1496707
2020-07-23,56.53,57.21,56.22,56.89,6569993
2020-07-26,56.89,56.90,56.10,56.11,1196776
2020-07-27,56.11,57.40,55.66,56.95,8907921
2020-07-28,56.95,57.03,56.32,56.40,2271330
2020-07-29,56.40,56.53,55.94,56.07,3336385
2020-07-30,56.07,56.43,55.82,56.18,5411728
2020-08-02,56.18,56.36,55.86,56.03,4176371
2020-08-03,56.03,56.10,55.39,55.45,2124142
2020-08-04,55.45,55.53,54.85,54.93,2341460
2020-08-05,54.93,55.86,54.56,55.49,7618449
2020-08-06,55.49,56.77,55.05,56.33,8893381
2020-08-09,56.33,56.44,55.82,55.94,3030452
2020-08-10,55.94,56.97,55.55,56.58,7930898
2020-08-11,56.58,56.69,56.06,56.17,2977434
2020-08-12,56.17,56.27,55.64,55.74,2812037
2020-08-13,55.74,56.90,55.32,56.48,8447050
2020-08-16,56.48,56.63,56.08,56.23,3709636
2020-08-17,56.23,56.49,56.01,56.26,5019547
2020-08-18,56.26,56.46,55.99,56.18,4500240
2020-08-19,56.18,56.81,55.88,56.51,6423319
2020-08-20,56.51,56.76,56.28,56.53,4986316
2020-08-23,56.53,57.44,56.17,57.07,7423799
2020-08-24,57.07,57.72,56.76,57.41,6451817
2020-08-25,57.41,57.95,57.12,57.66,6045679
2020-08-26,57.66,57.86,57.38,57.59,4551063
2020-08-27,57.59,58.43,57.23,58.07,7128463
2020-08-30,58.07,58.22,57.63,57.78,3530967
2020-08-31,57.78,58.65,57.42,58.28,7215363
2020-09-01,58.28,58.45,57.88,58.04,3786591
2020-09-02,58.04,59.35,57.59,58.89,8775514
2020-09-03,58.89,59.00,58.32,58.42,2750034
2020-09-06,58.42,59.45,58.03,59.05,7759533
2020-09-07,59.05,59.06,58.21,58.22,1112654
2020-09-08,58.22,58.31,57.61,57.70,2488408
2020-09-09,57.70,58.33,57.39,58.02,6380624
2020-09-10,58.02,59.08,57.62,58.67,7875720
2020-09-13,58.67,58.72,57.94,57.99,1763820
2020-09-14,57.99,58.10,57.46,57.58,2983196
2020-09-15,57.58,58.77,57.15,58.33,8398045
2020-09-16,58.33,58.50,57.95,58.12,3909602
2020-09-17,58.12,59.47,57.66,59.00,8900582
2020-09-20,59.00,59.55,58.70,59.25,6012962
2020-09-21,59.25,59.44,58.92,59.11,4259087
2020-09-22,59.11,59.26,58.65,58.80,3466117
2020-09-23,58.80,58.98,58.44,58.62,4053806
2020-09-24,58.62,59.20,58.31,58.89,6145610
2020-09-27,58.89,59.44,58.60,59.14,6013134
2020-09-28,59.14,59.65,58.86,59.36,5853909
2020-09-29,59.36,59.60,59.13,59.37,4902503
2020-09-30,59.37,59.54,58.97,59.14,3874965
2020-10-01,59.14,59.90,58.80,59.56,6746604
2020-10-04,59.56,59.73,59.16,59.33,3863100
2020-10-05,59.33,60.55,58.89,60.11,8384945
2020-10-06,60.11,60.17,59.41,59.47,2065226
2020-10-07,59.47,60.12,59.16,59.80,6360733
2020-10-08,59.80,60.61,59.45,60.25,6876406
2020-10-11,60.25,60.38,59.73,59.86,3143106
2020-10-12,59.86,60.91,59.46,60.50,7728737
2020-10-13,60.50,60.60,59.90,60.00,2682681
2020-10-14,60.00,60.36,59.74,60.10,5313580
2020-10-15,60.10,60.24,59.60,59.74,3300445
2020-10-18,59.74,60.62,59.38,60.25,7137105
2020-10-19,60.25,60.42,59.85,60.03,3909979
2020-10-20,60.03,60.23,59.72,59.92,4409190
2020-10-21,59.92,60.93,59.53,60.53,7573010
2020-10-22,60.53,60.60,59.86,59.93,2265637
2020-10-25,59.93,60.60,59.61,60.27,6388305
2020-10-26,60.27,61.21,59.89,60.83,7323731
2020-10-27,60.83,60.99,60.40,60.56,3713888
2020-10-28,60.56,60.78,60.27,60.49,4571124
2020-10-29,60.49,60.53,59.73,59.77,1722599
2020-11-01,59.77,59.93,59.33,59.48,3588065
2020-11-02,59.48,59.56,58.83,58.91,2290980
2020-11-03,58.91,58.97,58.23,58.29,2102949
2020-11-04,58.29,58.61,58.05,58.37,5221502
2020-11-05,58.37,58.48,57.82,57.93,2881207
2020-11-08,57.93,58.09,57.53,57.69,3798113
2020-11-09,57.69,57.86,57.32,57.49,3947530
2020-11-10,57.49,57.53,56.76,56.80,1675137
2020-11-11,56.80,56.87,56.15,56.22,2141426
2020-11-12,56.22,56.34,55.73,55.84,3099485
2020-11-15,55.84,55.90,55.19,55.24,2006104
2020-11-16,55.24,56.40,54.83,55.98,8466220
2020-11-17,55.98,56.50,55.70,56.22,6010699
2020-11-18,56.22,57.06,55.87,56.71,7207441
2020-11-19,56.71,56.78,56.06,56.12,2105829
2020-11-22,56.12,57.18,55.73,56.78,8014506
2020-11-23,56.78,56.99,56.52,56.73,4612482
2020-11-24,56.73,56.80,56.12,56.20,2393587
2020-11-25,56.20,56.39,55.91,56.10,4444238
2020-11-26,56.10,56.50,55.85,56.25,5554561
2020-11-29,56.25,56.45,55.99,56.20,4662825
2020-11-30,56.20,56.89,55.88,56.57,6633230
2020-12-01,56.57,56.92,56.32,56.67,5367009
2020-12-02,56.67,56.86,56.36,56.54,4246879
2020-12-03,56.54,56.59,55.86,55.91,1914814
2020-12-06,55.91,56.80,55.55,56.44,7383161
2020-12-07,56.44,56.63,56.15,56.35,4479080
2020-12-08,56.35,56.39,55.63,55.66,1622325
2020-12-09,55.66,56.42,55.33,56.09,6936351
2020-12-10,56.09,57.33,55.66,56.89,8692764
2020-12-13,56.89,56.90,56.08,56.08,1089094
2020-12-14,56.08,56.97,55.73,56.61,7359910
2020-12-15,56.61,56.79,56.28,56.47,4221262
2020-12-16,56.47,56.62,56.06,56.21,3648456
2020-12-17,56.21,56.37,55.85,56.02,3987174
2020-12-20,56.02,56.10,55.42,55.50,2397908
2020-12-21,55.50,55.70,55.24,55.44,4633744
2020-12-22,55.44,56.53,55.05,56.12,8151474
2020-12-23,56.12,56.79,55.81,56.48,6556035
2020-12-24,56.48,57.37,56.12,57.01,7378292
2020-12-27,57.01,57.86,56.65,57.50,7186145
2020-12-28,57.50,57.67,57.14,57.32,4028978
2020-12-29,57.32,58.18,56.96,57.82,7215432
2020-12-30,57.82,58.02,57.52,57.72,4424519
2020-12-31,57.72,58.29,57.42,57.99,6150068
2021-01-03,57.99,58.94,57.62,58.56,7478497
2021-01-04,58.56,58.69,58.06,58.19,3199931
2021-01-05,58.19,59.35,57.77,58.93,8252640
2021-01-06,58.93,59.07,58.47,58.62,3500823
2021-01-07,58.62,59.40,58.28,59.05,6845713
2021-01-10,59.05,59.51,58.78,59.23,5670027
2021-01-11,59.23,59.95,58.90,59.61,6615740
2021-01-12,59.61,59.72,59.03,59.13,2695198
2021-01-13,59.13,59.17,58.39,58.43,1735562
2021-01-14,58.43,58.61,58.09,58.27,4156584
2021-01-17,58.27,58.33,57.60,57.66,2081721
2021-01-18,57.66,58.68,57.27,58.29,7782578
2021-01-19,58.29,59.23,57.91,58.85,7456687
2021-01-20,58.85,60.05,58.42,59.61,8338614
2021-01-21,59.61,59.74,59.10,59.22,3144410
2021-01-24,59.22,59.39,58.83,59.00,3849382
2021-01-25,59.00,60.33,58.54,59.86,8799211
2021-01-26,59.86,60.74,59.49,60.37,7154389
2021-01-27,60.37,60.59,60.10,60.33,4668004
2021-01-28,60.33,61.11,59.98,60.76,6796844
2021-01-31,60.76,61.65,60.39,61.28,7145850
2021-02-01,61.28,61.62,61.02,61.36,5245884
2021-02-02,61.36,61.83,61.07,61.54,5664849
2021-02-03,61.54,62.24,61.20,61.90,6452126
2021-02-04,61.90,63.34,61.41,62.84,8916358
2021-02-07,62.84,64.24,62.35,63.75,8736556
2021-02-08,63.75,65.07,63.28,64.59,8406550
2021-02-09,64.59,64.72,64.01,64.14,3012757
2021-02-10,64.14,64.29,63.62,63.77,3345301
2021-02-11,63.77,65.07,63.30,64.60,8342455
2021-02-14,64.60,65.46,64.22,65.08,6868415
2021-02-15,65.08,66.56,64.57,66.04,8824417
2021-02-16,66.04,66.08,65.19,65.23,1593175
2021-02-17,65.23,66.40,64.78,65.95,7816666
2021-02-18,65.95,66.18,65.62,65.85,4507235
2021-02-21,65.85,66.93,65.43,66.50,7492043
2021-02-22,66.50,66.51,65.57,65.58,1190843
2021-02-23,65.58,65.63,64.76,64.80,1727091
2021-02-24,64.80,65.21,64.52,64.92,5372393
2021-02-25,64.92,65.62,64.58,65.28,6324279
2021-02-28,65.28,65.46,64.83,65.02,3817318
2021-03-01,65.02,65.79,64.65,65.43,6567558
2021-03-02,65.43,65.53,64.75,64.86,2550308
2021-03-03,64.86,65.49,64.52,65.15,6111248
2021-03-04,65.15,65.88,64.80,65.53,6410871
2021-03-07,65.53,65.54,64.61,64.62,1202263
2021-03-08,64.62,64.82,64.21,64.40,3942215
2021-03-09,64.40,65.68,63.93,65.21,8235665
2021-03-10,65.21,65.69,64.91,65.39,5613477
2021-03-11,65.39,66.82,64.89,66.31,8643552
2021-03-14,66.31,67.36,65.89,66.93,7375274
2021-03-15,66.93,67.07,66.35,66.49,3117283
2021-03-16,66.49,67.59,66.05,67.15,7548593
2021-03-17,67.15,68.15,66.74,67.73,7163031
2021-03-18,67.73,68.05,67.45,67.77,5047016
2021-03-21,67.77,67.97,67.34,67.55,3990672
2021-03-22,67.55,67.68,66.92,67.05,2932270
2021-03-23,67.05,67.91,66.67,67.52,6736008
2021-03-24,67.52,67.54,66.59,66.61,1303120
2021-03-25,66.61,67.23,66.28,66.90,6016323
2021-03-28,66.90,67.06,66.39,66.55,3517592
2021-03-29,66.55,66.68,65.92,66.04,2819272
2021-03-30,66.04,66.22,65.58,65.76,3748525
2021-03-31,65.76,66.59,65.38,66.22,6725102
2021-04-01,66.22,66.41,65.78,65.97,3872462
2021-04-04,65.97,67.03,65.54,66.60,7462208
2021-04-05,66.60,66.78,66.13,66.31,3691872
2021-04-06,66.31,67.49,65.86,67.03,7796021
2021-04-07,67.03,67.27,66.70,66.93,4490706
2021-04-08,66.93,67.47,66.62,67.15,5751234
2021-04-11,67.15,67.21,66.35,66.41,1923285
2021-04-12,66.41,67.07,66.07,66.73,6167352
2021-04-13,66.73,68.06,66.25,67.57,8236522
2021-04-14,67.57,68.06,67.26,67.75,5587585
2021-04-15,67.75,68.96,67.29,68.50,7825480
2021-04-18,68.50,69.29,68.12,68.91,6481069
2021-04-19,68.91,69.58,68.55,69.23,6122256
2021-04-20,69.23,69.49,68.94,69.21,4798422
2021-04-21,69.21,69.40,68.74,68.93,3818209
2021-04-22,68.93,69.85,68.53,69.44,6860631
2021-04-25,69.44,70.89,68.93,70.37,8419513
2021-04-26,70.37,70.55,69.84,70.02,3581275
2021-04-27,70.02,70.17,69.42,69.57,3136042
2021-04-28,69.57,70.21,69.22,69.86,6022085
2021-04-29,69.86,69.87,68.87,68.87,1103600
2021-05-02,68.87,69.60,68.51,69.24,6281824
2021-05-03,69.24,70.85,68.69,70.29,8939471
2021-05-04,70.29,71.52,69.82,71.04,7718518
2021-05-05,71.04,71.22,70.52,70.71,3631310
2021-05-06,70.71,70.95,70.36,70.61,4505006
2021-05-09,70.61,70.73,69.92,70.04,2759362
2021-05-10,70.04,70.86,69.66,70.47,6517832
2021-05-11,70.47,70.69,70.04,70.26,4052023
2021-05-12,70.26,70.76,69.94,70.43,5559465
2021-05-13,70.43,70.52,69.66,69.75,2274725
2021-05-16,69.75,69.88,69.10,69.23,2913854
2021-05-17,69.23,69.40,68.69,68.86,3452160
2021-05-18,68.86,68.95,68.09,68.18,2235322
2021-05-19,68.18,68.41,67.83,68.06,4423834
2021-05-20,68.06,69.27,67.60,68.80,7770781
2021-05-23,68.80,68.85,67.94,67.99,1732956
2021-05-24,67.99,68.19,67.54,67.74,3915294
2021-05-25,67.74,68.32,67.41,67.99,5848662
2021-05-26,67.99,68.20,67.58,67.79,4100960
2021-05-27,67.79,68.04,67.50,67.75,4721570
2021-05-30,67.75,67.75,66.77,66.77,1019135
2021-05-31,66.77,67.01,66.47,66.72,4672668
2021-06-01,66.72,66.79,65.96,66.04,2175994
2021-06-02,66.04,66.28,65.74,65.97,4615534
2021-06-03,65.97,66.83,65.59,66.44,6781412
2021-06-06,66.44,67.57,66.01,67.13,7611899
2021-06-07,67.13,67.32,66.70,66.90,3971193
2021-06-08,66.90,67.44,66.58,67.12,5760528
2021-06-09,67.12,68.49,66.62,67.99,8362620
2021-06-10,67.99,68.09,67.27,67.37,2419444
2021-06-13,67.37,67.65,67.10,67.38,4943347
2021-06-14,67.38,68.57,66.93,68.11,7761488
2021-06-15,68.11,68.27,67.55,67.71,3293621
2021-06-16,67.71,68.87,67.25,68.41,7663203
2021-06-17,68.41,68.42,67.44,67.45,1141838
2021-06-20,67.45,67.52,66.64,66.71,1927057
2021-06-21,66.71,66.72,65.78,65.80,1253429
2021-06-22,65.80,66.98,65.35,66.53,7837002
2021-06-23,66.53,66.57,65.68,65.72,1653086
2021-06-24,65.72,66.03,65.46,65.77,5047359
2021-06-27,65.77,66.74,65.36,66.33,7180315
2021-06-28,66.33,66.88,66.01,66.56,5805041
2021-06-29,66.56,67.30,66.20,66.94,6378326
2021-06-30,66.94,67.04,66.24,66.34,2505109
2021-07-01,66.34,66.39,65.51,65.55,1716255
2021-07-04,65.55,66.97,65.06,66.46,8579663
2021-07-05,66.46,66.80,66.19,66.53,5144718
2021-07-06,66.53,68.01,66.02,67.49,8720061
2021-07-07,67.49,68.43,67.08,68.02,6984705
2021-07-08,68.02,68.12,67.30,67.40,2432475
2021-07-11,67.40,68.06,67.05,67.72,6149794
2021-07-12,67.72,67.99,67.45,67.73,4926783
2021-07-13,67.73,68.26,67.41,67.94,5701714
2021-07-14,67.94,68.35,67.64,68.05,5338786
2021-07-15,68.05,68.60,67.73,68.27,5739231
2021-07-18,68.27,68.36,67.52,67.61,2285768
2021-07-19,67.61,67.65,66.74,66.78,1620370
2021-07-20,66.78,67.03,66.50,66.75,4755384
2021-07-21,66.75,66.92,66.24,66.41,3517969
2021-07-22,66.41,67.13,66.06,66.77,6327880
2021-07-25,66.77,67.17,66.48,66.88,5308573
2021-07-26,66.88,67.13,66.59,66.84,4731652
2021-07-27,66.84,67.71,66.45,67.32,6794650
2021-07-28,67.32,67.44,66.66,66.78,2732133
2021-07-29,66.78,66.80,65.85,65.87,1260150
2021-08-01,65.87,66.59,65.52,66.24,6354012
2021-08-02,66.24,67.59,65.75,67.10,8359396
2021-08-03,67.10,67.33,66.76,66.99,4436796
2021-08-04,66.99,68.36,66.50,67.86,8339300
2021-08-05,67.86,67.89,66.97,67.00,1523696
2021-08-08,67.00,67.04,66.14,66.18,1594924
2021-08-09,66.18,67.45,65.71,66.97,8083847
2021-08-10,66.97,67.01,66.10,66.14,1558367
2021-08-11,66.14,66.34,65.74,65.94,4067866
2021-08-12,65.94,67.47,65.42,66.94,8920987
2021-08-15,66.94,67.12,66.48,66.66,3796742
2021-08-16,66.66,67.66,66.25,67.24,7188957
2021-08-17,67.24,67.92,66.89,67.57,6184053
2021-08-18,67.57,67.74,67.07,67.24,3572153
2021-08-19,67.24,67.95,66.88,67.60,6291529
2021-08-22,67.60,67.74,67.02,67.17,3206378
2021-08-23,67.17,67.39,66.79,67.00,4217935
2021-08-24,67.00,67.25,66.71,66.96,4708916
2021-08-25,66.96,67.12,66.42,66.57,3321296
2021-08-26,66.57,66.57,65.61,65.62,1067421
2021-08-29,65.62,66.15,65.31,65.84,5774451
2021-08-30,65.84,65.90,65.04,65.09,1862139
2021-08-31,65.09,65.52,64.80,65.23,5453943
2021-09-01,65.23,65.48,64.97,65.22,4821467
2021-09-02,65.22,65.29,64.48,64.55,2162242
2021-09-05,64.55,64.79,64.27,64.51,4710836
2021-09-06,64.51,64.86,64.24,64.59,5183299
2021-09-07,64.59,65.66,64.16,65.23,7554938
2021-09-08,65.23,65.31,64.50,64.57,2171433
2021-09-09,64.57,64.65,63.85,63.92,2193278
2021-09-12,63.92,64.32,63.64,64.04,5373559
2021-09-13,64.04,64.05,63.14,63.15,1169067
2021-09-14,63.15,64.09,62.76,63.69,7184739
2021-09-15,63.69,64.57,63.32,64.19,6951440
2021-09-16,64.19,64.49,63.93,64.23,5037071
2021-09-19,64.23,65.28,63.81,64.86,7491015
2021-09-20,64.86,65.96,64.43,65.52,7621913
2021-09-21,65.52,65.53,64.59,64.60,1108779
2021-09-22,64.60,65.33,64.24,64.98,6445438
2021-09-23,64.98,65.09,64.34,64.45,2718312
2021-09-26,64.45,65.88,63.95,65.38,8717524
2021-09-27,65.38,66.41,64.96,65.99,7381344
2021-09-28,65.99,66.16,65.50,65.67,3573971
2021-09-29,65.67,66.65,65.26,66.24,7196639
2021-09-30,66.24,66.73,65.93,66.42,5632064
2021-10-03,66.42,66.88,66.12,66.58,5522222
2021-10-04,66.58,67.80,66.13,67.33,7879458
2021-10-05,67.33,67.57,67.01,67.24,4530932
2021-10-06,67.24,67.44,66.80,67.00,3896399
2021-10-07,67.00,67.65,66.65,67.30,6099314
2021-10-10,67.30,68.38,66.87,67.94,7411282
2021-10-11,67.94,68.01,67.15,67.22,2029835
2021-10-12,67.22,67.58,66.93,67.29,5189540
2021-10-13,67.29,67.33,66.43,66.47,1606447
2021-10-14,66.47,66.62,65.91,66.06,3255864
2021-10-17,66.06,67.46,65.57,66.96,8483470
2021-10-18,66.96,67.72,66.59,67.35,6449759
2021-10-19,67.35,67.48,66.72,66.85,2907818
2021-10-20,66.85,67.01,66.30,66.46,3314437
2021-10-21,66.46,66.48,65.54,65.56,1274554
2021-10-24,65.56,65.78,65.21,65.42,4319032
2021-10-25,65.42,65.42,64.47,64.47,1015775
2021-10-26,64.47,64.89,64.19,64.60,5414163
2021-10-27,64.60,64.72,63.99,64.10,2822839
2021-10-28,64.10,64.37,63.85,64.11,4920816
2021-10-31,64.11,64.77,63.78,64.43,6201920
2021-11-01,64.43,64.48,63.63,63.68,1752572
2021-11-02,63.68,63.76,62.99,63.08,2362894
2021-11-03,63.08,63.95,62.70,63.57,6971159
2021-11-04,63.57,63.79,63.25,63.47,4441563
2021-11-07,63.47,63.70,63.18,63.42,4675342
2021-11-08,63.42,63.55,62.85,62.98,3055212
2021-11-09,62.98,63.63,62.65,63.30,6223148
2021-11-10,63.30,64.24,62.91,63.85,7191495
2021-11-11,63.85,64.37,63.54,64.07,5787414
2021-11-14,64.07,64.16,63.39,63.48,2430658
2021-11-15,63.48,63.83,63.21,63.56,5244684
2021-11-16,63.56,63.66,62.90,63.00,2501097
2021-11-17,63.00,63.21,62.67,62.88,4397427
2021-11-18,62.88,62.96,62.17,62.24,2168244
2021-11-21,62.24,62.46,61.94,62.16,4529595
2021-11-22,62.16,63.17,61.76,62.76,7456790
2021-11-23,62.76,62.78,61.90,61.92,1295507
2021-11-24,61.92,62.85,61.54,62.46,7206241
2021-11-25,62.46,63.32,62.09,62.94,6942078
2021-11-28,62.94,63.51,62.63,63.20,5959807
2021-11-29,63.20,63.74,62.89,63.43,5864368
2021-11-30,63.43,64.07,63.10,63.74,6186625
2021-12-01,63.74,63.90,63.25,63.41,3494478
2021-12-02,63.41,63.59,62.98,63.16,3837311
2021-12-05,63.16,64.51,62.69,64.03,8523765
2021-12-06,64.03,64.38,63.75,64.11,5232853
2021-12-07,64.11,64.33,63.79,64.01,4458401
2021-12-08,64.01,64.03,63.13,63.15,1286831
2021-12-09,63.15,63.88,62.80,63.53,6508264
2021-12-12,63.53,63.66,62.97,63.10,3060973
2021-12-13,63.10,63.28,62.67,62.85,3809156
2021-12-14,62.85,62.95,62.22,62.32,2654046
2021-12-15,62.32,62.44,61.75,61.88,2978360
2021-12-16,61.88,62.03,61.39,61.54,3424074
2021-12-19,61.54,61.81,61.29,61.57,5003532
2021-12-20,61.57,62.59,61.16,62.18,7543895
2021-12-21,62.18,62.34,61.70,61.85,3464917
2021-12-22,61.85,63.28,61.36,62.78,8890054
2021-12-23,62.78,62.98,62.40,62.60,4090912
2021-12-26,62.60,63.55,62.20,63.16,7265020
2021-12-27,63.16,63.20,62.35,62.39,1646947
2021-12-28,62.39,62.57,61.99,62.17,3952743
2021-12-29,62.17,62.25,61.47,61.54,2157716
2021-12-30,61.54,61.64,60.92,61.01,2607544
2022-01-02,61.01,61.10,60.37,60.46,2462722
2022-01-03,60.46,61.45,60.07,61.05,7476337
2022-01-04,61.05,61.94,60.68,61.56,7105178
2022-01-05,61.56,61.68,61.00,61.11,2954183
2022-01-06,61.11,61.21,60.49,60.58,2554218
2022-01-09,60.58,60.67,59.95,60.04,2473182
2022-01-10,60.04,61.38,59.57,60.91,8760459
2022-01-11,60.91,61.68,60.56,61.33,6724691
2022-01-12,61.33,62.50,60.90,62.06,8044890
2022-01-13,62.06,62.99,61.67,62.60,7214883
2022-01-16,62.60,63.57,62.21,63.17,7321090
2022-01-17,63.17,63.31,62.63,62.77,3153635
2022-01-18,62.77,62.81,61.96,62.01,1650788
2022-01-19,62.01,63.07,61.59,62.66,7676748
2022-01-20,62.66,63.57,62.27,63.18,7132750
2022-01-23,63.18,63.34,62.68,62.83,3401508
2022-01-24,62.83,62.97,62.29,62.42,3125000
2022-01-25,62.42,63.39,62.03,62.99,7315569
2022-01-26,62.99,64.11,62.56,63.68,7800377
2022-01-27,63.68,63.96,63.43,63.71,4999176
2022-01-30,63.71,64.61,63.32,64.22,7035425
2022-01-31,64.22,64.30,63.50,63.57,2180727
2022-02-01,63.57,64.96,63.09,64.47,8632613
2022-02-02,64.47,64.51,63.64,63.68,1625651
2022-02-03,63.68,64.23,63.37,63.92,5875891
2022-02-06,63.92,63.94,63.05,63.08,1358641
2022-02-07,63.08,63.17,62.41,62.49,2419581
2022-02-08,62.49,63.14,62.17,62.81,6219204
2022-02-09,62.81,62.90,62.16,62.25,2510596
2022-02-10,62.25,62.48,61.99,62.22,4750548
2022-02-13,62.22,62.95,61.87,62.61,6543998
2022-02-14,62.61,63.61,62.21,63.20,7421810
2022-02-15,63.20,63.39,62.80,62.98,3951886
2022-02-16,62.98,63.06,62.27,62.35,2183607
2022-02-17,62.35,62.50,61.86,62.01,3425617
2022-02-20,62.01,62.15,61.51,61.65,3356927
2022-02-21,61.65,61.87,61.35,61.56,4471364
2022-02-22,61.56,61.61,60.81,60.86,1855349
2022-02-23,60.86,61.51,60.54,61.18,6299005
2022-02-24,61.18,62.55,60.71,62.07,8740603
2022-02-27,62.07,62.66,61.76,62.34,6044341
2022-02-28,62.34,63.55,61.90,63.10,8111454
2022-03-01,63.10,63.18,62.41,62.49,2324657
2022-03-02,62.49,62.64,61.98,62.13,3325925
2022-03-03,62.13,62.32,61.76,61.95,4127606
2022-03-06,61.95,62.17,61.66,61.88,4556858
2022-03-07,61.88,62.16,61.63,61.91,5033436
2022-03-08,61.91,62.39,61.62,62.10,5680795
2022-03-09,62.10,62.21,61.50,61.61,2770541
2022-03-10,61.61,62.32,61.27,61.98,6500205
2022-03-13,61.98,63.18,61.54,62.73,8104355
2022-03-14,62.73,64.00,62.27,63.54,8299039
2022-03-15,63.54,63.67,62.97,63.10,3059567
2022-03-16,63.10,63.90,62.74,63.54,6731618
2022-03-17,63.54,64.88,63.07,64.40,8475685
2022-03-20,64.40,65.00,64.07,64.68,6044855
2022-03-21,64.68,64.93,64.43,64.68,4895919
2022-03-22,64.68,65.47,64.32,65.11,6633813
2022-03-23,65.11,65.22,64.48,64.60,2789403
2022-03-24,64.60,65.17,64.28,64.85,5930589
2022-03-27,64.85,65.48,64.52,65.15,6106755
2022-03-28,65.15,65.39,64.85,65.09,4626543
2022-03-29,65.09,65.43,64.82,65.16,5168964
2022-03-30,65.16,65.24,64.43,64.51,2227846
2022-03-31,64.51,65.38,64.13,65.00,6889609
2022-04-03,65.00,65.58,64.68,65.26,5944375
2022-04-04,65.26,65.96,64.91,65.61,6330418
2022-04-05,65.61,65.88,65.35,65.62,4911934
2022-04-06,65.62,65.79,65.13,65.30,3590157
2022-04-07,65.30,65.83,64.99,65.51,5747805
2022-04-10,65.51,65.58,64.75,64.81,2026851
2022-04-11,64.81,64.84,63.95,63.98,1439643
2022-04-12,63.98,64.16,63.54,63.72,3813340
2022-04-13,63.72,63.76,62.89,62.93,1567695
2022-04-14,62.93,63.04,62.33,62.45,2826165
2022-04-17,62.45,62.62,62.03,62.21,3860356
2022-04-18,62.21,63.04,61.84,62.67,6867798
2022-04-19,62.67,62.80,62.12,62.25,3083058
2022-04-20,62.25,62.26,61.38,61.39,1222187
2022-04-21,61.39,61.74,61.13,61.48,5260493
2022-04-24,61.48,61.91,61.20,61.63,5543655
2022-04-25,61.63,62.57,61.25,62.18,7232167
2022-04-26,62.18,63.37,61.74,62.92,8079115
2022-04-27,62.92,63.37,62.64,63.08,5541289
2022-04-28,63.08,63.09,62.20,62.22,1223628
2022-05-01,62.22,62.32,61.59,61.70,2656995
2022-05-02,61.70,62.39,61.36,62.05,6409293
2022-05-03,62.05,62.15,61.41,61.50,2529903
2022-05-04,61.50,62.76,61.05,62.30,8327469
2022-05-05,62.30,62.45,61.82,61.97,3481001
2022-05-08,61.97,62.69,61.63,62.34,6484327
2022-05-09,62.34,62.56,62.02,62.24,4423868
2022-05-10,62.24,63.43,61.80,62.99,8089746
2022-05-11,62.99,64.30,62.52,63.82,8420233
2022-05-12,63.82,63.91,63.12,63.20,2279526
2022-05-15,63.20,64.26,62.79,63.84,7568861
2022-05-16,63.84,64.01,63.38,63.55,3670953
2022-05-17,63.55,63.90,63.28,63.63,5227777
2022-05-18,63.63,63.99,63.36,63.72,5251680
2022-05-19,63.72,63.88,63.24,63.41,3569821
2022-05-22,63.41,64.78,62.93,64.29,8601954
2022-05-23,64.29,64.52,63.97,64.19,4471536
2022-05-24,64.19,64.35,63.69,63.85,3450171
2022-05-25,63.85,64.97,63.42,64.53,7735390
2022-05-26,64.53,65.92,64.05,65.42,8561762
2022-05-29,65.42,66.23,65.05,65.86,6645336
2022-05-30,65.86,66.45,65.53,66.12,5961419
2022-05-31,66.12,66.38,65.86,66.12,4855692
2022-06-01,66.12,67.52,65.62,67.01,8488648
2022-06-02,67.01,67.83,66.64,67.45,6613374
2022-06-05,67.45,67.70,67.15,67.40,4686659
2022-06-06,67.40,67.62,67.03,67.26,4313443
2022-06-07,67.26,67.56,66.99,67.29,5024588
2022-06-08,67.29,67.45,66.76,66.92,3387997
2022-06-09,66.92,67.36,66.62,67.06,5453052
2022-06-12,67.06,67.30,66.74,66.97,4528395
2022-06-13,66.97,67.19,66.60,66.82,4293038
2022-06-14,66.82,67.84,66.41,67.42,7240809
2022-06-15,67.42,68.83,66.91,68.32,8458127
2022-06-16,68.32,68.44,67.65,67.77,2735116
2022-06-19,67.77,68.08,67.50,67.80,5010048
2022-06-20,67.80,68.02,67.41,67.62,4147119
2022-06-21,67.62,67.69,66.83,66.90,2047565
2022-06-22,66.90,66.97,66.13,66.20,2094101
2022-06-23,66.20,66.33,65.59,65.72,2928703
2022-06-26,65.72,66.19,65.42,65.88,5563717
2022-06-27,65.88,65.94,65.08,65.13,1826303
2022-06-28,65.13,66.40,64.67,65.93,8136213
2022-06-29,65.93,67.36,65.42,66.85,8616906
2022-06-30,66.85,67.96,66.41,67.52,7539986
2022-07-03,67.52,68.49,67.10,68.08,7102983
2022-07-04,68.08,68.88,67.70,68.50,6540466
2022-07-05,68.50,69.32,68.12,68.94,6568484
2022-07-06,68.94,69.09,68.34,68.49,3162345
2022-07-07,68.49,68.61,67.81,67.92,2667729
2022-07-10,67.92,68.01,67.17,67.25,2245130
2022-07-11,67.25,68.40,66.81,67.95,7647633
2022-07-12,67.95,69.34,67.45,68.83,8332030
2022-07-13,68.83,69.43,68.49,69.10,5903257
2022-07-14,69.10,70.36,68.62,69.88,7892181
2022-07-17,69.88,70.01,69.22,69.35,2866700
2022-07-18,69.35,69.62,69.08,69.35,4876200
2022-07-19,69.35,70.39,68.92,69.96,7229320
2022-07-20,69.96,70.47,69.64,70.15,5605075
2022-07-21,70.15,70.25,69.42,69.52,2497290
2022-07-24,69.52,71.16,68.97,70.59,8992386
2022-07-25,70.59,70.80,70.13,70.33,3880486
2022-07-26,70.33,70.41,69.52,69.60,2099862
2022-07-27,69.60,71.07,69.07,70.54,8514711
2022-07-28,70.54,70.55,69.52,69.53,1026268
2022-07-31,69.53,70.50,69.11,70.08,7017249
2022-08-01,70.08,70.09,69.09,69.10,1129629
2022-08-02,69.10,70.52,68.59,70.00,8375754
2022-08-03,70.00,70.25,69.67,69.92,4582784
2022-08-04,69.92,70.63,69.56,70.26,6170473
2022-08-07,70.26,70.66,69.96,70.36,5262277
2022-08-08,70.36,71.06,70.00,70.69,6129801
2022-08-09,70.69,70.83,70.05,70.19,2970576
2022-08-10,70.19,70.33,69.56,69.70,3019170
2022-08-11,69.70,70.67,69.28,70.25,6991632
2022-08-14,70.25,70.38,69.59,69.72,2863271
2022-08-15,69.72,70.02,69.44,69.74,4979766
2022-08-16,69.74,69.85,69.02,69.12,2501611
2022-08-17,69.12,69.13,68.15,68.16,1181893
2022-08-18,68.16,68.95,67.79,68.57,6477400
2022-08-21,68.57,68.78,68.14,68.34,3993072
2022-08-22,68.34,68.36,67.40,67.42,1259773
2022-08-23,67.42,67.54,66.78,66.90,2845404
2022-08-24,66.90,67.77,66.51,67.38,6799348
2022-08-25,67.38,68.14,67.02,67.77,6430246
2022-08-28,67.77,68.21,67.48,67.91,5417112
2022-08-29,67.91,68.62,67.55,68.26,6253772
2022-08-30,68.26,68.47,67.84,68.04,4026646
2022-08-31,68.04,68.08,67.15,67.19,1525857
2022-09-01,67.19,67.71,66.87,67.39,5689677
2022-09-04,67.39,67.81,67.10,67.52,5382304
2022-09-05,67.52,67.62,66.82,66.92,2504972
2022-09-06,66.92,68.31,66.42,67.81,8440397
2022-09-07,67.81,68.38,67.48,68.05,5830555
2022-09-08,68.05,68.23,67.57,67.75,3687791
2022-09-11,67.75,67.80,66.92,66.97,1839266
2022-09-12,66.97,68.46,66.46,67.94,8704732
2022-09-13,67.94,69.34,67.43,68.83,8407647
2022-09-14,68.83,69.21,68.54,68.92,5219615
2022-09-15,68.92,68.95,67.98,68.01,1338168
2022-09-18,68.01,68.21,67.58,67.78,3997873
2022-09-19,67.78,68.38,67.45,68.04,5914780
2022-09-20,68.04,68.18,67.44,67.58,3064197
2022-09-21,67.58,67.63,66.75,66.80,1791803
2022-09-22,66.80,67.82,66.38,67.39,7258093
2022-09-25,67.39,67.41,66.45,66.47,1216152
2022-09-26,66.47,66.80,66.19,66.53,5122770
2022-09-27,66.53,66.77,66.22,66.45,4582887
2022-09-28,66.45,67.43,66.05,67.01,7127366
2022-09-29,67.01,67.04,66.10,66.12,1324108
2022-10-02,66.12,66.14,65.20,65.21,1222496
2022-10-03,65.21,66.48,64.75,66.01,8131172
2022-10-04,66.01,66.06,65.18,65.23,1729149
2022-10-05,65.23,66.61,64.74,66.12,8510253
2022-10-06,66.12,67.22,65.68,66.78,7560905
2022-10-09,66.78,66.83,65.93,65.98,1671227
2022-10-10,65.98,66.52,65.66,66.20,5779492
2022-10-11,66.20,67.68,65.69,67.16,8749897
2022-10-12,67.16,67.40,66.83,67.06,4483676
2022-10-13,67.06,67.29,66.71,66.93,4363545
2022-10-16,66.93,67.88,66.53,67.47,7031481
2022-10-17,67.47,67.93,67.17,67.63,5499828
2022-10-18,67.63,68.77,67.18,68.32,7595747
2022-10-19,68.32,68.86,67.99,68.54,5738991
2022-10-20,68.54,69.84,68.05,69.35,8053017
2022-10-23,69.35,69.48,68.69,68.81,2809430
2022-10-24,68.81,70.17,68.32,69.67,8205761
2022-10-25,69.67,70.81,69.22,70.35,7476577
2022-10-26,70.35,70.37,69.39,69.42,1337928
2022-10-27,69.42,69.47,68.55,68.61,1765123
2022-10-30,68.61,69.60,68.19,69.18,7103840
2022-10-31,69.18,69.99,68.80,69.60,6514574
2022-11-01,69.60,70.16,69.27,69.83,5750411
2022-11-02,69.83,69.92,69.06,69.15,2268141
2022-11-03,69.15,69.67,68.82,69.35,5672702
2022-11-06,69.35,70.49,68.90,70.03,7494958
2022-11-07,70.03,70.26,69.65,69.88,4302812
2022-11-08,69.88,69.96,69.08,69.16,2145644
2022-11-09,69.16,69.25,68.41,68.50,2332098
2022-11-10,68.50,69.97,67.99,69.44,8541186
2022-11-13,69.44,70.50,69.01,70.06,7266735
2022-11-14,70.06,70.11,69.16,69.20,1595164
2022-11-15,69.20,69.29,68.45,68.54,2316598
2022-11-16,68.54,69.94,68.03,69.43,8369307
2022-11-17,69.43,70.94,68.90,70.41,8617489
2022-11-20,70.41,70.71,70.13,70.43,4962379
2022-11-21,70.43,72.02,69.88,71.46,8786694
2022-11-22,71.46,71.58,70.76,70.88,2732407
2022-11-23,70.88,71.08,70.40,70.60,3811865
2022-11-24,70.60,70.80,70.13,70.33,3852229
2022-11-27,70.33,70.49,69.75,69.90,3273251
2022-11-28,69.90,69.99,69.12,69.20,2198388
2022-11-29,69.20,69.48,68.93,69.21,4899245
2022-11-30,69.21,69.70,68.89,69.39,5573353
2022-12-01,69.39,69.56,68.85,69.02,3455281
2022-12-04,69.02,70.07,68.58,69.63,7261076
2022-12-05,69.63,69.93,69.36,69.65,4966049
2022-12-06,69.65,69.79,69.01,69.14,2915877
2022-12-07,69.14,69.87,68.78,69.50,6271056
2022-12-08,69.50,69.76,69.21,69.48,4784670
2022-12-11,69.48,69.68,69.02,69.22,3913511
2022-12-12,69.22,69.62,68.93,69.32,5262517
2022-12-13,69.32,70.75,68.81,70.23,8362551
2022-12-14,70.23,70.28,69.36,69.41,1781515
2022-12-15,69.41,70.57,68.96,70.11,7568792
2022-12-18,70.11,70.26,69.49,69.63,3033024
2022-12-19,69.63,70.89,69.15,70.40,7853223
2022-12-20,70.40,71.90,69.87,71.37,8523216
2022-12-21,71.37,72.75,70.86,72.24,8129423
2022-12-22,72.24,72.27,71.28,71.31,1461968
2022-12-25,71.31,71.49,70.76,70.93,3459122
2022-12-26,70.93,71.07,70.29,70.43,2985082
2022-12-27,70.43,70.49,69.58,69.65,1941083
2022-12-28,69.65,69.84,69.16,69.34,3709842
2022-12-29,69.34,70.29,68.93,69.88,6933333
2023-01-01,69.88,70.13,69.56,69.81,4623902
2023-01-02,69.81,70.06,69.49,69.74,4608710
2023-01-03,69.74,70.82,69.30,70.37,7307510
2023-01-04,70.37,70.65,70.09,70.37,4843758
2023-01-05,70.37,70.40,69.44,69.47,1489060
2023-01-08,69.47,70.59,69.02,70.14,7440946
2023-01-09,70.14,70.76,69.79,70.41,5933984
2023-01-10,70.41,70.96,70.08,70.63,5684224
2023-01-11,70.63,70.74,69.92,70.04,2666975
2023-01-12,70.04,70.20,69.45,69.61,3227914
2023-01-15,69.61,69.85,69.27,69.51,4527537
2023-01-16,69.51,69.75,69.14,69.37,4318930
2023-01-17,69.37,70.69,68.88,70.20,8058882
2023-01-18,70.20,70.22,69.24,69.27,1352331
2023-01-19,69.27,70.48,68.80,70.01,7730144
2023-01-22,70.01,71.24,69.53,70.76,7760219
2023-01-23,70.76,71.92,70.30,71.46,7491941
2023-01-24,71.46,72.88,70.94,72.36,8233950
2023-01-25,72.36,72.91,72.02,72.57,5665260
2023-01-26,72.57,72.66,71.77,71.86,2279698
2023-01-29,71.86,71.87,70.85,70.86,1163683
2023-01-30,70.86,71.21,70.57,70.92,5107338
2023-01-31,70.92,71.25,70.63,70.96,5048936
2023-02-01,70.96,71.57,70.62,71.22,5852674
2023-02-02,71.22,71.25,70.27,70.30,1419787
2023-02-05,70.30,70.45,69.69,69.84,3132990
2023-02-06,69.84,69.88,68.94,68.99,1634259
2023-02-07,68.99,69.60,68.65,69.26,5935939
2023-02-08,69.26,70.52,68.79,70.04,7865192
2023-02-09,70.04,71.30,69.56,70.82,7841769
2023-02-12,70.82,71.46,70.46,71.11,5989128
2023-02-13,71.11,71.96,70.71,71.56,6578875
2023-02-14,71.56,71.76,71.07,71.28,3808539
2023-02-15,71.28,71.56,71.00,71.28,4912688
2023-02-16,71.28,71.40,70.56,70.68,2607373
2023-02-19,70.68,72.30,70.12,71.73,8867901
2023-02-20,71.73,72.41,71.37,72.05,6039951
2023-02-21,72.05,73.15,71.59,72.69,7284019
2023-02-22,72.69,72.79,71.91,72.01,2353189
2023-02-23,72.01,72.27,71.69,71.96,4704252
2023-02-26,71.96,73.29,71.46,72.78,7942146
2023-02-27,72.78,72.97,72.25,72.43,3597736
2023-02-28,72.43,72.67,72.03,72.26,4238923
2023-03-01,72.26,73.59,71.76,73.08,7915089
2023-03-02,73.08,74.43,72.58,73.92,7934876
2023-03-05,73.92,75.30,73.40,74.78,7977297
2023-03-06,74.78,74.89,74.01,74.12,2536179
2023-03-07,74.12,74.25,73.39,73.52,2697942
2023-03-08,73.52,73.68,72.90,73.07,3252709
2023-03-09,73.07,73.22,72.43,72.59,3138751
2023-03-12,72.59,73.68,72.14,73.23,7220267
2023-03-13,73.23,73.26,72.24,72.27,1398491
2023-03-14,72.27,72.61,71.98,72.32,5056138
2023-03-15,72.32,73.97,71.75,73.39,8835185
2023-03-16,73.39,73.98,73.04,73.63,5747976
2023-03-19,73.63,73.82,73.09,73.28,3621673
2023-03-20,73.28,73.42,72.60,72.73,2876028
2023-03-21,72.73,72.92,72.20,72.39,3634499
2023-03-22,72.39,72.48,71.57,71.66,2168689
2023-03-23,71.66,73.23,71.11,72.68,8676131
2023-03-26,72.68,73.48,72.28,73.09,6391392
2023-03-27,73.09,73.31,72.63,72.86,4030521
2023-03-28,72.86,73.38,72.52,73.04,5568827
2023-03-29,73.04,73.07,72.05,72.08,1351989
2023-03-30,72.08,72.33,71.73,71.99,4540500
2023-04-02,71.99,72.27,71.71,71.99,4887448
2023-04-03,71.99,73.29,71.49,72.79,7849622
2023-04-04,72.79,73.82,72.35,73.38,7031961
2023-04-05,73.38,73.45,72.50,72.57,1965329
2023-04-06,72.57,72.97,72.27,72.67,5217626
2023-04-09,72.67,73.63,72.24,73.20,6838237
2023-04-10,73.20,74.62,72.68,74.09,8135802
2023-04-11,74.09,74.37,73.79,74.07,4789334
2023-04-12,74.07,75.21,73.60,74.74,7292661
2023-04-13,74.74,74.87,74.01,74.14,2732201
2023-04-16,74.14,74.20,73.24,73.31,1898079
2023-04-17,73.31,73.51,72.79,72.99,3728566
2023-04-18,72.99,73.35,72.69,73.05,5087860
2023-04-19,73.05,74.38,72.55,73.87,7877194
2023-04-20,73.87,75.07,73.39,74.59,7479286
2023-04-23,74.59,74.70,73.82,73.93,2536111
2023-04-24,73.93,74.01,73.07,73.15,2060013
2023-04-25,73.15,73.78,72.79,73.43,5878155
2023-04-26,73.43,74.25,73.03,73.85,6410288
2023-04-27,73.85,74.05,73.34,73.54,3779869
2023-04-30,73.54,73.63,72.73,72.82,2258504
2023-05-01,72.82,73.04,72.37,72.59,4043724
2023-05-02,72.59,74.08,72.06,73.54,8370096
2023-05-03,73.54,74.91,73.03,74.39,7953669
2023-05-04,74.39,75.35,73.96,74.92,6769753
2023-05-07,74.92,75.08,74.27,74.43,3164026
2023-05-08,74.43,74.53,73.62,73.71,2296982
2023-05-09,73.71,73.78,72.83,72.89,1921707
2023-05-10,72.89,74.09,72.42,73.61,7494993
2023-05-11,73.61,73.88,73.27,73.54,4621776
2023-05-14,73.54,75.21,72.96,74.63,8832921
2023-05-15,74.63,76.28,74.05,75.70,8696330
2023-05-16,75.70,75.79,74.86,74.95,2261385
2023-05-17,74.95,75.94,74.52,75.50,6836728
2023-05-18,75.50,75.59,74.63,74.72,2101371
2023-05-21,74.72,75.60,74.30,75.18,6549142
2023-05-22,75.18,76.33,74.71,75.86,7266460
2023-05-23,75.86,76.93,75.40,76.47,7043449
2023-05-24,76.47,76.76,76.16,76.45,4818381
2023-05-25,76.45,76.96,76.11,76.62,5455452
2023-05-28,76.62,76.76,75.90,76.04,2855898
2023-05-29,76.04,77.61,75.47,77.04,8402434
2023-05-30,77.04,77.33,76.71,77.00,4737037
2023-05-31,77.00,78.77,76.39,78.15,8872050
2023-06-01,78.15,78.44,77.80,78.08,4634636
2023-06-04,78.08,79.71,77.50,79.13,8444547
2023-06-05,79.13,79.40,78.72,78.99,4425240
2023-06-06,78.99,79.29,78.68,78.98,4848319
2023-06-07,78.98,79.21,78.47,78.69,3911316
2023-06-08,78.69,80.49,78.08,79.87,8848799
2023-06-11,79.87,80.14,79.45,79.71,4376817
2023-06-12,79.71,79.83,78.88,78.99,2470679
2023-06-13,78.99,79.03,77.95,77.99,1476063
2023-06-14,77.99,78.91,77.55,78.48,6553463
2023-06-15,78.48,79.75,77.97,79.23,7455967
2023-06-18,79.23,79.28,78.22,78.27,1640363
2023-06-19,78.27,79.26,77.82,78.81,6711591
2023-06-20,78.81,79.61,78.40,79.20,6200514
2023-06-21,79.20,79.49,78.85,79.14,4675034
2023-06-22,79.14,80.69,78.57,80.12,8184533
2023-06-25,80.12,80.20,79.18,79.26,2037654
2023-06-26,79.26,79.96,78.88,79.57,5913408
2023-06-27,79.57,80.42,79.15,80.00,6305624
2023-06-28,80.00,80.85,79.57,80.42,6300720
2023-06-29,80.42,82.20,79.81,81.57,8688820
2023-07-02,81.57,81.85,81.15,81.43,4408196
2023-07-03,81.43,82.30,80.99,81.87,6323045
2023-07-04,81.87,83.54,81.27,82.93,8334602
2023-07-05,82.93,83.62,82.53,83.22,5825582
2023-07-06,83.22,83.77,82.85,83.40,5437962
2023-07-09,83.40,85.04,82.80,84.43,8184087
2023-07-10,84.43,85.17,84.02,84.75,5891117
2023-07-11,84.75,85.93,84.24,85.42,6978806
2023-07-12,85.42,85.64,84.78,85.00,3570610
2023-07-13,85.00,86.57,84.41,85.97,7938134
2023-07-16,85.97,86.88,85.52,86.42,6278909
2023-07-17,86.42,87.15,86.01,86.73,5827503
2023-07-18,86.73,88.07,86.18,87.52,7299965
2023-07-19,87.52,88.61,87.02,88.11,6671604
2023-07-20,88.11,88.22,87.14,87.25,2288100
2023-07-23,87.25,88.60,86.70,88.04,7309945
2023-07-24,88.04,88.26,87.37,87.59,3490226
2023-07-25,87.59,87.87,87.10,87.39,4285733
2023-07-26,87.39,87.59,86.67,86.87,3301406
2023-07-27,86.87,88.53,86.26,87.91,8068106
2023-07-30,87.91,89.21,87.37,88.66,7153737
2023-07-31,88.66,89.74,88.16,89.24,6607681
2023-08-01,89.24,90.80,88.63,90.19,7738580
2023-08-02,90.19,91.12,89.72,90.65,6225445
2023-08-03,90.65,90.97,90.22,90.54,4562105
2023-08-06,90.54,91.30,90.10,90.86,5834979
2023-08-07,90.86,91.21,90.50,90.85,4834190
2023-08-08,90.85,92.77,90.17,92.08,8498010
2023-08-09,92.08,92.79,91.65,92.36,5690637
2023-08-10,92.36,93.35,91.87,92.86,6313305
2023-08-13,92.86,93.60,92.42,93.16,5748731
2023-08-14,93.16,93.31,92.23,92.38,2638888
2023-08-15,92.38,93.23,91.92,92.76,5996124
2023-08-16,92.76,94.35,92.15,93.73,7647599
2023-08-17,93.73,95.49,93.07,94.83,8013065
2023-08-20,94.83,96.25,94.24,95.66,7215980
2023-08-21,95.66,95.71,94.41,94.46,1527949
2023-08-22,94.46,94.47,93.12,93.13,1146502
2023-08-23,93.13,93.68,92.73,93.28,5306207
2023-08-24,93.28,94.46,92.75,93.93,6723113
2023-08-27,93.93,93.96,92.66,92.69,1372530
2023-08-28,92.69,92.93,92.01,92.25,3600137
2023-08-29,92.25,92.39,91.30,91.45,2566426
2023-08-30,91.45,91.72,90.88,91.15,4024485
2023-08-31,91.15,91.75,90.75,91.34,5431104
2023-09-03,91.34,93.23,90.67,92.54,8391220
2023-09-04,92.54,92.86,92.07,92.39,4435699
2023-09-05,92.39,93.30,91.92,92.82,6132441
2023-09-06,92.82,93.06,92.12,92.35,3530829
2023-09-07,92.35,93.18,91.90,92.72,5939506
2023-09-10,92.72,92.72,91.38,91.38,1037482
2023-09-11,91.38,92.80,90.81,92.22,7318587
2023-09-12,92.22,92.49,91.61,91.87,3869238
2023-09-13,91.87,91.92,90.66,90.70,1479561
2023-09-14,90.70,92.01,90.15,91.45,7087825
2023-09-17,91.45,91.50,90.26,90.31,1558230
2023-09-18,90.31,90.47,89.44,89.60,2792009
2023-09-19,89.60,90.50,89.14,90.04,6171879
2023-09-20,90.04,90.16,89.06,89.18,2339814
2023-09-21,89.18,90.99,88.53,90.33,8308161
2023-09-24,90.33,91.98,89.70,91.35,7904080
2023-09-25,91.35,91.40,90.16,90.21,1547325
2023-09-26,90.21,90.77,89.82,90.37,5361351
2023-09-27,90.37,91.90,89.77,91.30,7617764
2023-09-28,91.30,91.44,90.35,90.49,2514094
2023-10-01,90.49,91.02,90.10,90.63,5284910
2023-10-02,90.63,92.61,89.93,91.91,8646262
2023-10-03,91.91,93.89,91.21,93.18,8573456
2023-10-04,93.18,93.41,92.44,92.67,3412174
2023-10-05,92.67,93.67,92.17,93.17,6322908
2023-10-08,93.17,94.50,92.60,93.93,7058744
2023-10-09,93.93,94.13,93.10,93.30,3076474
2023-10-10,93.30,93.57,92.70,92.98,3981035
2023-10-11,92.98,93.01,91.71,91.73,1303292
2023-10-12,91.73,93.29,91.13,92.67,7611145
2023-10-15,92.67,93.07,92.31,92.70,4953978
2023-10-16,92.70,92.85,91.77,91.92,2640432
2023-10-17,91.92,92.23,91.43,91.74,4349519
2023-10-18,91.74,92.07,91.30,91.63,4575068
2023-10-19,91.63,92.65,91.14,92.16,6403497
2023-10-22,92.16,92.49,91.73,92.07,4624931
2023-10-23,92.07,92.99,91.59,92.52,6177640
2023-10-24,92.52,94.22,91.88,93.57,7925823
2023-10-25,93.57,93.83,92.93,93.18,3770713
2023-10-26,93.18,93.64,92.80,93.26,5095027
2023-10-29,93.26,93.40,92.30,92.44,2540740
2023-10-30,92.44,92.90,92.06,92.52,5120198
2023-10-31,92.52,92.86,92.11,92.45,4660562
2023-11-01,92.45,92.50,91.25,91.30,1581584
2023-11-02,91.30,91.58,90.73,91.01,4006721
2023-11-05,91.01,92.80,90.35,92.14,8207578
2023-11-06,92.14,94.04,91.46,93.35,8381687
2023-11-07,93.35,93.61,92.70,92.96,3763614
2023-11-08,92.96,93.15,92.14,92.33,3069410
2023-11-09,92.33,92.45,91.31,91.43,2274382
2023-11-12,91.43,93.02,90.81,92.40,7724211
2023-11-13,92.40,94.39,91.70,93.68,8579389
2023-11-14,93.68,93.83,92.73,92.88,2593004
2023-11-15,92.88,93.09,92.10,92.30,3221844
2023-11-16,92.30,92.59,91.74,92.02,4070850
2023-11-19,92.02,92.36,91.61,91.95,4670884
2023-11-20,91.95,92.00,90.76,90.82,1589849
2023-11-21,90.82,92.90,90.10,92.18,8877126
2023-11-22,92.18,92.44,91.56,91.82,3841358
2023-11-23,91.82,92.74,91.34,92.26,6161556
2023-11-26,92.26,92.38,91.26,91.38,2331550
2023-11-27,91.38,91.60,90.66,90.88,3437757
2023-11-28,90.88,91.18,90.38,90.68,4270301
2023-11-29,90.68,90.93,90.05,90.30,3767455
2023-11-30,90.30,91.47,89.77,90.95,6793415
2023-12-03,90.95,92.33,90.38,91.75,7249417
2023-12-04,91.75,93.70,91.06,93.01,8518175
2023-12-05,93.01,93.03,91.71,91.74,1241666
2023-12-06,91.74,91.87,90.76,90.89,2432235
2023-12-07,90.89,91.16,90.30,90.57,3917043
2023-12-10,90.57,91.45,90.10,90.99,6115843
2023-12-11,90.99,91.00,89.70,89.71,1152091
2023-12-12,89.71,89.74,88.48,88.51,1297393
2023-12-13,88.51,90.49,87.82,89.79,8749279
2023-12-14,89.79,90.94,89.28,90.42,6742318
2023-12-17,90.42,90.69,89.85,90.12,3992558
2023-12-18,90.12,90.43,89.67,89.98,4475308
2023-12-19,89.98,91.04,89.48,90.54,6536248
2023-12-20,90.54,91.95,89.97,91.37,7335871
2023-12-21,91.37,91.71,90.96,91.29,4627263
2023-12-24,91.29,91.55,90.68,90.94,3867215
2023-12-25,90.94,92.07,90.43,91.55,6660665
2023-12-26,91.55,91.87,91.11,91.43,4538477
2023-12-27,91.43,91.53,90.37,90.47,2068552
2023-12-28,90.47,91.00,90.08,90.61,5300274
2023-12-31,90.61,92.11,90.02,91.51,7542283
2024-01-01,91.51,91.83,91.06,91.38,4473593
2024-01-02,91.38,92.47,90.86,91.96,6588031
2024-01-03,91.96,94.12,91.23,93.37,8972016
2024-01-04,93.37,94.42,92.87,93.91,6415672
2024-01-07,93.91,94.71,93.45,94.25,5857270
2024-01-08,94.25,94.55,93.70,94.00,4161008
2024-01-09,94.00,94.21,93.21,93.42,3228120
2024-01-10,93.42,94.48,92.91,93.96,6441323
2024-01-11,93.96,94.29,93.49,93.81,4442592
2024-01-14,93.81,94.78,93.32,94.29,6244272
2024-01-15,94.29,94.54,93.61,93.86,3673525
2024-01-16,93.86,94.35,93.47,93.96,5150102
2024-01-17,93.96,94.13,93.06,93.22,2797462
2024-01-18,93.22,95.37,92.49,94.63,8887208
2024-01-21,94.63,94.68,93.41,93.47,1616872
2024-01-22,93.47,93.77,92.94,93.24,4221021
2024-01-23,93.24,93.28,91.99,92.03,1415706
2024-01-24,92.03,92.51,91.64,92.13,5176234
2024-01-25,92.13,92.91,91.68,92.46,5848285
2024-01-28,92.46,94.46,91.76,93.75,8592352
2024-01-29,93.75,93.95,92.94,93.15,3161522
2024-01-30,93.15,93.33,92.31,92.49,3012585
2024-01-31,92.49,92.56,91.34,91.41,1750480
2024-02-01,91.41,92.65,90.87,92.10,6906069
2024-02-04,92.10,93.41,91.54,92.85,7047256
2024-02-05,92.85,94.69,92.18,94.01,8223422
2024-02-06,94.01,94.27,93.36,93.61,3743209
2024-02-07,93.61,94.16,93.21,93.76,5285631
2024-02-08,93.76,95.22,93.16,94.62,7344513
2024-02-11,94.62,95.05,94.24,94.67,5006275
2024-02-12,94.67,94.67,93.31,93.31,1061042
2024-02-13,93.31,93.45,92.33,92.46,2447085
2024-02-14,92.46,93.33,92.00,92.86,6028600
2024-02-15,92.86,93.58,92.42,93.15,5706824
2024-02-18,93.15,93.51,92.78,93.14,4864471
2024-02-19,93.14,93.25,92.08,92.19,2143518
2024-02-20,92.19,93.28,91.67,92.76,6556310
2024-02-21,92.76,92.85,91.65,91.74,1930006
2024-02-22,91.74,92.08,91.33,91.67,4684362
2024-02-25,91.67,92.93,91.13,92.38,6942832
2024-02-26,92.38,92.78,92.01,92.41,4977023
2024-02-27,92.41,94.59,91.68,93.84,8984465
2024-02-28,93.84,93.95,92.78,92.89,2199725
2024-02-29,92.89,92.92,91.63,91.66,1338854
2024-03-03,91.66,91.79,90.67,90.80,2377160
2024-03-04,90.80,91.04,90.14,90.38,3660322
2024-03-05,90.38,90.51,89.41,89.53,2348834
2024-03-06,89.53,89.81,89.01,89.30,4195781
2024-03-07,89.30,90.40,88.79,89.89,6657956
2024-03-10,89.89,90.10,89.16,89.37,3340294
2024-03-11,89.37,89.44,88.26,88.33,1773662
2024-03-12,88.33,89.37,87.84,88.88,6525960
2024-03-13,88.88,90.40,88.29,89.80,7646570
2024-03-14,89.80,90.82,89.31,90.33,6444135
2024-03-17,90.33,91.42,89.82,90.91,6597668
2024-03-18,90.91,91.05,89.99,90.13,2600994
2024-03-19,90.13,90.76,89.72,90.35,5540534
2024-03-20,90.35,90.46,89.34,89.45,2206412
2024-03-21,89.45,90.93,88.86,90.34,7536899
2024-03-24,90.34,90.47,89.37,89.50,2396193
2024-03-25,89.50,89.83,89.10,89.43,4685528
2024-03-26,89.43,89.50,88.33,88.40,1787620
2024-03-27,88.40,90.20,87.75,89.54,8344444
2024-03-28,89.54,89.58,88.33,88.36,1368347
2024-03-31,88.36,88.69,87.97,88.30,4686488
2024-04-01,88.30,88.45,87.43,87.58,2718621
2024-04-02,87.58,87.81,86.93,87.16,3588203
2024-04-03,87.16,87.38,86.51,86.73,3566838
2024-04-04,86.73,87.07,86.39,86.72,4852057
2024-04-07,86.72,87.80,86.23,87.31,6678429
2024-04-08,87.31,87.37,86.22,86.29,1762002
2024-04-09,86.29,86.38,85.29,85.38,2078086
2024-04-10,85.38,86.16,84.96,85.73,5972359
2024-04-11,85.73,85.87,84.86,85.00,2605315
2024-04-14,85.00,85.67,84.60,85.27,5730041
2024-04-15,85.27,85.59,84.92,85.24,4803326
2024-04-16,85.24,85.28,84.11,84.14,1430109
2024-04-17,84.14,84.32,83.41,83.59,3141255
2024-04-18,83.59,84.57,83.13,84.10,6504663
2024-04-21,84.10,84.15,83.01,83.06,1569718
2024-04-22,83.06,83.68,82.67,83.30,5645061
2024-04-23,83.30,84.23,82.85,83.77,6409705
2024-04-24,83.77,84.69,83.33,84.24,6357475
2024-04-25,84.24,86.05,83.60,85.41,8574794
2024-04-28,85.41,86.95,84.82,86.36,7851783
2024-04-29,86.36,86.54,85.61,85.79,3126714
2024-04-30,85.79,87.10,85.25,86.56,7263786
2024-05-01,86.56,87.42,86.11,86.97,6164231
2024-05-02,86.97,87.17,86.24,86.43,3210768
2024-05-05,86.43,86.83,86.08,86.48,5045370
2024-05-06,86.48,86.80,86.10,86.42,4680384
2024-05-07,86.42,86.50,85.39,85.47,1942969
2024-05-08,85.47,85.95,85.10,85.59,5252880
2024-05-09,85.59,86.67,85.09,86.18,6733573
2024-05-12,86.18,86.32,85.32,85.46,2656652
2024-05-13,85.46,85.65,84.74,84.93,3219650
2024-05-14,84.93,86.39,84.36,85.81,7657133
2024-05-15,85.81,87.71,85.15,87.04,8685150
2024-05-16,87.04,87.15,86.08,86.19,2279012
2024-05-19,86.19,86.34,85.36,85.51,2784396
2024-05-20,85.51,86.86,84.97,86.31,7361796
2024-05-21,86.31,87.01,85.90,86.59,5764300
2024-05-22,86.59,86.81,85.92,86.13,3448696
2024-05-23,86.13,86.22,85.12,85.21,2019924
2024-05-26,85.21,85.21,83.97,83.97,1008847
2024-05-27,83.97,84.34,83.63,84.00,4983367
2024-05-28,84.00,84.25,83.47,83.72,3992866
2024-05-29,83.72,85.03,83.19,84.50,7345987
2024-05-30,84.50,84.64,83.67,83.81,2721742
2024-06-02,83.81,85.63,83.17,84.99,8613957
2024-06-03,84.99,85.25,84.48,84.74,4109053
2024-06-04,84.74,86.33,84.15,85.73,7997153
2024-06-05,85.73,85.92,85.01,85.20,3216529
2024-06-06,85.20,85.34,84.34,84.48,2631378
2024-06-09,84.48,86.12,83.87,85.51,8142935
2024-06-10,85.51,86.76,84.99,86.23,7133916
2024-06-11,86.23,87.13,85.78,86.68,6246296
2024-06-12,86.68,87.68,86.20,87.20,6492421
2024-06-13,87.20,88.71,86.62,88.12,7699451
2024-06-16,88.12,88.24,87.15,87.27,2287139
2024-06-17,87.27,88.23,86.80,87.76,6378943
2024-06-18,87.76,89.51,87.12,88.86,8246467
2024-06-19,88.86,88.96,87.84,87.93,2087242
2024-06-20,87.93,88.12,87.17,87.36,3135836
2024-06-23,87.36,87.63,86.83,87.11,4108299
2024-06-24,87.11,89.15,86.41,88.44,8979938
2024-06-25,88.44,90.15,87.82,89.51,8096433
2024-06-26,89.51,90.60,89.01,90.09,6618278
2024-06-27,90.09,90.21,89.11,89.22,2298559
2024-06-30,89.22,91.15,88.54,90.47,8594067
2024-07-01,90.47,90.66,89.68,89.86,3109739
2024-07-02,89.86,89.90,88.65,88.68,1376440
2024-07-03,88.68,90.33,88.07,89.71,7962071
2024-07-04,89.71,90.07,89.36,89.72,4916015
2024-07-07,89.72,89.77,88.55,88.60,1546913
2024-07-08,88.60,88.65,87.44,87.49,1533779
2024-07-09,87.49,88.87,86.93,88.30,7370438
2024-07-10,88.30,89.18,87.85,88.72,6143312
2024-07-11,88.72,90.66,88.05,89.98,8642524
2024-07-14,89.98,90.72,89.54,90.29,5806344
2024-07-15,90.29,90.42,89.35,89.48,2498971
2024-07-16,89.48,91.43,88.80,90.74,8621639
2024-07-17,90.74,90.97,90.06,90.29,3557064
2024-07-18,90.29,90.37,89.21,89.29,1947222
2024-07-21,89.29,89.63,88.93,89.27,4804458
2024-07-22,89.27,89.53,88.70,88.96,3955932
2024-07-23,88.96,90.55,88.35,89.94,7821399
2024-07-24,89.94,91.86,89.26,91.17,8524314
2024-07-25,91.17,91.29,90.18,90.30,2336282
2024-07-28,90.30,91.76,89.72,91.17,7454835
2024-07-29,91.17,92.50,90.61,91.94,7114540
2024-07-30,91.94,92.03,90.86,90.95,2031447
2024-07-31,90.95,91.24,90.43,90.72,4180864
2024-08-01,90.72,90.98,90.12,90.38,3908470
2024-08-04,90.38,91.38,89.90,90.89,6374759
2024-08-05,90.89,90.92,89.65,89.68,1332818
2024-08-06,89.68,89.79,88.68,88.79,2239437
2024-08-07,88.79,88.95,87.92,88.07,2699554
2024-08-08,88.07,88.18,87.09,87.20,2244032
2024-08-11,87.20,87.77,86.81,87.38,5440775
2024-08-12,87.38,87.50,86.43,86.55,2339163
2024-08-13,86.55,86.66,85.59,85.69,2247839
2024-08-14,85.69,87.65,85.02,86.97,8845816
2024-08-15,86.97,88.86,86.31,88.19,8626920
2024-08-18,88.19,88.52,87.80,88.12,4677572
2024-08-19,88.12,89.69,87.53,89.08,7787894
2024-08-20,89.08,91.14,88.38,90.43,8896159
2024-08-21,90.43,90.78,90.07,90.42,4866563
2024-08-22,90.42,91.08,90.01,90.67,5600342
2024-08-25,90.67,91.71,90.17,91.21,6480212
2024-08-26,91.21,92.12,90.74,91.64,6148148
2024-08-27,91.64,92.32,91.22,91.90,5616495
2024-08-28,91.90,92.24,91.50,91.84,4712414
2024-08-29,91.84,92.10,91.23,91.49,3855658
2024-09-01,91.49,91.69,90.70,90.90,3169684
2024-09-02,90.90,92.14,90.36,91.60,6926097
2024-09-03,91.60,91.63,90.35,90.38,1322427
2024-09-04,90.38,90.43,89.21,89.26,1593244
2024-09-05,89.26,91.13,88.60,90.46,8454595
2024-09-08,90.46,90.54,89.36,89.44,1881790
2024-09-09,89.44,89.73,88.93,89.22,4220507
2024-09-10,89.22,89.54,88.81,89.14,4631241
2024-09-11,89.14,91.18,88.44,90.47,8867078
2024-09-12,90.47,91.47,89.98,90.98,6384807
2024-09-15,90.98,92.16,90.45,91.63,6789368
2024-09-16,91.63,91.69,90.45,90.51,1611625
2024-09-17,90.51,90.73,89.79,90.01,3419478
2024-09-18,90.01,90.13,89.02,89.13,2262311
2024-09-19,89.13,90.57,88.55,89.99,7448765
2024-09-22,89.99,91.10,89.48,90.59,6657853
2024-09-23,90.59,90.71,89.61,89.74,2383401
2024-09-24,89.74,90.44,89.32,90.02,5711831
2024-09-25,90.02,90.24,89.31,89.53,3433264
2024-09-26,89.53,89.66,88.60,88.73,2485973
2024-09-29,88.73,90.28,88.13,89.68,7734156
2024-09-30,89.68,90.11,89.31,89.74,5079046
2024-10-01,89.74,90.53,89.30,90.09,5903360
2024-10-02,90.09,92.15,89.38,91.43,8849074
2024-10-03,91.43,92.68,90.89,92.13,6928532
2024-10-06,92.13,93.85,91.49,93.20,7968895
2024-10-07,93.20,93.51,92.71,93.03,4389917
2024-10-08,93.03,93.34,92.52,92.83,4315054
2024-10-09,92.83,93.11,92.25,92.53,4015912
2024-10-10,92.53,93.25,92.10,92.81,5690020
2024-10-13,92.81,94.81,92.11,94.10,8571947
2024-10-14,94.10,94.68,93.68,94.27,5377743
2024-10-15,94.27,96.08,93.60,95.40,8082716
2024-10-16,95.40,96.75,94.83,96.17,7032544
2024-10-17,96.17,97.70,95.56,97.08,7387722
2024-10-20,97.08,98.39,96.50,97.81,6901337
2024-10-21,97.81,98.01,96.94,97.13,3030178
2024-10-22,97.13,97.74,96.71,97.32,5379183
2024-10-23,97.32,97.97,96.88,97.54,5479218
2024-10-24,97.54,99.32,96.86,98.64,7898182
2024-10-27,98.64,98.81,97.66,97.83,2685459
2024-10-28,97.83,99.27,97.23,98.66,7149691
2024-10-29,98.66,100.97,97.87,100.17,8969890
2024-10-30,100.17,100.34,99.17,99.33,2639883
2024-10-31,99.33,100.84,98.71,100.21,7246090
2024-11-03,100.21,100.27,98.92,98.97,1578635
2024-11-04,98.97,101.10,98.22,100.34,8575788
2024-11-05,100.34,100.35,98.91,98.92,1101748
2024-11-06,98.92,99.39,98.52,98.99,5057750
2024-11-07,98.99,100.77,98.31,100.08,7826508
2024-11-10,100.08,101.99,99.38,101.27,8050000
2024-11-11,101.27,102.56,100.69,101.98,6740569
2024-11-12,101.98,102.26,101.26,101.54,3725377
2024-11-13,101.54,103.16,100.88,102.51,7424176
2024-11-14,102.51,102.60,101.29,101.38,1960425
2024-11-17,101.38,103.10,100.71,102.42,7605727
2024-11-18,102.42,102.58,101.37,101.53,2557613
2024-11-19,101.53,101.63,100.34,100.45,2050651
2024-11-20,100.45,101.76,99.87,101.17,6800891
2024-11-21,101.17,101.56,100.75,101.14,4783641
2024-11-24,101.14,101.27,100.04,100.18,2344581
2024-11-25,100.18,100.54,99.72,100.09,4644204
2024-11-26,100.09,100.13,98.75,98.79,1435596
2024-11-27,98.79,99.79,98.28,99.27,6175548
2024-11-28,99.27,99.62,98.78,99.12,4468998
2024-12-01,99.12,99.40,98.46,98.74,3846810
2024-12-02,98.74,101.01,97.96,100.22,8876886
2024-12-03,100.22,100.28,98.93,98.99,1608607
2024-12-04,98.99,100.54,98.36,99.91,7350617
2024-12-05,99.91,100.72,99.43,100.24,5781927
2024-12-08,100.24,101.84,99.60,101.19,7396364
2024-12-09,101.19,102.74,100.55,102.10,7280349
2024-12-10,102.10,104.13,101.36,103.38,8224005
2024-12-11,103.38,103.40,101.92,101.94,1165603
2024-12-12,101.94,103.35,101.33,102.74,6969341
2024-12-15,102.74,103.00,101.96,102.22,3536454
2024-12-16,102.22,102.35,101.09,101.21,2249657
2024-12-17,101.21,101.29,99.95,100.03,1750925
2024-12-18,100.03,100.23,99.14,99.34,3052606
2024-12-19,99.34,100.25,98.84,99.75,5981858
2024-12-22,99.75,99.95,98.84,99.03,2958436
2024-12-23,99.03,99.14,97.89,98.00,2105795
2024-12-24,98.00,99.70,97.35,99.04,7695541
2024-12-25,99.04,99.91,98.55,99.42,5925205
2024-12-26,99.42,99.73,98.81,99.11,4029355
2024-12-29,99.11,99.28,98.14,98.31,2724039
2024-12-30,98.31,99.20,97.82,98.71,5984567
2024-12-31,98.71,99.02,98.13,98.45,4156618
2025-01-01,98.45,98.58,97.39,97.53,2400685
2025-01-02,97.53,98.65,97.00,98.11,6469855
2025-01-05,98.11,98.93,97.64,98.46,5820919
2025-01-06,98.46,98.56,97.31,97.42,2058813
2025-01-07,97.42,97.58,96.46,96.62,2714403
2025-01-08,96.62,96.95,96.11,96.43,4355589
2025-01-09,96.43,96.88,96.05,96.49,5031755
2025-01-12,96.49,97.40,96.00,96.91,6051543
2025-01-13,96.91,97.12,96.06,96.26,3093964
2025-01-14,96.26,97.45,95.72,96.90,6652846
2025-01-15,96.90,97.18,96.25,96.52,3814609
2025-01-16,96.52,97.12,96.10,96.69,5369375
2025-01-19,96.69,96.82,95.62,95.74,2255418
2025-01-20,95.74,97.24,95.14,96.62,7336934
2025-01-21,96.62,97.75,96.09,97.22,6515157
2025-01-22,97.22,97.43,96.38,96.59,3172805
2025-01-23,96.59,96.88,95.97,96.26,3951851
2025-01-26,96.26,96.34,95.09,95.17,1864643
2025-01-27,95.17,95.53,94.76,95.12,4738340
2025-01-28,95.12,95.54,94.74,95.16,4992695
2025-01-29,95.16,95.33,94.23,94.40,2751165
2025-01-30,94.40,94.52,93.36,93.48,2285356
2025-02-02,93.48,94.25,93.03,93.80,5792798
2025-02-03,93.80,94.13,93.34,93.67,4508058
2025-02-04,93.67,95.05,93.10,94.47,7147187
2025-02-05,94.47,94.53,93.27,93.34,1685493
2025-02-06,93.34,93.47,92.36,92.49,2468655
2025-02-09,92.49,93.63,91.97,93.11,6657167
2025-02-10,93.11,93.39,92.52,92.80,4004115
2025-02-11,92.80,94.53,92.16,93.88,7966289
2025-02-12,93.88,94.17,93.32,93.62,4148628
2025-02-13,93.62,95.41,92.96,94.74,8081995
2025-02-16,94.74,96.67,94.05,95.97,8334293
2025-02-17,95.97,96.16,95.09,95.28,2954903
2025-02-18,95.28,95.30,93.96,93.98,1252469
2025-02-19,93.98,95.25,93.43,94.70,6906001
2025-02-20,94.70,95.75,94.18,95.24,6409327
2025-02-23,95.24,95.41,94.34,94.51,2848868
2025-02-24,94.51,95.84,93.94,95.27,7014746
2025-02-25,95.27,95.35,94.11,94.19,1845233
2025-02-26,94.19,96.05,93.51,95.36,8204526
2025-02-27,95.36,95.65,94.76,95.04,3993861
2025-03-02,95.04,97.10,94.32,96.37,8595953
2025-03-03,96.37,96.72,95.93,96.28,4652777
2025-03-04,96.28,96.30,94.93,94.95,1176680
2025-03-05,94.95,95.82,94.47,95.34,5994821
2025-03-06,95.34,95.59,94.62,94.86,3526954
2025-03-09,94.86,94.95,93.72,93.80,1896536
2025-03-10,93.80,94.38,93.39,93.97,5375171
2025-03-11,93.97,95.81,93.30,95.13,8160390
2025-03-12,95.13,95.18,93.87,93.92,1486762
2025-03-13,93.92,94.02,92.83,92.93,2070336
2025-03-16,92.93,93.74,92.48,93.28,5886419
2025-03-17,93.28,93.49,92.51,92.72,3280692
2025-03-18,92.72,94.20,92.13,93.60,7413648
2025-03-19,93.60,95.38,92.94,94.71,8038374
2025-03-20,94.71,94.86,93.75,93.91,2611659
2025-03-23,93.91,96.00,93.18,95.26,8738443
2025-03-24,95.26,95.35,94.13,94.22,1949588
2025-03-25,94.22,94.39,93.32,93.49,2812997
2025-03-26,93.49,93.52,92.22,92.26,1378052
2025-03-27,92.26,93.53,91.71,92.98,6953395
2025-03-30,92.98,94.37,92.40,93.79,7218038
2025-03-31,93.79,94.14,93.37,93.72,4665809
2025-04-01,93.72,93.85,92.71,92.84,2383127
2025-04-02,92.84,93.04,92.04,92.24,3160116
2025-04-03,92.24,93.06,91.78,92.60,5935048
2025-04-06,92.60,94.15,92.00,93.54,7572119
2025-04-07,93.54,93.63,92.43,92.52,1972565
2025-04-08,92.52,94.49,91.82,93.78,8519101
2025-04-09,93.78,93.86,92.64,92.72,1853703
2025-04-10,92.72,94.01,92.16,93.45,6988717
2025-04-13,93.45,95.10,92.82,94.46,7751303
2025-04-14,94.46,94.79,94.01,94.34,4561213
2025-04-15,94.34,95.01,93.92,94.58,5541906
2025-04-16,94.58,95.89,94.01,95.32,6964986
2025-04-17,95.32,95.51,94.46,94.66,3027983
2025-04-20,94.66,96.87,93.90,96.11,8965466
2025-04-21,96.11,96.15,94.84,94.89,1493484
2025-04-22,94.89,96.94,94.17,96.21,8587345
2025-04-23,96.21,96.55,95.76,96.10,4592729
2025-04-24,96.10,96.26,95.15,95.31,2670130
2025-04-27,95.31,97.36,94.58,96.62,8572633
2025-04-28,96.62,96.89,95.95,96.22,3757030
2025-04-29,96.22,97.03,95.75,96.56,5828257
2025-04-30,96.56,97.60,96.05,97.08,6317181
2025-05-01,97.08,97.16,95.88,95.96,1791700
2025-05-04,95.96,96.98,95.45,96.47,6301200
2025-05-05,96.47,96.97,96.07,96.57,5154320
2025-05-06,96.57,96.67,95.44,95.53,2030075
2025-05-07,95.53,97.06,94.92,96.45,7422290
2025-05-08,96.45,98.45,95.73,97.72,8417386
2025-05-11,97.72,99.47,97.06,98.80,7805486
2025-05-12,98.80,99.15,98.32,98.67,4524862
2025-05-13,98.67,98.91,97.89,98.13,3439711
2025-05-14,98.13,99.25,97.60,98.71,6451268
2025-05-15,98.71,101.01,97.93,100.21,8942249
2025-05-18,100.21,100.27,98.91,98.96,1554629
2025-05-19,98.96,98.99,97.61,97.64,1300754
2025-05-20,97.64,99.47,96.95,98.78,8007784
2025-05-21,98.78,99.74,98.28,99.23,6095473
2025-05-22,99.23,99.50,98.52,98.79,3687277
2025-05-25,98.79,99.25,98.39,98.85,5054801
2025-05-26,98.85,99.19,98.34,98.67,4395576
2025-05-27,98.67,100.97,97.89,100.18,8944170
2025-05-28,100.18,100.42,99.39,99.63,3416632
2025-05-29,99.63,101.40,98.95,100.71,7788271
2025-06-01,100.71,101.06,100.19,100.53,4404766
2025-06-02,100.53,101.67,99.99,101.12,6426611
2025-06-03,101.12,101.38,100.37,100.63,3606893
2025-06-04,100.63,100.68,99.28,99.32,1402400
2025-06-05,99.32,99.36,97.99,98.03,1418072
2025-06-08,98.03,98.25,97.20,97.41,3184773
2025-06-09,97.41,97.63,96.60,96.82,3270404
2025-06-10,96.82,98.51,96.17,97.85,7724348
2025-06-11,97.85,97.94,96.66,96.74,1855246
2025-06-12,96.74,97.33,96.32,96.91,5342112
2025-06-15,96.91,97.27,96.48,96.84,4678772
2025-06-16,96.84,97.03,95.95,96.14,2951646
2025-06-17,96.14,96.33,95.26,95.44,2950857
2025-06-18,95.44,95.69,94.74,94.99,3614677
2025-06-19,94.99,95.07,93.82,93.90,1807304
2025-06-22,93.90,95.40,93.29,94.79,7429972
2025-06-23,94.79,96.51,94.14,95.85,7865397
2025-06-24,95.85,95.93,94.66,94.73,1755555
2025-06-25,94.73,95.66,94.25,95.17,6112791
2025-06-26,95.17,95.53,94.77,95.13,4764266
2025-06-29,95.13,96.06,94.64,95.57,6129732
2025-06-30,95.57,95.70,94.54,94.66,2332647
2025-07-01,94.66,95.37,94.22,94.93,5644615
2025-07-02,94.93,95.05,93.88,94.00,2263168
2025-07-03,94.00,95.51,93.40,94.90,7422873
2025-07-06,94.90,95.70,94.44,95.24,5839780
2025-07-07,95.24,95.29,93.98,94.03,1489197
2025-07-08,94.03,96.12,93.30,95.38,8716803
2025-07-09,95.38,97.48,94.65,96.74,8683093
2025-07-10,96.74,98.16,96.15,97.56,7141152
2025-07-13,97.56,97.61,96.29,96.34,1547770
2025-07-14,96.34,96.39,95.08,95.12,1507887
2025-07-15,95.12,96.25,94.60,95.72,6552366
2025-07-16,95.72,96.26,95.31,95.85,5249108
2025-07-17,95.85,96.11,95.16,95.41,3647496
2025-07-20,95.41,95.61,94.56,94.76,3056172
2025-07-21,94.76,96.15,94.17,95.57,7154149
2025-07-22,95.57,95.70,94.55,94.69,2435253
2025-07-23,94.69,96.46,94.03,95.79,7985905
2025-07-24,95.79,95.95,94.82,94.97,2596227
2025-07-27,94.97,94.99,93.64,93.66,1204492
2025-07-28,93.66,95.73,92.94,95.00,8674897
2025-07-29,95.00,95.18,94.11,94.29,2908676
2025-07-30,94.29,94.51,93.52,93.73,3288545
2025-07-31,93.73,95.70,93.03,94.99,8456481
2025-08-03,94.99,95.22,94.24,94.47,3424828
2025-08-04,94.47,94.76,93.88,94.17,4020747
2025-08-05,94.17,94.32,93.23,93.38,2663991
2025-08-06,93.38,94.90,92.78,94.29,7478017
2025-08-07,94.29,95.49,93.75,94.95,6734430
2025-08-10,94.95,95.10,93.99,94.15,2630761
2025-08-11,94.15,94.28,93.14,93.27,2401577
2025-08-12,93.27,94.47,92.73,93.93,6762928
2025-08-13,93.93,94.18,93.26,93.51,3690123
2025-08-14,93.51,95.06,92.90,94.44,7528840
2025-08-17,94.44,95.96,93.83,95.35,7439574
2025-08-18,95.35,95.36,94.01,94.02,1175411
2025-08-19,94.02,94.13,92.96,93.08,2193141
2025-08-20,93.08,93.36,92.51,92.80,4097702
2025-08-21,92.80,93.84,92.30,93.34,6419958
2025-08-24,93.34,94.08,92.90,93.63,5727812
2025-08-25,93.63,95.43,92.97,94.76,8070644
2025-08-26,94.76,95.97,94.21,95.42,6757098
2025-08-27,95.42,96.06,95.00,95.63,5466186
2025-08-28,95.63,96.83,95.09,96.28,6691735
2025-08-31,96.28,96.95,95.85,96.51,5520164
2025-09-01,96.51,96.87,96.10,96.46,4741598
2025-09-02,96.46,96.68,95.67,95.89,3294307
2025-09-03,95.89,96.79,95.41,96.31,6042489
2025-09-04,96.31,97.60,95.74,97.03,6887379
2025-09-07,97.03,97.05,95.68,95.70,1211694
2025-09-08,95.70,95.95,95.01,95.26,3657407
2025-09-09,95.26,96.70,94.66,96.10,7236865
2025-09-10,96.10,96.37,95.44,95.70,3777229
2025-09-11,95.70,95.77,94.50,94.56,1698251
2025-09-14,94.56,94.57,93.22,93.23,1123388
2025-09-15,93.23,94.23,92.73,93.73,6324245
2025-09-16,93.73,93.97,93.02,93.25,3498353
2025-09-17,93.25,94.95,92.61,94.30,7880281
2025-09-18,94.30,94.60,93.75,94.05,4186076
2025-09-21,94.05,94.37,93.56,93.88,4391049
2025-09-22,93.88,95.12,93.33,94.57,6840877
2025-09-23,94.57,96.66,93.84,95.92,8696056
2025-09-24,95.92,97.59,95.28,96.94,7709670
2025-09-25,96.94,96.97,95.62,95.65,1338511
2025-09-28,95.65,97.08,95.06,96.48,7187517
2025-09-29,96.48,98.66,95.73,97.90,8787551
2025-09-30,97.90,98.06,96.93,97.10,2706515
2025-10-01,97.10,97.29,96.22,96.41,2993792
2025-10-02,96.41,96.60,95.53,95.72,2958024
2025-10-05,95.72,96.73,95.21,96.22,6278223
2025-10-06,96.22,97.77,95.60,97.14,7448216
2025-10-07,97.14,97.20,95.88,95.93,1554423
2025-10-08,95.93,97.45,95.32,96.83,7386968
2025-10-09,96.83,98.60,96.17,97.93,7884122
2025-10-12,97.93,99.72,97.25,99.04,7910082
2025-10-13,99.04,99.07,97.70,97.73,1366083
2025-10-14,97.73,99.40,97.08,98.74,7634842
2025-10-15,98.74,98.78,97.40,97.44,1358333
2025-10-16,97.44,99.06,96.80,98.41,7548902
2025-10-19,98.41,98.52,97.26,97.36,2033710
2025-10-20,97.36,97.39,96.01,96.03,1232510
2025-10-21,96.03,96.58,95.62,96.17,5268758
2025-10-22,96.17,96.31,95.15,95.28,2414060
2025-10-23,95.28,95.46,94.39,94.56,2865946
2025-10-26,94.56,95.37,94.10,94.91,5858984
2025-10-27,94.91,95.21,94.34,94.64,4109224
2025-10-28,94.64,94.69,93.41,93.47,1591975
2025-10-29,93.47,93.81,93.05,93.39,4652914
2025-10-30,93.39,93.52,92.40,92.54,2452537
2025-11-02,92.54,94.61,91.82,93.88,8743930
2025-11-03,93.88,94.29,93.51,93.92,4983882
2025-11-04,93.92,96.03,93.19,95.29,8777331
2025-11-05,95.29,95.54,94.60,94.85,3655144
2025-11-06,94.85,94.96,93.78,93.89,2185219
2025-11-09,93.89,94.03,92.89,93.03,2416941
2025-11-10,93.03,93.73,92.59,93.30,5658950
2025-11-11,93.30,94.87,92.68,94.25,7590260
2025-11-12,94.25,94.41,93.32,93.48,2704698
2025-11-13,93.48,93.58,92.40,92.50,2088683
2025-11-16,92.50,94.47,91.80,93.77,8532338
2025-11-17,93.77,94.17,93.39,93.80,4973936
2025-11-18,93.80,94.11,93.28,93.59,4277674
2025-11-19,93.59,95.50,92.90,94.80,8344787
2025-11-20,94.80,95.14,94.35,94.69,4557990
2025-11-23,94.69,96.27,94.07,95.64,7559259
2025-11-24,95.64,95.77,94.61,94.74,2360939
2025-11-25,94.74,95.09,94.35,94.70,4790192
2025-11-26,94.70,96.15,94.11,95.55,7266769
2025-11-27,95.55,95.64,94.40,94.49,1914128
2025-11-30,94.49,94.49,93.12,93.12,1003875
2025-12-01,93.12,94.30,92.58,93.76,6733539
2025-12-02,93.76,93.89,92.74,92.87,2337688
2025-12-03,92.87,93.20,92.42,92.75,4532373
2025-12-04,92.75,92.77,91.47,91.50,1292901
2025-12-07,91.50,92.77,90.95,92.22,6964951
2025-12-08,92.22,92.37,91.31,91.46,2709019
2025-12-09,91.46,91.58,90.46,90.57,2278189
2025-12-10,90.57,90.77,89.79,89.98,3129252
2025-12-11,89.98,91.18,89.45,90.65,6867146
2025-12-14,90.65,91.06,90.28,90.70,5022736
2025-12-15,90.70,90.80,89.67,89.77,2163923
2025-12-16,89.77,90.07,89.29,89.59,4340089
2025-12-17,89.59,89.94,89.24,89.58,4859876
2025-12-18,89.58,91.01,89.01,90.43,7402297
2025-12-21,90.43,91.46,89.94,90.97,6461179
2025-12-22,90.97,91.43,90.59,91.05,5122942
2025-12-23,91.05,91.97,90.58,91.49,6177709
2025-12-24,91.49,93.46,90.80,92.76,8563751
2025-12-25,92.76,92.77,91.45,91.46,1145267
2025-12-28,91.46,91.53,90.34,90.41,1823491
2025-12-29,90.41,91.24,89.96,90.78,5981138
2025-12-30,90.78,91.08,90.28,90.57,4260185
2025-12-31,90.57,91.27,90.15,90.84,5672976
2026-01-01,90.84,90.94,89.78,89.88,2046673
2026-01-04,89.88,89.95,88.77,88.84,1801028
2026-01-05,88.84,89.26,88.48,88.90,5059499
2026-01-06,88.90,90.61,88.27,89.97,8093689
2026-01-07,89.97,90.41,89.60,90.04,5101131
2026-01-08,90.04,90.25,89.31,89.52,3316392
2026-01-11,89.52,89.74,88.82,89.04,3455521
2026-01-12,89.04,89.08,87.86,87.91,1493827
2026-01-13,87.91,88.15,87.30,87.54,3776989
2026-01-14,87.54,88.96,86.98,88.39,7465500
2026-01-15,88.39,88.51,87.43,87.54,2312448
2026-01-18,87.54,87.61,86.46,86.52,1774622
2026-01-19,86.52,87.92,85.96,87.36,7456961
2026-01-20,87.36,87.52,86.54,86.71,2890329
2026-01-21,86.71,88.60,86.04,87.93,8642626
2026-01-22,87.93,89.06,87.42,88.55,6763237
2026-01-25,88.55,89.61,88.06,89.11,6560802
2026-01-26,89.11,89.35,88.48,88.72,3714334
2026-01-27,88.72,90.69,88.04,90.00,8717661
2026-01-28,90.00,91.97,89.31,91.27,8657201
2026-01-29,91.27,92.25,90.79,91.77,6323079
2026-02-01,91.77,93.78,91.06,93.06,8653566
2026-02-02,93.06,93.39,92.61,92.94,4512860
2026-02-03,92.94,93.20,92.30,92.56,3802194
2026-02-04,92.56,92.64,91.44,91.53,1904286
2026-02-05,91.53,92.14,91.12,91.73,5461111
2026-02-08,91.73,93.22,91.13,92.62,7485013
2026-02-09,92.62,94.28,91.99,93.64,7803155
2026-02-10,93.64,94.88,93.09,94.33,6835288
2026-02-11,94.33,94.67,93.91,94.26,4704869
2026-02-12,94.26,94.99,93.82,94.55,5683504
2026-02-15,94.55,94.83,93.94,94.22,3968724
2026-02-16,94.22,95.45,93.68,94.90,6795096
2026-02-17,94.90,96.17,94.34,95.61,6878669
2026-02-18,95.61,97.50,94.92,96.80,8194753
2026-02-19,96.80,96.81,95.42,95.42,1089026
2026-02-22,95.42,96.63,94.88,96.08,6721982
2026-02-23,96.08,97.36,95.52,96.79,6846707
2026-02-24,96.79,98.11,96.22,97.53,6919993
2026-02-25,97.53,99.62,96.80,98.87,8546776
2026-02-26,98.87,99.10,98.05,98.27,3257921
2026-03-01,98.27,98.53,97.55,97.81,3621330
2026-03-02,97.81,99.50,97.15,98.84,7686385
2026-03-03,98.84,101.05,98.07,100.28,8761728
2026-03-04,100.28,100.43,99.24,99.39,2526371
2026-03-05,99.39,101.01,98.75,100.36,7474142
2026-03-08,100.36,100.53,99.37,99.53,2691460
2026-03-09,99.53,100.91,98.94,100.31,6968449
2026-03-10,100.31,100.54,99.47,99.70,3243381
2026-03-11,99.70,100.04,99.18,99.51,4380452
2026-03-12,99.51,99.84,98.96,99.29,4280898
2026-03-15,99.29,100.36,98.76,99.83,6327434
2026-03-16,99.83,99.84,98.42,98.44,1162037
2026-03-17,98.44,99.25,97.96,98.77,5797050
2026-03-18,98.77,99.08,98.17,98.47,4059636
2026-03-19,98.47,98.80,97.95,98.28,4369547
2026-03-22,98.28,99.59,97.71,99.01,6850240
2026-03-23,99.01,100.76,98.34,100.08,7773319
2026-03-24,100.08,100.12,98.72,98.75,1336316
2026-03-25,98.75,98.93,97.80,97.97,2773799
2026-03-26,97.97,98.34,97.57,97.94,4801817
2026-03-29,97.94,98.18,97.16,97.40,3395679
2026-03-30,97.40,97.79,97.02,97.41,4901063
2026-03-31,97.41,98.53,96.87,97.99,6478463
2026-04-01,97.99,98.84,97.51,98.36,5880967
2026-04-02,98.36,100.47,97.61,99.72,8565363
2026-04-05,99.72,101.65,99.01,100.93,8136591
2026-04-06,100.93,101.25,100.33,100.65,4125514
2026-04-07,100.65,100.66,99.21,99.22,1100034
2026-04-08,99.22,99.72,98.81,99.31,5109533
2026-04-09,99.31,99.35,97.99,98.03,1462654
2026-04-12,98.03,98.12,96.84,96.92,1838408
2026-04-13,96.92,99.08,96.17,98.32,8730624
2026-04-14,98.32,98.34,96.95,96.97,1225720
2026-04-15,96.97,97.92,96.47,97.42,6113820
2026-04-16,97.42,98.47,96.90,97.95,6333196
2026-04-19,97.95,99.20,97.39,98.63,6748045
2026-04-20,98.63,98.66,97.27,97.30,1259602
2026-04-21,97.30,97.32,95.95,95.97,1250582
2026-04-22,95.97,96.56,95.55,96.15,5362962
2026-04-23,96.15,97.31,95.61,96.77,6609087
2026-04-26,96.77,97.14,96.38,96.75,4816117
2026-04-27,96.75,98.75,96.03,98.02,8403806
2026-04-28,98.02,98.07,96.73,96.78,1495610
2026-04-29,96.78,97.11,96.27,96.59,4363134
2026-04-30,96.59,96.80,95.77,95.98,3203909
2026-05-03,95.98,96.53,95.58,96.12,5252503
2026-05-04,96.12,96.33,95.31,95.52,3224965
2026-05-05,95.52,95.53,94.16,94.17,1096604
2026-05-06,94.17,94.68,93.77,94.28,5213100
2026-05-07,94.28,94.64,93.88,94.23,4734945
2026-05-10,94.23,94.84,93.82,94.42,5415226
2026-05-11,94.42,94.77,94.01,94.36,4710733
2026-05-12,94.36,94.67,93.83,94.13,4226406
2026-05-13,94.13,94.37,93.41,93.64,3493106
2026-05-14,93.64,94.99,93.07,94.41,7078737
2026-05-17,94.41,94.85,94.03,94.47,5032681
2026-05-18,94.47,95.64,93.93,95.10,6663580
2026-05-19,95.10,96.73,94.47,96.09,7650445
2026-05-20,96.09,96.23,95.08,95.23,2487105
2026-05-21,95.23,95.35,94.17,94.29,2259979
2026-05-24,94.29,94.36,93.12,93.19,1759190
2026-05-25,93.19,94.90,92.54,94.25,7923010
2026-05-26,94.25,94.31,93.04,93.10,1615637
2026-05-27,93.10,95.17,92.38,94.44,8738305
2026-05-28,94.44,96.52,93.72,95.79,8673731
2026-05-31,95.79,97.62,95.11,96.93,8063888
2026-06-01,96.93,98.71,96.26,98.04,7921124
2026-06-02,98.04,99.91,97.34,99.21,8072599
2026-06-03,99.21,101.52,98.42,100.72,8938065
2026-06-04,100.72,100.88,99.71,99.87,2640980
2026-06-07,99.87,99.92,98.55,98.59,1452949
2026-06-08,98.59,100.24,97.94,99.59,7571502
2026-06-09,99.59,99.91,99.02,99.34,4231207
2026-06-10,99.34,101.28,98.63,100.56,8148113
2026-06-11,100.56,102.11,99.93,101.47,7297530
2026-06-14,101.47,103.39,100.76,102.67,8025137
2026-06-15,102.67,104.35,102.00,103.67,7491426
2026-06-16,103.67,103.93,102.87,103.12,3449485
2026-06-17,103.12,103.15,101.72,101.76,1356104
2026-06-18,101.76,101.94,100.78,100.97,2816220
2026-06-21,100.97,102.56,100.33,101.91,7360699
2026-06-22,101.91,102.17,101.14,101.40,3557441
2026-06-23,101.40,102.07,100.95,101.62,5455829
2026-06-24,101.62,102.73,101.08,102.19,6364506
2026-06-25,102.19,102.28,100.97,101.07,1962482
2026-06-28,101.07,101.24,100.08,100.26,2743587
2026-06-29,100.26,100.54,99.57,99.85,3794238
2026-06-30,99.85,101.68,99.16,100.98,7904561
2026-07-01,100.98,101.92,100.48,101.41,6012825
2026-07-02,101.41,101.61,100.49,100.69,2983230
2026-07-05,100.69,102.93,99.91,102.14,8717009
2026-07-06,102.14,102.30,101.10,101.27,2596879
2026-07-07,101.27,102.81,100.63,102.17,7264814
2026-07-08,102.17,103.96,101.48,103.26,7733161
2026-07-09,103.26,103.56,102.57,102.86,3829080
2026-07-12,102.86,103.16,102.20,102.51,3972325
2026-07-13,102.51,104.57,101.76,103.82,8286351
2026-07-14,103.82,104.30,103.40,103.88,5042764
2026-07-15,103.88,104.24,103.35,103.71,4439094
2026-07-16,103.71,104.52,103.22,104.03,5709910
2026-07-19,104.03,104.09,102.68,102.74,1571262
2026-07-20,102.74,103.05,102.09,102.40,3998456
2026-07-21,102.40,102.64,101.57,101.81,3337174
2026-07-22,101.81,102.19,101.38,101.76,4747908
2026-07-23,101.76,102.69,101.25,102.18,5983744
2026-07-26,102.18,102.54,101.68,102.03,4501474
2026-07-27,102.03,102.13,100.80,100.90,1906035
2026-07-28,100.90,101.70,100.42,101.22,5728292
2026-07-29,101.22,101.57,100.73,101.09,4536145
2026-07-30,101.09,101.43,100.56,100.90,4378978