Date,Open,High,Low,Close,Volume
2015-12-31,1200.00,1215.54,1191.01,1206.50,8491975
2016-01-03,1206.50,1213.22,1201.01,1207.72,5552914
2016-01-04,1207.72,1213.84,1202.46,1208.58,5352537
2016-01-05,1208.58,1215.58,1202.96,1209.96,5643930
2016-01-06,1209.96,1213.45,1204.67,1208.15,3883882
2016-01-07,1208.15,1208.97,1201.53,1202.35,1677331
2016-01-10,1202.35,1212.07,1195.67,1205.37,6555144
2016-01-11,1205.37,1216.72,1198.03,1209.36,7085219
2016-01-12,1209.36,1209.74,1202.51,1202.89,1316941
2016-01-13,1202.89,1212.63,1196.21,1205.92,6558950
2016-01-14,1205.92,1207.72,1199.81,1201.60,2490260
2016-01-17,1201.60,1214.48,1193.66,1206.51,7604698
2016-01-18,1206.51,1223.64,1196.87,1213.95,8988683
2016-01-19,1213.95,1214.47,1207.15,1207.67,1432338
2016-01-20,1207.67,1221.43,1199.37,1213.09,7873936
2016-01-21,1213.09,1213.31,1206.14,1206.36,1177674
2016-01-24,1206.36,1218.19,1198.82,1210.63,7244787
2016-01-25,1210.63,1217.09,1205.24,1211.68,5457990
2016-01-26,1211.68,1213.45,1205.52,1207.28,2459259
2016-01-27,1207.28,1219.18,1199.73,1211.60,7260939
2016-01-28,1211.60,1214.86,1206.18,1209.43,3690192
2016-01-31,1209.43,1224.11,1200.77,1215.40,8166769
2016-02-01,1215.40,1220.03,1210.64,1215.28,4814128
2016-02-02,1215.28,1223.11,1209.32,1217.14,5903875
2016-02-03,1217.14,1224.16,1211.50,1218.52,5633539
2016-02-04,1218.52,1221.25,1212.80,1215.52,3237688
2016-02-07,1215.52,1228.02,1207.70,1220.17,7432373
2016-02-08,1220.17,1228.92,1213.83,1222.57,6192901
2016-02-09,1222.57,1230.34,1216.63,1224.38,5864951
2016-02-10,1224.38,1227.57,1218.86,1222.05,3609019
2016-02-11,1222.05,1227.70,1216.94,1222.59,5178189
2016-02-14,1222.59,1237.00,1214.00,1228.37,8029252
2016-02-15,1228.37,1235.87,1222.51,1230.00,5767146
2016-02-16,1230.00,1237.99,1223.95,1231.93,5922736
2016-02-17,1231.93,1237.27,1226.92,1232.27,5063923
2016-02-18,1232.27,1232.56,1225.24,1225.54,1240089
2016-02-21,1225.54,1228.92,1220.10,1223.48,3759876
2016-02-22,1223.48,1238.74,1214.54,1229.76,8302297
2016-02-23,1229.76,1230.20,1222.83,1223.27,1361179
2016-02-24,1223.27,1224.52,1216.78,1218.03,2022942
2016-02-25,1218.03,1223.36,1213.06,1218.39,5077709
2016-02-28,1218.39,1218.95,1211.58,1212.14,1463751
2016-02-29,1212.14,1215.83,1206.94,1210.63,4045267
2016-03-01,1210.63,1220.92,1203.70,1213.97,6723491
2016-03-02,1213.97,1218.69,1209.26,1213.98,4881138
2016-03-03,1213.98,1219.54,1208.93,1214.49,5160185
2016-03-06,1214.49,1230.46,1205.29,1221.21,8572976
2016-03-07,1221.21,1232.28,1213.95,1225.00,6946673
2016-03-08,1225.00,1241.51,1215.57,1232.02,8701028
2016-03-09,1232.02,1240.14,1225.91,1234.02,5959499
2016-03-10,1234.02,1236.48,1228.07,1230.52,2993689
2016-03-13,1230.52,1231.76,1223.98,1225.21,2001131
2016-03-14,1225.21,1226.70,1218.83,1220.31,2216392
2016-03-15,1220.31,1224.41,1215.26,1219.35,4355521
2016-03-16,1219.35,1223.49,1214.33,1218.47,4393827
2016-03-17,1218.47,1234.81,1209.11,1225.41,8676989
2016-03-20,1225.41,1234.73,1218.83,1228.14,6365500
2016-03-21,1228.14,1230.85,1222.35,1225.06,3212448
2016-03-22,1225.06,1229.57,1220.19,1224.69,4674622
2016-03-23,1224.69,1228.80,1219.62,1223.73,4356961
2016-03-24,1223.73,1224.69,1217.09,1218.05,1790329
2016-03-27,1218.05,1218.72,1211.30,1211.96,1542626
2016-03-28,1211.96,1212.76,1205.31,1206.11,1663237
2016-03-29,1206.11,1209.08,1200.58,1203.54,3460802
2016-03-30,1203.54,1205.48,1197.51,1199.45,2614334
2016-03-31,1199.45,1200.19,1192.84,1193.58,1617661
2016-04-03,1193.58,1196.63,1188.17,1191.21,3557201
2016-04-04,1191.21,1193.86,1185.61,1188.25,3223079
2016-04-05,1188.25,1200.84,1180.47,1193.02,7553566
2016-04-06,1193.02,1199.24,1187.75,1193.97,5412860
2016-04-07,1193.97,1204.06,1187.16,1197.23,6702194
2016-04-10,1197.23,1207.66,1190.29,1200.69,6804286
2016-04-11,1200.69,1204.73,1195.72,1199.76,4361111
2016-04-12,1199.76,1214.97,1190.90,1206.06,8385013
2016-04-13,1206.06,1208.12,1200.08,1202.13,2703155
2016-04-14,1202.13,1205.41,1196.78,1200.06,3735288
2016-04-17,1200.06,1203.19,1194.65,1197.77,3604869
2016-04-18,1197.77,1207.53,1191.08,1200.83,6583504
2016-04-19,1200.83,1211.48,1193.78,1204.41,6868724
2016-04-20,1204.41,1207.65,1199.03,1202.27,3695096
2016-04-21,1202.27,1209.64,1196.52,1203.89,5778669
2016-04-24,1203.89,1204.00,1196.94,1197.05,1094753
2016-04-25,1197.05,1200.63,1191.88,1195.45,3989026
2016-04-26,1195.45,1198.59,1190.07,1193.20,3621982
2016-04-27,1193.20,1200.42,1187.53,1194.75,5746707
2016-04-28,1194.75,1208.20,1186.60,1200.02,7819993
2016-05-01,1200.02,1202.95,1194.51,1197.44,3446776
2016-05-02,1197.44,1211.94,1188.87,1203.33,8157921
2016-05-03,1203.33,1205.16,1197.24,1199.07,2521330
2016-05-04,1199.07,1214.88,1189.97,1205.73,8586385
2016-05-05,1205.73,1208.94,1200.33,1203.53,3661728
2016-05-08,1203.53,1215.89,1195.80,1208.13,7426371
2016-05-09,1208.13,1217.34,1201.64,1210.84,6374142
2016-05-10,1210.84,1213.97,1205.36,1208.50,3591460
2016-05-11,1208.50,1209.54,1201.99,1203.04,1868449
2016-05-12,1203.04,1217.56,1194.44,1208.93,8143381
2016-05-15,1208.93,1211.68,1203.27,1206.02,3280452
2016-05-16,1206.02,1211.61,1200.98,1206.57,5180898
2016-05-17,1206.57,1206.84,1199.69,1199.96,1227434
2016-05-18,1199.96,1208.17,1193.88,1202.09,6062037
2016-05-19,1202.09,1206.53,1197.31,1201.76,4697050
2016-05-22,1201.76,1206.66,1197.00,1201.90,4959636
2016-05-23,1201.90,1213.77,1194.36,1206.21,7269547
2016-05-24,1206.21,1209.52,1200.85,1204.16,3750240
2016-05-25,1204.16,1214.25,1197.33,1207.40,6673319
2016-05-26,1207.40,1208.90,1201.13,1202.61,2236316
2016-05-29,1202.61,1209.67,1196.99,1204.05,5673799
2016-05-30,1204.05,1204.89,1197.47,1198.31,1701817
2016-05-31,1198.31,1199.86,1192.11,1193.66,2295679
2016-06-01,1193.66,1201.05,1187.93,1195.31,5801063
2016-06-02,1195.31,1195.76,1188.58,1189.03,1378463
2016-06-05,1189.03,1191.15,1183.18,1185.29,2780967
2016-06-06,1185.29,1197.58,1177.63,1189.89,7465363
2016-06-07,1189.89,1189.93,1182.98,1183.03,1036591
2016-06-08,1183.03,1193.98,1175.90,1186.83,7025514
2016-06-09,1186.83,1194.77,1180.90,1188.83,6000034
2016-06-12,1188.83,1192.40,1183.70,1187.27,4009533
2016-06-13,1187.27,1188.89,1181.18,1182.79,2362654
2016-06-14,1182.79,1187.21,1178.12,1182.54,4738408
2016-06-15,1182.54,1189.35,1177.06,1183.87,5630624
2016-06-16,1183.87,1198.11,1175.44,1189.64,8125720
2016-06-19,1189.64,1200.62,1182.48,1193.44,7013820
2016-06-20,1193.44,1193.72,1186.64,1186.91,1233196
2016-06-21,1186.91,1190.06,1181.58,1184.72,3648045
2016-06-22,1184.72,1199.07,1176.24,1190.55,8159602
2016-06-23,1190.55,1191.92,1184.31,1185.68,2150582
2016-06-26,1185.68,1200.35,1177.06,1191.69,8262962
2016-06-27,1191.69,1194.68,1186.26,1189.24,3509087
2016-06-28,1189.24,1192.47,1183.94,1187.17,3716117
2016-06-29,1187.17,1187.53,1180.44,1180.80,1303806
2016-06-30,1180.80,1184.81,1175.93,1179.94,4395610
2016-07-03,1179.94,1180.25,1173.23,1173.54,1263134
2016-07-04,1173.54,1174.83,1167.36,1168.65,2103909
2016-07-05,1168.65,1176.91,1162.63,1170.88,6152503
2016-07-06,1170.88,1179.08,1164.88,1173.07,6124965
2016-07-07,1173.07,1180.90,1167.21,1175.03,5996604
2016-07-10,1175.03,1178.69,1170.03,1173.68,4113100
2016-07-11,1173.68,1180.46,1168.24,1175.01,5634945
2016-07-12,1175.01,1189.70,1166.41,1181.06,8315226
2016-07-13,1181.06,1181.79,1174.55,1175.27,1610733
2016-07-14,1175.27,1177.77,1169.69,1172.18,3126406
2016-07-17,1172.18,1176.16,1167.35,1171.33,4393106
2016-07-18,1171.33,1172.47,1165.09,1166.23,1978737
2016-07-19,1166.23,1167.32,1159.99,1161.07,1932681
2016-07-20,1161.07,1167.57,1155.77,1162.26,5563580
2016-07-21,1162.26,1177.49,1153.49,1168.66,8550445
2016-07-24,1168.66,1174.68,1163.53,1169.55,5387105
2016-07-25,1169.55,1180.78,1162.35,1173.55,7159979
2016-07-26,1173.55,1189.24,1164.56,1180.20,8659190
2016-07-27,1180.20,1196.47,1170.97,1187.18,8823010
2016-07-28,1187.18,1191.36,1182.36,1186.53,4515637
2016-07-31,1186.53,1193.39,1181.03,1187.88,5638305
2016-08-01,1187.88,1200.52,1180.08,1192.68,7573731
2016-08-02,1192.68,1209.55,1183.19,1199.99,8963888
2016-08-03,1199.99,1202.18,1194.11,1196.28,2821124
2016-08-04,1196.28,1201.20,1191.53,1196.45,4972599
2016-08-07,1196.45,1209.98,1188.27,1201.76,7838065
2016-08-08,1201.76,1204.81,1196.30,1199.35,3540980
2016-08-09,1199.35,1203.37,1194.38,1198.40,4352949
2016-08-10,1198.40,1202.56,1193.50,1197.66,4471502
2016-08-11,1197.66,1200.22,1191.98,1194.52,3131207
2016-08-14,1194.52,1194.58,1187.60,1187.65,1048113
2016-08-15,1187.65,1189.08,1181.46,1182.88,2197530
2016-08-16,1182.88,1187.60,1178.23,1182.96,4925137
2016-08-17,1182.96,1192.03,1176.58,1185.64,6391426
2016-08-18,1185.64,1189.61,1180.73,1184.69,4349485
2016-08-21,1184.69,1188.55,1179.73,1183.59,4256104
2016-08-22,1183.59,1196.60,1175.64,1188.62,7716220
2016-08-23,1188.62,1197.35,1182.37,1191.08,6260699
2016-08-24,1191.08,1195.20,1186.21,1190.33,4457441
2016-08-25,1190.33,1205.34,1181.57,1196.53,8355829
2016-08-28,1196.53,1199.24,1190.93,1193.63,3264506
2016-08-29,1193.63,1210.21,1184.25,1200.77,8862482
2016-08-30,1200.77,1203.94,1195.37,1198.54,3643587
2016-08-31,1198.54,1208.64,1191.71,1201.80,6694238
2016-09-01,1201.80,1206.37,1197.09,1201.66,4804561
2016-09-04,1201.66,1206.43,1196.96,1201.72,4912825
2016-09-05,1201.72,1205.19,1196.47,1199.93,3883230
2016-09-06,1199.93,1203.07,1194.52,1197.65,3617009
2016-09-07,1197.65,1210.17,1189.87,1202.35,7496879
2016-09-08,1202.35,1210.89,1196.14,1204.67,6164814
2016-09-11,1204.67,1220.70,1195.48,1211.45,8633161
2016-09-12,1211.45,1221.77,1204.51,1214.81,6729080
2016-09-13,1214.81,1231.71,1205.25,1222.09,8872325
2016-09-14,1222.09,1233.90,1214.53,1226.32,7186351
2016-09-15,1226.32,1234.34,1220.25,1228.27,5942764
2016-09-18,1228.27,1240.62,1220.49,1232.80,7339094
2016-09-19,1232.80,1234.79,1226.63,1228.60,2609910
2016-09-20,1228.60,1244.45,1219.42,1235.22,8471262
2016-09-21,1235.22,1240.07,1230.41,1235.26,4898456
2016-09-22,1235.26,1244.25,1228.79,1237.77,6237174
2016-09-25,1237.77,1238.57,1230.97,1231.77,1647908
2016-09-26,1231.77,1236.56,1226.99,1231.78,4883744
2016-09-27,1231.78,1238.17,1226.36,1232.74,5401474
2016-09-28,1232.74,1237.43,1227.91,1232.60,4806035
2016-09-29,1232.60,1234.61,1226.44,1228.44,2628292
2016-10-02,1228.44,1231.43,1222.79,1225.78,3436145
2016-10-03,1225.78,1231.76,1220.54,1226.51,5278978
2016-10-04,1226.51,1227.08,1219.66,1220.23,1465432
2016-10-05,1220.23,1223.50,1214.77,1218.03,3674519
2016-10-06,1218.03,1227.40,1211.45,1220.80,6400068
2016-10-09,1220.80,1225.35,1215.97,1220.53,4728497
2016-10-10,1220.53,1221.07,1213.70,1214.25,1449931
2016-10-11,1214.25,1217.28,1208.70,1211.74,3502640
2016-10-12,1211.74,1225.17,1203.56,1216.95,7750823
2016-10-13,1216.95,1231.50,1208.32,1222.82,8095713
2016-10-16,1222.82,1236.90,1214.36,1228.40,7920027
2016-10-17,1228.40,1236.20,1222.42,1230.22,5865740
2016-10-18,1230.22,1232.61,1224.26,1226.65,2945198
2016-10-19,1226.65,1237.89,1219.30,1230.52,6985562
2016-10-20,1230.52,1232.25,1224.23,1225.96,2406584
2016-10-23,1225.96,1232.10,1220.65,1226.79,5331721
2016-10-24,1226.79,1230.51,1221.51,1225.23,4032578
2016-10-25,1225.23,1241.76,1215.78,1232.26,8706687
2016-10-26,1232.26,1234.22,1226.07,1228.02,2588614
2016-10-27,1228.02,1229.74,1221.74,1223.45,2394410
2016-10-30,1223.45,1227.24,1218.23,1222.01,4099382
2016-10-31,1222.01,1230.34,1215.84,1224.16,6049211
2016-11-01,1224.16,1230.52,1218.76,1225.12,5404389
2016-11-02,1225.12,1239.22,1216.64,1230.70,7918004
2016-11-03,1230.70,1233.22,1224.81,1227.32,3046844
2016-11-06,1227.32,1242.92,1218.24,1233.79,8395850
2016-11-07,1233.79,1246.68,1225.78,1238.63,7495884
2016-11-08,1238.63,1243.55,1233.78,1238.70,4914849
2016-11-09,1238.70,1249.16,1231.63,1242.08,6702126
2016-11-10,1242.08,1250.91,1235.67,1244.48,6166358
2016-11-13,1244.48,1255.89,1237.03,1248.41,6986556
2016-11-14,1248.41,1251.73,1242.81,1246.12,3656550
2016-11-15,1246.12,1258.41,1238.32,1250.57,7262757
2016-11-16,1250.57,1255.07,1245.55,1250.04,4595301
2016-11-17,1250.04,1252.03,1243.77,1245.75,2592455
2016-11-20,1245.75,1254.45,1239.37,1248.06,6118415
2016-11-21,1248.06,1248.16,1240.85,1240.94,1074417
2016-11-22,1240.94,1251.87,1233.69,1244.59,6843175
2016-11-23,1244.59,1253.13,1238.29,1246.81,6066666
2016-11-24,1246.81,1260.65,1238.39,1252.19,7757235
2016-11-27,1252.19,1255.62,1246.63,1250.05,3742043
2016-11-28,1250.05,1251.85,1243.69,1245.48,2440843
2016-11-29,1245.48,1249.19,1240.09,1243.79,3977091
2016-11-30,1243.79,1248.30,1238.81,1243.31,4622393
2016-12-01,1243.31,1253.42,1236.38,1246.47,6574279
2016-12-04,1246.47,1246.56,1239.26,1239.34,1067318
2016-12-05,1239.34,1244.08,1234.50,1239.23,4817558
2016-12-06,1239.23,1246.90,1233.28,1240.94,5800308
2016-12-07,1240.94,1242.63,1234.57,1236.25,2361248
2016-12-08,1236.25,1249.68,1228.02,1241.41,7660871
2016-12-11,1241.41,1244.45,1235.71,1238.75,3452263
2016-12-12,1238.75,1241.46,1232.90,1235.61,3192215
2016-12-13,1235.61,1251.59,1226.36,1242.29,8485665
2016-12-14,1242.29,1244.61,1236.23,1238.54,2863477
2016-12-15,1238.54,1249.60,1231.24,1242.28,6893552
2016-12-18,1242.28,1244.30,1236.06,1238.08,2625274
2016-12-19,1238.08,1250.61,1230.19,1242.70,7367283
2016-12-20,1242.70,1259.75,1233.00,1250.00,8798593
2016-12-21,1250.00,1250.52,1242.99,1243.50,1413031
2016-12-22,1243.50,1247.60,1238.32,1242.41,4297016
2016-12-25,1242.41,1246.44,1237.20,1241.22,4240672
2016-12-26,1241.22,1256.33,1232.31,1247.37,8182270
2016-12-27,1247.37,1252.54,1242.40,1247.57,4986008
2016-12-28,1247.57,1252.00,1242.53,1246.96,4553120
2016-12-29,1246.96,1248.53,1240.49,1242.07,2266323
2017-01-01,1242.07,1246.75,1237.18,1241.86,4767592
2017-01-02,1241.86,1247.27,1236.80,1242.21,5069272
2017-01-03,1242.21,1244.69,1236.23,1238.70,2998525
2017-01-04,1238.70,1250.02,1231.30,1242.60,6975102
2017-01-05,1242.60,1242.75,1235.44,1235.59,1122462
2017-01-08,1235.59,1242.97,1229.77,1237.14,5712208
2017-01-09,1237.14,1248.34,1229.79,1240.96,6941872
2017-01-10,1240.96,1244.74,1235.63,1239.41,4046021
2017-01-11,1239.41,1246.89,1233.53,1241.01,5740706
2017-01-12,1241.01,1255.55,1232.32,1246.82,8001234
2017-01-15,1246.82,1247.04,1239.67,1239.89,1173285
2017-01-16,1239.89,1249.48,1233.17,1242.75,6417352
2017-01-17,1242.75,1249.46,1237.17,1243.88,5486522
2017-01-18,1243.88,1247.41,1238.41,1241.93,3837585
2017-01-19,1241.93,1244.51,1236.00,1238.57,3075480
2017-01-22,1238.57,1240.72,1232.44,1234.58,2731069
2017-01-23,1234.58,1247.09,1226.71,1239.19,7372256
2017-01-24,1239.19,1250.74,1231.70,1243.22,7048422
2017-01-25,1243.22,1245.80,1237.28,1239.85,3068209
2017-01-26,1239.85,1251.60,1232.27,1243.99,7110631
2017-01-29,1243.99,1251.28,1238.19,1245.47,5669513
2017-01-30,1245.47,1246.50,1238.74,1239.77,1831275
2017-01-31,1239.77,1249.27,1233.09,1242.57,6386042
2017-02-01,1242.57,1244.15,1236.14,1237.71,2272085
2017-02-02,1237.71,1239.39,1231.35,1233.02,2353600
2017-02-05,1233.02,1249.11,1223.73,1239.78,8531824
2017-02-06,1239.78,1254.89,1230.86,1245.93,8189471
2017-02-07,1245.93,1260.42,1237.25,1251.70,7968518
2017-02-08,1251.70,1269.14,1241.84,1259.21,8881310
2017-02-09,1259.21,1261.42,1253.00,1255.20,2755006
2017-02-12,1255.20,1263.63,1248.91,1257.33,6009362
2017-02-13,1257.33,1259.55,1251.13,1253.34,2767832
2017-02-14,1253.34,1259.53,1247.95,1254.14,5302023
2017-02-15,1254.14,1268.23,1245.60,1259.65,7809465
2017-02-16,1259.65,1260.31,1252.65,1253.31,1524725
2017-02-19,1253.31,1256.02,1247.38,1250.08,3163854
2017-02-20,1250.08,1266.93,1240.45,1257.25,8702160
2017-02-21,1257.25,1273.51,1247.84,1264.05,8485322
2017-02-22,1264.05,1277.82,1255.61,1269.35,7673834
2017-02-23,1269.35,1273.18,1263.88,1267.71,4020781
2017-02-26,1267.71,1270.22,1261.60,1264.10,2982956
2017-02-27,1264.10,1273.08,1257.57,1266.54,6165294
2017-02-28,1266.54,1272.15,1261.35,1266.96,5098662
2017-03-01,1266.96,1271.20,1261.71,1265.95,4350960
2017-03-02,1265.95,1267.18,1259.20,1260.43,1971570
2017-03-05,1260.43,1272.87,1252.52,1264.94,7269135
2017-03-06,1264.94,1279.51,1256.19,1270.72,7922668
2017-03-07,1270.72,1280.57,1263.82,1273.66,6425994
2017-03-08,1273.66,1281.75,1267.47,1275.55,5865534
2017-03-09,1275.55,1275.59,1268.14,1268.18,1031412
2017-03-12,1268.18,1279.41,1260.75,1271.95,6861899
2017-03-13,1271.95,1276.05,1266.60,1270.70,4221193
2017-03-14,1270.70,1273.25,1264.59,1267.13,3010528
2017-03-15,1267.13,1277.56,1260.02,1270.43,6612620
2017-03-16,1270.43,1277.87,1264.49,1271.93,5669444
2017-03-19,1271.93,1272.18,1264.65,1264.90,1193347
2017-03-20,1264.90,1264.91,1257.54,1257.56,1011488
2017-03-21,1257.56,1264.53,1251.84,1258.81,5543621
2017-03-22,1258.81,1270.11,1251.37,1262.65,6913203
2017-03-23,1262.65,1263.14,1255.55,1256.04,1391838
2017-03-26,1256.04,1268.15,1248.28,1260.37,7177057
2017-03-27,1260.37,1273.56,1252.17,1265.33,7503429
2017-03-28,1265.33,1267.97,1259.29,1261.93,3087002
2017-03-29,1261.93,1270.06,1255.74,1263.86,5903086
2017-03-30,1263.86,1273.26,1257.17,1266.55,6297359
2017-04-02,1266.55,1267.09,1259.45,1260.00,1430315
2017-04-03,1260.00,1265.44,1254.89,1260.33,5055041
2017-04-04,1260.33,1270.74,1253.23,1263.63,6628326
2017-04-05,1263.63,1277.65,1255.10,1269.08,7755109
2017-04-06,1269.08,1283.84,1260.24,1274.96,7966255
2017-04-09,1274.96,1278.56,1269.35,1272.95,3829663
2017-04-10,1272.95,1273.45,1265.79,1266.29,1394718
2017-04-11,1266.29,1267.52,1259.54,1260.77,1970061
2017-04-12,1260.77,1261.06,1253.58,1253.87,1234705
2017-04-13,1253.87,1254.73,1247.01,1247.86,1682475
2017-04-16,1247.86,1257.46,1241.12,1250.70,6399794
2017-04-17,1250.70,1252.17,1244.17,1245.63,2176783
2017-04-18,1245.63,1249.31,1240.22,1243.90,3951714
2017-04-19,1243.90,1260.31,1234.46,1250.82,8588786
2017-04-20,1250.82,1252.05,1244.16,1245.39,1989231
2017-04-23,1245.39,1248.55,1239.73,1242.88,3535768
2017-04-24,1242.88,1246.45,1237.44,1241.00,3870370
2017-04-25,1241.00,1244.73,1235.65,1239.37,4005384
2017-04-26,1239.37,1242.80,1233.88,1237.30,3767969
2017-04-27,1237.30,1240.49,1231.70,1234.89,3577880
2017-04-30,1234.89,1238.05,1229.29,1232.44,3558573
2017-05-01,1232.44,1246.82,1223.84,1238.17,7981652
2017-05-02,1238.17,1240.71,1232.24,1234.76,3044650
2017-05-03,1234.76,1238.45,1229.42,1233.10,3982133
2017-05-04,1233.10,1236.20,1227.48,1230.57,3510150
2017-05-07,1230.57,1237.58,1224.90,1231.90,5604012
2017-05-08,1231.90,1248.22,1222.53,1238.80,8609396
2017-05-09,1238.80,1239.65,1232.02,1232.86,1686796
2017-05-10,1232.86,1242.93,1225.97,1236.02,6589300
2017-05-11,1236.02,1240.69,1231.16,1235.83,4773696
2017-05-14,1235.83,1243.61,1229.84,1237.61,5844924
2017-05-15,1237.61,1238.03,1230.62,1231.03,1333847
2017-05-16,1231.03,1234.49,1225.60,1229.05,3808367
2017-05-17,1229.05,1231.90,1223.33,1226.17,3317866
2017-05-18,1226.17,1226.38,1219.14,1219.35,1170987
2017-05-21,1219.35,1219.41,1212.28,1212.34,1046742
2017-05-22,1212.34,1218.74,1206.96,1213.36,5438957
2017-05-23,1213.36,1213.88,1206.56,1207.08,1434053
2017-05-24,1207.08,1220.68,1198.85,1212.41,7822153
2017-05-25,1212.41,1225.21,1204.48,1217.25,7541529
2017-05-28,1217.25,1223.73,1211.83,1218.30,5456378
2017-05-29,1218.30,1221.31,1212.72,1215.72,3467935
2017-05-30,1215.72,1220.68,1210.91,1215.87,4958916
2017-05-31,1215.87,1231.86,1206.66,1222.60,8571296
2017-06-01,1222.60,1234.82,1214.88,1227.07,7317421
2017-06-04,1227.07,1227.10,1219.94,1219.97,1024451
2017-06-05,1219.97,1228.48,1213.74,1222.23,6112139
2017-06-06,1222.23,1232.56,1215.26,1225.57,6703943
2017-06-07,1225.57,1237.07,1218.13,1229.60,7071467
2017-06-08,1229.60,1230.11,1222.70,1223.21,1412242
2017-06-11,1223.21,1228.20,1218.36,1223.35,4960836
2017-06-12,1223.35,1225.11,1217.12,1218.86,2433299
2017-06-13,1218.86,1226.42,1213.01,1220.55,5804938
2017-06-14,1220.55,1226.95,1215.16,1221.55,5421433
2017-06-15,1221.55,1231.08,1214.90,1224.41,6443278
2017-06-18,1224.41,1234.52,1217.52,1227.61,6623559
2017-06-19,1227.61,1230.58,1221.96,1224.92,3419067
2017-06-20,1224.92,1234.45,1218.27,1227.78,6434739
2017-06-21,1227.78,1239.69,1220.17,1232.05,7201440
2017-06-22,1232.05,1233.64,1225.68,1227.26,2287071
2017-06-25,1227.26,1234.67,1221.44,1228.85,5741015
2017-06-26,1228.85,1231.15,1222.85,1225.15,2871913
2017-06-27,1225.15,1231.37,1219.81,1226.03,5358779
2017-06-28,1226.03,1239.45,1217.82,1231.20,7695438
2017-06-29,1231.20,1236.25,1226.32,1231.37,4968312
2017-07-02,1231.37,1245.69,1222.79,1237.07,7967524
2017-07-03,1237.07,1250.41,1228.87,1242.18,7631344
2017-07-04,1242.18,1259.30,1232.46,1249.52,8823971
2017-07-05,1249.52,1256.15,1243.97,1250.59,5446639
2017-07-06,1250.59,1268.01,1240.73,1258.09,8882064
2017-07-09,1258.09,1259.06,1251.26,1252.23,1772222
2017-07-10,1252.23,1252.39,1245.02,1245.18,1129458
2017-07-11,1245.18,1255.95,1237.99,1248.73,6780932
2017-07-12,1248.73,1251.41,1242.81,1245.49,3146399
2017-07-13,1245.49,1254.91,1238.82,1248.23,6349314
2017-07-16,1248.23,1252.80,1243.25,1247.82,4661282
2017-07-17,1247.82,1263.32,1238.74,1254.19,8279835
2017-07-18,1254.19,1270.26,1244.86,1260.88,8439540
2017-07-19,1260.88,1268.86,1254.76,1262.73,5856447
2017-07-20,1262.73,1267.16,1257.60,1262.02,4505864
2017-07-23,1262.02,1264.21,1255.78,1257.96,2733470
2017-07-24,1257.96,1265.42,1252.04,1259.50,5699759
2017-07-25,1259.50,1262.22,1253.54,1256.25,3157818
2017-07-26,1256.25,1272.75,1246.75,1263.19,8564437
2017-07-27,1263.19,1276.48,1254.95,1268.20,7524554
2017-07-30,1268.20,1281.68,1259.87,1273.32,7569032
2017-07-31,1273.32,1279.49,1267.89,1274.06,5265775
2017-08-01,1274.06,1284.70,1266.84,1277.47,6664163
2017-08-02,1277.47,1283.04,1272.26,1277.84,5072839
2017-08-03,1277.84,1281.89,1272.43,1276.48,4170816
2017-08-06,1276.48,1286.46,1269.52,1279.49,6451920
2017-08-07,1279.49,1291.26,1271.81,1283.56,7002572
2017-08-08,1283.56,1300.57,1273.79,1290.75,8612894
2017-08-09,1290.75,1292.32,1284.03,1285.60,2221159
2017-08-10,1285.60,1302.89,1275.71,1292.95,8691563
2017-08-13,1292.95,1301.35,1286.58,1294.98,5925342
2017-08-14,1294.98,1301.38,1289.40,1295.80,5305212
2017-08-15,1295.80,1302.76,1290.01,1296.96,5473148
2017-08-16,1296.96,1310.32,1288.60,1301.94,7441495
2017-08-17,1301.94,1304.59,1295.69,1298.34,3037414
2017-08-20,1298.34,1315.77,1288.37,1305.74,8680658
2017-08-21,1305.74,1322.66,1295.96,1312.82,8494684
2017-08-22,1312.82,1324.08,1305.27,1316.51,6751097
2017-08-23,1316.51,1324.15,1310.39,1318.02,5647427
2017-08-24,1318.02,1322.53,1312.61,1317.11,4418244
2017-08-27,1317.11,1320.77,1311.28,1314.93,3779595
2017-08-28,1314.93,1329.37,1306.12,1320.51,7706790
2017-08-29,1320.51,1331.15,1313.19,1323.81,6545507
2017-08-30,1323.81,1330.86,1317.91,1324.95,5456241
2017-08-31,1324.95,1326.53,1318.04,1319.61,2192078
2017-09-03,1319.61,1321.21,1312.74,1314.33,2209807
2017-09-04,1314.33,1326.79,1306.29,1318.73,7114368
2017-09-05,1318.73,1335.63,1308.92,1325.77,8436625
2017-09-06,1325.77,1328.08,1319.21,1321.52,2744478
2017-09-07,1321.52,1325.60,1315.87,1319.95,4087311
2017-09-10,1319.95,1328.03,1313.65,1321.72,5773765
2017-09-11,1321.72,1325.00,1315.67,1318.95,3482853
2017-09-12,1318.95,1333.43,1310.10,1324.54,7708401
2017-09-13,1324.54,1331.86,1318.53,1325.85,5536831
2017-09-14,1325.85,1340.57,1316.89,1331.57,7758264
2017-09-17,1331.57,1338.18,1325.83,1332.43,5310973
2017-09-18,1332.43,1335.18,1326.06,1328.79,3059156
2017-09-19,1328.79,1331.32,1322.33,1324.86,2904046
2017-09-20,1324.86,1341.13,1315.28,1331.51,8228360
2017-09-21,1331.51,1332.41,1324.21,1325.11,1674074
2017-09-24,1325.11,1341.47,1315.50,1331.81,8253532
2017-09-25,1331.81,1335.53,1325.93,1329.64,3793895
2017-09-26,1329.64,1334.58,1324.38,1329.31,4714917
2017-09-27,1329.31,1332.16,1323.01,1325.84,3140054
2017-09-28,1325.84,1328.95,1319.69,1322.78,3340912
2017-10-01,1322.78,1336.66,1314.17,1328.01,7515020
2017-10-02,1328.01,1339.88,1320.18,1332.03,6896947
2017-10-03,1332.03,1333.63,1325.08,1326.68,2202743
2017-10-04,1326.68,1333.58,1320.83,1327.73,5407716
2017-10-05,1327.73,1339.47,1319.95,1331.67,6857544
2017-10-08,1331.67,1335.28,1325.73,1329.34,3712722
2017-10-09,1329.34,1330.30,1322.09,1323.05,1726337
2017-10-10,1323.05,1333.08,1315.96,1325.98,6355178
2017-10-11,1325.98,1328.90,1319.73,1322.64,3204183
2017-10-12,1322.64,1337.48,1313.64,1328.44,7804218
2017-10-15,1328.44,1346.42,1318.18,1336.10,8723182
2017-10-16,1336.10,1340.13,1330.34,1334.36,4010459
2017-10-17,1334.36,1337.00,1327.92,1330.55,2974691
2017-10-18,1330.55,1330.94,1323.00,1323.39,1294890
2017-10-19,1323.39,1324.01,1316.00,1316.61,1464883
2017-10-22,1316.61,1327.31,1309.28,1319.95,6571090
2017-10-23,1319.95,1323.12,1313.86,1317.03,3403635
2017-10-24,1317.03,1328.82,1309.26,1321.02,6900788
2017-10-25,1321.02,1329.61,1314.51,1323.10,5926748
2017-10-26,1323.10,1324.92,1316.32,1318.14,2382750
2017-10-29,1318.14,1332.42,1309.37,1323.62,7651508
2017-10-30,1323.62,1328.09,1318.15,1322.62,4375000
2017-10-31,1322.62,1323.36,1315.30,1316.04,1565569
2017-11-01,1316.04,1328.31,1308.08,1320.33,7050377
2017-11-02,1320.33,1326.67,1314.71,1321.06,5249176
2017-11-05,1321.06,1325.40,1315.54,1319.88,4285425
2017-11-06,1319.88,1336.77,1310.07,1326.91,8430727
2017-11-07,1326.91,1330.73,1321.10,1324.92,3882613
2017-11-08,1324.92,1333.37,1318.46,1326.90,5875651
2017-11-09,1326.90,1339.53,1318.77,1331.37,7125891
2017-11-12,1331.37,1334.84,1325.37,1328.83,3608641
2017-11-13,1328.83,1329.72,1321.55,1322.43,1669581
2017-11-14,1322.43,1332.84,1315.20,1325.59,6469204
2017-11-15,1325.59,1340.31,1316.62,1331.31,7760596
2017-11-16,1331.31,1333.98,1324.90,1327.56,3000548
2017-11-19,1327.56,1328.61,1320.37,1321.42,1793998
2017-11-20,1321.42,1324.95,1315.50,1319.02,3671810
2017-11-21,1319.02,1325.20,1313.48,1319.66,5201886
2017-11-22,1319.66,1324.19,1314.25,1318.77,4433607
2017-11-23,1318.77,1320.98,1312.21,1314.41,2675617
2017-11-26,1314.41,1317.84,1308.48,1311.90,3606927
2017-11-27,1311.90,1312.85,1304.75,1305.69,1721364
2017-11-28,1305.69,1321.33,1296.41,1312.00,8105349
2017-11-29,1312.00,1312.72,1304.73,1305.45,1549005
2017-11-30,1305.45,1310.88,1300.24,1305.67,4990603
2017-12-03,1305.67,1318.64,1297.45,1310.39,7294341
2017-12-04,1310.39,1312.18,1303.67,1305.44,2361454
2017-12-05,1305.44,1306.19,1298.22,1298.97,1574657
2017-12-06,1298.97,1302.32,1293.09,1296.43,3575925
2017-12-07,1296.43,1296.92,1289.13,1289.62,1377606
2017-12-10,1289.62,1291.95,1283.29,1285.61,2806858
2017-12-11,1285.61,1301.58,1276.25,1292.17,8283436
2017-12-12,1292.17,1293.37,1285.26,1286.46,1930795
2017-12-13,1286.46,1290.34,1280.92,1284.80,4020541
2017-12-14,1284.80,1302.27,1274.84,1292.26,8750205
2017-12-17,1292.26,1305.29,1284.04,1297.05,7354355
2017-12-18,1297.05,1314.04,1287.26,1304.19,8549039
2017-12-19,1304.19,1320.48,1294.66,1310.90,8309567
2017-12-20,1310.90,1316.32,1305.68,1311.10,4981618
2017-12-21,1311.10,1314.67,1305.26,1308.83,3725685
2017-12-24,1308.83,1310.52,1302.07,1303.75,2294855
2017-12-25,1303.75,1312.95,1297.05,1306.23,6145919
2017-12-26,1306.23,1324.43,1295.93,1314.07,8883813
2017-12-27,1314.07,1315.44,1307.12,1308.48,2039403
2017-12-28,1308.48,1317.82,1301.70,1311.03,6180589
2017-12-31,1311.03,1314.12,1304.95,1308.03,3356755
2018-01-01,1308.03,1310.49,1301.65,1304.10,2876543
2018-01-02,1304.10,1320.75,1294.43,1311.02,8418964
2018-01-03,1311.02,1321.37,1303.84,1314.17,6477846
2018-01-04,1314.17,1330.02,1304.78,1320.59,8139609
2018-01-07,1320.59,1336.71,1311.09,1327.16,8194375
2018-01-08,1327.16,1334.64,1321.08,1328.55,5580418
2018-01-09,1328.55,1334.65,1323.02,1329.11,5161934
2018-01-10,1329.11,1347.49,1318.69,1337.01,8840157
2018-01-11,1337.01,1341.02,1331.24,1335.24,3997805
2018-01-14,1335.24,1341.75,1329.53,1336.03,5276851
2018-01-15,1336.03,1343.93,1329.77,1337.66,5689643
2018-01-16,1337.66,1343.46,1332.22,1338.03,5063340
2018-01-17,1338.03,1341.80,1332.13,1335.89,3817695
2018-01-18,1335.89,1337.33,1328.84,1330.27,2076165
2018-01-21,1330.27,1334.41,1324.61,1328.74,4110356
2018-01-22,1328.74,1332.88,1323.08,1327.22,4117798
2018-01-23,1327.22,1327.66,1319.72,1320.16,1333058
2018-01-24,1320.16,1324.74,1314.77,1319.35,4472187
2018-01-25,1319.35,1320.02,1312.01,1312.68,1510493
2018-01-28,1312.68,1324.08,1305.08,1316.45,6793655
2018-01-29,1316.45,1317.09,1309.11,1309.74,1482167
2018-01-30,1309.74,1322.87,1301.45,1314.55,7329115
2018-01-31,1314.55,1322.66,1308.25,1316.35,5791289
2018-02-01,1316.35,1326.72,1309.14,1319.50,6473628
2018-02-04,1319.50,1337.96,1309.06,1327.47,8906995
2018-02-05,1327.47,1328.34,1320.18,1321.05,1659293
2018-02-06,1321.05,1332.48,1313.42,1324.82,6779903
2018-02-07,1324.82,1325.58,1317.49,1318.26,1577469
2018-02-08,1318.26,1326.18,1312.02,1319.94,5731001
2018-02-11,1319.94,1327.89,1313.69,1321.63,5734327
2018-02-12,1321.63,1326.48,1316.37,1321.22,4673868
2018-02-13,1321.22,1327.87,1315.49,1322.13,5339746
2018-02-14,1322.13,1333.20,1314.64,1325.68,6670233
2018-02-15,1325.68,1332.98,1319.68,1326.97,5529526
2018-02-18,1326.97,1330.71,1321.13,1324.86,3818861
2018-02-19,1324.86,1330.14,1319.67,1324.94,4920953
2018-02-20,1324.94,1338.72,1316.36,1330.11,7477777
2018-02-21,1330.11,1334.76,1324.70,1329.35,4501680
2018-02-22,1329.35,1333.10,1323.49,1327.24,3819821
2018-02-25,1327.24,1335.62,1320.80,1329.17,5851954
2018-02-26,1329.17,1331.46,1322.59,1324.87,2721536
2018-02-27,1324.87,1336.06,1317.32,1328.49,6700171
2018-02-28,1328.49,1332.45,1322.74,1326.70,3985390
2018-03-01,1326.70,1327.78,1319.53,1320.60,1811762
2018-03-04,1320.60,1339.04,1310.17,1328.55,8895336
2018-03-05,1328.55,1334.81,1322.96,1329.21,5211419
2018-03-06,1329.21,1335.12,1323.75,1329.66,5105692
2018-03-07,1329.66,1337.68,1323.36,1331.37,5738648
2018-03-08,1331.37,1336.52,1326.20,1331.34,4863374
2018-03-11,1331.34,1346.72,1322.11,1337.45,7936659
2018-03-12,1337.45,1355.01,1327.33,1344.83,8563443
2018-03-13,1344.83,1354.76,1337.74,1347.65,6274588
2018-03-14,1347.65,1355.44,1341.40,1349.18,5637997
2018-03-15,1349.18,1354.18,1343.83,1348.82,4703052
2018-03-18,1348.82,1353.92,1343.52,1348.62,4778395
2018-03-19,1348.62,1349.35,1341.14,1341.87,1543038
2018-03-20,1341.87,1349.13,1335.84,1343.10,5490809
2018-03-21,1343.10,1346.73,1337.10,1340.73,3708127
2018-03-22,1340.73,1353.02,1332.71,1344.97,6985116
2018-03-25,1344.97,1354.84,1337.89,1347.75,6260048
2018-03-26,1347.75,1358.11,1340.48,1350.82,6397119
2018-03-27,1350.82,1351.22,1343.16,1343.56,1297565
2018-03-28,1343.56,1345.37,1336.65,1338.45,2344101
2018-03-29,1338.45,1354.73,1328.84,1345.07,8178703
2018-04-01,1345.07,1348.86,1339.14,1342.92,3813717
2018-04-02,1342.92,1348.79,1337.45,1343.32,5076303
2018-04-03,1343.32,1347.87,1337.78,1342.32,4386213
2018-04-04,1342.32,1343.49,1335.10,1336.26,1866906
2018-04-05,1336.26,1337.31,1329.01,1330.06,1789986
2018-04-08,1330.06,1340.14,1322.94,1333.00,6352983
2018-04-09,1333.00,1344.56,1325.28,1336.82,6790466
2018-04-10,1336.82,1340.59,1330.93,1334.69,3818484
2018-04-11,1334.69,1335.24,1327.20,1327.75,1412345
2018-04-12,1327.75,1336.36,1321.22,1329.82,5917729
2018-04-15,1329.82,1340.36,1322.51,1333.04,6495130
2018-04-16,1333.04,1351.66,1322.51,1341.07,8897633
2018-04-17,1341.07,1343.19,1334.33,1336.45,2582030
2018-04-18,1336.45,1342.55,1330.90,1337.00,5153257
2018-04-19,1337.00,1353.13,1327.45,1343.54,8142181
2018-04-22,1343.54,1359.67,1333.98,1350.06,8116700
2018-04-23,1350.06,1352.93,1343.65,1346.51,3126200
2018-04-24,1346.51,1348.50,1339.68,1341.66,2479320
2018-04-25,1341.66,1342.81,1334.43,1335.57,1855075
2018-04-26,1335.57,1339.24,1329.64,1333.30,3747290
2018-04-29,1333.30,1336.29,1327.05,1330.03,3242386
2018-04-30,1330.03,1332.86,1323.71,1326.54,3130486
2018-05-01,1326.54,1328.33,1319.72,1321.50,2349862
2018-05-02,1321.50,1329.56,1315.21,1323.26,5764711
2018-05-03,1323.26,1336.35,1314.95,1328.01,7276268
2018-05-06,1328.01,1329.70,1321.13,1322.81,2267249
2018-05-07,1322.81,1329.60,1317.02,1323.80,5379629
2018-05-08,1323.80,1324.63,1316.51,1317.34,1625754
2018-05-09,1317.34,1328.90,1309.66,1321.20,6832784
2018-05-10,1321.20,1328.11,1315.36,1322.27,5420473
2018-05-13,1322.27,1329.50,1316.30,1323.52,5512277
2018-05-14,1323.52,1326.67,1317.40,1320.54,3379801
2018-05-15,1320.54,1320.84,1313.01,1313.30,1220576
2018-05-16,1313.30,1322.97,1306.38,1316.03,6269170
2018-05-17,1316.03,1318.98,1309.86,1312.80,3241632
2018-05-20,1312.80,1316.89,1307.21,1311.29,4113271
2018-05-21,1311.29,1324.11,1303.12,1315.91,7229766
2018-05-22,1315.91,1316.90,1308.75,1309.74,1751611
2018-05-23,1309.74,1310.30,1302.40,1302.96,1431893
2018-05-24,1302.96,1306.52,1297.16,1300.71,3727400
2018-05-27,1300.71,1302.33,1293.95,1295.56,2243072
2018-05-28,1295.56,1300.11,1290.30,1294.84,4509773
2018-05-29,1294.84,1307.07,1286.95,1299.15,7095404
2018-05-30,1299.15,1314.53,1289.99,1305.32,8049348
2018-05-31,1305.32,1322.85,1295.30,1312.76,8680246
2018-06-03,1312.76,1317.58,1307.53,1312.35,4667112
2018-06-04,1312.35,1322.78,1305.12,1315.54,6503772
2018-06-05,1315.54,1315.91,1308.07,1308.43,1276646
2018-06-06,1308.43,1323.02,1299.57,1314.11,7775857
2018-06-07,1314.11,1332.61,1303.68,1322.12,8939677
2018-06-10,1322.12,1322.95,1314.84,1315.68,1632304
2018-06-11,1315.68,1319.30,1309.84,1313.46,3754972
2018-06-12,1313.46,1315.68,1306.93,1309.14,2690397
2018-06-13,1309.14,1314.88,1303.80,1309.54,5080555
2018-06-14,1309.54,1313.38,1303.84,1307.69,3937791
2018-06-17,1307.69,1320.01,1299.72,1312.02,7089266
2018-06-18,1312.02,1323.94,1304.21,1316.10,6954732
2018-06-19,1316.10,1319.60,1310.20,1313.69,3657647
2018-06-20,1313.69,1314.31,1306.35,1306.97,1469615
2018-06-21,1306.97,1309.04,1300.41,1302.48,2588168
2018-06-24,1302.48,1312.00,1295.64,1305.15,6247873
2018-06-25,1305.15,1311.14,1299.71,1305.71,5164780
2018-06-26,1305.71,1308.73,1299.62,1302.64,3314197
2018-06-27,1302.64,1314.76,1294.77,1306.86,7041803
2018-06-28,1306.86,1313.99,1300.97,1308.09,5508093
2018-07-01,1308.09,1312.63,1302.75,1307.28,4466152
2018-07-02,1307.28,1307.77,1299.92,1300.40,1372770
2018-07-03,1300.40,1308.56,1294.12,1302.26,5832887
2018-07-04,1302.26,1302.75,1294.93,1295.42,1377366
2018-07-05,1295.42,1312.47,1285.61,1302.60,8574108
2018-07-08,1302.60,1303.21,1295.33,1295.94,1472496
2018-07-09,1295.94,1302.60,1290.26,1296.92,5381172
2018-07-10,1296.92,1312.04,1287.86,1302.94,7979149
2018-07-11,1302.94,1306.54,1297.17,1300.76,3760253
2018-07-12,1300.76,1304.41,1295.02,1298.67,3810905
2018-07-15,1298.67,1301.17,1292.37,1294.85,2921227
2018-07-16,1294.85,1310.12,1285.75,1300.97,8029492
2018-07-17,1300.97,1316.21,1291.86,1307.06,7999897
2018-07-18,1307.06,1311.94,1301.89,1306.77,4733676
2018-07-19,1306.77,1307.57,1299.57,1300.37,1613545
2018-07-22,1300.37,1306.72,1294.80,1301.15,5281481
2018-07-23,1301.15,1318.85,1291.07,1308.71,8749828
2018-07-24,1308.71,1312.43,1302.96,1306.68,3845747
2018-07-25,1306.68,1318.66,1298.85,1310.81,6988991
2018-07-26,1310.81,1312.52,1304.04,1305.74,2303017
2018-07-29,1305.74,1307.13,1298.84,1300.22,2059430
2018-07-30,1300.22,1316.94,1290.52,1307.19,8455761
2018-07-31,1307.19,1312.06,1302.02,1306.89,4726577
2018-08-01,1306.89,1320.84,1298.28,1312.20,7587928
2018-08-02,1312.20,1317.74,1306.93,1312.47,5015123
2018-08-05,1312.47,1315.56,1306.38,1309.46,3353840
2018-08-06,1309.46,1324.02,1300.60,1315.13,7764574
2018-08-07,1315.13,1330.53,1305.92,1321.28,8000411
2018-08-08,1321.28,1321.97,1313.94,1314.62,1518141
2018-08-09,1314.62,1323.16,1308.15,1316.68,5922702
2018-08-12,1316.68,1321.61,1311.48,1316.41,4744958
2018-08-13,1316.41,1318.45,1309.78,1311.81,2552812
2018-08-14,1311.81,1318.60,1306.05,1312.83,5395644
2018-08-15,1312.83,1323.53,1305.50,1316.18,6582098
2018-08-16,1316.18,1317.22,1309.05,1310.08,1791186
2018-08-19,1310.08,1310.76,1302.80,1303.47,1516735
2018-08-20,1303.47,1321.51,1293.25,1311.23,8845164
2018-08-21,1311.23,1313.28,1304.63,1306.68,2566598
2018-08-22,1306.68,1314.17,1300.64,1308.12,5619307
2018-08-23,1308.12,1319.72,1300.45,1312.02,6867489
2018-08-26,1312.02,1328.09,1302.56,1318.58,8212379
2018-08-27,1318.58,1324.22,1313.26,1318.89,5036694
2018-08-28,1318.89,1322.83,1313.19,1317.12,3982407
2018-08-29,1317.12,1326.13,1310.45,1319.45,6061865
2018-08-30,1319.45,1322.23,1313.17,1315.93,3102229
2018-09-02,1315.93,1319.25,1309.94,1313.26,3523251
2018-09-03,1313.26,1326.82,1304.79,1318.31,7448388
2018-09-04,1318.31,1321.15,1312.07,1314.89,3149245
2018-09-05,1314.89,1333.02,1304.61,1322.67,8823353
2018-09-06,1322.67,1337.18,1313.80,1328.28,7705281
2018-09-09,1328.28,1345.54,1318.30,1335.51,8511076
2018-09-10,1335.51,1348.52,1327.21,1340.19,7216049
2018-09-11,1340.19,1341.75,1333.18,1334.73,2165877
2018-09-12,1334.73,1345.41,1327.36,1338.02,6521056
2018-09-13,1338.02,1339.40,1330.93,1332.31,2034670
2018-09-16,1332.31,1333.86,1325.34,1326.88,2163511
2018-09-17,1326.88,1344.13,1316.91,1334.11,8512517
2018-09-18,1334.11,1338.93,1328.76,1333.57,4612551
2018-09-19,1333.57,1336.28,1327.17,1329.88,3031515
2018-09-20,1329.88,1330.97,1322.69,1323.77,1818792
2018-09-23,1323.77,1325.47,1316.92,1318.61,2283024
2018-09-24,1318.61,1334.40,1309.25,1324.99,8103223
2018-09-25,1324.99,1333.10,1318.66,1326.76,5773216
2018-09-26,1326.76,1336.90,1319.63,1329.75,6379423
2018-09-27,1329.75,1334.68,1324.48,1329.41,4711968
2018-09-30,1329.41,1344.01,1320.49,1335.05,7709122
2018-10-01,1335.05,1339.37,1329.45,1333.76,4235082
2018-10-02,1333.76,1338.02,1328.13,1332.38,4191083
2018-10-03,1332.38,1335.00,1325.94,1328.55,2959842
2018-10-04,1328.55,1341.38,1320.33,1333.14,7183333
2018-10-07,1333.14,1334.30,1325.97,1327.13,1873902
2018-10-08,1327.13,1329.59,1320.64,1323.10,2858710
2018-10-09,1323.10,1325.16,1316.44,1318.49,2557510
2018-10-10,1318.49,1318.62,1310.88,1311.00,1093758
2018-10-11,1311.00,1313.28,1304.52,1306.79,2739060
2018-10-14,1306.79,1307.70,1299.64,1300.54,1690946
2018-10-15,1300.54,1306.58,1295.10,1301.14,5183984
2018-10-16,1301.14,1309.62,1294.72,1303.19,5934224
2018-10-17,1303.19,1318.19,1294.18,1309.13,7916975
2018-10-18,1309.13,1309.76,1301.83,1302.45,1477914
2018-10-21,1302.45,1316.98,1293.62,1308.11,7777537
2018-10-22,1308.11,1325.30,1298.21,1315.35,8568930
2018-10-23,1315.35,1315.76,1307.90,1308.30,1308882
2018-10-24,1308.30,1311.71,1302.40,1305.80,3602331
2018-10-25,1305.80,1317.74,1297.99,1309.91,6980144
2018-10-28,1309.91,1325.29,1300.73,1316.06,8010219
2018-10-29,1316.06,1320.98,1310.86,1315.79,4741941
2018-10-30,1315.79,1326.19,1308.57,1318.95,6483950
2018-10-31,1318.95,1337.44,1308.51,1326.94,8915260
2018-11-01,1326.94,1337.58,1319.60,1330.22,6529698
2018-11-04,1330.22,1332.10,1323.43,1325.30,2413683
2018-11-05,1325.30,1338.68,1316.87,1330.22,7357338
2018-11-06,1330.22,1334.61,1324.68,1329.06,4298936
2018-11-07,1329.06,1338.30,1322.28,1331.50,6102674
2018-11-08,1331.50,1342.65,1323.95,1335.08,6669787
2018-11-11,1335.08,1335.59,1327.56,1328.07,1382990
2018-11-12,1328.07,1333.24,1322.91,1328.08,4884259
2018-11-13,1328.08,1329.66,1321.15,1322.71,2185939
2018-11-14,1322.71,1322.87,1315.09,1315.25,1115192
2018-11-15,1315.25,1316.68,1308.31,1309.74,2091769
2018-11-18,1309.74,1316.00,1304.19,1310.45,5239128
2018-11-19,1310.45,1321.94,1302.81,1314.28,6828875
2018-11-20,1314.28,1314.36,1306.67,1306.75,1058539
2018-11-21,1306.75,1309.57,1300.56,1303.38,3162688
2018-11-22,1303.38,1311.63,1297.05,1305.29,5857373
2018-11-25,1305.29,1311.13,1299.92,1305.76,5117901
2018-11-26,1305.76,1318.72,1297.54,1310.48,7289951
2018-11-27,1310.48,1311.18,1303.20,1303.90,1534019
2018-11-28,1303.90,1304.69,1296.71,1297.49,1603189
2018-11-29,1297.49,1302.77,1292.36,1297.64,4954252
2018-12-02,1297.64,1303.69,1292.20,1298.24,5192146
2018-12-03,1298.24,1299.34,1291.24,1292.34,1847736
2018-12-04,1292.34,1305.81,1283.95,1297.40,7488923
2018-12-05,1297.40,1301.50,1291.90,1296.00,4165089
2018-12-06,1296.00,1296.24,1288.58,1288.82,1184876
2018-12-09,1288.82,1290.40,1282.12,1283.69,2227297
2018-12-10,1283.69,1284.70,1276.73,1277.74,1786179
2018-12-11,1277.74,1280.22,1271.55,1274.03,2947942
2018-12-12,1274.03,1290.57,1264.47,1280.96,8502709
2018-12-13,1280.96,1281.45,1273.75,1274.25,1388751
2018-12-16,1274.25,1276.12,1267.78,1269.64,2470267
2018-12-17,1269.64,1277.01,1263.74,1271.11,5648491
2018-12-18,1271.11,1280.58,1264.36,1273.82,6306138
2018-12-19,1273.82,1276.48,1267.75,1270.40,3085185
2018-12-20,1270.40,1275.70,1265.32,1270.62,4997976
2018-12-23,1270.62,1274.27,1265.05,1268.70,3871673
2018-12-24,1268.70,1283.96,1259.66,1274.88,8126028
2018-12-25,1274.88,1276.00,1268.02,1269.15,1884499
2018-12-26,1269.15,1275.79,1263.54,1270.17,5418689
2018-12-27,1270.17,1275.25,1265.19,1270.26,4926131
2018-12-30,1270.26,1283.99,1261.82,1275.52,7641392
2018-12-31,1275.52,1284.95,1268.79,1278.20,6280521
2019-01-01,1278.20,1283.08,1273.20,1278.08,4818827
2019-01-02,1278.08,1278.85,1271.03,1271.80,1601989
2019-01-03,1271.80,1272.81,1264.91,1265.91,1790500
2019-01-06,1265.91,1268.61,1259.90,1262.60,3137448
2019-01-07,1262.60,1265.25,1256.58,1259.23,3099622
2019-01-08,1259.23,1262.10,1253.34,1256.21,3281961
2019-01-09,1256.21,1258.99,1250.29,1253.07,3215329
2019-01-10,1253.07,1266.07,1244.97,1257.93,7467626
2019-01-13,1257.93,1266.63,1251.53,1260.21,6088237
2019-01-14,1260.21,1276.20,1250.91,1266.84,8385802
2019-01-15,1266.84,1268.16,1260.13,1261.44,2039334
2019-01-16,1261.44,1268.43,1255.71,1262.70,5542661
2019-01-17,1262.70,1271.09,1256.41,1264.78,5982201
2019-01-20,1264.78,1273.71,1258.27,1267.19,6148079
2019-01-21,1267.19,1272.42,1262.15,1267.38,4978566
2019-01-22,1267.38,1280.11,1259.35,1272.05,7337860
2019-01-23,1272.05,1284.16,1264.26,1276.34,7127194
2019-01-24,1276.34,1290.42,1267.75,1281.79,7729286
2019-01-27,1281.79,1296.12,1273.09,1287.38,7786111
2019-01-28,1287.38,1303.46,1277.97,1294.00,8310013
2019-01-29,1294.00,1294.17,1286.56,1286.72,1128155
2019-01-30,1286.72,1288.86,1280.31,1282.44,2660288
2019-01-31,1282.44,1287.90,1277.27,1282.73,5029869
2019-02-03,1282.73,1287.23,1277.51,1282.01,4508504
2019-02-04,1282.01,1284.95,1276.03,1278.96,3293724
2019-02-05,1278.96,1295.94,1269.21,1286.14,8620096
2019-02-06,1286.14,1292.17,1280.73,1286.76,5203669
2019-02-07,1286.76,1292.20,1281.59,1287.03,5019753
2019-02-10,1287.03,1296.98,1280.06,1289.99,6414026
2019-02-11,1289.99,1300.39,1282.84,1293.22,6546982
2019-02-12,1293.22,1296.03,1287.10,1289.90,3171707
2019-02-13,1289.90,1290.86,1282.88,1283.84,1744993
2019-02-14,1283.84,1287.52,1278.21,1281.90,3871776
2019-02-17,1281.90,1282.00,1274.49,1274.59,1082921
2019-02-18,1274.59,1282.95,1268.29,1276.63,5946330
2019-02-19,1276.63,1293.23,1267.04,1283.59,8511385
2019-02-20,1283.59,1284.98,1276.82,1278.21,2086728
2019-02-21,1278.21,1287.89,1271.37,1281.03,6351371
2019-02-24,1281.03,1295.39,1272.32,1286.64,7799142
2019-02-25,1286.64,1287.30,1279.49,1280.15,1516460
2019-02-26,1280.15,1289.65,1273.37,1282.86,6293449
2019-02-27,1282.86,1288.45,1277.64,1283.22,5068381
2019-02-28,1283.22,1285.41,1276.86,1279.04,2705452
2019-03-03,1279.04,1279.17,1271.66,1271.80,1105898
2019-03-04,1271.80,1275.17,1266.09,1269.46,3652434
2019-03-05,1269.46,1287.48,1259.32,1277.28,8987037
2019-03-06,1277.28,1278.71,1270.57,1271.99,2122050
2019-03-07,1271.99,1283.33,1264.51,1275.82,6884636
2019-03-10,1275.82,1289.78,1267.28,1281.20,7694547
2019-03-11,1281.20,1285.91,1276.10,1280.81,4675240
2019-03-12,1280.81,1282.22,1274.07,1275.47,2098319
2019-03-13,1275.47,1276.95,1268.79,1270.26,2161316
2019-03-14,1270.26,1274.20,1264.84,1268.78,4098799
2019-03-17,1268.78,1285.64,1259.10,1275.91,8626817
2019-03-18,1275.91,1279.38,1270.22,1273.69,3720679
2019-03-19,1273.69,1277.16,1268.02,1271.48,3726063
2019-03-20,1271.48,1279.36,1265.38,1273.25,5803463
2019-03-21,1273.25,1287.22,1264.71,1278.64,7705967
2019-03-24,1278.64,1290.05,1271.11,1282.50,6890363
2019-03-25,1282.50,1287.74,1277.42,1282.66,4961591
2019-03-26,1282.66,1283.23,1275.48,1276.06,1450514
2019-03-27,1276.06,1293.97,1265.94,1283.80,8925034
2019-03-28,1283.80,1284.36,1276.61,1277.16,1434533
2019-03-31,1277.16,1281.36,1271.83,1276.03,4287654
2019-04-01,1276.03,1281.89,1270.72,1276.57,5163408
2019-04-02,1276.57,1286.89,1269.48,1279.78,6555624
2019-04-03,1279.78,1283.05,1273.97,1277.23,3550720
2019-04-04,1277.23,1288.78,1269.64,1281.17,6938820
2019-04-07,1281.17,1295.08,1272.64,1286.51,7658196
2019-04-08,1286.51,1288.54,1280.04,1282.06,2573045
2019-04-09,1282.06,1282.81,1274.98,1275.72,1584602
2019-04-10,1275.72,1290.91,1266.70,1281.84,8075582
2019-04-11,1281.84,1286.57,1276.74,1281.47,4687962
2019-04-14,1281.47,1297.88,1271.94,1288.30,8434087
2019-04-15,1288.30,1291.06,1282.19,1284.94,3141117
2019-04-16,1284.94,1291.05,1279.51,1285.61,5228806
2019-04-17,1285.61,1296.86,1278.13,1289.35,6820610
2019-04-18,1289.35,1293.47,1283.91,1288.02,4188134
2019-04-21,1288.02,1301.58,1279.61,1293.13,7528909
2019-04-22,1293.13,1308.53,1283.98,1299.34,8077503
2019-04-23,1299.34,1309.82,1292.13,1302.59,6549965
2019-04-24,1302.59,1314.32,1294.88,1306.58,6921604
2019-04-25,1306.58,1320.37,1298.04,1311.79,7538100
2019-04-28,1311.79,1319.12,1305.81,1313.13,5559945
2019-04-29,1313.13,1324.35,1305.59,1316.79,6740226
2019-04-30,1316.79,1333.99,1306.87,1324.01,8535733
2019-05-01,1324.01,1328.71,1318.66,1323.36,4551406
2019-05-02,1323.36,1325.10,1316.54,1318.27,2318106
2019-05-05,1318.27,1328.43,1311.15,1321.29,6403737
2019-05-06,1321.29,1332.97,1313.55,1325.21,6857681
2019-05-07,1325.21,1330.71,1319.92,1325.42,4988580
2019-05-08,1325.42,1330.03,1320.02,1324.62,4475445
2019-05-09,1324.62,1339.51,1315.60,1330.44,7812105
2019-05-12,1330.44,1331.89,1323.43,1324.87,2084979
2019-05-13,1324.87,1334.01,1318.13,1327.26,6084190
2019-05-14,1327.26,1329.58,1320.70,1323.02,2748010
2019-05-15,1323.02,1328.35,1317.80,1323.14,4940637
2019-05-16,1323.14,1333.86,1315.77,1326.48,6563305
2019-05-19,1326.48,1329.13,1320.09,1322.73,2998731
2019-05-20,1322.73,1341.19,1312.30,1330.69,8888888
2019-05-21,1330.69,1331.02,1323.11,1323.43,1246124
2019-05-22,1323.43,1327.27,1317.65,1321.48,3897599
2019-05-23,1321.48,1321.83,1313.97,1314.31,1263065
2019-05-26,1314.31,1314.93,1306.97,1307.58,1465980
2019-05-27,1307.58,1325.46,1297.41,1315.23,8777949
2019-05-28,1315.23,1315.75,1307.84,1308.36,1396502
2019-05-29,1308.36,1310.39,1301.77,1303.80,2556207
2019-05-30,1303.80,1309.16,1298.62,1303.98,4973113
2019-06-02,1303.98,1308.70,1298.75,1303.47,4622530
2019-06-03,1303.47,1318.25,1294.55,1309.28,7850137
2019-06-04,1309.28,1312.97,1303.51,1307.19,3816426
2019-06-05,1307.19,1316.84,1300.30,1309.93,6274485
2019-06-06,1309.93,1314.75,1304.72,1309.54,4681104
2019-06-09,1309.54,1326.99,1299.53,1316.92,8641220
2019-06-10,1316.92,1317.83,1309.72,1310.61,1685699
2019-06-11,1310.61,1315.05,1305.21,1309.64,4382441
2019-06-12,1309.64,1320.96,1302.07,1313.37,6780829
2019-06-13,1313.37,1314.93,1306.51,1308.07,2189506
2019-06-16,1308.07,1309.75,1301.31,1302.98,2287482
2019-06-17,1302.98,1303.72,1295.77,1296.51,1568587
2019-06-18,1296.51,1299.26,1290.35,1293.09,3119238
2019-06-19,1293.09,1294.03,1286.04,1286.98,1729561
2019-06-20,1286.98,1291.27,1281.64,1285.93,4337825
2019-06-23,1285.93,1300.37,1277.17,1291.58,7808230
2019-06-24,1291.58,1300.35,1285.07,1293.83,6042009
2019-06-25,1293.83,1295.67,1287.23,1289.06,2421879
2019-06-26,1289.06,1292.40,1283.23,1286.56,3589814
2019-06-27,1286.56,1288.57,1280.09,1282.08,2558161
2019-06-30,1282.08,1294.37,1274.19,1286.46,7154080
2019-07-01,1286.46,1287.48,1279.49,1280.51,1797325
2019-07-02,1280.51,1282.57,1274.09,1276.15,2611351
2019-07-03,1276.15,1284.26,1269.94,1278.04,5867764
2019-07-04,1278.04,1285.83,1271.95,1279.74,5764094
2019-07-07,1279.74,1280.42,1272.63,1273.31,1534910
2019-07-08,1273.31,1274.46,1266.48,1267.62,1896262
2019-07-09,1267.62,1269.93,1261.40,1263.71,2823456
2019-07-10,1263.71,1265.81,1257.41,1259.50,2662174
2019-07-11,1259.50,1269.74,1252.48,1262.70,6572908
2019-07-14,1262.70,1266.88,1257.44,1261.62,4308744
2019-07-15,1261.62,1262.03,1254.48,1254.89,1326474
2019-07-16,1254.89,1267.17,1247.07,1259.32,7231035
2019-07-17,1259.32,1266.33,1253.58,1260.59,5553292
2019-07-18,1260.59,1278.09,1250.68,1268.12,8861145
2019-07-21,1268.12,1280.43,1260.25,1272.54,7203978
2019-07-22,1272.54,1273.67,1265.70,1266.83,1890432
2019-07-23,1266.83,1271.39,1261.74,1266.30,4599519
2019-07-24,1266.30,1267.34,1259.46,1260.50,1825068
2019-07-25,1260.50,1265.10,1255.46,1260.07,4653497
2019-07-28,1260.07,1274.43,1251.41,1265.73,7874931
2019-07-29,1265.73,1267.54,1259.27,1261.07,2427640
2019-07-30,1261.07,1261.30,1253.85,1254.07,1175823
2019-07-31,1254.07,1262.52,1247.77,1256.21,6020713
2019-08-01,1256.21,1260.41,1251.01,1255.20,4345027
2019-08-04,1255.20,1257.45,1249.03,1251.27,2790740
2019-08-05,1251.27,1252.99,1244.85,1246.56,2370198
2019-08-06,1246.56,1248.94,1240.50,1242.88,2910562
2019-08-07,1242.88,1247.64,1238.03,1242.79,4831584
2019-08-08,1242.79,1258.15,1233.77,1249.08,8256721
2019-08-11,1249.08,1249.65,1242.10,1242.67,1457578
2019-08-12,1242.67,1244.70,1236.46,1238.48,2631687
2019-08-13,1238.48,1240.97,1232.52,1235.01,3013614
2019-08-14,1235.01,1237.88,1229.26,1232.12,3319410
2019-08-15,1232.12,1245.08,1224.08,1237.01,7524382
2019-08-18,1237.01,1245.20,1230.85,1239.04,5974211
2019-08-19,1239.04,1242.54,1233.59,1237.09,3829389
2019-08-20,1237.09,1247.98,1229.86,1240.73,6843004
2019-08-21,1240.73,1245.04,1235.66,1239.97,4471844
2019-08-22,1239.97,1249.26,1233.37,1242.65,6320850
2019-08-25,1242.65,1246.28,1237.24,1240.86,3920884
2019-08-26,1240.86,1241.90,1234.16,1235.20,1839849
2019-08-27,1235.20,1243.86,1228.87,1237.51,6127126
2019-08-28,1237.51,1238.86,1230.99,1232.34,2091358
2019-08-29,1232.34,1232.84,1225.42,1225.92,1411556
2019-09-01,1225.92,1235.91,1219.08,1229.05,6581550
2019-09-02,1229.05,1233.59,1224.17,1228.70,4687757
2019-09-03,1228.70,1238.52,1221.92,1231.72,6520301
2019-09-04,1231.72,1234.21,1225.80,1228.28,3017455
2019-09-05,1228.28,1239.71,1220.86,1232.27,7043415
2019-09-08,1232.27,1236.58,1227.25,1231.56,4499417
2019-09-09,1231.56,1242.18,1224.46,1235.05,6768175
2019-09-10,1235.05,1239.36,1230.02,1234.33,4491666
2019-09-11,1234.33,1244.70,1227.32,1237.67,6682235
2019-09-12,1237.67,1243.36,1232.51,1238.20,5167043
2019-09-15,1238.20,1253.84,1229.08,1244.68,8365843
2019-09-16,1244.68,1260.51,1235.46,1251.25,8402091
2019-09-17,1251.25,1251.94,1244.32,1245.00,1547393
2019-09-18,1245.00,1253.32,1238.77,1247.09,5999279
2019-09-19,1247.09,1252.28,1242.11,1247.30,4992318
2019-09-22,1247.30,1259.53,1239.51,1251.72,7242558
2019-09-23,1251.72,1268.66,1242.05,1258.94,8725308
2019-09-24,1258.94,1273.01,1250.39,1264.43,7786248
2019-09-25,1264.43,1265.17,1257.44,1258.18,1585871
2019-09-26,1258.18,1261.80,1252.67,1256.29,3877263
2019-09-29,1256.29,1260.20,1250.94,1254.85,4117215
2019-09-30,1254.85,1258.50,1249.38,1253.02,3910665
2019-10-01,1253.02,1255.26,1246.86,1249.09,2788477
2019-10-02,1249.09,1255.31,1243.70,1249.91,5318552
2019-10-03,1249.91,1250.60,1242.99,1243.67,1550274
2019-10-06,1243.67,1260.72,1233.98,1250.97,8792283
2019-10-07,1250.97,1261.61,1243.81,1254.43,6723593
2019-10-08,1254.43,1262.31,1248.36,1256.23,5838031
2019-10-09,1256.23,1256.51,1249.06,1249.34,1222016
2019-10-10,1249.34,1252.67,1243.74,1247.06,3665672
2019-10-13,1247.06,1250.94,1241.75,1245.62,4107270
2019-10-14,1245.62,1258.36,1237.63,1250.35,7411008
2019-10-15,1250.35,1263.35,1242.25,1255.22,7478120
2019-10-16,1255.22,1268.95,1246.82,1260.51,7691323
2019-10-17,1260.51,1271.14,1253.34,1263.94,6692592
2019-10-20,1263.94,1270.79,1258.26,1265.10,5494272
2019-10-21,1265.10,1268.80,1259.60,1263.29,3923525
2019-10-22,1263.29,1265.06,1256.83,1258.59,2400102
2019-10-23,1258.59,1258.65,1251.30,1251.36,1047462
2019-10-24,1251.36,1255.28,1246.04,1249.96,4137208
2019-10-27,1249.96,1257.90,1243.88,1251.81,5866872
2019-10-28,1251.81,1258.52,1246.21,1252.92,5471021
2019-10-29,1252.92,1256.26,1247.31,1250.64,3665706
2019-10-30,1250.64,1254.92,1245.51,1249.79,4426234
2019-10-31,1249.79,1258.46,1243.42,1252.07,6098285
2019-11-03,1252.07,1259.95,1246.01,1253.88,5842352
2019-11-04,1253.88,1254.39,1246.84,1247.36,1411522
2019-11-05,1247.36,1256.52,1240.79,1249.94,6262585
2019-11-06,1249.94,1258.30,1243.69,1252.04,6000480
2019-11-07,1252.04,1267.20,1243.08,1258.20,8156069
2019-11-10,1258.20,1258.57,1251.06,1251.43,1297256
2019-11-11,1251.43,1264.43,1243.33,1256.30,7473422
2019-11-12,1256.30,1260.06,1250.88,1254.63,3993209
2019-11-13,1254.63,1256.56,1248.30,1250.22,2535631
2019-11-14,1250.22,1257.31,1244.48,1251.56,5594513
2019-11-17,1251.56,1267.03,1242.48,1257.90,8256275
2019-11-18,1257.90,1264.14,1252.47,1258.71,5311042
2019-11-19,1258.71,1262.11,1253.09,1256.48,3697085
2019-11-20,1256.48,1272.07,1247.33,1262.88,8278600
2019-11-21,1262.88,1268.03,1257.89,1263.03,4956824
2019-11-24,1263.03,1268.67,1257.83,1263.47,5114471
2019-11-25,1263.47,1276.34,1255.39,1268.24,7393518
2019-11-26,1268.24,1273.06,1263.27,1268.10,4806310
2019-11-27,1268.10,1273.97,1262.80,1268.67,5180006
2019-11-28,1268.67,1286.51,1258.60,1276.38,8934362
2019-12-01,1276.38,1291.95,1267.20,1282.72,8192832
2019-12-02,1282.72,1295.26,1274.74,1287.24,7227023
2019-12-03,1287.24,1303.08,1277.93,1293.72,8234465
2019-12-04,1293.72,1295.59,1287.13,1289.00,2449725
2019-12-05,1289.00,1299.53,1281.80,1292.31,6588854
2019-12-08,1292.31,1309.48,1282.45,1299.57,8627160
2019-12-09,1299.57,1311.23,1291.89,1303.53,6910322
2019-12-10,1303.53,1314.21,1296.23,1306.89,6598834
2019-12-11,1306.89,1313.81,1301.08,1308.00,5445781
2019-12-12,1308.00,1326.31,1297.65,1315.90,8907956
2019-12-15,1315.90,1317.99,1309.29,1311.38,2590294
2019-12-16,1311.38,1312.72,1304.43,1305.76,2023662
2019-12-17,1305.76,1309.39,1299.98,1303.60,3775960
2019-12-18,1303.60,1311.98,1297.22,1305.59,5896570
2019-12-19,1305.59,1306.49,1298.45,1299.35,1694135
2019-12-22,1299.35,1301.75,1292.99,1295.39,2847668
2019-12-23,1295.39,1299.08,1289.70,1293.39,3850994
2019-12-24,1293.39,1307.86,1284.60,1299.03,7790534
2019-12-25,1299.03,1299.63,1291.77,1292.36,1456412
2019-12-26,1292.36,1306.81,1283.59,1298.00,7786899
2019-12-29,1298.00,1312.05,1289.37,1303.38,7646193
2019-12-30,1303.38,1305.91,1297.07,1299.58,2935528
2019-12-31,1299.58,1305.14,1294.34,1299.89,5037620
2020-01-01,1299.89,1304.56,1294.66,1299.33,4594444
2020-01-02,1299.33,1301.44,1292.83,1294.93,2618347
2020-01-05,1294.93,1306.63,1287.24,1298.92,6936488
2020-01-06,1298.92,1300.18,1291.99,1293.25,1968621
2020-01-07,1293.25,1296.92,1287.56,1291.23,3838203
2020-01-08,1291.23,1309.00,1281.13,1298.85,8816838
2020-01-09,1298.85,1301.58,1292.66,1295.39,3102057
2020-01-12,1295.39,1296.59,1288.45,1289.65,1928429
2020-01-13,1289.65,1298.32,1283.19,1291.84,6012002
2020-01-14,1291.84,1294.85,1285.83,1288.83,3328086
2020-01-15,1288.83,1304.65,1279.53,1295.30,8222359
2020-01-16,1295.30,1296.40,1288.32,1289.42,1855315
2020-01-19,1289.42,1297.98,1283.00,1291.55,5980041
2020-01-20,1291.55,1292.91,1284.72,1286.07,2053326
2020-01-21,1286.07,1300.10,1277.48,1291.47,7680109
2020-01-22,1291.47,1301.38,1284.51,1294.40,6391255
2020-01-23,1294.40,1296.67,1288.01,1290.27,2754663
2020-01-26,1290.27,1292.62,1283.95,1286.29,2819718
2020-01-27,1286.29,1301.01,1277.42,1292.10,7895061
2020-01-28,1292.10,1299.64,1286.08,1293.61,5659705
2020-01-29,1293.61,1304.24,1286.36,1296.97,6607475
2020-01-30,1296.97,1305.07,1290.71,1298.80,5824794
2020-02-02,1298.80,1307.82,1292.18,1301.19,6101783
2020-02-03,1301.19,1311.12,1294.19,1304.11,6376714
2020-02-04,1304.11,1307.38,1298.16,1301.43,3513786
2020-02-05,1301.43,1314.76,1293.09,1306.38,7414231
2020-02-06,1306.38,1313.35,1300.55,1307.52,5460768
2020-02-09,1307.52,1311.83,1302.07,1306.37,4295370
2020-02-10,1306.37,1311.61,1301.24,1306.47,4930384
2020-02-11,1306.47,1319.12,1298.38,1311.00,7192969
2020-02-12,1311.00,1314.29,1305.02,1308.30,3502880
2020-02-13,1308.30,1309.58,1301.33,1302.61,1983573
2020-02-16,1302.61,1314.29,1294.92,1306.57,6906652
2020-02-17,1306.57,1311.11,1301.24,1305.77,4469650
2020-02-18,1305.77,1306.95,1298.77,1299.94,1907133
2020-02-19,1299.94,1314.96,1290.93,1305.90,7935150
2020-02-20,1305.90,1307.90,1299.31,1301.30,2529012
2020-02-23,1301.30,1316.65,1292.14,1307.45,8034396
2020-02-24,1307.45,1314.93,1301.42,1308.89,5611796
2020-02-25,1308.89,1308.91,1301.28,1301.30,1014300
2020-02-26,1301.30,1315.56,1292.58,1306.80,7698696
2020-02-27,1306.80,1309.77,1300.69,1303.65,3269924
2020-03-01,1303.65,1306.59,1297.54,1300.48,3258847
2020-03-02,1300.48,1304.68,1295.01,1299.21,4233367
2020-03-03,1299.21,1303.43,1293.76,1297.97,4242866
2020-03-04,1297.97,1302.64,1292.75,1297.42,4595987
2020-03-05,1297.42,1315.79,1287.08,1305.38,8971742
2020-03-08,1305.38,1309.12,1299.66,1303.39,3863957
2020-03-09,1303.39,1319.84,1293.80,1310.19,8359053
2020-03-10,1310.19,1310.52,1302.73,1303.06,1247153
2020-03-11,1303.06,1310.03,1297.23,1304.20,5466529
2020-03-12,1304.20,1305.35,1297.19,1298.34,1881378
2020-03-15,1298.34,1314.83,1288.74,1305.18,8392935
2020-03-16,1305.18,1309.59,1299.79,1304.21,4383916
2020-03-17,1304.21,1308.77,1298.90,1303.45,4496296
2020-03-18,1303.45,1304.42,1296.36,1297.32,1742421
2020-03-19,1297.32,1301.15,1291.69,1295.51,3949451
2020-03-22,1295.51,1298.80,1289.62,1292.90,3537139
2020-03-23,1292.90,1310.09,1283.04,1300.17,8628943
2020-03-24,1300.17,1313.75,1291.72,1305.27,7496467
2020-03-25,1305.27,1307.02,1298.56,1300.29,2337242
2020-03-26,1300.29,1316.79,1290.69,1307.13,8385836
2020-03-29,1307.13,1308.91,1300.42,1302.19,2358299
2020-03-30,1302.19,1306.39,1296.72,1300.92,4229938
2020-03-31,1300.92,1305.27,1295.53,1299.88,4346433
2020-04-01,1299.88,1314.67,1290.95,1305.70,7868278
2020-04-02,1305.70,1310.34,1300.42,1305.05,4548559
2020-04-05,1305.05,1319.83,1296.12,1310.86,7844067
2020-04-06,1310.86,1313.95,1304.78,1307.87,3359739
2020-04-07,1307.87,1318.67,1300.51,1311.29,6626440
2020-04-08,1311.29,1320.76,1304.46,1313.91,6212071
2020-04-09,1313.91,1329.85,1304.50,1320.39,8166015
2020-04-12,1320.39,1328.55,1314.06,1322.21,5796913
2020-04-13,1322.21,1324.57,1315.70,1318.05,2783779
2020-04-14,1318.05,1318.87,1310.79,1311.60,1620438
2020-04-15,1311.60,1318.38,1305.84,1312.61,5393312
2020-04-16,1312.61,1330.94,1302.25,1320.52,8892524
2020-04-19,1320.52,1323.23,1314.19,1316.90,3056344
2020-04-20,1316.90,1334.81,1306.70,1324.55,8748971
2020-04-21,1324.55,1328.35,1318.74,1322.54,3871639
2020-04-22,1322.54,1337.39,1313.54,1328.35,7807064
2020-04-23,1328.35,1331.27,1322.08,1325.00,3197222
2020-04-26,1325.00,1337.37,1316.97,1329.32,7054458
2020-04-27,1329.32,1332.25,1323.05,1325.98,3205932
2020-04-28,1325.98,1341.75,1316.60,1332.33,8071399
2020-04-29,1332.33,1340.48,1325.97,1334.11,5774314
2020-04-30,1334.11,1351.71,1323.99,1341.53,8586282
2020-05-03,1341.53,1343.82,1334.87,1337.15,2704835
2020-05-04,1337.15,1340.32,1330.96,1334.11,3364540
2020-05-05,1334.11,1337.16,1327.88,1330.92,3281447
2020-05-06,1330.92,1341.26,1323.69,1334.01,6430864
2020-05-07,1334.01,1336.89,1327.69,1330.57,3158470
2020-05-10,1330.57,1341.55,1323.08,1334.05,6624759
2020-05-11,1334.05,1344.92,1326.60,1337.46,6582818
2020-05-12,1337.46,1354.77,1327.44,1344.70,8489437
2020-05-13,1344.70,1353.52,1338.04,1346.86,5949554
2020-05-14,1346.86,1357.53,1339.46,1350.12,6494032
2020-05-17,1350.12,1361.49,1342.43,1353.78,6690775
2020-05-18,1353.78,1358.64,1348.34,1353.19,4589163
2020-05-19,1353.19,1353.87,1345.66,1346.33,1497839
2020-05-20,1346.33,1346.46,1338.56,1338.69,1095816
2020-05-21,1338.69,1347.23,1332.16,1340.69,5876920
2020-05-24,1340.69,1343.27,1334.18,1336.76,2927572
2020-05-25,1336.76,1339.48,1330.35,1333.07,3037894
2020-05-26,1333.07,1339.13,1327.54,1333.60,5146159
2020-05-27,1333.60,1342.91,1326.78,1336.07,6116563
2020-05-28,1336.07,1351.22,1326.92,1342.03,7850342
2020-05-31,1342.03,1350.09,1335.68,1343.74,5730212
2020-06-01,1343.74,1354.07,1336.48,1346.80,6398148
2020-06-02,1346.80,1349.31,1340.22,1342.73,2866495
2020-06-03,1342.73,1345.36,1336.24,1338.87,2962414
2020-06-04,1338.87,1351.54,1330.69,1343.34,7105658
2020-06-07,1343.34,1357.11,1334.71,1348.45,7419684
2020-06-08,1348.45,1364.85,1338.78,1355.12,8176097
2020-06-09,1355.12,1358.61,1348.98,1352.46,3572427
2020-06-10,1352.46,1371.17,1341.86,1360.50,8843244
2020-06-11,1360.50,1378.85,1350.02,1368.31,8704595
2020-06-14,1368.31,1381.35,1359.92,1372.93,7131790
2020-06-15,1372.93,1374.95,1365.96,1367.97,2470507
2020-06-16,1367.97,1383.58,1358.56,1374.13,7881241
2020-06-17,1374.13,1380.28,1368.47,1374.62,5117078
2020-06-18,1374.62,1389.45,1365.50,1380.30,7634807
2020-06-21,1380.30,1380.35,1372.29,1372.34,1039368
2020-06-22,1372.34,1391.39,1361.56,1380.54,8861625
2020-06-23,1380.54,1384.23,1374.35,1378.03,3669478
2020-06-24,1378.03,1392.48,1369.06,1383.47,7512311
2020-06-25,1383.47,1391.68,1376.97,1385.17,5698765
2020-06-28,1385.17,1386.43,1377.75,1379.00,1907853
2020-06-29,1379.00,1390.41,1371.23,1382.63,6633401
2020-06-30,1382.63,1395.21,1374.38,1386.94,6961831
2020-07-01,1386.94,1395.12,1380.45,1388.61,5683264
2020-07-02,1388.61,1389.64,1381.05,1382.07,1735973
2020-07-05,1382.07,1398.20,1372.41,1388.50,7984156
2020-07-06,1388.50,1390.35,1381.35,1383.19,2329046
2020-07-07,1383.19,1387.55,1377.32,1381.68,4153360
2020-07-08,1381.68,1385.96,1375.78,1380.06,4099074
2020-07-09,1380.06,1383.07,1373.54,1376.54,3178532
2020-07-12,1376.54,1376.84,1368.68,1368.98,1218895
2020-07-13,1368.98,1380.33,1361.26,1372.59,6639917
2020-07-14,1372.59,1376.11,1366.37,1369.89,3565054
2020-07-15,1369.89,1374.36,1364.15,1368.62,4265912
2020-07-16,1368.62,1371.28,1361.99,1364.64,2940020
2020-07-19,1364.64,1376.58,1356.70,1368.62,6821947
2020-07-20,1368.62,1386.81,1358.18,1376.31,8627743
2020-07-21,1376.31,1380.90,1370.60,1375.18,4332716
2020-07-22,1375.18,1392.27,1365.17,1382.20,8282544
2020-07-23,1382.20,1383.08,1374.60,1375.48,1637722
2020-07-26,1375.48,1385.20,1368.39,1378.10,6151337
2020-07-27,1378.10,1381.24,1371.66,1374.79,3280178
2020-07-28,1374.79,1377.03,1367.92,1370.15,2629183
2020-07-29,1370.15,1373.89,1364.05,1367.79,3729218
2020-07-30,1367.79,1370.72,1361.30,1364.23,3148182
2020-08-02,1364.23,1376.56,1356.14,1368.44,6935459
2020-08-03,1368.44,1385.84,1358.31,1375.66,8399691
2020-08-04,1375.66,1378.72,1369.19,1372.24,3219890
2020-08-05,1372.24,1373.46,1364.87,1366.08,1889883
2020-08-06,1366.08,1380.35,1357.21,1371.44,7496090
2020-08-09,1371.44,1383.47,1363.45,1375.45,6828635
2020-08-10,1375.45,1387.50,1367.44,1379.47,6825788
2020-08-11,1379.47,1384.09,1373.75,1378.37,4351748
2020-08-12,1378.37,1378.80,1370.57,1370.99,1307750
2020-08-13,1370.99,1371.09,1363.06,1363.17,1076508
2020-08-16,1363.17,1364.94,1356.13,1357.89,2300000
2020-08-17,1357.89,1366.94,1351.12,1360.15,5990569
2020-08-18,1360.15,1364.20,1354.27,1358.31,3975377
2020-08-19,1358.31,1363.30,1352.90,1357.89,4674176
2020-08-20,1357.89,1374.51,1348.10,1364.67,8210425
2020-08-23,1364.67,1367.20,1358.00,1360.53,2855727
2020-08-24,1360.53,1372.39,1352.63,1364.46,6807613
2020-08-25,1364.46,1367.60,1358.10,1361.23,3300651
2020-08-26,1361.23,1361.30,1353.34,1353.41,1050891
2020-08-27,1353.41,1357.52,1347.59,1351.69,4033641
2020-08-30,1351.69,1353.85,1344.91,1347.06,2594581
2020-08-31,1347.06,1348.26,1339.83,1341.03,1894204
2020-09-01,1341.03,1355.67,1332.06,1346.67,7685596
2020-09-02,1346.67,1347.24,1339.12,1339.69,1425548
2020-09-03,1339.69,1357.81,1329.35,1347.41,8718998
2020-09-06,1347.41,1353.37,1341.89,1347.84,5096810
2020-09-07,1347.84,1350.71,1341.44,1344.30,3126886
2020-09-08,1344.30,1362.95,1333.74,1352.32,8858607
2020-09-09,1352.32,1366.80,1343.40,1357.84,7600617
2020-09-10,1357.84,1360.60,1351.33,1354.08,3031927
2020-09-13,1354.08,1361.93,1347.79,1355.63,5646364
2020-09-14,1355.63,1357.71,1348.79,1350.86,2530349
2020-09-15,1350.86,1355.55,1345.34,1350.03,4474005
2020-09-16,1350.03,1351.94,1343.14,1345.04,2415603
2020-09-17,1345.04,1345.34,1337.36,1337.66,1219341
2020-09-20,1337.66,1340.05,1331.07,1333.46,2786454
2020-09-21,1333.46,1335.46,1326.70,1328.70,2499657
2020-09-22,1328.70,1340.92,1320.72,1332.92,7000925
2020-09-23,1332.92,1333.33,1325.37,1325.77,1302606
2020-09-24,1325.77,1326.08,1318.21,1318.52,1231858
2020-09-27,1318.52,1331.34,1310.33,1323.12,7208436
2020-09-28,1323.12,1326.24,1316.99,1320.10,3355795
2020-09-29,1320.10,1321.34,1313.04,1314.28,1945541
2020-09-30,1314.28,1320.36,1308.80,1314.87,5175205
2020-10-01,1314.87,1319.18,1309.37,1313.68,4279355
2020-10-04,1313.68,1328.98,1304.52,1319.78,7974039
2020-10-05,1319.78,1324.05,1314.24,1318.50,4234567
2020-10-06,1318.50,1331.98,1310.05,1323.50,7406618
2020-10-07,1323.50,1334.51,1316.02,1327.01,6650685
2020-10-08,1327.01,1341.62,1318.10,1332.67,7719855
2020-10-11,1332.67,1348.51,1323.24,1339.05,8070919
2020-10-12,1339.05,1339.46,1331.46,1331.87,1308813
2020-10-13,1331.87,1334.49,1325.44,1328.05,2964403
2020-10-14,1328.05,1328.85,1320.72,1321.52,1605589
2020-10-15,1321.52,1324.54,1315.35,1318.35,3281755
2020-10-18,1318.35,1318.75,1310.88,1311.28,1301543
2020-10-19,1311.28,1324.47,1302.96,1316.12,7343964
2020-10-20,1316.12,1331.22,1307.04,1322.09,7902846
2020-10-21,1322.09,1331.15,1315.40,1324.44,6064609
2020-10-22,1324.44,1329.23,1319.13,1323.92,4619375
2020-10-25,1323.92,1325.92,1317.22,1319.21,2505418
2020-10-26,1319.21,1323.94,1313.90,1318.63,4586934
2020-10-27,1318.63,1323.59,1313.44,1318.40,4765157
2020-10-28,1318.40,1328.62,1311.25,1321.45,6422805
2020-10-29,1321.45,1337.60,1311.93,1328.04,8201851
2020-11-01,1328.04,1330.84,1321.72,1324.52,3114643
2020-11-02,1324.52,1336.66,1316.59,1328.71,6988340
2020-11-03,1328.71,1333.02,1323.13,1327.44,4242695
2020-11-04,1327.44,1330.09,1321.05,1323.70,3001165
2020-11-05,1323.70,1337.65,1315.05,1328.97,7535356
2020-11-08,1328.97,1333.01,1323.26,1327.30,4042798
2020-11-09,1327.30,1342.04,1318.33,1333.03,7758058
2020-11-10,1333.03,1336.23,1326.88,1330.07,3397187
2020-11-11,1330.07,1332.64,1323.62,1326.19,2935493
2020-11-12,1326.19,1331.12,1320.93,1325.86,4718655
2020-11-15,1325.86,1334.42,1319.36,1327.91,5907167
2020-11-16,1327.91,1332.23,1322.34,1326.66,4254115
2020-11-17,1326.66,1332.93,1321.07,1327.33,5216289
2020-11-18,1327.33,1329.19,1320.54,1322.39,2398628
2020-11-19,1322.39,1325.47,1316.24,1319.32,3331995
2020-11-22,1319.32,1324.05,1314.01,1318.73,4584293
2020-11-23,1318.73,1322.96,1313.18,1317.40,4204903
2020-11-24,1317.40,1320.70,1311.39,1314.68,3502469
2020-11-25,1314.68,1323.98,1307.90,1317.19,6156001
2020-11-26,1317.19,1328.18,1309.74,1320.71,6659327
2020-11-29,1320.71,1336.51,1311.33,1327.09,8098868
2020-11-30,1327.09,1333.51,1321.43,1327.85,5264746
2020-12-01,1327.85,1333.72,1322.41,1328.28,5095233
2020-12-02,1328.28,1332.87,1322.85,1327.43,4454526
2020-12-03,1327.43,1333.79,1321.80,1328.16,5243861
2020-12-06,1328.16,1330.61,1321.66,1324.10,2845953
2020-12-07,1324.10,1327.95,1318.33,1322.16,3902777
2020-12-08,1322.16,1322.73,1314.75,1315.31,1426680
2020-12-09,1315.31,1318.27,1309.14,1312.09,3244821
2020-12-10,1312.09,1313.11,1304.97,1305.98,1776954
2020-12-13,1305.98,1311.92,1300.57,1306.50,5146536
2020-12-14,1306.50,1307.32,1299.31,1300.12,1625171
2020-12-15,1300.12,1300.66,1292.83,1293.36,1410390
2020-12-16,1293.36,1296.90,1287.61,1291.14,3736762
2020-12-17,1291.14,1291.55,1283.83,1284.25,1320336
2020-12-20,1284.25,1293.28,1277.65,1286.67,6136419
2020-12-21,1286.67,1303.46,1276.98,1293.71,8530692
2020-12-22,1293.71,1301.27,1287.68,1295.23,5663648
2020-12-23,1295.23,1298.20,1289.18,1292.14,3288374
2020-12-24,1292.14,1303.58,1284.57,1295.98,6861659
2020-12-27,1295.98,1297.26,1289.09,1290.36,1988443
2020-12-28,1290.36,1294.49,1284.92,1289.04,4199588
2020-12-29,1289.04,1290.41,1282.23,1283.60,2062997
2020-12-30,1283.60,1284.40,1276.53,1277.34,1628052
2020-12-31,1277.34,1281.43,1271.95,1276.04,4203395
2021-01-03,1276.04,1282.87,1270.34,1277.16,5468038
2021-01-04,1277.16,1291.85,1268.33,1282.98,7915809
2021-01-05,1282.98,1293.60,1275.75,1286.35,6633127
2021-01-06,1286.35,1290.74,1281.06,1285.45,4410116
2021-01-07,1285.45,1301.10,1276.21,1291.82,8185048
2021-01-10,1291.82,1303.13,1284.30,1295.58,6822119
2021-01-11,1295.58,1297.17,1288.84,1290.42,2222565
2021-01-12,1290.42,1298.30,1284.27,1292.14,5769101
2021-01-13,1292.14,1307.61,1282.96,1298.39,8103703
2021-01-14,1298.39,1300.00,1291.64,1293.24,2238717
2021-01-17,1293.24,1297.13,1287.66,1291.54,4001303
2021-01-18,1291.54,1299.57,1285.33,1293.34,5811213
2021-01-19,1293.34,1307.82,1284.56,1298.99,7791906
2021-01-20,1298.99,1308.38,1292.22,1301.59,6214986
2021-01-21,1301.59,1304.56,1295.51,1298.47,3277983
2021-01-24,1298.47,1307.85,1291.69,1301.07,6215466
2021-01-25,1301.07,1315.47,1292.29,1306.66,7743484
2021-01-26,1306.66,1310.36,1300.91,1304.61,3837345
2021-01-27,1304.61,1322.66,1294.38,1312.37,8842729
2021-01-28,1312.37,1316.20,1306.65,1310.48,3920130
2021-01-31,1310.48,1312.87,1304.05,1306.43,2822633
2021-02-01,1306.43,1309.06,1300.15,1302.76,3007030
2021-02-02,1302.76,1311.73,1296.15,1305.10,6078257
2021-02-03,1305.10,1308.46,1299.19,1302.53,3567181
2021-02-04,1302.53,1317.93,1293.36,1308.71,8041700
2021-02-07,1308.71,1309.43,1301.46,1302.18,1551200
2021-02-08,1302.18,1302.70,1294.86,1295.39,1404320
2021-02-09,1295.39,1298.34,1289.33,1292.28,3280075
2021-02-10,1292.28,1293.15,1285.20,1286.06,1672290
2021-02-11,1286.06,1300.05,1277.49,1291.44,7667386
2021-02-14,1291.44,1306.75,1282.33,1297.59,8055486
2021-02-15,1297.59,1298.60,1290.55,1291.55,1774862
2021-02-16,1291.55,1292.44,1284.48,1285.37,1689711
2021-02-17,1285.37,1286.27,1278.34,1279.24,1701268
2021-02-18,1279.24,1285.20,1273.87,1279.84,5192249
2021-02-21,1279.84,1282.15,1273.55,1275.85,2804629
2021-02-22,1275.85,1279.11,1270.06,1273.31,3550754
2021-02-23,1273.31,1285.85,1265.34,1277.85,7257784
2021-02-24,1277.85,1287.50,1271.02,1280.66,6345473
2021-02-25,1280.66,1298.68,1270.49,1288.45,8937277
2021-02-28,1288.45,1291.42,1282.45,1285.41,3304801
2021-03-01,1285.41,1299.32,1276.87,1290.74,7645576
2021-03-02,1290.74,1296.76,1285.33,1291.35,5194170
2021-03-03,1291.35,1296.08,1286.20,1290.94,4666632
2021-03-04,1290.94,1292.28,1284.10,1285.43,2038271
2021-03-07,1285.43,1288.85,1279.66,1283.07,3654766
2021-03-08,1283.07,1293.83,1275.79,1286.53,6676611
2021-03-09,1286.53,1304.37,1276.42,1294.20,8856893
2021-03-10,1294.20,1308.23,1285.59,1299.58,7652400
2021-03-11,1299.58,1304.35,1294.41,1299.17,4668072
2021-03-14,1299.17,1312.54,1290.81,1304.15,7434773
2021-03-15,1304.15,1308.74,1298.86,1303.45,4520404
2021-03-16,1303.45,1304.72,1296.50,1297.77,1974348
2021-03-17,1297.77,1297.90,1290.28,1290.42,1105246
2021-03-18,1290.42,1297.73,1284.49,1291.80,5592112
2021-03-21,1291.80,1293.00,1284.88,1286.08,1928772
2021-03-22,1286.08,1286.34,1278.72,1278.98,1201646
2021-03-23,1278.98,1288.18,1272.33,1281.52,6200857
2021-03-24,1281.52,1296.09,1272.72,1287.25,7864677
2021-03-25,1287.25,1289.90,1281.09,1283.73,3057304
2021-03-28,1283.73,1284.61,1276.70,1277.57,1679972
2021-03-29,1277.57,1289.69,1269.76,1281.86,7115397
2021-03-30,1281.86,1283.14,1275.04,1276.33,2005555
2021-03-31,1276.33,1279.34,1270.41,1273.42,3362791
2021-04-01,1273.42,1275.99,1267.30,1269.86,3014266
2021-04-04,1269.86,1270.34,1262.71,1263.19,1379732
2021-04-05,1263.19,1273.49,1256.14,1266.42,6582647
2021-04-06,1266.42,1277.73,1258.95,1270.25,6894615
2021-04-07,1270.25,1274.71,1265.09,1269.55,4513168
2021-04-08,1269.55,1280.18,1262.34,1272.96,6672873
2021-04-11,1272.96,1281.76,1266.48,1275.27,6089780
2021-04-12,1275.27,1286.17,1267.95,1278.83,6739197
2021-04-13,1278.83,1290.48,1271.20,1282.83,6966803
2021-04-14,1282.83,1286.59,1277.25,1281.01,3933093
2021-04-15,1281.01,1284.07,1275.09,1278.15,3391152
2021-04-18,1278.15,1280.45,1271.86,1274.16,2797770
2021-04-19,1274.16,1277.67,1268.50,1272.01,3757887
2021-04-20,1272.01,1279.89,1265.90,1273.77,5802366
2021-04-21,1273.77,1280.69,1268.04,1274.95,5499108
2021-04-22,1274.95,1292.77,1264.88,1282.64,8897496
2021-04-25,1282.64,1283.03,1275.37,1275.76,1306172
2021-04-26,1275.76,1277.55,1269.24,1271.02,2404149
2021-04-27,1271.02,1281.71,1263.80,1274.46,6685253
2021-04-28,1274.46,1274.77,1267.20,1267.50,1235905
2021-04-29,1267.50,1272.37,1262.56,1267.43,4846227
2021-05-02,1267.43,1283.73,1257.99,1274.23,8454492
2021-05-03,1274.23,1292.12,1264.13,1281.96,8924897
2021-05-04,1281.96,1297.49,1272.78,1288.27,8158676
2021-05-05,1288.27,1288.96,1281.12,1281.81,1538545
2021-05-06,1281.81,1285.28,1276.09,1279.55,3706481
2021-05-09,1279.55,1293.49,1271.01,1284.92,7674828
2021-05-10,1284.92,1291.16,1279.43,1285.67,5270747
2021-05-11,1285.67,1290.77,1280.64,1285.74,4913991
2021-05-12,1285.74,1296.68,1278.37,1289.30,6728017
2021-05-13,1289.30,1301.11,1281.58,1293.37,6984430
2021-05-16,1293.37,1308.13,1284.47,1299.19,7880761
2021-05-17,1299.19,1316.54,1289.25,1306.54,8651577
2021-05-18,1306.54,1307.86,1299.60,1300.92,2012928
2021-05-19,1300.92,1315.96,1291.89,1306.89,7940123
2021-05-20,1306.89,1324.76,1296.73,1314.54,8778840
2021-05-23,1314.54,1315.44,1307.34,1308.25,1689574
2021-05-24,1308.25,1324.97,1298.53,1315.20,8425411
2021-05-25,1315.20,1317.10,1308.50,1310.40,2443141
2021-05-26,1310.40,1310.85,1303.00,1303.45,1347702
2021-05-27,1303.45,1308.24,1298.26,1303.04,4669958
2021-05-30,1303.04,1321.51,1292.65,1311.05,8977812
2021-05-31,1311.05,1315.40,1305.60,1309.95,4320644
2021-06-01,1309.95,1325.32,1300.77,1316.10,8007098
2021-06-02,1316.10,1330.57,1307.26,1321.69,7716186
2021-06-03,1321.69,1330.34,1315.16,1323.80,5941735
2021-06-06,1323.80,1331.89,1317.49,1325.57,5770164
2021-06-07,1325.57,1326.88,1318.52,1319.82,1991598
2021-06-08,1319.82,1320.54,1312.51,1313.22,1544307
2021-06-09,1313.22,1313.60,1305.77,1306.15,1292489
2021-06-10,1306.15,1308.95,1299.96,1302.74,3137379
2021-06-13,1302.74,1304.64,1296.12,1298.01,2461694
2021-06-14,1298.01,1306.39,1291.64,1300.01,5907407
2021-06-15,1300.01,1310.30,1292.88,1303.15,6486865
2021-06-16,1303.15,1307.09,1297.54,1301.48,4027229
2021-06-17,1301.48,1313.28,1293.74,1305.52,6948251
2021-06-20,1305.52,1318.75,1297.20,1310.40,7373388
2021-06-21,1310.40,1311.15,1303.15,1303.90,1574245
2021-06-22,1303.90,1318.35,1295.10,1309.51,7748353
2021-06-23,1309.51,1309.68,1301.98,1302.15,1130281
2021-06-24,1302.15,1312.28,1295.07,1305.19,6436076
2021-06-27,1305.19,1308.63,1299.32,1302.76,3641049
2021-06-28,1302.76,1315.04,1294.83,1307.08,7090877
2021-06-29,1307.08,1315.65,1300.62,1309.17,5946056
2021-06-30,1309.17,1317.80,1302.68,1311.29,5959670
2021-07-01,1311.29,1316.00,1306.02,1310.72,4588511
2021-07-04,1310.72,1313.91,1304.70,1307.88,3437517
2021-07-05,1307.88,1309.24,1300.96,1302.31,2037551
2021-07-06,1302.31,1307.61,1297.15,1302.46,4956515
2021-07-07,1302.46,1304.08,1295.69,1297.31,2243792
2021-07-08,1297.31,1300.17,1291.19,1294.05,3208024
2021-07-11,1294.05,1297.32,1288.16,1291.43,3528223
2021-07-12,1291.43,1299.09,1285.36,1293.01,5698216
2021-07-13,1293.01,1297.93,1287.95,1292.87,4804423
2021-07-14,1292.87,1296.28,1287.05,1290.46,3636968
2021-07-15,1290.46,1290.63,1283.03,1283.21,1134122
2021-07-18,1283.21,1284.69,1276.49,1277.97,2160082
2021-07-19,1277.97,1294.92,1268.24,1285.13,8616083
2021-07-20,1285.13,1299.81,1276.28,1290.92,7884842
2021-07-21,1290.92,1301.53,1283.68,1294.27,6608333
2021-07-22,1294.27,1302.27,1288.06,1296.06,5798902
2021-07-25,1296.06,1302.40,1290.50,1296.84,5283710
2021-07-26,1296.84,1303.83,1291.03,1298.01,5482510
2021-07-27,1298.01,1308.38,1290.85,1301.20,6518758
2021-07-28,1301.20,1305.97,1296.01,1300.78,4664060
2021-07-29,1300.78,1302.23,1293.94,1295.39,2115946
2021-08-01,1295.39,1304.41,1288.77,1297.78,6108984
2021-08-02,1297.78,1298.24,1290.46,1290.92,1359224
2021-08-03,1290.92,1305.53,1282.09,1296.66,7841975
2021-08-04,1296.66,1311.53,1287.71,1302.54,7902914
2021-08-05,1302.54,1313.55,1295.11,1306.10,6702537
2021-08-08,1306.10,1307.40,1299.15,1300.44,1993930
2021-08-09,1300.44,1313.17,1292.34,1305.04,7233882
2021-08-10,1305.04,1320.41,1295.86,1311.20,8027331
2021-08-11,1311.20,1315.01,1305.48,1309.28,3905144
2021-08-12,1309.28,1322.76,1300.85,1314.30,7435219
2021-08-15,1314.30,1331.90,1304.22,1321.76,8666941
2021-08-16,1321.76,1340.27,1311.31,1329.75,8908950
2021-08-17,1329.75,1333.53,1323.91,1327.68,3840260
2021-08-18,1327.68,1331.60,1321.92,1325.83,3954698
2021-08-19,1325.83,1330.26,1320.34,1324.76,4338683
2021-08-22,1324.76,1339.55,1315.77,1330.53,7782338
2021-08-23,1330.53,1336.83,1324.91,1331.21,5223936
2021-08-24,1331.21,1331.91,1323.82,1324.52,1527674
2021-08-25,1324.52,1335.35,1317.11,1327.92,6594787
2021-08-26,1327.92,1342.84,1318.88,1333.76,7807990
2021-08-29,1333.76,1337.50,1327.87,1331.61,3809259
2021-08-30,1331.61,1335.09,1325.61,1329.08,3610939
2021-08-31,1329.08,1341.44,1321.05,1333.39,7040192
2021-09-01,1333.39,1344.03,1326.03,1336.66,6516769
2021-09-02,1336.66,1338.22,1329.67,1331.21,2164128
2021-09-05,1331.21,1340.97,1324.22,1333.96,6253875
2021-09-06,1333.96,1339.48,1328.64,1334.17,4983539
2021-09-07,1334.17,1341.71,1328.04,1335.58,5587688
2021-09-08,1335.58,1353.85,1325.19,1343.40,8782373
2021-09-09,1343.40,1345.47,1336.62,1338.69,2542901
2021-09-12,1338.69,1338.98,1331.04,1331.33,1214951
2021-09-13,1331.33,1332.61,1324.23,1325.50,1959019
2021-09-14,1325.50,1327.52,1318.80,1320.82,2528189
2021-09-15,1320.82,1337.55,1311.07,1327.75,8379252
2021-09-16,1327.75,1333.70,1322.29,1328.23,5117146
2021-09-19,1328.23,1344.70,1318.57,1334.99,8272736
2021-09-20,1334.99,1345.30,1327.76,1338.06,6413923
2021-09-21,1338.06,1345.63,1331.92,1339.48,5590089
2021-09-22,1339.48,1352.17,1331.30,1343.96,7109876
2021-09-23,1343.96,1355.15,1336.37,1347.54,6652297
2021-09-26,1347.54,1358.95,1339.84,1351.24,6711179
2021-09-27,1351.24,1353.09,1344.31,1346.16,2372942
2021-09-28,1346.16,1350.77,1340.63,1345.24,4427709
2021-09-29,1345.24,1349.03,1339.31,1343.09,3813751
2021-09-30,1343.09,1350.04,1337.19,1344.13,5395267
2021-10-03,1344.13,1346.92,1337.71,1340.49,3073491
2021-10-04,1340.49,1356.97,1330.79,1347.23,8231138
2021-10-05,1347.23,1350.61,1341.08,1344.46,3510185
2021-10-06,1344.46,1353.19,1337.84,1346.56,5922976
2021-10-07,1346.56,1359.95,1338.08,1351.44,7296673
2021-10-10,1351.44,1367.44,1341.91,1357.87,8051028
2021-10-11,1357.87,1374.83,1347.94,1364.86,8309499
2021-10-12,1364.86,1369.42,1359.20,1363.76,4343689
2021-10-13,1363.76,1374.08,1356.46,1366.77,6351131
2021-10-14,1366.77,1374.42,1360.53,1368.17,5566392
2021-10-17,1368.17,1370.51,1361.39,1363.71,2705521
2021-10-18,1363.71,1364.73,1356.29,1357.30,1743827
2021-10-19,1357.30,1357.33,1349.42,1349.45,1026989
2021-10-20,1349.45,1357.51,1343.09,1351.14,5715500
2021-10-21,1351.14,1358.70,1344.98,1352.53,5562448
2021-10-24,1352.53,1361.66,1345.73,1354.85,6024622
2021-10-25,1354.85,1373.13,1344.41,1362.63,8706961
2021-10-26,1362.63,1368.80,1356.98,1363.16,5140329
2021-10-27,1363.16,1378.76,1353.76,1369.32,7892626
2021-10-28,1369.32,1381.96,1361.08,1373.70,7013237
2021-10-31,1373.70,1377.56,1367.64,1371.50,3810802
2021-11-01,1371.50,1372.82,1364.18,1365.50,1964334
2021-11-02,1365.50,1369.55,1359.58,1363.63,3967661
2021-11-03,1363.63,1369.01,1358.30,1363.68,4907201
2021-11-04,1363.68,1378.19,1354.72,1369.19,7573079
2021-11-07,1369.19,1371.80,1362.54,1365.13,2903566
2021-11-08,1365.13,1368.91,1359.08,1362.85,3762860
2021-11-09,1362.85,1367.01,1357.00,1361.15,4052194
2021-11-10,1361.15,1374.20,1352.78,1365.80,7154286
2021-11-11,1365.80,1369.50,1359.71,1363.40,3711111
2021-11-14,1363.40,1365.77,1356.66,1359.02,2735013
2021-11-15,1359.02,1363.17,1353.19,1357.33,4053155
2021-11-16,1357.33,1373.52,1347.71,1363.86,8085288
2021-11-17,1363.86,1376.25,1355.74,1368.10,6954869
2021-11-18,1368.10,1373.59,1362.72,1368.21,4933504
2021-11-21,1368.21,1372.62,1362.45,1366.85,4218724
2021-11-22,1366.85,1371.02,1360.99,1365.14,4045096
2021-11-23,1365.14,1371.29,1359.51,1365.65,5128669
2021-11-24,1365.65,1368.99,1359.38,1362.71,3444753
2021-11-25,1362.71,1369.57,1356.80,1363.65,5339026
2021-11-28,1363.65,1379.53,1354.14,1369.97,7971982
2021-11-29,1369.97,1370.11,1362.07,1362.20,1096707
2021-11-30,1362.20,1371.89,1355.16,1364.84,6169993
2021-12-01,1364.84,1383.56,1354.19,1372.85,8796776
2021-12-02,1372.85,1390.69,1362.55,1380.33,8507921
2021-12-05,1380.33,1381.53,1372.90,1374.10,1871330
2021-12-06,1374.10,1376.76,1367.44,1370.09,2936385
2021-12-07,1370.09,1375.86,1364.59,1370.36,5011728
2021-12-08,1370.36,1374.17,1364.29,1368.09,3776371
2021-12-09,1368.09,1369.08,1360.63,1361.62,1724142
2021-12-12,1361.62,1362.90,1354.34,1355.61,1941460
2021-12-13,1355.61,1368.83,1347.18,1360.37,7218449
2021-12-14,1360.37,1377.99,1350.18,1367.74,8493381
2021-12-15,1367.74,1369.97,1360.90,1363.13,2630452
2021-12-16,1363.13,1377.49,1354.22,1368.55,7530898
2021-12-19,1368.55,1370.71,1361.67,1363.82,2577434
2021-12-20,1363.82,1365.75,1356.85,1358.77,2412037
2021-12-21,1358.77,1374.85,1349.20,1365.23,8047050
2021-12-22,1365.23,1368.38,1358.87,1362.01,3309636
2021-12-23,1362.01,1366.94,1356.55,1361.48,4619547
2021-12-26,1361.48,1365.70,1355.67,1359.89,4100240
2021-12-27,1359.89,1369.06,1353.06,1362.22,6023319
2021-12-28,1362.22,1367.10,1356.74,1361.62,4586316
2021-12-29,1361.62,1374.23,1353.42,1366.00,7023799
2021-12-30,1366.00,1375.31,1359.10,1368.40,6051817
2022-01-02,1368.40,1376.33,1362.04,1369.97,5645679
2022-01-03,1369.97,1374.29,1364.16,1368.47,4151063
2022-01-04,1368.47,1380.13,1360.63,1372.27,6728463
2022-01-05,1372.27,1375.19,1365.75,1368.67,3130967
2022-01-06,1368.67,1380.62,1360.71,1372.64,6815363
2022-01-09,1372.64,1375.92,1366.30,1369.56,3386591
2022-01-10,1369.56,1386.90,1359.46,1376.75,8375514
2022-01-11,1376.75,1378.60,1369.67,1371.52,2350034
2022-01-12,1371.52,1385.38,1362.80,1376.62,7359533
2022-01-13,1376.62,1395.21,1366.00,1384.54,8712654
2022-01-16,1384.54,1386.04,1377.24,1378.74,2088408
2022-01-17,1378.74,1387.89,1371.87,1381.01,5980624
2022-01-18,1381.01,1395.37,1372.07,1386.39,7475720
2022-01-19,1386.39,1386.90,1378.58,1379.08,1363820
2022-01-20,1379.08,1381.26,1372.15,1374.33,2583196
2022-01-23,1374.33,1390.42,1364.71,1380.76,7998045
2022-01-24,1380.76,1384.22,1374.46,1377.92,3509602
2022-01-25,1377.92,1395.79,1367.58,1385.40,8500582
2022-01-26,1385.40,1393.32,1379.01,1386.92,5612962
2022-01-27,1386.92,1390.89,1380.84,1384.80,3859087
2022-01-30,1384.80,1387.66,1378.18,1381.03,3066117
2022-01-31,1381.03,1384.70,1374.83,1378.49,3653806
2022-02-01,1378.49,1386.83,1371.95,1380.28,5745610
2022-02-02,1380.28,1388.17,1373.92,1381.80,5613134
2022-02-03,1381.80,1389.15,1375.65,1382.99,5453909
2022-02-06,1382.99,1387.83,1377.37,1382.21,4502503
2022-02-07,1382.21,1385.63,1375.88,1379.29,3474965
2022-02-08,1379.29,1389.72,1371.92,1382.33,6346604
2022-02-09,1382.33,1385.73,1375.99,1379.39,3463100
2022-02-10,1379.39,1395.49,1369.76,1385.81,7984945
2022-02-13,1385.81,1386.74,1378.21,1379.13,1665226
2022-02-14,1379.13,1388.22,1372.29,1381.37,5960733
2022-02-15,1381.37,1392.26,1373.80,1384.68,6476406
2022-02-16,1384.68,1387.09,1377.83,1380.24,2743106
2022-02-17,1380.24,1394.07,1371.50,1385.31,7328737
2022-02-20,1385.31,1387.08,1378.14,1379.91,2282681
2022-02-21,1379.91,1385.38,1374.51,1379.98,4913580
2022-02-22,1379.98,1382.60,1373.27,1375.88,2900445
2022-02-23,1375.88,1387.63,1367.99,1379.71,6737105
2022-02-24,1379.71,1383.18,1373.42,1376.88,3509979
2022-02-27,1376.88,1381.02,1370.94,1375.08,4009190
2022-02-28,1375.08,1388.33,1366.59,1379.81,7173010
2022-03-01,1379.81,1381.00,1372.38,1373.57,1865637
2022-03-02,1373.57,1382.72,1366.72,1375.85,5988305
2022-03-03,1375.85,1388.25,1367.70,1380.07,6923731
2022-03-06,1380.07,1383.27,1373.64,1376.83,3313888
2022-03-07,1376.83,1381.20,1371.01,1375.37,4171124
2022-03-08,1375.37,1375.81,1367.59,1368.03,1322599
2022-03-09,1368.03,1371.02,1361.57,1364.56,3188065
2022-03-10,1364.56,1365.77,1357.23,1358.44,1890980
2022-03-13,1358.44,1359.39,1351.01,1351.96,1702949
2022-03-14,1351.96,1357.13,1346.68,1351.85,4821502
2022-03-15,1351.85,1353.85,1344.99,1346.98,2481207
2022-03-16,1346.98,1350.21,1340.76,1343.99,3398113
2022-03-17,1343.99,1347.41,1337.88,1341.30,3547530
2022-03-20,1341.30,1341.67,1333.68,1334.05,1275137
2022-03-21,1334.05,1335.04,1326.78,1327.77,1741426
2022-03-22,1327.77,1330.02,1321.18,1323.42,2699485
2022-03-23,1323.42,1324.23,1316.13,1316.93,1606104
2022-03-24,1316.93,1332.57,1307.62,1323.22,8066220
2022-03-27,1323.22,1330.78,1317.12,1324.67,5610699
2022-03-28,1324.67,1336.21,1316.98,1328.50,6807441
2022-03-29,1328.50,1329.44,1321.24,1322.17,1705829
2022-03-30,1322.17,1336.38,1313.43,1327.60,7614506
2022-03-31,1327.60,1331.86,1322.01,1326.27,4212482
2022-04-03,1326.27,1327.59,1319.21,1320.53,1993587
2022-04-04,1320.53,1324.55,1314.86,1318.87,4044238
2022-04-05,1318.87,1324.90,1313.39,1319.41,5154561
2022-04-06,1319.41,1323.72,1313.89,1318.19,4262825
2022-04-07,1318.19,1327.78,1311.29,1320.87,6233230
2022-04-10,1320.87,1326.28,1315.63,1321.04,4967009
2022-04-11,1321.04,1324.80,1315.24,1318.99,3846879
2022-04-12,1318.99,1319.67,1311.66,1312.34,1514814
2022-04-13,1312.34,1324.35,1304.48,1316.48,6983161
2022-04-14,1316.48,1320.53,1310.84,1314.89,4079080
2022-04-17,1314.89,1315.19,1307.39,1307.68,1222325
2022-04-18,1307.68,1318.19,1300.44,1310.93,6536351
2022-04-19,1310.93,1327.25,1301.37,1317.64,8292764
2022-04-20,1317.64,1335.36,1307.51,1325.17,8689094
2022-04-21,1325.17,1337.22,1317.27,1329.30,6959910
2022-04-24,1329.30,1333.05,1323.45,1327.19,3821262
2022-04-25,1327.19,1330.18,1320.97,1323.94,3248456
2022-04-26,1323.94,1327.37,1317.96,1321.38,3587174
2022-04-27,1321.38,1322.69,1314.35,1315.66,1997908
2022-04-28,1315.66,1319.92,1310.14,1314.39,4233744
2022-05-01,1314.39,1328.96,1305.51,1320.05,7751474
2022-05-02,1320.05,1329.39,1313.24,1322.58,6156035
2022-05-03,1322.58,1334.67,1314.67,1326.74,6978292
2022-05-04,1326.74,1338.23,1319.06,1330.53,6786145
2022-05-05,1330.53,1334.03,1324.54,1328.03,3628978
2022-05-08,1328.03,1339.64,1320.31,1331.89,6815432
2022-05-09,1331.89,1335.92,1326.16,1330.18,4024519
2022-05-10,1330.18,1338.24,1323.86,1331.92,5750068
2022-05-11,1331.92,1344.43,1323.82,1336.31,7078497
2022-05-12,1336.31,1338.71,1329.74,1332.14,2799931
2022-05-15,1332.14,1347.25,1323.01,1338.08,7852640
2022-05-16,1338.08,1340.89,1331.71,1334.51,3100823
2022-05-17,1334.51,1344.93,1327.24,1337.64,6445713
2022-05-18,1337.64,1344.14,1331.93,1338.43,5270027
2022-05-19,1338.43,1348.10,1331.45,1341.11,6215740
2022-05-22,1341.11,1342.84,1334.18,1335.91,2295198
2022-05-23,1335.91,1336.36,1328.36,1328.81,1335562
2022-05-24,1328.81,1332.47,1322.91,1326.57,3756584
2022-05-25,1326.57,1327.47,1319.30,1320.20,1681721
2022-05-26,1320.20,1333.62,1311.78,1325.16,7382578
2022-05-29,1325.16,1337.54,1317.13,1329.48,7056687
2022-05-30,1329.48,1344.85,1320.26,1335.58,7938614
2022-05-31,1335.58,1337.91,1328.98,1331.31,2744410
2022-06-01,1331.31,1334.57,1325.19,1328.45,3449382
2022-06-02,1328.45,1345.34,1318.62,1335.46,8399211
2022-06-05,1335.46,1346.92,1327.78,1339.22,6754389
2022-06-06,1339.22,1343.59,1333.61,1337.99,4268004
2022-06-07,1337.99,1348.27,1330.77,1341.03,6396844
2022-06-08,1341.03,1352.51,1333.33,1344.78,6745850
2022-06-09,1344.78,1349.96,1339.54,1344.72,4845884
2022-06-12,1344.72,1351.23,1338.98,1345.49,5264849
2022-06-13,1345.49,1354.67,1338.69,1347.86,6052126
2022-06-14,1347.86,1365.40,1337.73,1355.21,8516358
2022-06-15,1355.21,1372.23,1345.27,1362.24,8336556
2022-06-16,1362.24,1378.21,1352.69,1368.62,8006550
2022-06-19,1368.62,1370.83,1361.77,1363.97,2612757
2022-06-20,1363.97,1366.62,1357.37,1360.01,2945301
2022-06-21,1360.01,1375.74,1350.57,1366.26,7942455
2022-06-22,1366.26,1377.00,1358.79,1369.51,6468415
2022-06-23,1369.51,1387.02,1359.35,1376.80,8424417
2022-06-26,1376.80,1377.06,1368.92,1369.18,1193175
2022-06-27,1369.18,1383.21,1360.40,1374.39,7416666
2022-06-28,1374.39,1378.66,1368.53,1372.80,4107235
2022-06-29,1372.80,1385.74,1364.44,1377.35,7092043
2022-06-30,1377.35,1396.23,1366.62,1385.43,8790843
2022-07-03,1385.43,1385.89,1377.60,1378.05,1327091
2022-07-04,1378.05,1383.72,1372.58,1378.24,4972393
2022-07-05,1378.24,1387.20,1371.45,1380.40,5924279
2022-07-06,1380.40,1383.74,1374.04,1377.37,3417318
2022-07-07,1377.37,1387.16,1370.25,1380.03,6167558
2022-07-10,1380.03,1381.62,1372.80,1374.38,2150308
2022-07-11,1374.38,1382.58,1367.91,1376.09,5711248
2022-07-12,1376.09,1385.34,1369.20,1378.43,6010871
2022-07-13,1378.43,1397.36,1367.67,1386.54,8802263
2022-07-14,1386.54,1390.06,1380.24,1383.76,3542215
2022-07-17,1383.76,1399.39,1374.30,1389.89,7835665
2022-07-18,1389.89,1396.45,1384.03,1390.59,5213477
2022-07-19,1390.59,1407.73,1380.51,1397.60,8243552
2022-07-20,1397.60,1410.37,1389.25,1401.99,6975274
2022-07-21,1401.99,1404.40,1395.05,1397.45,2717283
2022-07-24,1397.45,1410.82,1388.85,1402.20,7148593
2022-07-25,1402.20,1414.27,1394.12,1406.16,6763031
2022-07-26,1406.16,1411.29,1400.54,1405.67,4647016
2022-07-27,1405.67,1409.31,1399.32,1402.95,3590672
2022-07-28,1402.95,1405.10,1395.87,1398.01,2532270
2022-07-31,1398.01,1408.54,1390.55,1401.07,6336008
2022-08-01,1401.07,1420.66,1389.99,1409.52,8903120
2022-08-02,1409.52,1417.59,1403.01,1411.08,5616323
2022-08-03,1411.08,1414.07,1404.37,1407.35,3117592
2022-08-04,1407.35,1409.34,1400.16,1402.15,2419272
2022-08-07,1402.15,1405.44,1395.65,1398.93,3348525
2022-08-08,1398.93,1409.43,1391.48,1401.96,6325102
2022-08-09,1401.96,1405.43,1395.54,1399.00,3472462
2022-08-10,1399.00,1412.09,1390.52,1403.58,7062208
2022-08-11,1403.58,1406.80,1397.03,1400.24,3291872
2022-08-14,1400.24,1414.51,1391.28,1405.52,7396021
2022-08-15,1405.52,1409.87,1399.52,1403.86,4090706
2022-08-16,1403.86,1410.96,1397.75,1404.85,5351234
2022-08-17,1404.85,1405.59,1397.05,1397.78,1523285
2022-08-18,1397.78,1406.31,1391.11,1399.64,5767352
2022-08-21,1399.64,1415.46,1390.07,1405.85,7836522
2022-08-22,1405.85,1412.38,1399.96,1406.49,5187585
2022-08-23,1406.49,1420.94,1397.46,1411.86,7425480
2022-08-24,1411.86,1421.60,1404.69,1414.41,6081069
2022-08-25,1414.41,1422.88,1407.73,1416.20,5722256
2022-08-28,1416.20,1421.01,1410.36,1415.17,4398422
2022-08-29,1415.17,1418.59,1408.65,1412.07,3418209
2022-08-30,1412.07,1423.15,1404.36,1415.42,6460631
2022-08-31,1415.42,1432.07,1405.48,1422.08,8019513
2022-09-01,1422.08,1425.18,1415.37,1418.46,3181275
2022-09-04,1418.46,1420.92,1411.44,1413.90,2736042
2022-09-05,1413.90,1422.01,1407.36,1415.47,5622085
2022-09-06,1415.47,1434.56,1404.57,1423.59,8703600
2022-09-07,1423.59,1432.69,1416.64,1425.73,5881824
2022-09-08,1425.73,1444.36,1414.98,1433.56,8539471
2022-09-11,1433.56,1447.89,1424.50,1438.80,7318518
2022-09-12,1438.80,1442.01,1432.04,1435.24,3231310
2022-09-13,1435.24,1439.70,1429.12,1433.57,4105006
2022-09-14,1433.57,1435.52,1426.21,1428.15,2359362
2022-09-15,1428.15,1438.13,1420.84,1430.80,6117832
2022-09-18,1430.80,1434.60,1424.38,1428.17,3652023
2022-09-19,1428.17,1434.71,1422.23,1428.77,5159465
2022-09-20,1428.77,1430.02,1421.08,1422.33,1874725
2022-09-21,1422.33,1424.48,1415.13,1417.28,2513854
2022-09-22,1417.28,1420.19,1410.49,1413.39,3052160
2022-09-25,1413.39,1414.57,1405.76,1406.94,1835322
2022-09-26,1406.94,1411.19,1400.88,1405.13,4023834
2022-09-27,1405.13,1419.37,1396.18,1410.38,7370781
2022-09-28,1410.38,1410.85,1402.41,1402.88,1332956
2022-09-29,1402.88,1406.40,1396.48,1400.00,3515294
2022-10-02,1400.00,1407.43,1393.78,1401.20,5448662
2022-10-03,1401.20,1404.98,1394.94,1398.72,3700960
2022-10-04,1398.72,1403.37,1392.91,1397.55,4321570
2022-10-05,1397.55,1416.10,1386.90,1405.39,8619135
2022-10-06,1405.39,1409.99,1399.51,1404.11,4272668
2022-10-09,1404.11,1405.20,1396.48,1397.57,1775994
2022-10-10,1397.57,1402.06,1391.69,1396.18,4215534
2022-10-11,1396.18,1406.85,1388.66,1399.32,6381412
2022-10-12,1399.32,1412.94,1390.63,1404.22,7211899
2022-10-13,1404.22,1407.83,1397.86,1401.46,3571193
2022-10-16,1401.46,1408.58,1395.35,1402.47,5360528
2022-10-17,1402.47,1418.76,1392.70,1408.95,7962620
2022-10-18,1408.95,1410.39,1401.48,1402.91,2019444
2022-10-19,1402.91,1407.88,1397.23,1402.20,4543347
2022-10-20,1402.20,1416.37,1393.28,1407.42,7361488
2022-10-23,1407.42,1410.08,1400.57,1403.23,2893621
2022-10-24,1403.23,1417.06,1394.44,1408.24,7263203
2022-10-25,1408.24,1427.36,1397.34,1416.40,8741838
2022-10-26,1416.40,1417.15,1408.53,1409.28,1527057
2022-10-27,1409.28,1428.81,1398.21,1417.68,8853429
2022-10-30,1417.68,1432.27,1408.55,1423.11,7437002
2022-10-31,1423.11,1423.47,1415.01,1415.37,1253086
2022-11-01,1415.37,1420.53,1409.72,1414.88,4647359
2022-11-02,1414.88,1427.11,1406.70,1418.91,6780315
2022-11-03,1418.91,1426.28,1412.66,1420.03,5405041
2022-11-06,1420.03,1429.45,1412.96,1422.37,5978326
2022-11-07,1422.37,1423.94,1414.88,1416.45,2105109
2022-11-08,1416.45,1416.89,1408.43,1408.87,1316255
2022-11-09,1408.87,1426.01,1398.76,1415.85,8179663
2022-11-10,1415.85,1421.15,1410.26,1415.56,4744718
2022-11-13,1415.56,1433.28,1405.20,1422.86,8320061
2022-11-14,1422.86,1434.47,1414.92,1426.50,6584705
2022-11-15,1426.50,1427.98,1418.94,1420.41,2032475
2022-11-16,1420.41,1429.02,1413.66,1422.26,5749794
2022-11-17,1422.26,1427.28,1416.50,1421.51,4526783
2022-11-20,1421.51,1428.53,1415.39,1422.41,5301714
2022-11-21,1422.41,1428.14,1416.81,1422.53,4938786
2022-11-22,1422.53,1429.69,1416.36,1423.51,5339231
2022-11-23,1423.51,1424.78,1415.87,1417.12,1885768
2022-11-24,1417.12,1417.43,1409.03,1409.34,1220370
2022-11-27,1409.34,1414.07,1403.51,1408.23,4355384
2022-11-28,1408.23,1411.22,1401.54,1404.51,3117969
2022-11-29,1404.51,1413.65,1397.59,1406.72,5927880
2022-11-30,1406.72,1412.28,1401.22,1406.78,4908573
2022-12-01,1406.78,1411.47,1400.94,1405.62,4331652
2022-12-04,1405.62,1416.41,1398.04,1408.81,6394650
2022-12-05,1408.81,1410.69,1401.56,1403.43,2332133
2022-12-06,1403.43,1422.91,1392.40,1411.81,8860150
2022-12-07,1411.81,1421.09,1404.82,1414.08,5954012
2022-12-08,1414.08,1430.50,1404.24,1420.62,7959396
2022-12-11,1420.62,1424.93,1414.51,1418.82,4036796
2022-12-12,1418.82,1435.22,1408.97,1425.33,7939300
2022-12-13,1425.33,1425.51,1417.12,1417.30,1123696
2022-12-14,1417.30,1417.58,1409.19,1409.46,1194924
2022-12-15,1409.46,1424.85,1400.04,1415.39,7683847
2022-12-18,1415.39,1415.62,1407.27,1407.49,1158367
2022-12-19,1407.49,1411.25,1401.18,1404.93,3667866
2022-12-20,1404.93,1423.23,1394.37,1412.60,8520987
2022-12-21,1412.60,1415.99,1406.08,1409.46,3396742
2022-12-22,1409.46,1421.68,1401.30,1413.50,6788957
2022-12-25,1413.50,1422.19,1406.74,1415.41,5784053
2022-12-26,1415.41,1418.49,1408.72,1411.79,3172153
2022-12-27,1411.79,1420.85,1404.88,1413.93,5891529
2022-12-28,1413.93,1416.49,1406.99,1409.53,2806378
2022-12-29,1409.53,1413.50,1403.32,1407.29,3817935
2023-01-01,1407.29,1411.94,1401.43,1406.08,4308916
2023-01-02,1406.08,1408.78,1399.26,1401.95,2921296
2023-01-03,1401.95,1420.73,1391.20,1409.92,8667421
2023-01-04,1409.92,1417.13,1403.75,1410.96,5374451
2023-01-05,1410.96,1411.61,1403.08,1403.73,1462139
2023-01-08,1403.73,1409.79,1398.04,1404.09,5053943
2023-01-09,1404.09,1408.90,1398.33,1403.13,4421467
2023-01-10,1403.13,1404.20,1395.50,1396.57,1762242
2023-01-11,1396.57,1401.19,1390.75,1395.37,4310836
2023-01-12,1395.37,1400.65,1389.89,1395.17,4783299
2023-01-15,1395.17,1408.55,1386.58,1399.93,7154938
2023-01-16,1399.93,1401.01,1392.33,1393.40,1771433
2023-01-17,1393.40,1394.51,1385.85,1386.95,1793278
2023-01-18,1386.95,1392.66,1381.44,1387.15,4973559
2023-01-19,1387.15,1406.08,1376.37,1395.24,8769067
2023-01-22,1395.24,1407.32,1387.17,1399.23,6784739
2023-01-23,1399.23,1410.52,1391.46,1402.73,6551440
2023-01-24,1402.73,1407.84,1397.12,1402.22,4637071
2023-01-25,1402.22,1415.44,1393.68,1406.87,7091015
2023-01-26,1406.87,1420.60,1398.12,1411.82,7221913
2023-01-29,1411.82,1430.87,1400.93,1419.92,8708779
2023-01-30,1419.92,1429.58,1412.76,1422.41,6045438
2023-01-31,1422.41,1424.28,1415.07,1416.94,2318312
2023-02-01,1416.94,1434.67,1406.57,1424.25,8317524
2023-02-02,1424.25,1437.28,1415.73,1428.74,6981344
2023-02-05,1428.74,1431.84,1421.98,1425.08,3173971
2023-02-06,1425.08,1437.46,1416.82,1429.18,6796639
2023-02-07,1429.18,1435.98,1423.13,1429.93,5232064
2023-02-08,1429.93,1436.35,1424.04,1430.45,5122222
2023-02-09,1430.45,1445.33,1421.18,1436.03,7479458
2023-02-12,1436.03,1440.52,1429.92,1434.42,4130932
2023-02-13,1434.42,1438.00,1427.86,1431.44,3496399
2023-02-14,1431.44,1439.93,1424.71,1433.20,5699314
2023-02-15,1433.20,1446.42,1424.58,1437.78,7011282
2023-02-16,1437.78,1438.68,1429.87,1430.77,1629835
2023-02-19,1430.77,1436.19,1425.15,1430.58,4789540
2023-02-20,1430.58,1430.87,1422.40,1422.69,1206447
2023-02-21,1422.69,1425.33,1415.74,1418.37,2855864
2023-02-22,1418.37,1435.28,1408.33,1425.19,8083470
2023-02-23,1425.19,1434.90,1417.99,1427.69,6049759
2023-02-26,1427.69,1429.84,1420.46,1422.61,2507818
2023-02-27,1422.61,1425.33,1415.70,1418.41,2914437
2023-02-28,1418.41,1438.15,1407.25,1426.91,8874554
2023-03-01,1426.91,1431.08,1420.70,1424.86,3919032
2023-03-02,1424.86,1443.75,1414.01,1432.84,8615775
2023-03-05,1432.84,1438.88,1427.09,1433.13,5014163
2023-03-06,1433.13,1435.17,1425.82,1427.85,2422839
2023-03-07,1427.85,1432.87,1422.05,1427.08,4520816
2023-03-08,1427.08,1435.91,1420.23,1429.05,5801920
2023-03-09,1429.05,1429.56,1420.99,1421.49,1352572
2023-03-12,1421.49,1422.86,1413.91,1415.27,1962894
2023-03-13,1415.27,1426.77,1407.39,1418.86,6571159
2023-03-14,1418.86,1423.18,1412.77,1417.08,4041563
2023-03-15,1417.08,1421.72,1411.15,1415.79,4275342
2023-03-16,1415.79,1418.13,1408.73,1411.07,2655212
2023-03-19,1411.07,1419.88,1404.26,1413.06,5823148
2023-03-20,1413.06,1425.32,1404.88,1417.11,6791495
2023-03-21,1417.11,1424.41,1410.90,1418.19,5387414
2023-03-22,1418.19,1419.65,1410.68,1412.13,2030658
2023-03-23,1412.13,1417.56,1406.63,1412.06,4844684
2023-03-26,1412.06,1413.61,1404.62,1406.17,2101097
2023-03-27,1406.17,1410.39,1400.10,1404.31,3997427
2023-03-28,1404.31,1405.39,1396.68,1397.75,1768244
2023-03-29,1397.75,1402.13,1391.81,1396.18,4129595
2023-03-30,1396.18,1409.22,1387.72,1400.74,7056790
2023-04-02,1400.74,1420.30,1389.68,1409.18,8895507
2023-04-03,1409.18,1421.45,1400.99,1413.25,6806241
2023-04-04,1413.25,1424.62,1405.42,1416.77,6542078
2023-04-05,1416.77,1424.68,1410.31,1418.22,5559807
2023-04-06,1418.22,1425.80,1411.88,1419.46,5464368
2023-04-09,1419.46,1428.19,1412.67,1421.39,5786625
2023-04-10,1421.39,1424.37,1414.61,1417.58,3094478
2023-04-11,1417.58,1421.04,1411.07,1414.52,3437311
2023-04-12,1414.52,1431.52,1404.44,1421.40,8123765
2023-04-13,1421.40,1426.85,1415.85,1421.30,4832853
2023-04-16,1421.30,1425.64,1415.20,1419.55,4058401
2023-04-17,1419.55,1439.34,1408.35,1428.08,8886831
2023-04-18,1428.08,1438.02,1420.78,1430.71,6108264
2023-04-19,1430.71,1433.08,1423.58,1425.95,2660973
2023-04-20,1425.95,1429.38,1419.37,1422.80,3409156
2023-04-23,1422.80,1424.58,1415.42,1417.20,2254046
2023-04-24,1417.20,1419.43,1410.07,1412.30,2578360
2023-04-25,1412.30,1415.16,1405.52,1408.37,3024074
2023-04-26,1408.37,1413.45,1402.71,1407.79,4603532
2023-04-27,1407.79,1421.25,1399.14,1412.57,7143895
2023-04-30,1412.57,1415.49,1405.81,1408.72,3064917
2023-05-01,1408.72,1426.96,1398.17,1416.35,8490054
2023-05-02,1416.35,1420.16,1410.02,1413.82,3690912
2023-05-03,1413.82,1426.35,1405.53,1418.03,6865020
2023-05-04,1418.03,1418.38,1409.96,1410.31,1246947
2023-05-07,1410.31,1413.91,1403.91,1407.50,3552743
2023-05-08,1407.50,1408.57,1399.85,1400.91,1757716
2023-05-09,1400.91,1402.60,1393.61,1395.29,2207544
2023-05-10,1395.29,1396.77,1387.92,1389.39,2062722
2023-05-11,1389.39,1402.44,1380.95,1393.97,7076337
2023-05-14,1393.97,1405.76,1386.02,1397.79,6705178
2023-05-15,1397.79,1399.96,1390.75,1392.91,2554183
2023-05-16,1392.91,1394.52,1385.62,1387.22,2154218
2023-05-17,1387.22,1388.71,1379.89,1381.38,2073182
2023-05-18,1381.38,1398.81,1371.21,1388.59,8360459
2023-05-21,1388.59,1399.01,1381.19,1391.60,6324691
2023-05-22,1391.60,1406.65,1382.35,1397.37,7644890
2023-05-23,1397.37,1409.57,1389.24,1401.42,6814883
2023-05-24,1401.42,1414.04,1393.13,1405.71,6921090
2023-05-25,1405.71,1408.18,1398.77,1401.23,2753635
2023-05-28,1401.23,1401.58,1393.25,1393.60,1250788
2023-05-29,1393.60,1407.39,1384.86,1398.61,7276748
2023-05-30,1398.61,1410.54,1390.60,1402.50,6732750
2023-05-31,1402.50,1405.31,1395.75,1398.55,3001508
2023-06-01,1398.55,1400.96,1391.62,1394.03,2725000
2023-06-04,1394.03,1406.56,1385.78,1398.28,6915569
2023-06-05,1398.28,1412.55,1389.33,1403.57,7400377
2023-06-06,1403.57,1408.62,1397.93,1402.98,4599176
2023-06-07,1402.98,1414.60,1395.07,1406.67,6635425
2023-06-08,1406.67,1407.77,1399.04,1400.13,1780727
2023-06-11,1400.13,1417.35,1390.01,1407.17,8232613
2023-06-12,1407.17,1407.49,1399.15,1399.46,1225651
2023-06-13,1399.46,1406.98,1393.20,1400.71,5475891
2023-06-14,1400.71,1420.50,1389.56,1409.28,8958641
2023-06-15,1409.28,1410.72,1401.80,1403.24,2019581
2023-06-18,1403.24,1411.98,1396.47,1405.21,5819204
2023-06-19,1405.21,1406.77,1397.82,1399.37,2110596
2023-06-20,1399.37,1404.06,1393.58,1398.26,4350548
2023-06-21,1398.26,1408.12,1391.07,1400.91,6143998
2023-06-22,1400.91,1413.88,1392.48,1405.42,7021810
2023-06-25,1405.42,1409.00,1399.04,1402.62,3551886
2023-06-26,1402.62,1403.71,1395.01,1396.10,1783607
2023-06-27,1396.10,1398.93,1389.40,1392.22,3025617
2023-06-28,1392.22,1394.94,1385.48,1388.20,2956927
2023-06-29,1388.20,1392.47,1382.26,1386.52,4071364
2023-07-02,1386.52,1387.15,1378.77,1379.40,1455349
2023-07-03,1379.40,1388.27,1372.64,1381.50,5899005
2023-07-04,1381.50,1398.87,1371.36,1388.67,8340603
2023-07-05,1388.67,1396.72,1382.23,1390.27,5644341
2023-07-06,1390.27,1405.54,1380.94,1396.17,7711454
2023-07-09,1396.17,1397.46,1388.70,1389.98,1924657
2023-07-10,1389.98,1392.66,1383.24,1385.91,2925925
2023-07-11,1385.91,1389.69,1379.74,1383.51,3727606
2023-07-12,1383.51,1387.88,1377.65,1382.01,4156858
2023-07-13,1382.01,1387.03,1376.48,1381.50,4633436
2023-07-16,1381.50,1388.25,1375.59,1382.33,5280795
2023-07-17,1382.33,1384.23,1375.24,1377.13,2370541
2023-07-18,1377.13,1386.68,1370.10,1379.65,6100205
2023-07-19,1379.65,1394.78,1370.40,1385.49,7704355
2023-07-20,1385.49,1401.37,1375.93,1391.77,7899039
2023-07-23,1391.77,1394.08,1384.83,1387.13,2659567
2023-07-24,1387.13,1397.56,1379.74,1390.15,6331618
2023-07-25,1390.15,1406.70,1380.32,1396.82,8075685
2023-07-26,1396.82,1404.91,1390.33,1398.42,5644855
2023-07-27,1398.42,1403.31,1392.73,1397.61,4495919
2023-07-30,1397.61,1407.78,1390.30,1400.45,6233813
2023-07-31,1400.45,1402.40,1393.28,1395.22,2389403
2023-08-01,1395.22,1402.91,1388.90,1396.58,5530589
2023-08-02,1396.58,1404.89,1390.01,1398.31,5706755
2023-08-03,1398.31,1402.82,1392.43,1396.94,4226543
2023-08-06,1396.94,1402.21,1391.45,1396.71,4768964
2023-08-07,1396.71,1397.87,1389.16,1390.32,1827846
2023-08-08,1390.32,1401.32,1382.68,1393.67,6489609
2023-08-09,1393.67,1401.40,1387.34,1395.06,5544375
2023-08-10,1395.06,1404.15,1388.18,1397.26,5930418
2023-08-13,1397.26,1402.17,1391.58,1396.49,4511934
2023-08-14,1396.49,1399.55,1389.90,1392.95,3190157
2023-08-15,1392.95,1399.99,1386.89,1393.93,5347805
2023-08-16,1393.93,1394.80,1386.25,1387.12,1626851
2023-08-17,1387.12,1387.18,1379.08,1379.13,1039643
2023-08-20,1379.13,1382.46,1372.78,1376.10,3413340
2023-08-21,1376.10,1376.33,1368.21,1368.44,1167695
2023-08-22,1368.44,1370.39,1361.45,1363.40,2426165
2023-08-23,1363.40,1366.75,1357.15,1360.50,3460356
2023-08-24,1360.50,1371.19,1353.06,1363.74,6467798
2023-08-27,1363.74,1366.03,1356.95,1359.24,2683058
2023-08-28,1359.24,1377.97,1348.61,1367.28,8822187
2023-08-29,1367.28,1372.56,1361.96,1367.24,4860493
2023-08-30,1367.24,1373.45,1361.57,1367.78,5143655
2023-08-31,1367.78,1379.79,1359.80,1371.79,6832167
2023-09-03,1371.79,1386.75,1362.62,1377.54,7679115
2023-09-04,1377.54,1383.79,1371.84,1378.08,5141289
2023-09-05,1378.08,1397.08,1367.30,1386.24,8823628
2023-09-06,1386.24,1387.98,1379.05,1380.78,2256995
2023-09-07,1380.78,1390.05,1373.87,1383.12,6009293
2023-09-10,1383.12,1384.68,1375.86,1377.42,2129903
2023-09-11,1377.42,1393.30,1367.87,1383.71,7927469
2023-09-12,1383.71,1386.59,1377.11,1379.98,3081001
2023-09-13,1379.98,1389.50,1372.96,1382.47,6084327
2023-09-14,1382.47,1386.65,1376.52,1380.70,4023868
2023-09-17,1380.70,1395.79,1371.46,1386.52,7689746
2023-09-18,1386.52,1402.83,1376.78,1393.05,8020233
2023-09-19,1393.05,1394.27,1385.56,1386.78,1879526
2023-09-20,1386.78,1400.12,1378.22,1391.54,7168861
2023-09-21,1391.54,1394.70,1385.03,1388.18,3270953
2023-09-24,1388.18,1393.49,1382.76,1388.07,4827777
2023-09-25,1388.07,1393.42,1382.67,1388.01,4851680
2023-09-26,1388.01,1391.02,1381.45,1384.45,3169821
2023-09-27,1384.45,1401.37,1374.48,1391.35,8201954
2023-09-28,1391.35,1395.62,1385.39,1389.66,4071536
2023-10-01,1389.66,1392.51,1383.01,1385.85,3050171
2023-10-02,1385.85,1399.76,1377.07,1390.95,7335390
2023-10-03,1390.95,1407.81,1380.99,1397.80,8161762
2023-10-04,1397.80,1408.01,1390.47,1400.66,6245336
2023-10-05,1400.66,1408.49,1394.27,1402.09,5561419
2023-10-08,1402.09,1406.94,1396.36,1401.20,4455692
2023-10-09,1401.20,1417.93,1391.27,1407.95,8088648
2023-10-10,1407.95,1418.12,1400.61,1410.76,6213374
2023-10-11,1410.76,1415.40,1404.87,1409.51,4286659
2023-10-12,1409.51,1413.61,1403.36,1407.46,3913443
2023-10-15,1407.46,1412.56,1401.82,1406.92,4624588
2023-10-16,1406.92,1409.72,1400.14,1402.93,2987997
2023-10-17,1402.93,1408.98,1397.24,1403.29,5053052
2023-10-18,1403.29,1407.68,1397.33,1401.71,4128395
2023-10-19,1401.71,1405.77,1395.59,1399.64,3893038
2023-10-22,1399.64,1411.95,1391.46,1403.75,6840809
2023-10-23,1403.75,1420.40,1393.85,1410.45,8058127
2023-10-24,1410.45,1412.33,1403.19,1405.06,2335116
2023-10-25,1405.06,1410.13,1399.42,1404.49,4610048
2023-10-26,1404.49,1408.35,1398.25,1402.11,3747119
2023-10-29,1402.11,1403.01,1394.40,1395.31,1647565
2023-10-30,1395.31,1396.28,1387.68,1388.64,1694101
2023-10-31,1388.64,1390.76,1381.63,1383.74,2528703
2023-11-01,1383.74,1390.09,1377.98,1384.33,5163717
2023-11-02,1384.33,1384.92,1376.57,1377.16,1426303
2023-11-05,1377.16,1392.38,1367.88,1383.06,7736213
2023-11-06,1383.06,1400.01,1373.08,1389.98,8216906
2023-11-07,1389.98,1403.26,1381.45,1394.69,7139986
2023-11-08,1394.69,1406.48,1386.74,1398.51,6702983
2023-11-09,1398.51,1408.35,1391.32,1401.15,6140466
2023-11-12,1401.15,1411.12,1393.91,1403.86,6168484
2023-11-13,1403.86,1406.33,1396.93,1399.40,2762345
2023-11-14,1399.40,1401.17,1392.15,1393.92,2267729
2023-11-15,1393.92,1395.10,1386.40,1387.57,1845130
2023-11-16,1387.57,1401.20,1378.90,1392.50,7247633
2023-11-19,1392.50,1408.57,1382.85,1398.87,7932030
2023-11-20,1398.87,1406.49,1392.57,1400.18,5503257
2023-11-21,1400.18,1414.79,1391.09,1405.67,7492181
2023-11-22,1405.67,1407.73,1398.53,1400.58,2466700
2023-11-23,1400.58,1405.45,1394.87,1399.73,4476200
2023-11-26,1399.73,1412.01,1391.57,1403.82,6829320
2023-11-27,1403.82,1410.42,1397.92,1404.51,5205075
2023-11-28,1404.51,1406.05,1397.11,1398.65,2097290
2023-11-29,1398.65,1417.11,1388.03,1406.44,8592386
2023-11-30,1406.44,1409.92,1400.00,1403.48,3480486
2023-12-03,1403.48,1404.46,1395.81,1396.79,1699862
2023-12-04,1396.79,1413.55,1386.85,1403.56,8114711
2023-12-05,1403.56,1422.22,1392.86,1411.45,8626268
2023-12-06,1411.45,1423.08,1403.52,1415.13,6617249
2023-12-07,1415.13,1434.30,1404.19,1423.30,8729629
2023-12-10,1423.30,1439.89,1413.37,1429.91,7975754
2023-12-11,1429.91,1434.46,1423.87,1428.42,4182784
2023-12-12,1428.42,1437.15,1421.60,1430.32,5770473
2023-12-13,1430.32,1435.85,1424.76,1430.29,4862277
2023-12-14,1430.29,1438.88,1423.52,1432.11,5729801
2023-12-17,1432.11,1434.36,1424.91,1427.15,2570576
2023-12-18,1427.15,1429.46,1420.01,1422.31,2619170
2023-12-19,1422.31,1433.93,1414.35,1425.96,6591632
2023-12-20,1425.96,1428.05,1418.71,1420.79,2463271
2023-12-21,1420.79,1425.88,1415.07,1420.15,4579766
2023-12-24,1420.15,1421.72,1412.67,1414.23,2101611
2023-12-25,1414.23,1433.58,1403.23,1422.51,8781893
2023-12-26,1422.51,1432.30,1415.29,1425.06,6077400
2023-12-27,1425.06,1428.76,1418.63,1422.31,3593072
2023-12-28,1422.31,1442.05,1411.13,1430.80,8859773
2023-12-31,1430.80,1432.87,1423.52,1425.58,2445404
2024-01-01,1425.58,1436.54,1417.88,1428.83,6399348
2024-01-02,1428.83,1438.49,1421.64,1431.29,6030246
2024-01-03,1431.29,1437.34,1425.54,1431.59,5017112
2024-01-04,1431.59,1440.64,1424.64,1433.68,5853772
2024-01-07,1433.68,1437.44,1427.22,1430.98,3626646
2024-01-08,1430.98,1431.16,1422.75,1422.92,1125857
2024-01-09,1422.92,1429.91,1416.82,1423.80,5289677
2024-01-10,1423.80,1429.69,1418.13,1424.02,4982304
2024-01-11,1424.02,1425.59,1416.52,1418.09,2104972
2024-01-14,1418.09,1434.84,1408.11,1424.81,8040397
2024-01-15,1424.81,1432.31,1418.50,1425.99,5430555
2024-01-16,1425.99,1429.25,1419.33,1422.58,3287791
2024-01-17,1422.58,1423.21,1414.62,1415.24,1439266
2024-01-18,1415.24,1432.90,1404.90,1422.51,8304732
2024-01-21,1422.51,1439.20,1412.54,1429.19,8007647
2024-01-22,1429.19,1434.64,1423.60,1429.06,4819615
2024-01-23,1429.06,1449.17,1417.71,1437.76,8938168
2024-01-24,1437.76,1441.49,1431.26,1434.99,3597873
2024-01-25,1434.99,1442.84,1428.51,1436.36,5514780
2024-01-28,1436.36,1438.75,1429.20,1431.58,2664197
2024-01-29,1431.58,1432.14,1423.53,1424.09,1391803
2024-01-30,1424.09,1436.68,1415.75,1428.32,6858093
2024-01-31,1428.32,1447.98,1417.15,1436.75,8816152
2024-02-01,1436.75,1442.10,1431.06,1436.41,4722770
2024-02-04,1436.41,1440.98,1430.34,1434.91,4182887
2024-02-05,1434.91,1447.13,1426.69,1438.89,6727366
2024-02-06,1438.89,1459.09,1427.48,1447.61,8924108
2024-02-07,1447.61,1467.57,1436.29,1456.18,8822496
2024-02-08,1456.18,1472.25,1446.37,1462.40,7731172
2024-02-11,1462.40,1462.88,1454.14,1454.61,1329149
2024-02-12,1454.61,1472.05,1444.27,1461.66,8110253
2024-02-13,1461.66,1475.70,1452.66,1466.66,7160905
2024-02-14,1466.66,1467.06,1458.33,1458.72,1271227
2024-02-15,1458.72,1466.21,1452.34,1459.82,5379492
2024-02-18,1459.82,1478.20,1449.09,1467.41,8349897
2024-02-19,1467.41,1471.94,1461.14,1465.66,4083676
2024-02-20,1465.66,1470.01,1459.31,1463.65,3963545
2024-02-21,1463.65,1475.76,1455.40,1467.49,6631481
2024-02-22,1467.49,1473.99,1461.48,1467.98,5099828
2024-02-25,1467.98,1482.20,1458.88,1473.08,7195747
2024-02-26,1473.08,1480.49,1466.68,1474.09,5338991
2024-02-27,1474.09,1490.07,1464.28,1480.22,7653017
2024-02-28,1480.22,1482.31,1472.66,1474.74,2409430
2024-02-29,1474.74,1491.29,1464.70,1481.21,7805761
2024-03-03,1481.21,1495.12,1472.21,1486.09,7076577
2024-03-04,1486.09,1507.00,1474.29,1495.13,8937928
2024-03-05,1495.13,1495.68,1486.71,1487.25,1365123
2024-03-06,1487.25,1499.83,1478.77,1491.32,6703840
2024-03-07,1491.32,1501.72,1483.69,1494.08,6114574
2024-03-10,1494.08,1501.64,1487.58,1495.14,5350411
2024-03-11,1495.14,1496.43,1487.09,1488.38,1868141
2024-03-12,1488.38,1495.62,1482.02,1489.26,5272702
2024-03-13,1489.26,1503.31,1480.18,1494.21,7094958
2024-03-14,1494.21,1498.54,1487.68,1492.02,3902812
2024-03-17,1492.02,1493.13,1483.89,1485.00,1745644
2024-03-18,1485.00,1486.38,1477.06,1478.43,1932098
2024-03-19,1478.43,1496.28,1467.88,1485.67,8141186
2024-03-20,1485.67,1498.84,1476.95,1490.09,6866735
2024-03-21,1490.09,1490.38,1481.57,1481.86,1195164
2024-03-24,1481.86,1483.22,1473.92,1475.27,1916598
2024-03-25,1475.27,1492.44,1464.99,1482.11,7969307
2024-03-26,1482.11,1500.28,1471.41,1489.53,8217489
2024-03-27,1489.53,1494.83,1483.51,1488.82,4562379
2024-03-28,1488.82,1507.70,1477.82,1496.65,8386694
2024-03-31,1496.65,1498.64,1488.94,1490.93,2332407
2024-04-01,1490.93,1494.53,1484.06,1487.65,3411865
2024-04-02,1487.65,1491.29,1480.82,1484.46,3452229
2024-04-03,1484.46,1487.24,1477.22,1479.99,2873251
2024-04-04,1479.99,1481.17,1471.97,1473.15,1798388
2024-04-07,1473.15,1478.31,1467.16,1472.31,4499245
2024-04-08,1472.31,1479.10,1466.16,1472.96,5173353
2024-04-09,1472.96,1475.98,1465.91,1468.93,3055281
2024-04-10,1468.93,1481.93,1460.32,1473.29,6861076
2024-04-11,1473.29,1478.54,1467.35,1472.60,4566049
2024-04-14,1472.60,1474.83,1465.15,1467.37,2515877
2024-04-15,1467.37,1476.71,1460.23,1469.56,5871056
2024-04-16,1469.56,1474.53,1463.49,1468.46,4384670
2024-04-17,1468.46,1472.15,1461.77,1465.45,3513511
2024-04-18,1465.45,1471.11,1459.76,1465.42,4862517
2024-04-21,1465.42,1482.44,1455.21,1472.19,7962551
2024-04-22,1472.19,1472.75,1463.91,1464.47,1381515
2024-04-23,1464.47,1478.56,1455.43,1469.49,7168792
2024-04-24,1469.49,1471.89,1462.15,1464.54,2633024
2024-04-25,1464.54,1479.68,1455.09,1470.19,7453223
2024-04-28,1470.19,1487.87,1459.72,1477.35,8123216
2024-04-29,1477.35,1493.64,1467.40,1483.66,7729423
2024-04-30,1483.66,1483.75,1475.07,1475.16,1061968
2024-05-01,1475.16,1478.20,1468.10,1471.13,3059122
2024-05-02,1471.13,1473.47,1463.75,1466.07,2585082
2024-05-05,1466.07,1466.86,1457.94,1458.73,1541083
2024-05-06,1458.73,1462.10,1451.93,1455.29,3309842
2024-05-07,1455.29,1466.97,1447.24,1458.90,6533333
2024-05-08,1458.90,1463.60,1452.77,1457.46,4223902
2024-05-09,1457.46,1462.14,1451.33,1456.00,4208710
2024-05-12,1456.00,1469.05,1447.40,1460.43,6907510
2024-05-13,1460.43,1465.45,1454.44,1459.47,4443758
2024-05-14,1459.47,1459.60,1451.04,1451.17,1089060
2024-05-15,1451.17,1464.67,1442.40,1455.87,7040946
2024-05-16,1455.87,1463.91,1449.27,1457.30,5533984
2024-05-19,1457.30,1464.43,1451.06,1458.19,5284224
2024-05-20,1458.19,1460.03,1450.63,1452.47,2266975
2024-05-21,1452.47,1455.13,1445.35,1448.00,2827914
2024-05-22,1448.00,1452.53,1441.84,1446.37,4127537
2024-05-23,1446.37,1450.59,1440.06,1444.28,3918930
2024-05-26,1444.28,1459.96,1434.66,1450.30,7658882
2024-05-27,1450.30,1470.76,1438.77,1459.16,8952331
2024-05-28,1459.16,1473.79,1449.92,1464.52,7330144
2024-05-29,1464.52,1479.32,1455.21,1469.97,7360219
2024-05-30,1469.97,1483.83,1461.02,1474.85,7091941
2024-06-02,1474.85,1491.51,1464.77,1481.38,7833950
2024-06-03,1481.38,1488.56,1475.06,1482.24,5265260
2024-06-04,1482.24,1483.54,1474.27,1475.57,1879698
2024-06-05,1475.57,1495.69,1464.11,1484.16,8763683
2024-06-06,1484.16,1489.67,1478.28,1483.78,4707338
2024-06-09,1483.78,1489.19,1477.85,1483.27,4648936
2024-06-10,1483.27,1491.15,1476.66,1484.54,5452674
2024-06-11,1484.54,1484.57,1475.91,1475.94,1019787
2024-06-12,1475.94,1478.50,1468.64,1471.19,2732990
2024-06-13,1471.19,1471.54,1462.80,1463.15,1234259
2024-06-16,1463.15,1471.23,1456.51,1464.59,5535939
2024-06-17,1464.59,1479.77,1455.12,1470.26,7465192
2024-06-18,1470.26,1485.42,1460.79,1475.91,7441769
2024-06-19,1475.91,1484.26,1469.14,1477.48,5589128
2024-06-20,1477.48,1488.03,1469.83,1480.36,6178875
2024-06-23,1480.36,1483.93,1473.54,1477.10,3408539
2024-06-24,1477.10,1482.28,1471.10,1476.28,4512688
2024-06-25,1476.28,1478.06,1468.59,1470.36,2207373
2024-06-26,1470.36,1489.32,1459.38,1478.28,8467901
2024-06-27,1478.28,1486.83,1471.42,1479.96,5639951
2024-06-30,1479.96,1493.14,1471.25,1484.41,6884019
2024-07-01,1484.41,1485.83,1476.48,1477.89,1953189
2024-07-02,1477.89,1482.78,1471.74,1476.62,4304252
2024-07-03,1476.62,1492.21,1466.96,1482.51,7542146
2024-07-04,1482.51,1485.77,1475.52,1478.77,3197736
2024-07-07,1478.77,1482.97,1472.27,1476.46,3838923
2024-07-08,1476.46,1491.96,1466.84,1482.30,7515089
2024-07-09,1482.30,1497.93,1472.61,1488.20,7534876
2024-07-10,1488.20,1504.05,1478.41,1494.22,7577297
2024-07-11,1494.22,1495.92,1486.38,1488.07,2136179
2024-07-14,1488.07,1490.00,1480.39,1482.31,2297942
2024-07-15,1482.31,1485.06,1475.06,1477.80,2852709
2024-07-16,1477.80,1480.37,1470.49,1473.06,2738751
2024-07-17,1473.06,1485.94,1464.48,1477.34,6820267
2024-07-18,1477.34,1498.36,1465.53,1486.47,8998491
2024-07-21,1486.47,1491.90,1480.54,1485.97,4656138
2024-07-22,1485.97,1505.00,1474.92,1493.90,8435185
2024-07-23,1493.90,1501.44,1487.40,1494.94,5347976
2024-07-24,1494.94,1498.26,1487.91,1491.23,3221673
2024-07-25,1491.23,1493.43,1483.65,1485.85,2476028
2024-07-28,1485.85,1489.17,1478.87,1482.18,3234499
2024-07-29,1482.18,1483.32,1474.13,1475.26,1768689
2024-07-30,1475.26,1493.57,1464.53,1482.78,8276131
2024-07-31,1482.78,1492.66,1475.38,1485.25,5991392
2024-08-01,1485.25,1489.16,1478.57,1482.47,3630521
2024-08-04,1482.47,1489.29,1476.29,1483.11,5168827
2024-08-05,1483.11,1504.03,1471.32,1492.17,8951989
2024-08-06,1492.17,1496.85,1485.83,1490.51,4140500
2024-08-07,1490.51,1495.71,1484.44,1489.63,4487448
2024-08-08,1489.63,1505.02,1480.03,1495.38,7449622
2024-08-11,1495.38,1507.75,1486.95,1499.31,6631961
2024-08-12,1499.31,1500.15,1491.01,1491.85,1565329
2024-08-13,1491.85,1497.55,1486.02,1491.71,4817626
2024-08-14,1491.71,1503.33,1483.60,1495.20,6438237
2024-08-15,1495.20,1511.72,1485.13,1501.60,7735802
2024-08-18,1501.60,1506.69,1495.41,1500.50,4389334
2024-08-19,1500.50,1513.90,1491.66,1505.03,6892661
2024-08-20,1505.03,1507.03,1497.28,1499.28,2332201
2024-08-21,1499.28,1500.02,1490.93,1491.67,1498079
2024-08-22,1491.67,1495.14,1484.73,1488.20,3328566
2024-08-25,1488.20,1493.69,1482.28,1487.77,4687860
2024-08-26,1487.77,1503.24,1478.13,1493.57,7477194
2024-08-27,1493.57,1507.60,1484.49,1498.49,7079286
2024-08-28,1498.49,1500.20,1490.63,1492.33,2136111
2024-08-29,1492.33,1493.31,1484.14,1485.12,1660013
2024-09-01,1485.12,1493.11,1478.47,1486.45,5478155
2024-09-02,1486.45,1496.43,1479.00,1488.97,6010288
2024-09-03,1488.97,1492.51,1482.09,1485.62,3379869
2024-09-04,1485.62,1486.90,1477.62,1478.89,1858504
2024-09-05,1478.89,1482.80,1472.24,1476.15,3643724
2024-09-08,1476.15,1493.32,1465.86,1482.99,7970096
2024-09-09,1482.99,1498.69,1473.27,1488.93,7553669
2024-09-10,1488.93,1500.28,1480.94,1492.26,6369753
2024-09-11,1492.26,1494.89,1484.90,1487.53,2764026
2024-09-12,1487.53,1488.86,1479.54,1480.87,1896982
2024-09-15,1480.87,1481.64,1472.64,1473.41,1521707
2024-09-16,1473.41,1487.32,1464.43,1478.31,7094993
2024-09-17,1478.31,1483.07,1472.09,1476.85,4221776
2024-09-18,1476.85,1495.75,1465.87,1484.72,8432921
2024-09-19,1484.72,1503.21,1473.88,1492.32,8296330
2024-09-22,1492.32,1493.61,1484.29,1485.57,1861385
2024-09-23,1485.57,1497.13,1477.49,1489.04,6436728
2024-09-24,1489.04,1490.08,1480.90,1481.94,1701371
2024-09-25,1481.94,1492.40,1474.31,1484.76,6149142
2024-09-26,1484.76,1497.92,1476.05,1489.18,6866460
2024-09-29,1489.18,1501.55,1480.78,1493.12,6643449
2024-09-30,1493.12,1498.23,1486.99,1492.09,4418381
2024-10-01,1492.09,1498.53,1486.04,1492.48,5055452
2024-10-02,1492.48,1494.65,1484.89,1487.05,2455898
2024-10-03,1487.05,1504.48,1476.64,1494.02,8002434
2024-10-06,1494.02,1499.00,1487.82,1492.80,4337037
2024-10-07,1492.80,1512.06,1481.65,1500.84,8472050
2024-10-08,1500.84,1505.70,1494.54,1499.39,4234636
2024-10-09,1499.39,1517.12,1488.83,1506.51,8044547
2024-10-10,1506.51,1511.07,1500.03,1504.58,4025240
2024-10-13,1504.58,1509.77,1498.42,1503.60,4448319
2024-10-14,1503.60,1507.38,1496.75,1500.52,3511316
2024-10-15,1500.52,1519.79,1489.34,1508.55,8448799
2024-10-16,1508.55,1513.04,1502.02,1506.51,3976817
2024-10-17,1506.51,1508.12,1498.55,1500.16,2070679
2024-10-20,1500.16,1500.27,1491.48,1491.60,1076063
2024-10-21,1491.60,1502.15,1483.91,1494.45,6153463
2024-10-22,1494.45,1508.40,1485.40,1499.32,7055967
2024-10-23,1499.32,1499.68,1490.78,1491.14,1240363
2024-10-24,1491.14,1502.28,1483.22,1494.34,6311591
2024-10-27,1494.34,1503.59,1487.17,1496.40,5800514
2024-10-28,1496.40,1501.30,1490.15,1495.05,4275034
2024-10-29,1495.05,1511.75,1484.90,1501.56,7784533
2024-10-30,1501.56,1502.52,1493.30,1494.26,1637654
2024-10-31,1494.26,1502.43,1487.51,1495.68,5513408
2024-11-03,1495.68,1505.33,1488.34,1497.98,5905624
2024-11-04,1497.98,1507.62,1490.64,1500.27,5900720
2024-11-05,1500.27,1518.93,1489.34,1507.94,8288820
2024-11-06,1507.94,1512.48,1501.44,1505.97,4008196
2024-11-07,1505.97,1515.75,1498.56,1508.33,5923045
2024-11-10,1508.33,1525.75,1497.87,1515.24,7934602
2024-11-11,1515.24,1523.19,1508.53,1516.48,5425582
2024-11-12,1516.48,1522.96,1510.35,1516.84,5037962
2024-11-13,1516.84,1533.78,1506.55,1523.44,7784087
2024-11-14,1523.44,1531.69,1516.60,1524.84,5491117
2024-11-17,1524.84,1537.26,1516.33,1528.73,6578806
2024-11-18,1528.73,1532.04,1521.50,1524.81,3170610
2024-11-19,1524.81,1540.90,1514.84,1530.89,7538134
2024-11-20,1530.89,1540.66,1523.42,1533.18,5878909
2024-11-21,1533.18,1541.23,1526.39,1534.44,5427503
2024-11-24,1534.44,1548.17,1525.39,1539.09,6899965
2024-11-25,1539.09,1550.43,1530.98,1542.30,6271604
2024-11-26,1542.30,1543.67,1534.02,1535.38,1888100
2024-11-27,1535.38,1549.16,1526.31,1540.06,6909945
2024-11-28,1540.06,1543.27,1532.71,1535.92,3090226
2024-12-01,1535.92,1540.35,1529.20,1533.63,3885733
2024-12-02,1533.63,1536.55,1526.17,1529.08,2901406
2024-12-03,1529.08,1545.71,1518.88,1535.47,7668106
2024-12-04,1535.47,1548.65,1526.64,1539.79,6753737
2024-12-05,1539.79,1550.89,1531.77,1542.86,6207681
2024-12-08,1542.86,1558.36,1533.08,1548.55,7338580
2024-12-09,1548.55,1558.22,1541.07,1550.74,5825445
2024-12-10,1550.74,1555.64,1544.17,1549.07,4162105
2024-12-11,1549.07,1557.24,1542.20,1550.36,5434979
2024-12-12,1550.36,1555.68,1544.00,1549.32,4434190
2024-12-15,1549.32,1567.85,1538.33,1556.80,8098010
2024-12-16,1556.80,1564.45,1550.12,1557.76,5290637
2024-12-17,1557.76,1567.84,1550.11,1560.18,5913305
2024-12-18,1560.18,1568.06,1553.39,1561.27,5348731
2024-12-19,1561.27,1563.21,1553.16,1555.09,2238888
2024-12-22,1555.09,1563.91,1547.94,1556.76,5596124
2024-12-23,1556.76,1572.05,1547.03,1562.29,7247599
2024-12-24,1562.29,1579.07,1551.96,1568.69,7613065
2024-12-25,1568.69,1582.40,1559.57,1573.25,6815980
2024-12-26,1573.25,1573.45,1564.19,1564.39,1127949
2024-12-29,1564.39,1585.65,1552.27,1573.47,8746502
2024-12-30,1573.47,1579.67,1567.32,1573.53,4906207
2024-12-31,1573.53,1585.33,1565.15,1576.93,6323113
2025-01-01,1576.93,1599.26,1564.36,1586.61,8972530
2025-01-02,1586.61,1590.11,1579.13,1582.62,3200137
2025-01-05,1582.62,1584.46,1574.34,1576.17,2166426
2025-01-06,1576.17,1580.31,1569.08,1573.21,3624485
2025-01-07,1573.21,1579.91,1566.86,1573.56,5031104
2025-01-08,1573.56,1591.96,1562.56,1580.91,7991220
2025-01-09,1580.91,1585.71,1574.11,1578.90,4035699
2025-01-12,1578.90,1588.40,1571.43,1580.92,5732441
2025-01-13,1580.92,1584.29,1573.42,1576.78,3130829
2025-01-14,1576.78,1585.50,1569.62,1578.33,5539506
2025-01-15,1578.33,1599.35,1566.28,1587.23,8637482
2025-01-16,1587.23,1601.51,1577.84,1592.08,6918587
2025-01-19,1592.08,1596.02,1584.79,1588.72,3469238
2025-01-20,1588.72,1588.84,1579.53,1579.66,1079561
2025-01-21,1579.66,1592.95,1570.67,1583.94,6687825
2025-01-22,1583.94,1584.19,1574.85,1575.10,1158230
2025-01-23,1575.10,1577.29,1567.04,1569.22,2392009
2025-01-26,1569.22,1578.82,1561.73,1571.32,5771879
2025-01-27,1571.32,1572.80,1562.92,1564.39,1939814
2025-01-28,1564.39,1582.35,1553.58,1571.50,7908161
2025-01-29,1571.50,1587.94,1561.28,1577.68,7504080
2025-01-30,1577.68,1577.91,1568.62,1568.85,1147325
2025-02-02,1568.85,1575.26,1562.63,1569.04,4961351
2025-02-03,1569.04,1584.33,1559.28,1574.54,7217764
2025-02-04,1574.54,1576.30,1566.26,1568.01,2114094
2025-02-05,1568.01,1574.11,1561.92,1568.02,4884910
2025-02-06,1568.02,1587.36,1556.66,1575.94,8246262
2025-02-09,1575.94,1595.08,1564.63,1583.72,8173456
2025-02-10,1583.72,1586.91,1576.11,1579.29,3012174
2025-02-11,1579.29,1589.54,1571.51,1581.76,5922908
2025-02-12,1581.76,1594.95,1572.81,1585.98,6658744
2025-02-13,1585.98,1588.64,1578.09,1580.74,2676474
2025-02-16,1580.74,1584.82,1573.58,1577.66,3581035
2025-02-17,1577.66,1599.72,1565.19,1587.18,8903292
2025-02-18,1587.18,1602.62,1577.32,1592.73,7211145
2025-02-19,1592.73,1598.39,1586.29,1591.95,4553978
2025-02-20,1591.95,1593.92,1583.68,1585.64,2240432
2025-02-23,1585.64,1590.32,1578.76,1583.43,3949519
2025-02-24,1583.43,1588.46,1576.74,1581.76,4175068
2025-02-25,1581.76,1592.35,1573.84,1584.42,6003497
2025-02-26,1584.42,1589.53,1577.76,1582.87,4224931
2025-02-27,1582.87,1592.57,1575.30,1585.00,5777640
2025-03-02,1585.00,1601.67,1574.65,1591.29,7525823
2025-03-03,1591.29,1595.06,1583.92,1587.69,3370713
2025-03-04,1587.69,1593.55,1581.38,1587.24,4695027
2025-03-05,1587.24,1589.06,1578.92,1580.72,2140740
2025-03-06,1580.72,1586.60,1574.46,1580.34,4720198
2025-03-09,1580.34,1585.50,1573.73,1578.88,4260562
2025-03-10,1578.88,1579.16,1569.83,1570.12,1181584
2025-03-11,1570.12,1574.21,1563.03,1567.12,3606721
2025-03-12,1567.12,1584.71,1556.45,1574.00,7807578
2025-03-13,1574.00,1592.36,1563.01,1581.32,7981687
2025-03-16,1581.32,1585.06,1574.00,1577.73,3363614
2025-03-17,1577.73,1580.36,1569.87,1572.49,2669410
2025-03-18,1572.49,1573.87,1564.04,1565.40,1874382
2025-03-19,1565.40,1581.08,1555.50,1571.14,7324211
2025-03-20,1571.14,1590.26,1559.86,1578.92,8179389
2025-03-23,1578.92,1580.80,1570.68,1572.56,2193004
2025-03-24,1572.56,1575.42,1564.85,1567.70,2821844
2025-03-25,1567.70,1571.89,1560.68,1564.86,3670850
2025-03-26,1564.86,1569.98,1558.31,1563.43,4270884
2025-03-27,1563.43,1563.72,1554.48,1554.77,1189849
2025-03-30,1554.77,1574.85,1543.15,1563.16,8477126
2025-03-31,1563.16,1566.98,1555.98,1559.79,3441358
2025-04-01,1559.79,1569.29,1552.36,1561.85,5761556
2025-04-02,1561.85,1563.31,1553.50,1554.94,1931550
2025-04-03,1554.94,1558.11,1547.49,1550.65,3037757
2025-04-06,1550.65,1555.10,1543.86,1548.30,3870301
2025-04-07,1548.30,1551.97,1541.13,1544.79,3367455
2025-04-08,1544.79,1556.64,1536.45,1548.29,6393415
2025-04-09,1548.29,1561.95,1539.24,1552.87,6849417
2025-04-10,1552.87,1571.52,1541.81,1560.41,8118175
2025-04-13,1560.41,1581.99,1548.17,1569.68,8841666
2025-04-14,1569.68,1571.30,1561.36,1562.98,2032235
2025-04-15,1562.98,1566.91,1555.86,1559.78,3517043
2025-04-16,1559.78,1569.10,1552.43,1561.74,5715843
2025-04-17,1561.74,1582.99,1549.63,1570.81,8752091
2025-04-20,1570.81,1592.75,1558.40,1580.27,8897393
2025-04-21,1580.27,1600.17,1568.66,1588.50,8349279
2025-04-22,1588.50,1600.49,1580.01,1591.98,6342318
2025-04-23,1591.98,1596.11,1584.79,1588.91,3592558
2025-04-24,1588.91,1593.79,1582.11,1586.99,4075308
2025-04-27,1586.99,1598.15,1578.84,1589.98,6136248
2025-04-28,1589.98,1604.35,1580.54,1594.88,6935871
2025-04-29,1594.88,1600.03,1588.18,1593.32,4227263
2025-04-30,1593.32,1597.25,1586.02,1589.95,3467215
2025-05-01,1589.95,1601.62,1581.58,1593.24,6260665
2025-05-04,1593.24,1598.24,1586.47,1591.47,4138477
2025-05-05,1591.47,1592.53,1582.74,1583.80,1668552
2025-05-06,1583.80,1590.03,1577.62,1583.85,4900274
2025-05-07,1583.85,1598.98,1574.12,1589.22,7142283
2025-05-08,1589.22,1594.11,1582.42,1587.30,4073593
2025-05-11,1587.30,1598.67,1579.07,1590.41,6188031
2025-05-12,1590.41,1611.33,1578.37,1599.22,8572016
2025-05-13,1599.22,1609.98,1591.20,1601.95,6015672
2025-05-14,1601.95,1610.48,1594.81,1603.33,5457270
2025-05-15,1603.33,1607.76,1596.22,1600.64,3761008
2025-05-18,1600.64,1603.57,1592.80,1595.72,2828120
2025-05-19,1595.72,1606.55,1587.67,1598.50,6041323
2025-05-20,1598.50,1603.36,1591.63,1596.49,4042592
2025-05-21,1596.49,1606.54,1588.75,1598.80,5844272
2025-05-22,1598.80,1602.43,1591.32,1594.94,3273525
2025-05-25,1594.94,1600.93,1588.65,1594.63,4750102
2025-05-26,1594.63,1596.86,1586.48,1588.70,2397462
2025-05-27,1588.70,1609.25,1576.80,1597.29,8487208
2025-05-28,1597.29,1597.64,1588.17,1588.52,1216872
2025-05-29,1588.52,1593.00,1581.52,1585.99,3821021
2025-06-01,1585.99,1586.02,1576.77,1576.80,1015706
2025-06-02,1576.80,1582.75,1570.60,1576.55,4776234
2025-06-03,1576.55,1584.92,1569.54,1577.90,5448285
2025-06-04,1577.90,1597.14,1566.55,1585.74,8192352
2025-06-05,1585.74,1588.53,1577.91,1580.70,2761522
2025-06-08,1580.70,1583.25,1572.78,1575.32,2612585
2025-06-09,1575.32,1575.87,1566.43,1566.98,1350480
2025-06-10,1566.98,1579.45,1558.35,1570.80,6506069
2025-06-11,1570.80,1583.86,1561.93,1574.97,6647256
2025-06-12,1574.97,1592.72,1564.22,1581.92,7823422
2025-06-15,1581.92,1585.63,1574.58,1578.28,3343209
2025-06-16,1578.28,1584.42,1572.14,1578.29,4885631
2025-06-17,1578.29,1592.59,1568.91,1583.18,6944513
2025-06-18,1583.18,1588.89,1576.82,1582.53,4606275
2025-06-19,1582.53,1603.69,1570.40,1591.50,8661042
2025-06-22,1591.50,1593.17,1583.08,1584.74,2047085
2025-06-23,1584.74,1593.86,1577.40,1586.52,5628600
2025-06-24,1586.52,1594.37,1579.69,1587.53,5306824
2025-06-25,1587.53,1593.03,1581.05,1586.54,4464471
2025-06-26,1586.54,1587.72,1577.91,1579.08,1743518
2025-06-29,1579.08,1590.26,1570.94,1582.10,6156310
2025-06-30,1582.10,1582.94,1573.32,1574.15,1530006
2025-07-01,1574.15,1579.32,1567.58,1572.75,4284362
2025-07-02,1572.75,1585.41,1564.03,1576.67,6542832
2025-07-03,1576.67,1582.31,1570.32,1575.95,4577023
2025-07-06,1575.95,1596.73,1564.00,1584.71,8584465
2025-07-07,1584.71,1585.98,1576.13,1577.39,1799725
2025-07-08,1577.39,1599.59,1564.87,1586.99,8938854
2025-07-09,1586.99,1588.54,1578.54,1580.08,1977160
2025-07-10,1580.08,1583.65,1572.68,1576.24,3260322
2025-07-13,1576.24,1577.74,1567.82,1569.31,1948834
2025-07-14,1569.31,1573.70,1562.38,1566.76,3795781
2025-07-15,1566.76,1578.25,1558.52,1570.00,6257956
2025-07-16,1570.00,1573.04,1562.39,1565.43,2940294
2025-07-17,1565.43,1566.02,1556.62,1557.20,1373662
2025-07-20,1557.20,1568.10,1549.21,1560.11,6125960
2025-07-21,1560.11,1575.43,1550.36,1565.65,7246570
2025-07-22,1565.65,1576.29,1557.75,1568.38,6044135
2025-07-23,1568.38,1579.65,1560.23,1571.48,6197668
2025-07-24,1571.48,1573.37,1563.28,1565.16,2200994
2025-07-27,1565.16,1572.26,1558.68,1565.78,5140534
2025-07-28,1565.78,1567.04,1557.30,1558.56,1806412
2025-07-29,1558.56,1573.43,1548.99,1563.83,7136899
2025-07-30,1563.83,1565.39,1555.52,1557.07,1996193
2025-07-31,1557.07,1562.18,1550.57,1555.68,4285528
2025-08-03,1555.68,1556.28,1546.93,1547.53,1387620
2025-08-04,1547.53,1565.44,1536.78,1554.64,7944444
2025-08-05,1554.64,1576.64,1542.26,1564.18,8968347
2025-08-06,1564.18,1569.32,1557.65,1562.79,4286488
2025-08-07,1562.79,1564.85,1554.73,1556.78,2318621
2025-08-10,1556.78,1560.19,1549.43,1552.83,3188203
2025-08-11,1552.83,1556.20,1545.48,1548.84,3166838
2025-08-12,1548.84,1554.19,1542.50,1547.85,4452057
2025-08-13,1547.85,1559.28,1539.68,1551.09,6278429
2025-08-14,1551.09,1551.65,1542.35,1542.91,1362002
2025-08-17,1542.91,1543.95,1534.46,1535.50,1678086
2025-08-18,1535.50,1544.12,1528.48,1537.09,5572359
2025-08-19,1537.09,1538.94,1529.08,1530.93,2205315
2025-08-20,1530.93,1538.59,1524.30,1531.96,5330041
2025-08-21,1531.96,1537.17,1525.65,1530.86,4403326
2025-08-24,1530.86,1530.91,1521.98,1522.02,1030109
2025-08-25,1522.02,1524.67,1514.50,1517.14,2741255
2025-08-26,1517.14,1527.69,1509.40,1519.93,6104663
2025-08-27,1519.93,1520.18,1511.21,1511.47,1169718
2025-08-28,1511.47,1518.72,1505.05,1512.30,5245061
2025-08-31,1512.30,1522.45,1504.72,1514.86,6009705
2025-09-01,1514.86,1524.83,1507.35,1517.31,5957475
2025-09-02,1517.31,1535.75,1506.42,1524.81,8174794
2025-09-03,1524.81,1540.56,1514.97,1530.69,7451783
2025-09-04,1530.69,1533.33,1523.11,1525.74,2726714
2025-09-07,1525.74,1539.26,1516.80,1530.28,6863786
2025-09-08,1530.28,1539.61,1522.99,1532.31,5764231
2025-09-09,1532.31,1535.09,1524.79,1527.56,2810768
2025-09-10,1527.56,1533.13,1521.45,1527.02,4645370
2025-09-11,1527.02,1532.03,1520.64,1525.65,4280384
2025-09-14,1525.65,1526.47,1517.19,1518.01,1542969
2025-09-15,1518.01,1523.86,1512.10,1517.95,4852880
2025-09-16,1517.95,1529.37,1509.85,1521.26,6333573
2025-09-17,1521.26,1523.17,1513.37,1515.27,2256652
2025-09-18,1515.27,1518.03,1507.84,1510.59,2819650
2025-09-21,1510.59,1525.46,1501.14,1515.97,7257133
2025-09-22,1515.97,1534.82,1504.93,1523.72,8285150
2025-09-23,1523.72,1525.06,1515.53,1516.86,1879012
2025-09-24,1516.86,1518.96,1509.09,1511.18,2384396
2025-09-25,1511.18,1524.94,1502.17,1515.90,6961796
2025-09-28,1515.90,1523.62,1509.28,1517.00,5364300
2025-09-29,1517.00,1520.11,1509.73,1512.83,3048696
2025-09-30,1512.83,1513.77,1504.50,1505.44,1619924
2025-10-01,1505.44,1525.37,1493.98,1513.86,8608847
2025-10-02,1513.86,1519.28,1507.76,1513.18,4583367
2025-10-05,1513.18,1517.11,1506.35,1510.26,3592866
2025-10-06,1510.26,1523.95,1501.28,1514.94,6945987
2025-10-07,1514.94,1516.94,1507.13,1509.13,2321742
2025-10-08,1509.13,1527.62,1498.24,1516.67,8213957
2025-10-09,1516.67,1520.78,1509.91,1514.01,3709053
2025-10-12,1514.01,1530.21,1504.02,1520.18,7597153
2025-10-13,1520.18,1522.94,1512.72,1515.48,2816529
2025-10-14,1515.48,1517.34,1507.60,1509.46,2231378
2025-10-15,1509.46,1526.16,1499.28,1515.94,7742935
2025-10-16,1515.94,1528.87,1507.25,1520.15,6733916
2025-10-19,1520.15,1529.73,1512.79,1522.36,5846296
2025-10-20,1522.36,1532.89,1514.60,1525.13,6092421
2025-10-21,1525.13,1540.30,1515.52,1530.66,7299451
2025-10-22,1530.66,1532.02,1522.44,1523.79,1887139
2025-10-23,1523.79,1533.90,1516.20,1526.30,5978943
2025-10-26,1526.30,1543.59,1515.85,1533.09,7846467
2025-10-27,1533.09,1534.15,1524.70,1525.75,1687242
2025-10-28,1525.75,1528.40,1518.20,1520.84,2735836
2025-10-29,1520.84,1524.96,1514.06,1518.17,3708299
2025-10-30,1518.17,1538.17,1506.66,1526.60,8579938
2025-11-02,1526.60,1543.31,1516.37,1533.04,7696433
2025-11-03,1533.04,1544.14,1525.04,1536.12,6218278
2025-11-04,1536.12,1537.50,1527.88,1529.25,1898559
2025-11-05,1529.25,1547.91,1518.25,1536.85,8194067
2025-11-06,1536.85,1539.48,1529.23,1531.85,2709739
2025-11-09,1531.85,1553.56,1519.63,1541.26,8976440
2025-11-10,1541.26,1557.62,1531.15,1547.46,7562071
2025-11-11,1547.46,1552.91,1541.18,1546.62,4516015
2025-11-12,1546.62,1546.85,1537.73,1537.96,1146913
2025-11-13,1537.96,1538.17,1529.11,1529.32,1133779
2025-11-16,1529.32,1543.27,1520.19,1534.11,6970438
2025-11-17,1534.11,1543.39,1526.84,1536.10,5743312
2025-11-18,1536.10,1555.03,1524.97,1543.85,8242524
2025-11-19,1543.85,1551.87,1537.04,1545.07,5406344
2025-11-20,1545.07,1546.76,1536.93,1538.62,2098971
2025-11-23,1538.62,1557.50,1527.51,1546.33,8221639
2025-11-24,1546.33,1549.67,1539.01,1542.34,3157064
2025-11-25,1542.34,1543.18,1533.79,1534.63,1547222
2025-11-26,1534.63,1539.85,1528.31,1533.53,4404458
2025-11-27,1533.53,1537.45,1526.57,1530.49,3555932
2025-11-30,1530.49,1546.19,1520.66,1536.32,7421399
2025-12-01,1536.32,1554.79,1525.37,1543.80,8124314
2025-12-02,1543.80,1545.24,1535.54,1536.98,1936282
2025-12-03,1536.98,1551.33,1527.67,1541.99,7054835
2025-12-04,1541.99,1555.07,1533.18,1546.24,6714540
2025-12-07,1546.24,1547.21,1537.73,1538.70,1631447
2025-12-08,1538.70,1542.98,1531.89,1536.17,3780864
2025-12-09,1536.17,1540.02,1529.16,1533.01,3508470
2025-12-10,1533.01,1543.16,1525.38,1535.52,5974759
2025-12-11,1535.52,1557.11,1523.34,1544.86,8932818
2025-12-14,1544.86,1546.15,1536.52,1537.81,1839437
2025-12-15,1537.81,1539.81,1529.87,1531.86,2299554
2025-12-16,1531.86,1533.15,1523.60,1524.88,1844032
2025-12-17,1524.88,1531.41,1518.72,1525.25,5040775
2025-12-18,1525.25,1526.68,1517.10,1518.52,1939163
2025-12-21,1518.52,1519.81,1510.33,1511.62,1847839
2025-12-22,1511.62,1531.02,1500.36,1519.70,8445816
2025-12-23,1519.70,1538.37,1508.72,1527.33,8226920
2025-12-24,1527.33,1532.34,1520.95,1525.95,4277572
2025-12-25,1525.95,1541.48,1516.20,1531.69,7387894
2025-12-28,1531.69,1551.54,1520.21,1540.00,8496159
2025-12-29,1540.00,1545.34,1533.71,1539.04,4466563
2025-12-30,1539.04,1546.25,1532.58,1539.78,5200342
2025-12-31,1539.78,1550.39,1531.96,1542.56,6080212
2026-01-01,1542.56,1551.90,1535.23,1544.56,5748148
2026-01-04,1544.56,1551.86,1538.05,1545.34,5216495
2026-01-05,1545.34,1550.46,1538.91,1544.03,4312414
2026-01-06,1544.03,1547.82,1536.95,1540.73,3455658
2026-01-07,1540.73,1543.46,1533.13,1535.85,2769684
2026-01-08,1535.85,1548.15,1527.37,1539.64,6526097
2026-01-11,1539.64,1561.25,1527.45,1548.98,8922427
2026-01-12,1548.98,1549.28,1540.12,1540.41,1193244
2026-01-13,1540.41,1558.67,1529.55,1547.75,8054595
2026-01-14,1547.75,1548.50,1539.12,1539.86,1481790
2026-01-15,1539.86,1544.20,1533.08,1537.41,3820507
2026-01-18,1537.41,1542.38,1530.95,1535.92,4231241
2026-01-19,1535.92,1555.71,1524.45,1544.18,8467078
2026-01-20,1544.18,1554.45,1536.48,1546.74,5984807
2026-01-21,1546.74,1558.60,1538.40,1550.24,6389368
2026-01-22,1550.24,1550.57,1541.39,1541.71,1211625
2026-01-25,1541.71,1544.83,1534.30,1537.41,3019478
2026-01-26,1537.41,1538.74,1529.13,1530.45,1862311
2026-01-27,1530.45,1544.72,1521.19,1535.43,7048765
2026-01-28,1535.43,1546.69,1527.36,1538.60,6257853
2026-01-29,1538.60,1540.12,1530.41,1531.92,1983401
2026-02-01,1531.92,1539.52,1525.31,1532.91,5311831
2026-02-02,1532.91,1536.03,1525.56,1528.66,3033264
2026-02-03,1528.66,1530.32,1520.60,1522.26,2085973
2026-02-04,1522.26,1537.54,1512.61,1527.86,7334156
2026-02-05,1527.86,1533.48,1521.78,1527.40,4679046
2026-02-08,1527.40,1535.71,1520.52,1528.83,5503360
2026-02-09,1528.83,1548.46,1517.44,1537.01,8449074
2026-02-10,1537.01,1549.33,1528.52,1540.81,6528532
2026-02-11,1540.81,1557.19,1530.69,1547.03,7568895
2026-02-12,1547.03,1551.65,1540.34,1544.96,3989917
2026-02-15,1544.96,1549.47,1538.23,1542.73,3915054
2026-02-16,1542.73,1546.76,1535.77,1539.80,3615912
2026-02-17,1539.80,1547.36,1533.20,1540.75,5290020
2026-02-18,1540.75,1559.46,1529.70,1548.36,8171947
2026-02-19,1548.36,1554.74,1542.20,1548.58,4977743
2026-02-22,1548.58,1565.49,1538.23,1555.09,7682716
2026-02-23,1555.09,1567.96,1546.33,1559.18,6632544
2026-02-24,1559.18,1573.48,1549.85,1564.11,6987722
2026-02-25,1564.11,1576.54,1555.51,1567.92,6501337
2026-02-26,1567.92,1570.47,1560.08,1562.62,2630178
2026-03-01,1562.62,1569.08,1556.41,1562.86,4979183
2026-03-02,1562.86,1569.70,1556.48,1563.32,5079218
2026-03-03,1563.32,1579.66,1553.16,1569.46,7498182
2026-03-04,1569.46,1571.48,1561.35,1563.36,2285459
2026-03-05,1563.36,1576.75,1554.37,1567.74,6749691
2026-03-08,1567.74,1588.35,1555.87,1576.42,8569890
2026-03-09,1576.42,1578.37,1568.23,1570.17,2239883
2026-03-10,1570.17,1584.01,1560.99,1574.80,6846090
2026-03-11,1574.80,1575.09,1565.78,1566.06,1178635
2026-03-12,1566.06,1585.10,1554.82,1573.80,8175788
2026-03-15,1573.80,1595.02,1561.68,1582.83,8701748
2026-03-16,1582.83,1588.61,1576.51,1582.30,4657750
2026-03-17,1582.30,1598.55,1572.13,1588.34,7426508
2026-03-18,1588.34,1605.55,1577.78,1594.94,7650000
2026-03-19,1594.94,1606.97,1586.42,1598.44,6340569
2026-03-22,1598.44,1602.15,1591.00,1594.71,3325377
2026-03-23,1594.71,1609.47,1585.10,1599.84,7024176
2026-03-24,1599.84,1600.73,1590.98,1591.87,1560425
2026-03-25,1591.87,1607.34,1581.99,1597.42,7205727
2026-03-26,1597.42,1599.27,1589.06,1590.90,2157613
2026-03-29,1590.90,1591.94,1582.16,1583.19,1650651
2026-03-30,1583.19,1595.38,1574.64,1586.81,6400891
2026-03-31,1586.81,1592.18,1580.26,1585.62,4383641
2026-04-01,1585.62,1587.12,1577.15,1578.64,1944581
2026-04-02,1578.64,1583.76,1572.02,1577.14,4244204
2026-04-05,1577.14,1577.19,1567.99,1568.04,1035596
2026-04-06,1568.04,1577.65,1560.55,1570.15,5775548
2026-04-07,1570.15,1574.97,1563.43,1568.24,4068998
2026-04-08,1568.24,1572.08,1561.04,1564.87,3446810
2026-04-09,1564.87,1585.07,1553.17,1573.31,8476886
2026-04-12,1573.31,1573.64,1564.32,1564.65,1208607
2026-04-13,1564.65,1578.85,1555.34,1569.51,6950617
2026-04-14,1569.51,1577.57,1562.63,1570.69,5381927
2026-04-15,1570.69,1585.12,1561.27,1575.67,6996364
2026-04-16,1575.67,1589.70,1566.41,1580.40,6880349
2026-04-19,1580.40,1598.21,1569.62,1587.38,7824005
2026-04-20,1587.38,1609.03,1575.05,1596.63,8765603
2026-04-21,1596.63,1609.59,1587.74,1600.68,6569341
2026-04-22,1600.68,1604.10,1593.08,1596.49,3136454
2026-04-23,1596.49,1597.85,1587.89,1589.24,1849657
2026-04-26,1589.24,1589.79,1580.27,1580.82,1350925
2026-04-27,1580.82,1583.44,1572.94,1575.54,2652606
2026-04-28,1575.54,1584.43,1568.32,1577.20,5581858
2026-04-29,1577.20,1579.66,1569.26,1571.71,2558436
2026-04-30,1571.71,1572.82,1563.12,1564.22,1705795
2026-05-03,1564.22,1579.78,1554.38,1569.89,7295541
2026-05-04,1569.89,1578.52,1562.79,1571.41,5525205
2026-05-05,1571.41,1575.54,1564.34,1568.46,3629355
2026-05-06,1568.46,1570.54,1560.38,1562.45,2324039
2026-05-07,1562.45,1571.27,1555.29,1564.10,5584567
2026-05-10,1564.10,1568.41,1557.16,1561.47,3756618
2026-05-11,1561.47,1563.03,1553.17,1554.72,2000685
2026-05-12,1554.72,1565.39,1546.84,1557.50,6069855
2026-05-13,1557.50,1565.65,1550.61,1558.76,5420919
2026-05-14,1558.76,1559.79,1550.21,1551.23,1658813
2026-05-17,1551.23,1553.27,1543.23,1545.26,2314403
2026-05-18,1545.26,1549.83,1538.56,1543.12,3955589
2026-05-19,1543.12,1548.72,1536.94,1542.54,4631755
2026-05-20,1542.54,1551.51,1535.37,1544.33,5651543
2026-05-21,1544.33,1546.94,1536.66,1539.26,2693964
2026-05-24,1539.26,1550.53,1531.18,1542.43,6252846
2026-05-25,1542.43,1546.16,1535.33,1539.04,3414609
2026-05-26,1539.04,1545.36,1532.93,1539.25,4969375
2026-05-27,1539.25,1540.57,1530.95,1532.27,1855418
2026-05-28,1532.27,1546.12,1523.17,1536.99,6936934
2026-05-31,1536.99,1547.72,1529.13,1539.84,6115157
2026-06-01,1539.84,1542.57,1532.25,1534.97,2772805
2026-06-02,1534.97,1538.89,1528.01,1531.92,3551851
2026-06-03,1531.92,1532.63,1523.36,1524.07,1464643
2026-06-04,1524.07,1529.16,1517.75,1522.83,4338340
2026-06-07,1522.83,1528.30,1516.70,1522.17,4592695
2026-06-08,1522.17,1524.23,1514.35,1516.40,2351165
2026-06-09,1516.40,1517.74,1508.25,1509.59,1885356
2026-06-10,1509.59,1517.38,1502.96,1510.75,5392798
2026-06-11,1510.75,1515.44,1504.31,1509.00,4108058
2026-06-14,1509.00,1521.92,1500.33,1513.23,6747187
2026-06-15,1513.23,1513.66,1504.64,1505.07,1285493
2026-06-16,1505.07,1506.67,1497.12,1498.72,2068655
2026-06-17,1498.72,1509.71,1490.84,1501.82,6257167
2026-06-18,1501.82,1505.73,1495.04,1498.94,3604115
2026-06-21,1498.94,1514.86,1489.10,1504.98,7566289
2026-06-22,1504.98,1509.12,1498.30,1502.43,3748628
2026-06-23,1502.43,1518.82,1492.39,1508.74,7681995
2026-06-24,1508.74,1526.16,1498.28,1515.65,7934293
2026-06-25,1515.65,1518.01,1508.02,1510.37,2554903
2026-06-28,1510.37,1531.30,1498.51,1519.37,8852469
2026-06-29,1519.37,1531.46,1511.00,1523.07,6506001
2026-06-30,1523.07,1533.30,1515.44,1525.65,6009327
2026-07-01,1525.65,1527.86,1517.89,1520.09,2448868
2026-07-02,1520.09,1532.60,1511.56,1524.05,6614746
2026-07-05,1524.05,1524.72,1515.52,1516.19,1445233
2026-07-06,1516.19,1533.21,1505.88,1522.84,7804526
2026-07-07,1522.84,1526.79,1515.96,1519.91,3593861
2026-07-08,1519.91,1538.46,1508.97,1527.47,8195953
2026-07-09,1527.47,1532.44,1521.07,1526.03,4252777
2026-07-12,1526.03,1546.89,1514.16,1534.95,8776680
2026-07-13,1534.95,1543.66,1527.90,1536.60,5594821
2026-07-14,1536.60,1539.86,1529.29,1532.55,3126954
2026-07-15,1532.55,1533.32,1524.02,1524.78,1496536
2026-07-16,1524.78,1531.06,1518.72,1524.99,4975171
2026-07-19,1524.99,1541.94,1514.68,1531.58,7760390
2026-07-20,1531.58,1531.72,1522.74,1522.87,1086762
2026-07-21,1522.87,1523.89,1514.52,1515.54,1670336
2026-07-22,1515.54,1523.72,1508.74,1516.92,5486419
2026-07-23,1516.92,1519.77,1509.52,1512.37,2880692
2026-07-26,1512.37,1526.33,1503.27,1517.21,7013648
2026-07-27,1517.21,1533.60,1507.13,1523.48,7638374
2026-07-28,1523.48,1525.33,1515.55,1517.39,2211659
2026-07-29,1517.39,1536.45,1506.25,1525.26,8338443
2026-07-30,1525.26,1526.10,1516.80,1517.64,1549588