Date,Open,High,Low,Close,Volume
2015-12-31,450.00,455.89,447.03,452.90,7595130
2016-01-03,452.90,459.45,449.73,456.26,7997633
2016-01-04,456.26,462.36,453.21,459.29,7682030
2016-01-05,459.29,466.33,455.96,462.97,8253257
2016-01-06,462.97,463.08,458.86,458.97,1242181
2016-01-07,458.97,464.39,456.12,461.52,7216700
2016-01-10,461.52,468.55,458.18,465.19,8226200
2016-01-11,465.19,468.09,463.06,465.96,5579320
2016-01-12,465.96,466.87,462.92,463.83,2955075
2016-01-13,463.83,464.69,460.74,461.59,2847290
2016-01-14,461.59,468.80,458.20,465.39,8342386
2016-01-17,465.39,469.32,462.95,466.88,6230486
2016-01-18,466.88,468.02,464.15,465.29,3449862
2016-01-19,465.29,467.09,463.48,465.28,4864711
2016-01-20,465.28,466.85,463.15,464.72,4376268
2016-01-21,464.72,467.29,462.69,465.26,5367249
2016-01-24,465.26,469.58,462.71,467.02,6479629
2016-01-25,467.02,474.93,463.42,471.29,8725754
2016-01-26,471.29,472.67,468.85,470.23,3932784
2016-01-27,470.23,477.86,466.69,474.29,8520473
2016-01-28,474.29,478.92,471.63,476.25,6612277
2016-01-31,476.25,476.95,472.83,473.53,2479801
2016-02-01,473.53,477.68,471.01,475.15,6320576
2016-02-02,475.15,475.33,471.02,471.19,1369170
2016-02-03,471.19,472.76,469.01,470.59,4341632
2016-02-04,470.59,471.63,467.69,468.72,3213271
2016-02-07,468.72,470.28,466.55,468.11,4329766
2016-02-08,468.11,469.91,466.28,468.08,4851611
2016-02-09,468.08,468.80,464.76,465.47,2531893
2016-02-10,465.47,466.32,462.35,463.20,2827400
2016-02-11,463.20,468.87,460.26,465.91,7343072
2016-02-14,465.91,472.03,462.83,468.93,7609773
2016-02-15,468.93,476.02,465.56,472.62,8195404
2016-02-16,472.62,478.09,469.72,475.17,7149348
2016-02-17,475.17,478.46,472.90,476.19,5780246
2016-02-18,476.19,482.70,472.96,479.45,7767112
2016-02-21,479.45,485.74,476.29,482.55,7603772
2016-02-22,482.55,490.15,478.99,486.56,8376646
2016-02-23,486.56,488.45,484.67,486.56,4875857
2016-02-24,486.56,488.03,484.11,485.58,4039677
2016-02-25,485.58,486.43,482.27,483.11,2732304
2016-02-28,483.11,484.00,479.89,480.78,2854972
2016-02-29,480.78,487.39,477.52,484.11,7790397
2016-03-01,484.11,491.41,480.63,487.90,8180555
2016-03-02,487.90,490.06,485.93,488.09,5037791
2016-03-03,488.09,492.14,485.55,489.60,6189266
2016-03-06,489.60,491.10,487.15,488.64,4054732
2016-03-07,488.64,493.65,485.83,490.82,6757647
2016-03-08,490.82,491.59,487.36,488.13,2569615
2016-03-09,488.13,488.47,484.10,484.43,1688168
2016-03-10,484.43,485.57,481.53,482.67,3347873
2016-03-13,482.67,490.08,479.16,486.55,8264780
2016-03-14,486.55,488.21,484.35,486.01,4414197
2016-03-15,486.01,489.97,483.51,487.46,6141803
2016-03-16,487.46,488.25,484.05,484.83,2608093
2016-03-17,484.83,491.13,481.65,487.93,7566152
2016-03-20,487.93,488.65,484.42,485.14,2472770
2016-03-21,485.14,487.11,483.23,485.20,4932887
2016-03-22,485.20,489.71,482.54,487.04,6477366
2016-03-23,487.04,488.34,484.35,485.64,3674108
2016-03-24,485.64,486.41,482.22,482.98,2572496
2016-03-27,482.98,484.66,480.85,482.53,4481172
2016-03-28,482.53,484.72,480.56,482.75,5079149
2016-03-29,482.75,487.87,479.92,485.02,6860253
2016-03-30,485.02,486.96,483.13,485.06,4910905
2016-03-31,485.06,485.56,481.27,481.77,2021227
2016-04-03,481.77,484.04,479.78,482.05,5129492
2016-04-04,482.05,483.06,479.01,480.01,3099897
2016-04-05,480.01,483.43,477.69,481.10,5833676
2016-04-06,481.10,489.23,477.39,485.48,8713545
2016-04-07,485.48,486.15,481.93,482.60,2381481
2016-04-10,482.60,483.98,480.05,481.42,3849828
2016-04-11,481.42,483.39,479.52,481.50,4945747
2016-04-12,481.50,485.33,479.04,482.88,6088991
2016-04-13,482.88,488.88,479.79,485.77,7403017
2016-04-14,485.77,488.12,483.75,486.09,5159430
2016-04-17,486.09,486.36,481.99,482.26,1555761
2016-04-18,482.26,483.62,479.69,481.05,3826577
2016-04-19,481.05,482.82,479.06,480.83,4687928
2016-04-20,480.83,487.97,477.41,484.52,8115123
2016-04-21,484.52,486.20,482.36,484.03,4453840
2016-04-24,484.03,489.17,481.20,486.32,6864574
2016-04-25,486.32,488.56,484.32,486.57,5100411
2016-04-26,486.57,488.33,484.51,486.27,4618141
2016-04-27,486.27,491.69,483.34,488.74,7022702
2016-04-28,488.74,490.13,486.15,487.54,3844958
2016-05-01,487.54,494.02,484.30,490.75,7652812
2016-05-02,490.75,498.68,487.07,494.97,8495644
2016-05-03,494.97,501.59,491.66,498.26,7682098
2016-05-04,498.26,506.98,494.33,503.01,8891186
2016-05-05,503.01,507.92,500.18,505.08,6616735
2016-05-08,505.08,506.57,502.47,503.96,3945164
2016-05-09,503.96,505.30,501.17,502.51,3666598
2016-05-10,502.51,504.38,500.45,502.32,4719307
2016-05-11,502.32,503.81,499.74,501.23,3967489
2016-05-12,501.23,502.39,498.21,499.36,3312379
2016-05-15,499.36,503.42,496.80,500.85,6136694
2016-05-16,500.85,501.89,497.67,498.71,3082407
2016-05-17,498.71,499.79,495.60,496.68,3161865
2016-05-18,496.68,500.83,494.09,498.24,6202229
2016-05-19,498.24,500.04,496.13,497.93,4623251
2016-05-22,497.93,502.68,495.17,499.91,6548388
2016-05-23,499.91,507.56,496.28,503.91,8249245
2016-05-24,503.91,505.38,501.29,502.76,3923353
2016-05-25,502.76,511.41,498.84,507.45,8805281
2016-05-26,507.45,514.12,504.09,510.74,7611076
2016-05-29,510.74,512.43,508.36,510.06,4316049
2016-05-30,510.06,512.70,507.88,510.52,5265877
2016-05-31,510.52,517.25,507.14,513.85,7621056
2016-06-01,513.85,513.92,509.21,509.28,1134670
2016-06-02,509.28,515.37,506.09,512.16,7263511
2016-06-05,512.16,513.50,509.28,510.62,3612517
2016-06-06,510.62,514.04,508.21,511.63,5712551
2016-06-07,511.63,512.21,507.71,508.29,2131515
2016-06-08,508.29,513.77,505.28,510.75,6918792
2016-06-09,510.75,513.60,508.51,511.36,5383024
2016-06-12,511.36,511.46,506.79,506.89,1203223
2016-06-13,506.89,508.86,504.92,506.89,4873216
2016-06-14,506.89,508.14,503.95,505.20,3479423
2016-06-15,505.20,512.18,501.76,508.72,7811968
2016-06-16,508.72,517.47,504.74,513.46,8809122
2016-06-19,513.46,514.66,510.39,511.58,3335082
2016-06-20,511.58,511.73,507.07,507.22,1291083
2016-06-21,507.22,511.21,504.65,508.64,6059842
2016-06-22,508.64,516.49,504.94,512.75,8283333
2016-06-23,512.75,521.87,508.66,517.74,8973902
2016-06-26,517.74,525.15,514.14,521.52,7958710
2016-06-27,521.52,524.92,519.09,522.49,5657510
2016-06-28,522.49,523.11,518.53,519.15,2193758
2016-06-29,519.15,519.59,514.97,515.40,1839060
2016-06-30,515.40,520.74,512.42,517.74,6790946
2016-07-03,517.74,525.73,513.97,521.93,8283984
2016-07-04,521.93,527.76,518.78,524.60,7034224
2016-07-05,524.60,530.43,521.44,527.26,7016975
2016-07-06,527.26,532.34,524.32,529.39,6577914
2016-07-07,529.39,530.38,525.88,526.87,2877537
2016-07-10,526.87,527.22,522.50,522.85,1668930
2016-07-11,522.85,531.14,518.98,527.23,8408882
2016-07-12,527.23,536.12,523.17,532.02,8702331
2016-07-13,532.02,532.59,527.91,528.48,2080144
2016-07-14,528.48,528.54,523.69,523.75,1110219
2016-07-17,523.75,525.24,520.97,522.46,3841941
2016-07-18,522.46,523.81,519.51,520.85,3583950
2016-07-19,520.85,522.42,518.21,519.78,4015260
2016-07-20,519.78,526.64,516.34,523.18,7629698
2016-07-21,523.18,523.44,518.73,518.99,1513683
2016-07-24,518.99,520.79,516.68,518.47,4457338
2016-07-25,518.47,524.91,515.15,521.57,7398936
2016-07-26,521.57,527.70,518.34,524.45,7202674
2016-07-27,524.45,528.07,521.95,525.56,5769787
2016-07-28,525.56,530.45,522.68,527.56,6482990
2016-07-31,527.56,535.16,523.88,531.45,7984259
2016-08-01,531.45,532.66,528.23,529.44,3285939
2016-08-02,529.44,537.48,525.62,533.63,8215192
2016-08-03,533.63,539.88,530.33,536.56,7191769
2016-08-04,536.56,544.94,532.62,540.97,8339128
2016-08-07,540.97,548.66,537.22,544.89,7928875
2016-08-08,544.89,553.06,540.99,549.13,8158539
2016-08-09,549.13,557.56,545.14,553.54,8262688
2016-08-10,553.54,563.35,549.14,558.90,8957373
2016-08-11,558.90,563.60,555.99,560.68,6217901
2016-08-14,560.68,565.72,557.66,562.69,6389951
2016-08-15,562.69,568.22,559.52,565.03,6634019
2016-08-16,565.03,567.12,562.70,564.79,4703189
2016-08-17,564.79,569.23,561.94,566.37,6054252
2016-08-18,566.37,568.23,563.72,565.58,4292146
2016-08-21,565.58,571.74,562.22,568.36,6947736
2016-08-22,568.36,569.26,564.37,565.26,2588923
2016-08-23,565.26,568.19,562.85,565.78,5265089
2016-08-24,565.78,574.51,561.66,570.36,8284876
2016-08-25,570.36,577.30,566.75,573.67,7327297
2016-08-28,573.67,575.91,571.44,573.68,4886179
2016-08-29,573.68,575.43,570.80,572.55,4047942
2016-08-30,572.55,580.05,568.77,576.25,7602709
2016-08-31,576.25,581.63,573.09,578.45,6488751
2016-09-01,578.45,582.05,575.81,579.40,5570267
2016-09-04,579.40,585.32,576.07,581.97,6748491
2016-09-05,581.97,585.26,579.41,582.70,5406138
2016-09-06,582.70,591.49,578.51,587.27,8185185
2016-09-07,587.27,595.96,583.10,591.76,8097976
2016-09-08,591.76,594.24,589.41,591.89,4971673
2016-09-11,591.89,598.89,588.20,595.19,7226028
2016-09-12,595.19,601.74,591.62,598.16,6984499
2016-09-13,598.16,607.87,593.66,603.33,8518689
2016-09-14,603.33,608.01,600.30,604.97,6026131
2016-09-15,604.97,611.14,601.50,607.65,6741392
2016-09-18,607.65,609.09,604.04,605.48,3380521
2016-09-19,605.48,614.07,601.29,609.85,7918827
2016-09-20,609.85,610.89,605.67,606.70,2701989
2016-09-21,606.70,617.31,601.91,612.48,8890500
2016-09-22,612.48,621.83,608.04,617.36,8237448
2016-09-25,617.36,622.52,614.15,619.30,6199622
2016-09-26,619.30,621.39,616.47,618.56,4381961
2016-09-27,618.56,619.38,613.99,614.80,2315329
2016-09-28,614.80,616.99,612.15,614.34,4567626
2016-09-29,614.34,614.46,608.84,608.95,1188237
2016-10-02,608.95,609.25,603.75,604.04,1485802
2016-10-03,604.04,604.13,598.59,598.68,1139334
2016-10-04,598.68,599.66,594.52,595.50,2642661
2016-10-05,595.50,595.55,590.08,590.13,1082201
2016-10-06,590.13,597.15,586.44,593.44,7248079
2016-10-09,593.44,595.27,590.49,592.31,4078566
2016-10-10,592.31,594.35,589.66,591.69,4437860
2016-10-11,591.69,592.42,587.24,587.96,2227194
2016-10-12,587.96,598.13,583.36,593.48,8829286
2016-10-13,593.48,599.82,589.99,596.31,6886111
2016-10-16,596.31,599.69,593.68,597.06,5410013
2016-10-17,597.06,598.99,594.21,596.13,4228155
2016-10-18,596.13,597.78,592.91,594.55,3760288
2016-10-19,594.55,596.41,591.63,593.49,4129869
2016-10-20,593.49,593.85,588.52,588.88,1608504
2016-10-23,588.88,594.18,585.70,590.99,6393724
2016-10-24,590.99,591.42,586.14,586.56,1720096
2016-10-25,586.56,588.50,583.82,585.76,4303669
2016-10-26,585.76,586.41,581.27,581.92,2119753
2016-10-27,581.92,582.22,576.97,577.26,1514026
2016-10-30,577.26,584.92,573.43,581.06,7646982
2016-10-31,581.06,581.80,576.72,577.46,2271707
2016-11-01,577.46,583.54,574.08,580.15,6844993
2016-11-02,580.15,586.52,576.69,583.04,6971776
2016-11-03,583.04,583.73,578.62,579.30,2182921
2016-11-06,579.30,581.87,576.96,579.53,5046330
2016-11-07,579.53,583.21,576.86,580.54,5611385
2016-11-08,580.54,583.39,578.11,580.96,5186728
2016-11-09,580.96,588.28,577.21,584.51,7451371
2016-11-10,584.51,590.78,581.06,587.31,6899142
2016-11-13,587.31,593.04,584.01,589.73,6616460
2016-11-14,589.73,589.96,584.62,584.85,1393449
2016-11-15,584.85,589.67,581.83,586.64,6168381
2016-11-16,586.64,587.11,581.89,582.36,1805452
2016-11-17,582.36,587.23,579.32,584.19,6205898
2016-11-20,584.19,590.16,580.83,586.79,6752434
2016-11-21,586.79,587.42,582.26,582.89,2087037
2016-11-22,582.89,583.02,577.70,577.83,1222050
2016-11-23,577.83,579.56,574.88,576.60,3984636
2016-11-24,576.60,577.64,572.72,573.75,2794547
2016-11-27,573.75,577.71,571.01,574.97,5775240
2016-11-28,574.97,575.08,569.83,569.94,1198319
2016-11-29,569.94,576.75,566.37,573.16,7261316
2016-11-30,573.16,579.89,569.61,576.32,7198799
2016-12-01,576.32,576.74,571.59,572.00,1726817
2016-12-04,572.00,573.04,568.17,569.20,2820679
2016-12-05,569.20,579.04,564.75,574.54,8826063
2016-12-06,574.54,584.61,570.00,580.03,8903463
2016-12-07,580.03,590.01,575.50,585.44,8805967
2016-12-08,585.44,589.91,582.52,586.98,5990363
2016-12-11,586.98,587.60,582.43,583.05,2061591
2016-12-12,583.05,585.12,580.53,582.60,4550514
2016-12-13,582.60,583.19,578.05,578.65,2025034
2016-12-14,578.65,588.07,574.29,583.67,8534533
2016-12-15,583.67,583.89,578.60,578.83,1387654
2016-12-18,578.83,587.72,574.62,583.48,8263408
2016-12-19,583.48,591.23,579.59,587.32,7655624
2016-12-20,587.32,588.29,583.25,584.22,2650720
2016-12-21,584.22,585.99,581.28,583.05,4038820
2016-12-22,583.05,584.07,579.09,580.11,2758196
2016-12-25,580.11,581.66,576.90,578.45,3673045
2016-12-26,578.45,588.16,574.00,583.67,8684602
2016-12-27,583.67,586.52,581.24,584.08,5175582
2016-12-28,584.08,592.11,580.12,588.12,7787962
2016-12-29,588.12,588.43,583.13,583.44,1534087
2017-01-01,583.44,584.17,579.07,579.79,2241117
2017-01-02,579.79,580.56,575.51,576.27,2328806
2017-01-03,576.27,576.80,571.70,572.22,1920610
2017-01-04,572.22,575.23,569.77,572.78,5288134
2017-01-05,572.78,578.40,569.55,575.16,6628909
2017-01-08,575.16,577.97,572.75,575.56,5177503
2017-01-09,575.56,575.94,570.78,571.15,1649965
2017-01-10,571.15,579.45,567.14,575.41,8021604
2017-01-11,575.41,581.07,572.17,577.81,6638100
2017-01-12,577.81,578.77,573.81,574.77,2659945
2017-01-15,574.77,575.25,570.14,570.62,1840226
2017-01-16,570.62,570.98,565.86,566.22,1635733
2017-01-17,566.22,567.72,563.07,564.57,3651406
2017-01-18,564.57,571.62,560.94,567.97,7418106
2017-01-19,567.97,568.26,563.13,563.42,1503737
2017-01-22,563.42,571.48,559.50,567.54,7957681
2017-01-23,567.54,569.29,564.72,566.47,4088580
2017-01-24,566.47,566.79,561.70,562.02,1575445
2017-01-25,562.02,563.10,558.33,559.40,2912105
2017-01-26,559.40,560.62,555.93,557.14,3184979
2017-01-29,557.14,559.88,554.81,557.55,5184190
2017-01-30,557.55,565.32,553.73,561.48,7848010
2017-01-31,561.48,569.67,557.52,565.69,8040637
2017-02-01,565.69,573.22,561.92,569.43,7663305
2017-02-02,569.43,570.06,565.05,565.67,2098731
2017-02-05,565.67,569.99,562.85,567.16,5988888
2017-02-06,567.16,569.06,564.54,566.44,4346124
2017-02-07,566.44,568.86,564.18,566.60,4997599
2017-02-08,566.60,575.49,562.43,571.29,8363065
2017-02-09,571.29,576.77,568.11,573.57,6565980
2017-02-12,573.57,575.22,570.56,572.21,3877949
2017-02-13,572.21,573.06,568.12,568.97,2496502
2017-02-14,568.97,569.34,564.24,564.61,1656207
2017-02-15,564.61,565.22,560.25,560.85,2073113
2017-02-16,560.85,568.43,557.08,564.63,7722530
2017-02-19,564.63,574.62,560.15,570.09,8950137
2017-02-20,570.09,571.19,566.35,567.43,2916426
2017-02-21,567.43,568.78,564.06,565.41,3374485
2017-02-22,565.41,573.16,561.57,569.30,7781104
2017-02-23,569.30,569.72,564.64,565.06,1741220
2017-02-26,565.06,574.74,560.66,570.30,8785699
2017-02-27,570.30,570.57,565.42,565.70,1482441
2017-02-28,565.70,566.19,561.17,561.67,1880829
2017-03-01,561.67,562.95,558.26,559.55,3289506
2017-03-02,559.55,559.76,554.69,554.90,1387482
2017-03-05,554.90,560.42,551.76,557.26,6668587
2017-03-06,557.26,561.95,554.35,559.03,6219238
2017-03-07,559.03,560.06,555.29,556.31,2829561
2017-03-08,556.31,557.67,553.05,554.41,3437825
2017-03-09,554.41,556.61,552.24,554.44,4908230
2017-03-12,554.44,554.52,549.44,549.52,1142009
2017-03-13,549.52,550.91,546.37,547.75,3521879
2017-03-14,547.75,548.67,543.98,544.90,2689814
2017-03-15,544.90,552.15,541.27,548.49,7658161
2017-03-16,548.49,549.18,544.39,545.07,2254080
2017-03-19,545.07,546.11,541.48,542.51,2897325
2017-03-20,542.51,542.89,538.04,538.42,1711351
2017-03-21,538.42,539.48,534.92,535.98,2967764
2017-03-22,535.98,545.31,531.76,541.05,8864094
2017-03-23,541.05,541.94,537.29,538.17,2634910
2017-03-26,538.17,547.77,533.86,543.43,8996262
2017-03-27,543.43,551.14,539.66,547.36,7923456
2017-03-28,547.36,551.11,544.75,548.50,5762174
2017-03-29,548.50,555.82,544.84,552.14,7672908
2017-03-30,552.14,553.47,548.89,550.21,3408744
2017-04-02,550.21,555.23,547.23,552.23,6426474
2017-04-03,552.23,552.97,548.16,548.89,2331035
2017-04-04,548.89,554.32,545.79,551.20,6653292
2017-04-05,551.20,559.10,547.36,555.23,7961145
2017-04-06,555.23,557.07,552.64,554.47,4303978
2017-04-09,554.47,556.83,552.26,554.62,4990432
2017-04-10,554.62,558.31,552.01,555.70,5699519
2017-04-11,555.70,565.48,551.30,561.04,8925068
2017-04-12,561.04,561.46,556.45,556.87,1753497
2017-04-13,556.87,557.97,553.26,554.35,2974931
2017-04-16,554.35,555.75,551.18,552.57,3527640
2017-04-17,552.57,561.08,548.55,557.03,8275823
2017-04-18,557.03,558.21,553.52,554.70,3120713
2017-04-19,554.70,561.68,551.13,558.08,7445027
2017-04-20,558.08,559.69,555.16,556.77,3890740
2017-04-23,556.77,557.03,552.00,552.26,1470198
2017-04-24,552.26,560.27,548.39,556.37,8010562
2017-04-25,556.37,564.28,552.51,560.40,7931584
2017-04-26,560.40,560.60,555.51,555.71,1356721
2017-04-27,555.71,564.80,551.51,560.56,8557578
2017-04-30,560.56,568.16,556.79,564.36,7731687
2017-05-01,564.36,568.91,561.47,566.01,6113614
2017-05-02,566.01,567.95,563.46,565.39,4419410
2017-05-03,565.39,570.93,562.21,567.74,6624382
2017-05-04,567.74,568.91,564.13,565.30,3074211
2017-05-07,565.30,571.42,561.95,568.05,6929389
2017-05-08,568.05,576.16,564.11,572.18,7943004
2017-05-09,572.18,573.66,568.94,570.41,3571844
2017-05-10,570.41,571.79,567.05,568.43,3420850
2017-05-11,568.43,574.76,565.01,571.32,7020884
2017-05-14,571.32,572.43,567.59,568.69,2939849
2017-05-15,568.69,571.56,566.28,569.16,5227126
2017-05-16,569.16,575.82,565.63,572.28,7191358
2017-05-17,572.28,574.29,569.77,571.78,4511556
2017-05-18,571.78,579.43,567.96,575.59,7681550
2017-05-21,575.59,577.19,572.49,574.09,3787757
2017-05-22,574.09,575.60,570.87,572.37,3620301
2017-05-23,572.37,576.99,569.45,574.06,6117455
2017-05-24,574.06,582.64,569.96,578.51,8143415
2017-05-25,578.51,580.01,575.25,576.75,3599417
2017-05-28,576.75,578.40,573.71,575.36,3868175
2017-05-29,575.36,582.88,571.57,579.07,7591666
2017-05-30,579.07,587.01,575.14,583.06,7782235
2017-05-31,583.06,584.96,580.31,582.21,4267043
2017-06-01,582.21,585.62,579.61,583.02,5465843
2017-06-04,583.02,584.48,579.66,581.11,3502091
2017-06-05,581.11,582.07,577.08,578.03,2647393
2017-06-06,578.03,580.70,575.66,578.33,5099279
2017-06-07,578.33,578.96,573.87,574.50,2092318
2017-06-08,574.50,575.27,570.27,571.04,2342558
2017-06-11,571.04,571.51,566.43,566.90,1825308
2017-06-12,566.90,572.95,563.56,569.60,6886248
2017-06-13,569.60,575.29,566.36,572.04,6685871
2017-06-14,572.04,578.33,568.62,574.89,6977263
2017-06-15,574.89,577.78,572.47,575.35,5217215
2017-06-18,575.35,576.51,571.64,572.80,3010665
2017-06-19,572.80,580.86,568.85,576.89,7888477
2017-06-20,576.89,586.05,572.61,581.74,8418552
2017-06-21,581.74,582.70,577.70,578.66,2650274
2017-06-22,578.66,586.81,574.67,582.80,7892283
2017-06-25,582.80,584.44,579.69,581.33,3823593
2017-06-26,581.33,591.60,576.72,586.94,8938031
2017-06-27,586.94,587.71,582.60,583.37,2322016
2017-06-28,583.37,584.40,579.42,580.44,2765672
2017-06-29,580.44,580.56,575.26,575.38,1207270
2017-07-02,575.38,576.25,571.28,572.14,2511008
2017-07-03,572.14,581.54,567.81,577.17,8578120
2017-07-04,577.17,583.14,573.82,579.79,6791323
2017-07-05,579.79,581.41,576.67,578.29,3792592
2017-07-06,578.29,587.82,573.90,583.39,8594272
2017-07-09,583.39,585.94,581.04,583.59,5023525
2017-07-10,583.59,583.88,578.61,578.90,1500102
2017-07-11,578.90,583.64,575.92,580.65,6147462
2017-07-12,580.65,587.54,577.03,583.90,7237208
2017-07-13,583.90,590.29,580.41,586.79,6966872
2017-07-16,586.79,588.89,584.27,586.36,4571021
2017-07-17,586.36,596.37,581.81,591.77,8765706
2017-07-18,591.77,599.38,587.91,595.49,7526234
2017-07-19,595.49,602.48,591.80,598.77,7198285
2017-07-20,598.77,601.22,596.41,598.86,4942352
2017-07-23,598.86,604.49,595.56,601.18,6511522
2017-07-24,601.18,601.40,595.94,596.16,1362585
2017-07-25,596.16,602.96,592.52,599.30,7100480
2017-07-26,599.30,606.45,595.55,602.68,7256069
2017-07-27,602.68,608.12,599.43,604.85,6397256
2017-07-30,604.85,605.81,600.59,601.54,2573422
2017-07-31,601.54,604.31,599.08,601.85,5093209
2017-08-01,601.85,602.23,596.83,597.21,1635631
2017-08-02,597.21,598.22,593.10,594.11,2694513
2017-08-03,594.11,595.51,590.56,591.96,3356275
2017-08-06,591.96,597.33,588.76,594.11,6411042
2017-08-07,594.11,595.18,590.11,591.17,2797085
2017-08-08,591.17,594.46,588.58,591.87,5378600
2017-08-09,591.87,600.55,587.70,596.34,8056824
2017-08-10,596.34,601.35,593.23,598.23,6214471
2017-08-13,598.23,603.82,594.94,600.52,6493518
2017-08-14,600.52,601.06,595.74,596.28,1906310
2017-08-15,596.28,605.47,591.94,601.09,8280006
2017-08-16,601.09,601.72,596.41,597.03,2034362
2017-08-17,597.03,604.23,593.27,600.45,7292832
2017-08-20,600.45,602.45,597.67,599.66,4327023
2017-08-21,599.66,601.06,596.07,597.46,3334465
2017-08-22,597.46,598.99,594.06,595.58,3549725
2017-08-23,595.58,599.52,592.78,596.72,5688854
2017-08-24,596.72,600.75,593.90,597.92,5727160
2017-08-27,597.92,598.52,593.25,593.85,2010322
2017-08-28,593.85,601.83,589.87,597.82,7698834
2017-08-29,597.82,599.94,595.23,597.35,4545781
2017-08-30,597.35,601.95,594.35,598.95,6007956
2017-08-31,598.95,602.91,596.14,600.10,5690294
2017-09-03,600.10,601.37,596.33,597.60,3123662
2017-09-04,597.60,598.72,593.64,594.75,2875960
2017-09-05,594.75,595.94,590.91,592.09,2996570
2017-09-06,592.09,594.34,589.72,591.97,4794135
2017-09-07,591.97,593.72,588.92,590.66,3947668
2017-09-10,590.66,591.81,586.81,587.95,2950994
2017-09-11,587.95,590.26,585.67,587.97,4890534
2017-09-12,587.97,590.06,585.43,587.52,4556412
2017-09-13,587.52,597.79,582.88,593.11,8886899
2017-09-14,593.11,599.16,589.70,595.74,6746193
2017-09-17,595.74,604.42,591.55,600.20,8035528
2017-09-18,600.20,609.16,595.92,604.84,8137620
2017-09-19,604.84,608.86,602.01,606.01,5694444
2017-09-20,606.01,606.45,601.03,601.46,1718347
2017-09-21,601.46,603.29,598.44,600.26,4036488
2017-09-24,600.26,602.97,597.82,600.53,5068621
2017-09-25,600.53,602.98,598.16,600.61,4938203
2017-09-26,600.61,609.13,596.46,604.94,7916838
2017-09-27,604.94,614.11,600.59,609.72,8202057
2017-09-28,609.72,612.39,607.26,609.93,5028429
2017-10-01,609.93,616.91,606.20,613.16,7112002
2017-10-02,613.16,614.04,608.72,609.59,2428086
2017-10-03,609.59,612.87,606.96,610.23,5322359
2017-10-04,610.23,612.76,607.82,610.34,4955315
2017-10-05,610.34,617.26,606.63,613.53,7080041
2017-10-08,613.53,613.63,608.01,608.10,1153326
2017-10-09,608.10,610.40,605.66,607.96,4780109
2017-10-10,607.96,608.26,602.77,603.06,1491255
2017-10-11,603.06,604.79,599.88,601.60,3854663
2017-10-12,601.60,602.15,596.82,597.37,1919718
2017-10-15,597.37,599.92,594.98,597.53,4995061
2017-10-16,597.53,607.71,592.89,603.04,8759705
2017-10-17,603.04,611.16,598.99,607.09,7707475
2017-10-18,607.09,609.53,604.70,607.15,4924794
2017-10-19,607.15,608.49,603.40,604.73,3201783
2017-10-22,604.73,605.02,599.56,599.84,1476714
2017-10-23,599.84,602.01,597.30,599.46,4613786
2017-10-24,599.46,605.11,596.16,601.79,6514231
2017-10-25,601.79,602.73,597.54,598.47,2560768
2017-10-26,598.47,605.90,594.65,602.05,7395370
2017-10-29,602.05,606.73,599.02,603.69,6030384
2017-10-30,603.69,608.93,600.50,605.72,6292969
2017-10-31,605.72,615.72,601.12,611.08,8602880
2017-11-01,611.08,613.87,608.58,611.37,5083573
2017-11-02,611.37,620.23,607.09,615.91,8006652
2017-11-05,615.91,617.49,612.42,613.99,3569650
2017-11-06,613.99,620.80,610.31,617.10,7007133
2017-11-07,617.10,618.35,613.14,614.39,3035150
2017-11-08,614.39,616.01,610.96,612.57,3629012
2017-11-09,612.57,619.63,608.81,615.85,7134396
2017-11-12,615.85,616.90,611.63,612.68,2711796
2017-11-13,612.68,614.58,609.66,611.56,4114300
2017-11-14,611.56,622.07,606.79,617.25,8798696
2017-11-15,617.25,618.10,612.73,613.57,2369924
2017-11-16,613.57,623.20,609.06,618.64,8358847
2017-11-19,618.64,626.19,614.73,622.25,7333367
2017-11-20,622.25,625.64,619.55,622.93,5342866
2017-11-21,622.93,624.61,619.51,621.18,3695987
2017-11-22,621.18,626.10,618.03,622.94,6071742
2017-11-23,622.94,629.76,619.22,626.02,6963957
2017-11-26,626.02,626.31,620.65,620.94,1459053
2017-11-27,620.94,630.65,616.37,626.05,8347153
2017-11-28,626.05,627.03,621.63,622.61,2566529
2017-11-29,622.61,625.24,620.13,622.76,4981378
2017-11-30,622.76,623.07,617.44,617.75,1492935
2017-12-03,617.75,619.28,614.17,615.70,3483916
2017-12-04,615.70,616.07,610.53,610.90,1596296
2017-12-05,610.90,613.25,608.50,610.84,4842421
2017-12-06,610.84,613.56,608.37,611.09,5049451
2017-12-07,611.09,612.09,606.84,607.84,2637139
2017-12-10,607.84,611.94,604.96,609.06,5728943
2017-12-11,609.06,610.03,604.79,605.76,2596467
2017-12-12,605.76,607.23,602.21,603.68,3437242
2017-12-13,603.68,611.36,599.77,607.42,7485836
2017-12-14,607.42,615.08,603.50,611.14,7458299
2017-12-17,611.14,618.58,607.27,614.69,7329938
2017-12-18,614.69,618.26,611.96,615.52,5446433
2017-12-19,615.52,622.26,611.85,618.57,6968278
2017-12-20,618.57,618.97,613.43,613.83,1648559
2017-12-21,613.83,615.02,609.82,611.00,2944067
2017-12-24,611.00,613.12,608.28,610.39,4459739
2017-12-25,610.39,614.51,607.51,611.62,5726440
2017-12-26,611.62,613.03,607.93,609.34,3312071
2017-12-27,609.34,610.72,605.63,607.01,3266015
2017-12-28,607.01,613.51,603.43,609.92,6896913
2017-12-31,609.92,610.45,605.04,605.57,1883779
2018-01-01,605.57,611.70,602.11,608.22,6720438
2018-01-02,608.22,618.04,603.66,613.44,8493312
2018-01-03,613.44,614.05,608.63,609.23,1992524
2018-01-04,609.23,609.94,604.59,605.29,2156344
2018-01-07,605.29,609.63,602.36,606.69,5848971
2018-01-08,606.69,613.34,603.06,609.70,6971639
2018-01-09,609.70,620.40,604.88,615.53,8907064
2018-01-10,615.53,616.33,610.96,611.76,2297222
2018-01-11,611.76,613.69,608.78,610.70,4154458
2018-01-14,610.70,616.02,607.46,612.77,6305932
2018-01-15,612.77,612.88,607.27,607.37,1171399
2018-01-16,607.37,609.73,605.01,607.36,4874314
2018-01-17,607.36,611.38,604.52,608.53,5686282
2018-01-18,608.53,612.79,605.60,609.86,5804835
2018-01-21,609.86,611.98,607.15,609.26,4464540
2018-01-22,609.26,610.10,604.81,605.65,2381447
2018-01-23,605.65,607.18,602.18,603.71,3530864
2018-01-24,603.71,608.87,600.53,605.68,6258470
2018-01-25,605.68,613.88,601.61,609.78,7724759
2018-01-28,609.78,613.80,606.92,610.94,5682818
2018-01-29,610.94,614.78,608.13,611.97,5589437
2018-01-30,611.97,612.00,606.37,606.40,1049554
2018-01-31,606.40,614.33,602.40,610.31,7594032
2018-02-01,610.31,614.56,607.38,611.63,5790775
2018-02-04,611.63,612.05,606.58,606.99,1689163
2018-02-05,606.99,609.18,604.40,606.59,4597839
2018-02-06,606.59,607.31,602.00,602.72,2195816
2018-02-07,602.72,605.26,600.32,602.86,4976920
2018-02-08,602.86,611.63,598.62,607.37,8027572
2018-02-11,607.37,612.31,604.24,609.18,6137894
2018-02-12,609.18,614.36,605.98,611.16,6246159
2018-02-13,611.16,614.22,608.58,611.65,5216563
2018-02-14,611.65,614.16,609.23,611.75,4950342
2018-02-15,611.75,622.32,606.96,617.49,8830212
2018-02-18,617.49,625.36,613.47,621.33,7498148
2018-02-19,621.33,621.93,616.43,617.03,1966495
2018-02-20,617.03,626.08,612.67,621.69,8062414
2018-02-21,621.69,622.44,617.00,617.74,2205658
2018-02-22,617.74,627.77,613.10,623.08,8519684
2018-02-25,623.08,630.56,619.17,626.63,7276097
2018-02-26,626.63,637.12,621.82,632.27,8672427
2018-02-27,632.27,634.13,629.01,630.86,3943244
2018-02-28,630.86,631.37,625.75,626.26,1804595
2018-03-01,626.26,631.55,622.98,628.27,6231790
2018-03-04,628.27,636.44,624.14,632.28,7570507
2018-03-05,632.28,633.53,628.18,629.43,2981241
2018-03-06,629.43,634.72,626.15,631.43,6217078
2018-03-07,631.43,637.85,627.81,634.21,6734807
2018-03-08,634.21,639.38,630.95,636.11,6139368
2018-03-11,636.11,637.99,632.84,634.72,3961625
2018-03-12,634.72,637.11,632.16,634.55,4769478
2018-03-13,634.55,640.74,630.99,637.16,6612311
2018-03-14,637.16,638.31,632.87,634.02,2798765
2018-03-15,634.02,636.75,631.47,634.21,5007853
2018-03-18,634.21,642.81,629.94,638.51,7733401
2018-03-19,638.51,643.54,635.27,640.30,6061831
2018-03-20,640.30,641.44,635.97,637.11,2783264
2018-03-21,637.11,639.55,634.60,637.04,4835973
2018-03-22,637.04,637.10,631.25,631.30,1084156
2018-03-25,631.30,631.57,625.86,626.13,1429046
2018-03-26,626.13,626.28,620.58,620.73,1253360
2018-03-27,620.73,628.02,616.88,624.15,7199074
2018-03-28,624.15,626.20,621.22,623.26,4278532
2018-03-29,623.26,632.95,618.70,628.35,8318895
2018-04-01,628.35,630.07,624.93,626.65,3739917
2018-04-02,626.65,632.87,623.10,629.31,6665054
2018-04-03,629.31,632.78,626.56,630.03,5365912
2018-04-04,630.03,630.69,625.13,625.78,2040020
2018-04-05,625.78,627.61,622.53,624.36,3921947
2018-04-08,624.36,626.06,620.95,622.65,3727743
2018-04-09,622.65,626.23,619.89,623.47,5432716
2018-04-10,623.47,631.18,619.49,627.17,7382544
2018-04-11,627.17,633.55,623.57,629.94,6737722
2018-04-12,629.94,630.10,624.35,624.51,1251337
2018-04-15,624.51,626.62,621.66,623.77,4380178
2018-04-16,623.77,624.22,618.65,619.10,1729183
2018-04-17,619.10,629.80,614.25,624.91,8829218
2018-04-18,624.91,630.23,621.63,626.94,6248182
2018-04-19,626.94,636.08,622.53,631.64,8035459
2018-04-22,631.64,639.70,627.53,635.57,7499691
2018-04-23,635.57,645.45,630.92,640.76,8319890
2018-04-24,640.76,643.48,638.20,640.93,4989883
2018-04-25,640.93,651.50,636.06,646.58,8596090
2018-04-26,646.58,651.39,643.40,648.19,5928635
2018-04-29,648.19,650.09,644.83,646.73,3925788
2018-04-30,646.73,654.87,642.55,650.68,7451748
2018-05-01,650.68,651.59,645.94,646.85,2407750
2018-05-02,646.85,656.60,642.21,651.92,8176508
2018-05-03,651.92,660.02,647.75,655.82,7400000
2018-05-06,655.82,655.88,649.86,649.92,1090569
2018-05-07,649.92,652.87,647.27,650.22,5075377
2018-05-08,650.22,652.02,646.71,648.51,3774176
2018-05-09,648.51,651.97,645.72,649.18,5310425
2018-05-10,649.18,654.06,645.96,650.83,5955727
2018-05-13,650.83,660.04,646.34,655.51,7907613
2018-05-14,655.51,656.43,650.74,651.65,2400651
2018-05-15,651.65,656.99,648.30,653.62,6150891
2018-05-16,653.62,661.15,649.61,657.12,7133641
2018-05-17,657.12,658.89,653.50,655.27,3694581
2018-05-20,655.27,666.96,650.03,661.67,8994204
2018-05-21,661.67,664.18,659.02,661.52,4785596
2018-05-22,661.52,663.86,658.64,660.97,4525548
2018-05-23,660.97,661.51,655.62,656.16,1818998
2018-05-24,656.16,658.26,653.00,655.10,4196810
2018-05-27,655.10,665.08,650.36,660.30,8226886
2018-05-28,660.30,662.26,656.91,658.86,3958607
2018-05-29,658.86,669.96,653.79,664.84,8700617
2018-05-30,664.84,665.59,659.75,660.50,2131927
2018-05-31,660.50,661.65,656.00,657.15,2746364
2018-06-03,657.15,661.37,654.11,658.32,5630349
2018-06-04,658.32,662.42,655.31,659.41,5574005
2018-06-05,659.41,659.75,653.80,654.14,1515603
2018-06-06,654.14,659.87,650.66,656.37,6319341
2018-06-07,656.37,661.16,653.17,657.94,5886454
2018-06-10,657.94,659.65,654.24,655.94,3599657
2018-06-11,655.94,661.20,652.60,657.85,6100925
2018-06-12,657.85,663.79,654.29,660.22,6402606
2018-06-13,660.22,662.42,657.17,659.36,4331858
2018-06-14,659.36,669.59,654.55,664.73,8308436
2018-06-17,664.73,665.70,659.94,660.91,2455795
2018-06-18,660.91,668.32,656.91,664.31,7045541
2018-06-19,664.31,674.53,659.47,669.66,8275205
2018-06-20,669.66,673.39,666.73,670.46,5379355
2018-06-21,670.46,678.04,666.38,673.95,7074039
2018-06-24,673.95,674.18,668.05,668.28,1334567
2018-06-25,668.28,669.28,663.51,664.51,2506618
2018-06-26,664.51,673.56,660.02,669.04,7750685
2018-06-27,669.04,676.03,665.15,672.12,6819855
2018-06-28,672.12,675.39,669.32,672.59,5170919
2018-07-01,672.59,674.88,669.54,671.83,4408813
2018-07-02,671.83,673.89,668.48,670.53,4064403
2018-07-03,670.53,681.84,665.36,676.62,8705589
2018-07-04,676.62,687.29,671.63,682.25,8381755
2018-07-05,682.25,684.57,679.16,681.48,4401543
2018-07-08,681.48,692.36,676.40,687.24,8443964
2018-07-09,687.24,694.86,683.12,690.71,7002846
2018-07-10,690.71,692.20,686.41,687.89,3164609
2018-07-11,687.89,697.19,683.27,692.53,7719375
2018-07-12,692.53,694.34,688.64,690.44,3605418
2018-07-15,690.44,692.29,686.63,688.48,3686934
2018-07-16,688.48,689.08,682.96,683.55,1865157
2018-07-17,683.55,683.91,677.75,678.10,1522805
2018-07-18,678.10,678.31,672.14,672.34,1301851
2018-07-19,672.34,673.16,667.27,668.08,2214643
2018-07-22,668.08,670.15,664.77,666.83,4088340
2018-07-23,666.83,674.98,662.60,670.73,7342695
2018-07-24,670.73,672.81,667.41,669.49,4101165
2018-07-25,669.49,676.07,665.71,672.28,6635356
2018-07-26,672.28,672.37,666.21,666.31,1142798
2018-07-29,666.31,667.55,661.88,663.11,2858058
2018-07-30,663.11,665.43,660.19,662.51,4497187
2018-07-31,662.51,663.19,657.35,658.03,2035493
2018-08-01,658.03,658.57,652.71,653.25,1818655
2018-08-02,653.25,653.25,647.23,647.24,1007167
2018-08-05,647.24,650.79,644.42,647.97,5354115
2018-08-06,647.97,650.12,644.95,647.10,4316289
2018-08-07,647.10,655.36,642.89,651.12,7498628
2018-08-08,651.12,657.07,647.59,653.52,6431995
2018-08-09,653.52,657.84,650.46,654.77,5684293
2018-08-12,654.77,656.28,650.82,652.32,3304903
2018-08-13,652.32,663.09,647.36,658.09,8602469
2018-08-14,658.09,658.26,652.26,652.43,1256001
2018-08-15,652.43,661.33,648.02,656.89,7759327
2018-08-16,656.89,664.60,652.82,660.51,7198868
2018-08-19,660.51,661.41,655.66,656.56,2364746
2018-08-20,656.56,666.49,651.84,661.73,8195233
2018-08-21,661.73,665.81,658.72,662.79,5554526
2018-08-22,662.79,665.01,659.73,661.95,4343861
2018-08-23,661.95,671.40,657.35,666.77,7945953
2018-08-26,666.77,674.15,662.76,670.13,7002777
2018-08-27,670.13,671.15,665.36,666.38,2526680
2018-08-28,666.38,667.28,661.48,662.37,2344821
2018-08-29,662.37,669.42,658.48,665.51,6876954
2018-08-30,665.51,675.69,660.69,670.83,8246536
2018-09-02,670.83,671.99,666.25,667.40,2725171
2018-09-03,667.40,678.21,662.39,673.15,8510390
2018-09-04,673.15,684.80,667.88,679.48,8836762
2018-09-05,679.48,681.80,676.42,678.74,4420336
2018-09-06,678.74,686.79,674.50,682.54,7236419
2018-09-09,682.54,691.55,678.01,687.00,7630692
2018-09-10,687.00,688.21,682.34,683.54,2763648
2018-09-11,683.54,689.69,679.86,685.99,6388374
2018-09-12,685.99,695.82,681.22,691.01,7961659
2018-09-13,691.01,691.07,684.73,684.79,1088443
2018-09-16,684.79,684.99,678.76,678.97,1299588
2018-09-17,678.97,682.25,676.14,679.42,5162997
2018-09-18,679.42,680.60,674.78,675.95,2728052
2018-09-19,675.95,677.51,671.87,673.42,3303395
2018-09-20,673.42,674.47,668.67,669.72,2568038
2018-09-23,669.72,671.07,665.41,666.76,3015809
2018-09-24,666.76,675.79,662.27,671.27,7733127
2018-09-25,671.27,672.96,667.41,669.09,3510116
2018-09-26,669.09,672.60,666.22,669.73,5285048
2018-09-27,669.73,670.35,664.42,665.03,1922119
2018-09-30,665.03,666.57,661.03,662.57,3322565
2018-10-01,662.57,665.13,659.99,662.55,4869101
2018-10-02,662.55,665.85,659.77,663.06,5203703
2018-10-03,663.06,666.66,660.18,663.78,5338717
2018-10-04,663.78,666.86,661.06,664.13,5101303
2018-10-07,664.13,666.78,661.53,664.18,4911213
2018-10-08,664.18,666.79,661.60,664.20,4891906
2018-10-09,664.20,664.41,658.37,658.58,1314986
2018-10-10,658.58,660.80,655.57,657.79,4377983
2018-10-11,657.79,661.31,654.95,658.47,5315466
2018-10-14,658.47,661.00,655.88,658.41,4843484
2018-10-15,658.41,665.56,654.51,661.63,6937345
2018-10-16,661.63,662.26,656.40,657.02,1942729
2018-10-17,657.02,658.34,652.79,654.11,3020130
2018-10-18,654.11,663.40,649.59,658.84,7922633
2018-10-21,658.84,664.14,655.48,660.76,6107030
2018-10-22,660.76,668.47,656.68,664.37,7178257
2018-10-23,664.37,665.48,659.77,660.88,2667181
2018-10-24,660.88,664.03,658.14,661.29,5141700
2018-10-25,661.29,663.70,658.51,660.93,4651200
2018-10-28,660.93,661.92,656.21,657.20,2504320
2018-10-29,657.20,658.11,652.39,653.30,2380075
2018-10-30,653.30,660.02,649.53,656.23,6772290
2018-10-31,656.23,657.39,651.79,652.94,2767386
2018-11-01,652.94,653.04,647.06,647.16,1155486
2018-11-04,647.16,658.45,642.07,653.30,8874862
2018-11-05,653.30,660.07,649.52,656.27,6789711
2018-11-06,656.27,658.76,653.65,656.14,4801268
2018-11-07,656.14,661.83,652.67,658.35,6292249
2018-11-08,658.35,658.94,653.10,653.69,1904629
2018-11-11,653.69,664.59,648.69,659.55,8650754
2018-11-12,659.55,660.44,654.71,655.60,2357784
2018-11-13,655.60,663.84,651.37,659.59,7445473
2018-11-14,659.59,669.21,654.95,664.54,8037277
2018-11-15,664.54,675.06,659.62,670.10,8404801
2018-11-18,670.10,671.27,665.54,666.70,2745576
2018-11-19,666.70,672.48,663.17,668.94,6294170
2018-11-20,668.94,670.79,665.33,667.17,3766632
2018-11-21,667.17,674.87,663.08,670.75,7138271
2018-11-22,670.75,677.62,666.89,673.74,6754766
2018-11-25,673.74,682.97,669.17,678.37,7776611
2018-11-26,678.37,688.08,673.65,683.33,7956893
2018-11-27,683.33,685.89,680.56,683.12,4752400
2018-11-28,683.12,692.46,678.50,687.81,7768072
2018-11-29,687.81,699.01,682.63,693.78,8534773
2018-12-02,693.78,695.60,689.89,691.70,3620404
2018-12-03,691.70,699.53,687.50,695.31,7074348
2018-12-04,695.31,697.54,691.97,694.19,4205246
2018-12-05,694.19,701.15,690.24,697.18,6692112
2018-12-06,697.18,697.20,690.79,690.81,1028772
2018-12-09,690.81,696.81,687.14,693.14,6301646
2018-12-10,693.14,693.35,687.04,687.25,1300857
2018-12-11,687.25,699.44,681.77,693.91,8964677
2018-12-12,693.91,694.72,688.63,689.43,2157304
2018-12-13,689.43,696.54,685.44,692.54,6779972
2018-12-16,692.54,693.38,687.32,688.15,2215397
2018-12-17,688.15,689.60,683.81,685.25,3105555
2018-12-18,685.25,686.26,680.32,681.32,2462791
2018-12-19,681.32,691.44,676.47,686.55,8114266
2018-12-20,686.55,688.94,683.51,685.90,4479732
2018-12-23,685.90,695.08,681.32,690.47,7682647
2018-12-24,690.47,695.75,687.02,692.29,5994615
2018-12-25,692.29,692.72,686.50,686.92,1613168
2018-12-26,686.92,687.45,681.33,681.85,1772873
2018-12-27,681.85,689.84,677.63,685.59,7189780
2018-12-30,685.59,690.48,682.28,687.16,5839197
2018-12-31,687.16,689.26,683.73,685.83,4066803
2019-01-01,685.83,693.49,681.69,689.34,7033093
2019-01-02,689.34,691.74,686.29,688.70,4491152
2019-01-03,688.70,689.32,683.21,683.82,1897770
2019-01-06,683.82,695.71,678.45,690.28,8857887
2019-01-07,690.28,702.38,684.83,696.88,8902366
2019-01-08,696.88,703.64,692.97,699.72,6599108
2019-01-09,699.72,709.83,694.83,704.90,7997496
2019-01-10,704.90,711.28,701.09,707.46,6406172
2019-01-13,707.46,711.70,704.27,708.51,5504149
2019-01-14,708.51,718.24,703.70,713.39,7785253
2019-01-15,713.39,724.53,708.16,719.25,8335905
2019-01-16,719.25,719.93,713.56,714.24,1946227
2019-01-17,714.24,716.06,710.17,711.99,3554492
2019-01-20,711.99,712.72,706.44,707.16,2024897
2019-01-21,707.16,715.61,702.74,711.16,7258676
2019-01-22,711.16,718.15,707.15,714.13,6638545
2019-01-23,714.13,721.56,709.98,717.39,6806481
2019-01-24,717.39,729.66,711.82,724.03,8774828
2019-01-27,724.03,726.47,720.72,723.16,4370747
2019-01-28,723.16,723.89,717.50,718.23,2013991
2019-01-29,718.23,718.83,712.44,713.03,1828017
2019-01-30,713.03,723.54,707.98,718.45,8084430
2019-01-31,718.45,726.36,714.16,722.04,6980761
2019-02-03,722.04,726.97,718.61,723.53,5751577
2019-02-04,723.53,726.91,720.56,723.93,5112928
2019-02-05,723.93,723.96,717.30,717.33,1040123
2019-02-06,717.33,727.41,712.40,722.44,7878840
2019-02-07,722.44,729.92,718.26,725.72,6789574
2019-02-10,725.72,727.55,721.55,723.38,3525411
2019-02-11,723.38,725.22,719.25,721.08,3543141
2019-02-12,721.08,732.61,715.71,727.19,8447702
2019-02-13,727.19,727.75,721.27,721.82,1769958
2019-02-14,721.82,724.04,718.23,720.45,4077812
2019-02-17,720.45,724.56,717.26,721.37,5420644
2019-02-18,721.37,729.62,716.97,725.19,7107098
2019-02-19,725.19,727.96,722.31,725.08,4816186
2019-02-20,725.08,725.11,718.44,718.47,1041735
2019-02-21,718.47,726.10,714.25,721.86,6870164
2019-02-24,721.86,721.93,715.30,715.37,1091598
2019-02-25,715.37,722.42,711.33,718.37,6644307
2019-02-26,718.37,720.80,715.10,717.54,4392489
2019-02-27,717.54,719.86,714.12,716.44,4237379
2019-02-28,716.44,716.84,710.40,710.79,1561694
2019-03-03,710.79,712.22,706.21,707.63,3007407
2019-03-04,707.63,708.05,701.69,702.10,1586865
2019-03-05,702.10,705.41,699.20,702.51,5127229
2019-03-06,702.51,708.02,698.96,704.46,6048251
2019-03-07,704.46,706.91,701.34,703.78,4473388
2019-03-10,703.78,706.37,700.85,703.44,4674245
2019-03-11,703.44,715.64,697.92,710.07,8848353
2019-03-12,710.07,720.89,704.93,715.72,8230281
2019-03-13,715.72,717.53,711.62,713.43,3536076
2019-03-14,713.43,720.70,709.34,716.58,6741049
2019-03-17,716.58,727.41,711.43,722.22,8190877
2019-03-18,722.22,725.43,719.30,722.50,5046056
2019-03-19,722.50,723.99,717.90,719.38,3059670
2019-03-20,719.38,729.02,714.57,724.18,7688511
2019-03-21,724.18,726.74,721.03,723.59,4537517
2019-03-24,723.59,723.69,717.06,717.16,1137551
2019-03-25,717.16,717.92,711.60,712.35,2056515
2019-03-26,712.35,716.23,709.25,713.13,5343792
2019-03-27,713.13,715.49,709.81,712.17,4308024
2019-03-28,712.17,713.32,707.20,708.36,2628223
2019-03-31,708.36,709.63,703.59,704.85,2798216
2019-04-01,704.85,714.82,699.99,709.92,7904423
2019-04-02,709.92,712.57,707.02,709.68,4736968
2019-04-03,709.68,720.50,704.54,715.33,8234122
2019-04-04,715.33,723.88,710.85,719.37,7260082
2019-04-07,719.37,721.33,715.44,717.38,3716083
2019-04-08,717.38,730.16,711.66,724.38,8984842
2019-04-09,724.38,729.22,720.97,725.80,5708333
2019-04-10,725.80,727.18,721.02,722.39,2898902
2019-04-11,722.39,733.78,717.05,728.40,8383710
2019-04-14,728.40,735.43,724.33,731.34,6582510
2019-04-15,731.34,736.01,727.97,732.63,5618758
2019-04-16,732.63,733.19,726.65,727.21,1764060
2019-04-17,727.21,730.85,724.14,727.79,5215946
2019-04-18,727.79,736.36,723.27,731.81,7208984
2019-04-21,731.81,743.54,726.35,738.03,8459224
2019-04-22,738.03,741.05,735.12,738.14,4941975
2019-04-23,738.14,739.62,733.38,734.85,3002914
2019-04-24,734.85,744.99,729.85,739.95,7802537
2019-04-25,739.95,740.02,733.23,733.30,1093930
2019-04-28,733.30,735.74,729.91,732.35,4333882
2019-04-29,732.35,733.90,727.75,729.30,3127331
2019-04-30,729.30,732.44,726.38,729.52,5005144
2019-05-01,729.52,736.44,725.48,732.38,6535219
2019-05-02,732.38,737.42,728.89,733.93,5766941
2019-05-05,733.93,736.13,730.20,732.41,4008950
2019-05-06,732.41,735.40,729.52,732.51,4940260
2019-05-07,732.51,734.02,727.84,729.34,3054698
2019-05-08,729.34,729.66,723.06,723.38,1438683
2019-05-09,723.38,724.74,718.59,719.94,2882338
2019-05-12,719.94,726.26,716.11,722.41,6323936
2019-05-13,722.41,734.40,716.90,728.84,8627674
2019-05-14,728.84,730.81,724.83,726.79,3694787
2019-05-15,726.79,728.18,722.01,723.39,2907990
2019-05-16,723.39,726.27,720.56,723.44,4909259
2019-05-19,723.44,724.68,718.48,719.71,2710939
2019-05-20,719.71,721.97,716.19,718.45,4140192
2019-05-21,718.45,718.89,712.44,712.88,1616769
2019-05-22,712.88,714.49,708.53,710.14,3264128
2019-05-23,710.14,714.04,707.05,710.94,5353875
2019-05-26,710.94,711.71,705.45,706.22,2083539
2019-05-27,706.22,718.08,700.79,712.61,8687688
2019-05-28,712.61,713.23,706.91,707.53,1882373
2019-05-29,707.53,707.99,701.64,702.09,1642901
2019-05-30,702.09,708.23,698.36,704.49,6314951
2019-06-02,704.49,707.65,701.63,704.79,5059019
2019-06-03,704.79,706.64,700.84,702.69,3628189
2019-06-04,702.69,711.61,698.14,707.03,7479252
2019-06-05,707.03,707.89,701.70,702.56,2217146
2019-06-06,702.56,704.22,698.38,700.04,3372736
2019-06-09,700.04,709.01,695.48,704.42,7513923
2019-06-10,704.42,707.02,701.50,704.10,4690089
2019-06-11,704.10,706.36,700.73,702.98,4209876
2019-06-12,702.98,703.51,697.24,697.76,1752297
2019-06-13,697.76,707.40,693.01,702.62,7811179
2019-06-16,702.62,702.95,696.60,696.93,1472942
2019-06-17,696.93,697.30,691.02,691.38,1527709
2019-06-18,691.38,698.83,687.30,694.72,6913751
2019-06-19,694.72,701.22,690.91,697.39,6495267
2019-06-20,697.39,698.21,692.09,692.91,2173491
2019-06-23,692.91,696.65,689.90,693.65,5331138
2019-06-24,693.65,700.41,689.76,696.50,6610185
2019-06-25,696.50,704.26,692.30,700.04,7022976
2019-06-26,700.04,706.36,696.27,702.56,6396673
2019-06-27,702.56,705.94,699.65,703.02,5151028
2019-06-30,703.02,704.71,698.87,700.56,3409499
2019-07-01,700.56,704.62,697.45,701.50,5443689
2019-07-02,701.50,705.58,698.38,702.45,5451131
2019-07-03,702.45,703.62,697.59,698.76,2666392
2019-07-04,698.76,703.66,695.40,700.29,5805521
2019-07-07,700.29,701.59,695.62,696.91,2843827
2019-07-08,696.91,707.29,691.94,702.28,8126989
2019-07-09,702.28,703.56,697.57,698.84,2815500
2019-07-10,698.84,710.52,693.48,705.12,8662448
2019-07-11,705.12,713.22,700.80,708.88,7124622
2019-07-14,708.88,718.66,704.05,713.80,7806961
2019-07-15,713.80,714.69,708.45,709.33,2240329
2019-07-16,709.33,710.74,704.74,706.15,2992626
2019-07-17,706.15,716.63,701.13,711.57,8113237
2019-07-18,711.57,712.93,706.89,708.24,2910802
2019-07-21,708.24,716.23,703.95,711.92,7064334
2019-07-22,711.92,719.96,707.60,715.62,7067661
2019-07-23,715.62,721.12,712.03,717.53,6007201
2019-07-24,717.53,724.68,713.46,720.59,6673079
2019-07-25,720.59,731.02,715.54,725.93,8003566
2019-07-28,725.93,733.63,721.68,729.35,6862860
2019-07-29,729.35,732.85,726.32,729.82,5152194
2019-07-30,729.82,736.05,725.99,732.21,6254286
2019-07-31,732.21,744.81,726.49,739.04,8811111
2019-08-01,739.04,744.30,735.47,740.72,5835013
2019-08-04,740.72,744.28,737.64,741.20,5153155
2019-08-05,741.20,749.87,736.61,745.26,7185288
2019-08-06,745.26,747.53,741.52,743.80,4054869
2019-08-07,743.80,754.64,738.56,749.37,8033504
2019-08-08,749.37,753.39,746.13,750.15,5318724
2019-08-11,750.15,751.76,745.45,747.06,3145096
2019-08-12,747.06,747.97,741.44,742.35,2228669
2019-08-13,742.35,749.42,738.24,745.29,6544753
2019-08-14,745.29,752.12,741.23,748.05,6439026
2019-08-15,748.05,756.51,743.51,751.94,7071982
2019-08-18,751.94,758.21,748.03,754.29,6196707
2019-08-19,754.29,754.50,747.62,747.83,1269993
2019-08-20,747.83,748.50,741.86,742.53,1896776
2019-08-21,742.53,752.28,737.62,747.34,7607921
2019-08-22,747.34,755.53,742.88,751.05,6971330
2019-08-25,751.05,756.91,747.27,753.11,6036385
2019-08-26,753.11,759.18,749.26,755.32,6111728
2019-08-27,755.32,756.73,750.31,751.72,2876371
2019-08-28,751.72,759.59,747.34,755.19,6824142
2019-08-29,755.19,758.54,752.14,755.48,5041460
2019-09-01,755.48,767.23,749.95,761.65,8318449
2019-09-02,761.65,771.61,756.63,766.56,7593381
2019-09-03,766.56,776.94,761.40,771.75,7730452
2019-09-04,771.75,773.01,766.38,767.63,2630898
2019-09-05,767.63,769.68,763.39,765.43,3677434
2019-09-08,765.43,765.83,758.92,759.31,1512037
2019-09-09,759.31,762.94,756.16,759.79,5147050
2019-09-10,759.79,766.68,755.68,762.55,6409636
2019-09-11,762.55,767.68,758.95,764.07,5719547
2019-09-12,764.07,765.76,759.35,761.03,3200240
2019-09-15,761.03,762.64,756.24,757.85,3123319
2019-09-16,757.85,768.00,752.78,762.90,7686316
2019-09-17,762.90,774.26,757.47,768.78,8123799
2019-09-18,768.78,772.47,765.59,769.28,5151817
2019-09-19,769.28,770.62,764.04,765.38,2745679
2019-09-22,765.38,774.50,760.59,769.69,7251063
2019-09-23,769.69,780.37,764.43,775.08,7828463
2019-09-24,775.08,776.03,769.25,770.20,2230967
2019-09-25,770.20,772.45,766.20,768.44,3915363
2019-09-26,768.44,775.60,764.22,771.37,6486591
2019-09-29,771.37,771.73,764.77,765.13,1475514
2019-09-30,765.13,765.47,758.56,758.90,1450034
2019-10-01,758.90,761.52,755.52,758.14,4459533
2019-10-02,758.14,760.27,754.09,756.22,3812654
2019-10-03,756.22,757.87,751.53,753.18,3188408
2019-10-06,753.18,756.61,750.11,753.54,5080624
2019-10-07,753.54,756.23,750.30,752.99,4575720
2019-10-08,752.99,755.60,749.64,752.25,4463820
2019-10-09,752.25,754.27,748.10,750.11,3683196
2019-10-10,750.11,758.66,745.54,754.06,7098045
2019-10-13,754.06,766.53,748.32,760.74,8609602
2019-10-14,760.74,762.72,756.46,758.43,3600582
2019-10-15,758.43,766.08,754.10,761.73,6712962
2019-10-16,761.73,763.22,756.77,758.26,2959087
2019-10-17,758.26,769.65,752.82,764.18,8166117
2019-10-20,764.18,771.99,759.78,767.58,6753806
2019-10-21,767.58,775.67,763.09,771.16,6845610
2019-10-22,771.16,774.02,767.99,770.85,4713134
2019-10-23,770.85,772.05,765.40,766.60,2553909
2019-10-24,766.60,776.65,761.53,771.55,7602503
2019-10-27,771.55,774.31,768.24,770.99,4574965
2019-10-28,770.99,775.46,767.56,772.03,5446604
2019-10-29,772.03,784.67,766.19,778.78,8563100
2019-10-30,778.78,780.41,773.85,775.46,3084945
2019-10-31,775.46,776.83,770.21,771.57,2765226
2019-11-03,771.57,775.03,768.44,771.90,5060733
2019-11-04,771.90,773.89,767.53,769.51,3576406
2019-11-05,769.51,775.01,765.78,771.27,5843106
2019-11-06,771.27,783.55,765.54,777.77,8428737
2019-11-07,777.77,778.07,771.02,771.31,1382681
2019-11-10,771.31,772.09,765.28,766.06,2013580
2019-11-11,766.06,771.94,762.23,768.10,6000445
2019-11-12,768.10,778.78,762.85,773.49,7837105
2019-11-13,773.49,774.74,768.08,769.32,2609979
2019-11-14,769.32,769.41,762.35,762.43,1109190
2019-11-17,762.43,763.40,756.75,757.71,2273010
2019-11-18,757.71,759.20,752.78,754.27,2965637
2019-11-19,754.27,757.73,751.18,754.64,5088305
2019-11-20,754.64,756.92,750.83,753.11,4023731
2019-11-21,753.11,759.94,749.03,755.85,6413888
2019-11-24,755.85,759.78,752.62,756.55,5271124
2019-11-25,756.55,768.58,750.94,762.92,8422599
2019-11-26,762.92,774.70,757.36,769.09,8288065
2019-11-27,769.09,772.36,766.02,769.29,4990980
2019-11-28,769.29,770.68,764.12,765.50,2802949
2019-12-01,765.50,767.74,761.53,763.76,3921502
2019-12-02,763.76,773.72,758.73,768.66,7581207
2019-12-03,768.66,775.85,764.43,771.61,6498113
2019-12-04,771.61,774.42,768.37,771.18,4647530
2019-12-05,771.18,783.32,765.50,777.59,8375137
2019-12-08,777.59,785.77,773.04,781.21,6841426
2019-12-09,781.21,786.67,777.46,782.91,5799485
2019-12-10,782.91,784.25,777.54,778.87,2706104
2019-12-11,778.87,787.93,774.07,783.10,7166220
2019-12-12,783.10,784.44,777.73,779.07,2710699
2019-12-15,779.07,779.77,772.86,773.57,1907441
2019-12-16,773.57,774.96,768.37,769.76,2805829
2019-12-17,769.76,777.53,765.36,773.11,6714506
2019-12-18,773.11,773.35,766.32,766.56,1312482
2019-12-19,766.56,770.09,763.42,766.95,5093587
2019-12-22,766.95,770.61,763.77,767.43,5144238
2019-12-23,767.43,769.93,763.80,766.29,4254561
2019-12-24,766.29,766.57,759.61,759.89,1362825
2019-12-25,759.89,760.14,753.24,753.49,1333230
2019-12-26,753.49,759.44,749.67,755.61,6067009
2019-12-29,755.61,757.08,750.68,752.14,2946879
2019-12-30,752.14,759.48,747.92,755.24,6614814
2019-12-31,755.24,756.06,749.41,750.22,2083161
2020-01-01,750.22,753.90,747.09,750.76,5179080
2020-01-02,750.76,762.44,745.26,756.90,8322325
2020-01-05,756.90,758.89,752.67,754.66,3636351
2020-01-06,754.66,756.47,750.19,751.99,3392764
2020-01-07,751.99,752.59,745.88,746.47,1789094
2020-01-08,746.47,752.35,742.70,748.57,6059910
2020-01-09,748.57,761.74,742.64,755.75,8921262
2020-01-12,755.75,762.44,751.71,758.39,6348456
2020-01-13,758.39,761.18,755.24,758.04,4687174
2020-01-14,758.04,758.11,751.16,751.23,1097908
2020-01-15,751.23,751.48,744.65,744.90,1333744
2020-01-16,744.90,746.28,739.94,741.31,2851474
2020-01-19,741.31,750.16,736.68,745.50,7256035
2020-01-20,745.50,751.42,741.71,747.62,6078292
2020-01-21,747.62,749.78,743.70,745.85,3886145
2020-01-22,745.85,753.42,741.58,749.13,6728978
2020-01-23,749.13,759.75,743.95,754.53,7915432
2020-01-26,754.53,756.13,749.79,751.38,3124519
2020-01-27,751.38,752.77,746.38,747.76,2850068
2020-01-28,747.76,748.64,742.09,742.96,2178497
2020-01-29,742.96,745.12,739.09,741.23,3899931
2020-01-30,741.23,749.32,736.82,744.88,6952640
2020-02-02,744.88,756.16,739.52,750.76,8200823
2020-02-03,750.76,751.17,744.41,744.81,1545713
2020-02-04,744.81,751.46,740.81,747.45,6370027
2020-02-05,747.45,751.45,744.22,748.22,5315740
2020-02-06,748.22,757.51,743.44,752.69,7395198
2020-02-09,752.69,755.28,749.31,751.90,4435562
2020-02-10,751.90,754.80,748.96,751.86,4856584
2020-02-11,751.86,764.73,746.00,758.82,8781721
2020-02-12,758.82,761.47,755.47,758.11,4482578
2020-02-13,758.11,758.98,752.33,753.20,2156687
2020-02-16,753.20,753.23,746.30,746.33,1038614
2020-02-17,746.33,746.96,740.33,740.95,1844410
2020-02-18,740.95,753.05,735.36,747.41,8549382
2020-02-19,747.41,749.28,743.10,744.96,3499211
2020-02-20,744.96,755.36,739.85,750.22,7854389
2020-02-23,750.22,752.00,745.76,747.53,3368004
2020-02-24,747.53,749.39,743.21,745.07,3496844
2020-02-25,745.07,745.70,739.08,739.70,1845850
2020-02-26,739.70,745.24,736.04,741.57,5945884
2020-02-27,741.57,744.07,738.17,740.67,4364849
2020-03-01,740.67,742.26,736.04,737.63,3152126
2020-03-02,737.63,739.56,733.49,735.41,3616358
2020-03-03,735.41,735.73,729.08,729.40,1436556
2020-03-04,729.40,737.73,724.94,733.26,7106550
2020-03-05,733.26,743.14,728.33,738.19,7712757
2020-03-08,738.19,743.97,734.46,740.23,6045301
2020-03-09,740.23,740.26,733.45,733.49,1042455
2020-03-10,733.49,738.04,730.13,734.68,5568415
2020-03-11,734.68,739.14,731.36,735.81,5524417
2020-03-12,735.81,738.23,732.36,734.78,4293175
2020-03-15,734.78,746.70,729.26,741.13,8516666
2020-03-16,741.13,742.77,736.56,738.19,3207235
2020-03-17,738.19,740.54,734.63,736.98,4192043
2020-03-18,736.98,739.11,733.12,735.25,3890843
2020-03-19,735.25,736.30,729.92,730.96,2427091
2020-03-22,730.96,733.21,727.32,729.56,4072393
2020-03-23,729.56,731.04,724.88,726.35,3024279
2020-03-24,726.35,733.19,722.34,729.17,6517318
2020-03-25,729.17,737.90,724.60,733.31,7267558
2020-03-26,733.31,733.49,726.80,726.98,1250308
2020-03-29,726.98,728.30,722.10,723.41,2811248
2020-03-30,723.41,723.49,716.86,716.94,1110871
2020-03-31,716.94,717.58,711.22,711.87,1902263
2020-04-01,711.87,713.04,706.92,708.08,2642215
2020-04-02,708.08,710.96,705.30,708.18,4935665
2020-04-05,708.18,719.17,703.00,713.95,8313477
2020-04-06,713.95,714.20,707.71,707.96,1343552
2020-04-07,707.96,713.57,704.36,709.97,6075274
2020-04-08,709.97,719.79,705.13,714.92,7817283
2020-04-09,714.92,715.81,709.56,710.45,2248593
2020-04-12,710.45,720.39,705.57,715.48,7863031
2020-04-13,715.48,717.45,711.60,713.56,3747016
2020-04-14,713.56,725.55,708.07,720.02,8690672
2020-04-15,720.02,724.64,716.68,721.30,5632270
2020-04-16,721.30,730.35,716.66,725.68,7436008
2020-04-19,725.68,736.18,720.60,731.06,8003120
2020-04-20,731.06,732.32,726.06,727.31,2716323
2020-04-21,727.31,733.42,723.51,729.62,6217592
2020-04-22,729.62,731.46,725.43,727.26,3519272
2020-04-23,727.26,728.31,722.01,723.06,2448525
2020-04-26,723.06,724.81,718.81,720.56,3425102
2020-04-27,720.56,727.49,716.55,723.46,6572462
2020-04-28,723.46,734.32,718.28,729.10,8162208
2020-04-29,729.10,730.11,723.78,724.79,2391872
2020-04-30,724.79,727.32,721.60,724.13,4496021
2020-05-03,724.13,732.61,719.65,728.10,7190706
2020-05-04,728.10,734.80,724.13,730.82,6451234
2020-05-05,730.82,742.94,725.25,737.32,8623285
2020-05-06,737.32,738.69,732.42,733.79,2867352
2020-05-07,733.79,735.21,728.99,730.40,2936522
2020-05-10,730.40,736.72,726.54,732.85,6287585
2020-05-11,732.85,739.78,728.80,735.71,6525480
2020-05-12,735.71,737.32,731.14,732.74,3181069
2020-05-13,732.74,745.39,727.01,739.60,8822256
2020-05-14,739.60,744.02,736.28,740.69,5498422
2020-05-17,740.69,741.81,735.42,736.53,2518209
2020-05-18,736.53,738.42,732.35,734.23,3560631
2020-05-19,734.23,735.78,729.61,731.16,3119513
2020-05-20,731.16,733.56,727.72,730.12,4281275
2020-05-21,730.12,730.73,724.23,724.84,1836042
2020-05-24,724.84,726.09,719.88,721.12,2722085
2020-05-25,721.12,723.15,717.26,719.28,3803600
2020-05-26,719.28,727.19,714.98,722.87,6981824
2020-05-27,722.87,732.44,718.07,727.61,7639471
2020-05-28,727.61,730.10,724.33,726.81,4418518
2020-05-31,726.81,733.20,722.94,729.32,6331310
2020-06-01,729.32,732.95,726.25,729.88,5205006
2020-06-02,729.88,730.21,723.62,723.95,1459362
2020-06-03,723.95,725.55,719.49,721.09,3217832
2020-06-04,721.09,728.46,716.94,724.30,6752023
2020-06-07,724.30,730.49,720.49,726.67,6259465
2020-06-08,726.67,739.59,720.88,733.74,8974725
2020-06-09,733.74,743.39,728.88,738.50,7613854
2020-06-10,738.50,744.55,734.70,740.73,6152160
2020-06-11,740.73,742.17,735.88,737.31,2935322
2020-06-14,737.31,738.88,732.68,734.24,3123834
2020-06-15,734.24,736.78,730.98,733.52,4470781
2020-06-16,733.52,736.04,730.23,732.74,4432956
2020-06-17,732.74,735.39,729.64,732.28,4615294
2020-06-18,732.28,734.88,729.11,731.71,4548662
2020-06-21,731.71,744.28,726.00,738.52,8800960
2020-06-22,738.52,747.75,733.78,742.98,7421570
2020-06-23,742.98,743.51,736.87,737.40,1719135
2020-06-24,737.40,739.15,733.02,734.76,3372668
2020-06-25,734.76,742.58,730.44,738.24,6875994
2020-06-28,738.24,747.20,733.58,742.51,7315534
2020-06-29,742.51,751.94,737.70,747.10,7481412
2020-06-30,747.10,753.62,743.13,749.64,6311899
2020-07-01,749.64,762.19,743.89,756.39,8671193
2020-07-02,756.39,768.52,750.75,762.82,8460528
2020-07-05,762.82,762.87,755.86,755.91,1062620
2020-07-06,755.91,756.00,749.07,749.16,1119444
2020-07-07,749.16,749.64,742.92,743.40,1643347
2020-07-08,743.40,744.49,738.05,739.13,2461488
2020-07-09,739.13,741.34,735.36,737.57,3993621
2020-07-12,737.57,744.14,733.62,740.17,6363203
2020-07-13,740.17,745.45,736.59,741.86,5841838
2020-07-14,741.86,744.55,738.73,741.42,4627057
2020-07-15,741.42,742.12,735.56,736.26,1953429
2020-07-16,736.26,743.25,732.19,739.16,6537002
2020-07-19,739.16,745.72,735.20,741.75,6353086
2020-07-20,741.75,751.84,736.74,746.80,7747359
2020-07-21,746.80,757.29,741.66,752.12,7880315
2020-07-22,752.12,754.76,748.82,751.45,4505041
2020-07-23,751.45,753.01,746.68,748.23,3078326
2020-07-26,748.23,751.96,745.09,748.81,5205109
2020-07-27,748.81,749.87,743.38,744.43,2416255
2020-07-28,744.43,753.37,739.76,748.67,7279663
2020-07-29,748.67,749.30,742.65,743.28,1844718
2020-07-30,743.28,745.07,738.91,740.70,3420061
2020-08-02,740.70,750.62,735.75,745.63,7684705
2020-08-03,745.63,745.73,738.90,739.00,1132475
2020-08-04,739.00,740.36,734.07,735.43,2849794
2020-08-05,735.43,745.14,730.56,740.23,7626783
2020-08-06,740.23,746.92,736.23,742.91,6401714
2020-08-09,742.91,745.16,739.17,741.42,4038786
2020-08-10,741.42,742.49,736.06,737.12,2439231
2020-08-11,737.12,740.25,734.19,737.31,4985768
2020-08-12,737.31,738.28,731.86,732.83,2320370
2020-08-13,732.83,734.63,728.55,730.35,3455384
2020-08-16,730.35,741.45,725.08,736.14,8217969
2020-08-17,736.14,736.16,729.38,729.40,1027880
2020-08-18,729.40,735.02,725.75,731.36,6008573
2020-08-19,731.36,733.14,727.07,728.84,3431652
2020-08-20,728.84,730.66,724.63,726.44,3494650
2020-08-23,726.44,730.62,723.22,727.40,5432133
2020-08-24,727.40,728.09,721.66,722.35,1960150
2020-08-25,722.35,725.58,719.42,722.65,5054012
2020-08-26,722.65,725.89,719.72,722.96,5059396
2020-08-27,722.96,731.29,718.52,726.83,7136796
2020-08-30,726.83,726.86,720.17,720.20,1039300
2020-08-31,720.20,731.17,715.00,725.92,8223696
2020-09-01,725.92,732.22,722.08,728.36,6294924
2020-09-02,728.36,729.66,723.44,724.74,2783847
2020-09-03,724.74,725.65,719.32,720.22,2258367
2020-09-06,720.22,721.50,715.34,716.61,2767866
2020-09-07,716.61,721.19,713.30,717.87,5620987
2020-09-08,717.87,724.59,713.93,720.63,6496742
2020-09-09,720.63,730.78,715.66,725.78,7888957
2020-09-10,725.78,728.60,722.96,725.78,4884053
2020-09-13,725.78,736.95,720.51,731.63,8272153
2020-09-14,731.63,744.68,725.79,738.78,8991529
2020-09-15,738.78,740.92,734.93,737.07,3906378
2020-09-16,737.07,738.48,732.23,733.63,2917935
2020-09-17,733.63,733.93,727.29,727.59,1408916
2020-09-20,727.59,733.22,723.93,729.56,6021296
2020-09-21,729.56,730.12,723.61,724.16,1767421
2020-09-22,724.16,726.68,720.95,723.47,4474451
2020-09-23,723.47,730.40,719.44,726.36,6562139
2020-09-24,726.36,737.24,721.16,732.01,8153943
2020-09-27,732.01,736.44,728.70,733.12,5521467
2020-09-28,733.12,745.87,727.36,740.05,8862242
2020-09-29,740.05,740.36,733.66,733.96,1410836
2020-09-30,733.96,744.28,728.90,739.19,7883299
2020-10-01,739.19,750.52,733.83,745.12,8254938
2020-10-04,745.12,758.10,739.25,752.18,8871433
2020-10-05,752.18,760.23,747.75,755.78,6893278
2020-10-06,755.78,766.90,750.43,761.51,8073559
2020-10-07,761.51,762.17,755.41,756.06,1869067
2020-10-08,756.06,761.57,752.37,757.87,5884739
2020-10-11,757.87,759.88,753.65,755.66,3651440
2020-10-12,755.66,765.91,750.57,760.78,7737071
2020-10-13,760.78,772.28,755.31,766.77,8191015
2020-10-14,766.77,773.49,762.69,769.39,6321913
2020-10-15,769.39,774.80,765.69,771.09,5808779
2020-10-18,771.09,771.20,764.14,764.25,1145438
2020-10-19,764.25,766.10,759.76,761.60,3418312
2020-10-20,761.60,771.10,756.71,766.19,7417524
2020-10-21,766.19,768.55,762.38,764.73,4081344
2020-10-22,764.73,771.31,760.70,767.27,6273971
2020-10-25,767.27,778.09,761.97,772.76,7896639
2020-10-26,772.76,775.34,769.19,771.76,4332064
2020-10-27,771.76,772.70,765.95,766.89,2222222
2020-10-28,766.89,768.10,761.49,762.70,2579458
2020-10-29,762.70,766.56,759.47,763.33,5230932
2020-11-01,763.33,764.55,757.98,759.19,2596399
2020-11-02,759.19,760.56,754.08,755.44,2799314
2020-11-03,755.44,756.28,749.64,750.47,2111282
2020-11-04,750.47,751.77,745.35,746.64,2729835
2020-11-05,746.64,748.80,742.73,744.88,3889540
2020-11-08,744.88,751.37,740.93,747.41,6306447
2020-11-09,747.41,753.03,743.70,749.32,5955864
2020-11-10,749.32,749.45,742.60,742.74,1183470
2020-11-11,742.74,746.30,739.66,743.21,5149759
2020-11-12,743.21,752.97,738.30,748.03,7607818
2020-11-15,748.03,753.81,744.28,750.04,6014437
2020-11-16,750.04,750.78,744.14,744.87,1974554
2020-11-17,744.87,746.37,740.08,741.58,3019032
2020-11-18,741.58,746.55,738.08,743.05,5715775
2020-11-19,743.05,754.08,737.76,748.76,8114163
2020-11-22,748.76,750.64,744.46,746.34,3522839
2020-11-23,746.34,748.30,742.16,744.11,3620816
2020-11-24,744.11,745.53,739.21,740.61,2901920
2020-11-25,740.61,743.17,737.31,739.86,4452572
2020-11-26,739.86,741.39,735.15,736.67,3062894
2020-11-29,736.67,741.50,733.23,738.05,5671159
2020-11-30,738.05,738.16,731.40,731.50,1141563
2020-12-01,731.50,740.53,726.84,735.84,7375342
2020-12-02,735.84,737.86,731.85,733.87,3755212
2020-12-03,733.87,736.83,730.99,733.95,4923148
2020-12-06,733.95,736.07,730.11,732.22,3891495
2020-12-07,732.22,744.03,726.74,738.50,8487414
2020-12-08,738.50,740.07,733.86,735.43,3130658
2020-12-09,735.43,737.59,731.63,733.79,3944684
2020-12-10,733.79,742.41,729.24,737.84,7201097
2020-12-13,737.84,746.25,733.34,741.73,7097427
2020-12-14,741.73,743.11,736.80,738.18,2868244
2020-12-15,738.18,739.83,733.65,735.29,3229595
2020-12-16,735.29,737.61,731.71,734.02,4156790
2020-12-17,734.02,736.22,730.29,732.48,3995507
2020-12-20,732.48,742.84,727.42,737.75,7906241
2020-12-21,737.75,742.51,734.32,739.08,5642078
2020-12-22,739.08,740.31,733.97,735.19,2659807
2020-12-23,735.19,747.23,729.62,741.62,8564368
2020-12-24,741.62,749.54,737.25,745.15,6886625
2020-12-27,745.15,746.04,739.52,740.40,2194478
2020-12-28,740.40,752.46,734.82,746.83,8537311
2020-12-29,746.83,748.49,742.24,743.89,3223765
2020-12-30,743.89,749.43,740.22,745.75,5932853
2020-12-31,745.75,747.36,741.10,742.70,3158401
2021-01-03,742.70,748.37,739.00,744.66,5986831
2021-01-04,744.66,744.81,738.01,738.16,1208264
2021-01-05,738.16,740.20,734.17,736.20,3760973
2021-01-06,736.20,737.31,730.95,732.06,2509156
2021-01-07,732.06,741.04,727.40,736.36,7354046
2021-01-10,736.36,741.21,732.91,737.75,5678360
2021-01-11,737.75,740.06,734.13,736.43,4124074
2021-01-12,736.43,738.42,732.39,734.37,3703532
2021-01-13,734.37,736.75,730.88,733.26,4243895
2021-01-14,733.26,739.30,729.48,735.50,6164917
2021-01-17,735.50,735.93,729.32,729.75,1590054
2021-01-18,729.75,731.06,724.83,726.13,2790912
2021-01-19,726.13,728.29,722.41,724.55,3965020
2021-01-20,724.55,726.98,721.22,723.64,4346947
2021-01-21,723.64,726.28,720.60,723.25,4652743
2021-01-24,723.25,735.82,717.56,730.08,8857716
2021-01-25,730.08,738.92,725.47,734.29,7307544
2021-01-26,734.29,737.84,731.23,734.78,5162722
2021-01-27,734.78,745.85,729.51,740.53,8176337
2021-01-28,740.53,745.73,736.98,742.16,5805178
2021-01-31,742.16,752.02,737.22,747.05,7654183
2021-02-01,747.05,750.90,743.87,747.71,5254218
2021-02-02,747.71,749.34,743.07,744.68,3173182
2021-02-03,744.68,754.09,739.87,749.25,7460459
2021-02-04,749.25,751.06,744.85,746.66,3424691
2021-02-07,746.66,747.96,741.58,742.87,2744890
2021-02-08,742.87,753.40,737.73,748.23,7914883
2021-02-09,748.23,754.02,744.47,750.25,6021090
2021-02-10,750.25,760.73,745.11,755.55,7853635
2021-02-11,755.55,758.08,752.07,754.60,4350788
2021-02-14,754.60,766.48,749.04,760.87,8376748
2021-02-15,760.87,766.28,757.19,762.59,5832750
2021-02-16,762.59,773.88,757.18,768.43,8101508
2021-02-17,768.43,773.87,764.72,770.15,5825000
2021-02-18,770.15,781.33,764.75,775.89,8015569
2021-02-21,775.89,783.16,771.62,778.87,6500377
2021-02-22,778.87,779.42,772.45,772.99,1699176
2021-02-23,772.99,773.56,766.65,767.22,1735425
2021-02-24,767.22,768.66,762.14,763.57,2880727
2021-02-25,763.57,772.88,758.74,768.02,7332613
2021-02-28,768.02,774.76,763.93,770.66,6325651
2021-03-01,770.66,783.31,764.82,777.42,8575891
2021-03-02,777.42,778.24,771.39,772.21,2058641
2021-03-03,772.21,772.30,765.22,765.32,1119581
2021-03-04,765.32,766.78,760.29,761.75,2919204
2021-03-07,761.75,765.56,758.54,762.35,5210596
2021-03-08,762.35,766.78,758.96,763.38,5450548
2021-03-09,763.38,767.29,760.14,764.04,5243998
2021-03-10,764.04,766.43,760.29,762.67,4121810
2021-03-11,762.67,770.20,758.36,765.88,6651886
2021-03-14,765.88,767.32,760.81,762.24,2883607
2021-03-15,762.24,763.10,756.41,757.26,2125617
2021-03-16,757.26,768.36,751.91,762.97,8056927
2021-03-17,762.97,771.86,758.26,767.12,7171364
2021-03-18,767.12,768.32,761.70,762.89,2555349
2021-03-21,762.89,766.16,759.84,763.10,4999005
2021-03-22,763.10,767.51,759.72,764.12,5440603
2021-03-23,764.12,777.11,758.20,771.13,8744341
2021-03-24,771.13,784.41,765.11,778.33,8811454
2021-03-25,778.33,778.35,771.19,771.21,1024657
2021-03-28,771.21,782.43,765.79,776.97,8025925
2021-03-29,776.97,785.11,772.44,780.56,6827606
2021-03-30,780.56,784.59,777.24,781.26,5256858
2021-03-31,781.26,783.40,777.00,779.13,3733436
2021-04-01,779.13,780.21,773.44,774.51,2380795
2021-04-04,774.51,779.06,771.05,775.60,5470541
2021-04-05,775.60,784.71,770.79,779.87,7200205
2021-04-06,779.87,787.98,775.34,783.43,6804355
2021-04-07,783.43,786.79,780.30,783.66,4999039
2021-04-08,783.66,789.03,779.93,785.29,5759567
2021-04-11,785.29,795.13,780.24,790.05,7431618
2021-04-12,790.05,799.26,785.17,794.36,7175685
2021-04-13,794.36,795.75,788.95,790.33,2744855
2021-04-14,790.33,800.68,785.12,795.43,7595919
2021-04-15,795.43,805.13,790.39,800.06,7333813
2021-04-18,800.06,800.46,793.23,793.62,1489403
2021-04-19,793.62,794.92,788.09,789.38,2630589
2021-04-20,789.38,802.96,783.22,796.74,8806755
2021-04-21,796.74,801.04,793.30,797.59,5326543
2021-04-22,797.59,799.88,793.39,795.67,3868964
2021-04-25,795.67,804.28,790.96,799.54,6927846
2021-04-26,799.54,800.01,792.83,793.30,1589609
2021-04-27,793.30,801.12,788.82,796.62,6644375
2021-04-28,796.62,800.12,793.41,796.90,5030418
2021-04-29,796.90,797.39,790.24,790.72,1611934
2021-05-02,790.72,797.56,786.54,793.37,6290157
2021-05-03,793.37,800.66,789.05,796.32,6447805
2021-05-04,796.32,809.81,790.17,803.60,8726851
2021-05-05,803.60,810.14,799.47,806.00,6139643
2021-05-06,806.00,813.59,801.56,809.13,6513340
2021-05-09,809.13,810.15,803.09,804.11,2267695
2021-05-10,804.11,804.53,797.28,797.70,1526165
2021-05-11,797.70,810.76,791.67,804.67,8560356
2021-05-12,804.67,805.13,797.89,798.34,1567798
2021-05-13,798.34,800.57,794.05,796.27,3783058
2021-05-16,796.27,807.57,790.75,802.02,7922187
2021-05-17,802.02,802.79,795.69,796.46,1960493
2021-05-18,796.46,808.64,790.69,802.82,8243655
2021-05-19,802.82,814.25,797.25,808.64,7932167
2021-05-20,808.64,816.98,803.97,812.29,6779115
2021-05-23,812.29,813.30,806.19,807.20,2241289
2021-05-24,807.20,809.56,803.01,805.36,3923628
2021-05-25,805.36,807.26,800.56,802.45,3356995
2021-05-26,802.45,806.19,799.15,802.89,5109293
2021-05-27,802.89,812.40,797.88,807.37,7229903
2021-05-30,807.37,809.00,802.19,803.82,3027469
2021-05-31,803.82,806.37,799.93,802.48,4181001
2021-06-01,802.48,806.42,799.12,803.06,5184327
2021-06-02,803.06,803.16,795.80,795.90,1123868
2021-06-03,795.90,797.32,790.53,791.95,2789746
2021-06-06,791.95,792.04,784.78,784.87,1120233
2021-06-07,784.87,798.84,778.61,792.52,8979526
2021-06-08,792.52,795.11,788.78,791.37,4268861
2021-06-09,791.37,798.43,787.12,794.17,6370953
2021-06-10,794.17,800.07,790.25,796.14,5927777
2021-06-13,796.14,798.49,792.04,794.39,3951680
2021-06-14,794.39,806.61,788.61,800.78,8269821
2021-06-15,800.78,802.63,795.95,797.78,3301954
2021-06-16,797.78,801.67,794.46,798.34,5171536
2021-06-17,798.34,799.25,792.25,793.16,2150171
2021-06-20,793.16,795.88,789.60,792.32,4435390
2021-06-21,792.32,794.11,787.49,789.28,3261762
2021-06-22,789.28,798.94,784.27,793.90,7345336
2021-06-23,793.90,796.81,790.58,793.49,4661419
2021-06-24,793.49,793.93,786.78,787.22,1555692
2021-06-27,787.22,788.94,782.34,784.06,3188648
2021-06-28,784.06,793.57,779.11,788.59,7313374
2021-06-29,788.59,790.47,783.92,785.79,3386659
2021-06-30,785.79,785.80,778.57,778.58,1013443
2021-07-01,778.58,789.11,773.34,783.84,7724588
2021-07-04,783.84,786.26,779.95,782.36,4087997
2021-07-05,782.36,784.83,778.55,781.01,4153052
2021-07-06,781.01,781.19,774.06,774.24,1228395
2021-07-07,774.24,782.79,769.60,778.12,6993038
2021-07-08,778.12,789.22,772.72,783.78,7940809
2021-07-11,783.78,792.87,778.95,788.02,7158127
2021-07-12,788.02,797.91,782.95,792.80,7435116
2021-07-13,792.80,803.49,787.48,798.13,7710048
2021-07-14,798.13,801.20,795.00,798.07,4847119
2021-07-15,798.07,811.64,791.89,805.40,8747565
2021-07-18,805.40,813.75,800.73,809.06,6794101
2021-07-19,809.06,814.25,805.32,810.50,5628703
2021-07-20,810.50,817.44,806.23,813.16,6263717
2021-07-21,813.16,826.38,807.04,820.21,8526303
2021-07-22,820.21,823.35,816.97,820.12,4836213
2021-07-25,820.12,822.02,815.18,817.08,3316906
2021-07-26,817.08,829.56,811.16,823.60,8239986
2021-07-27,823.60,829.37,819.64,825.40,5802983
2021-07-28,825.40,827.25,820.35,822.19,3240466
2021-07-29,822.19,822.41,814.92,815.14,1268484
2021-08-01,815.14,817.47,810.84,813.17,3862345
2021-08-02,813.17,813.46,806.09,806.38,1367729
2021-08-03,806.38,815.16,801.59,810.34,6945130
2021-08-04,810.34,811.43,804.38,805.46,2347633
2021-08-05,805.46,805.49,798.08,798.10,1032030
2021-08-08,798.10,800.98,794.70,797.58,4603257
2021-08-09,797.58,800.44,794.17,797.03,4592181
2021-08-10,797.03,801.98,793.39,798.33,5566700
2021-08-11,798.33,803.31,794.68,799.65,5576200
2021-08-12,799.65,805.60,795.71,801.65,5929320
2021-08-15,801.65,802.69,795.70,796.74,2305075
2021-08-16,796.74,800.69,793.40,797.34,5197290
2021-08-17,797.34,797.90,790.76,791.31,1692386
2021-08-18,791.31,792.56,785.74,786.99,2580486
2021-08-19,786.99,795.16,782.42,790.57,6799862
2021-08-22,790.57,792.33,785.70,787.45,3214711
2021-08-23,787.45,788.02,780.98,781.55,1726268
2021-08-24,781.55,786.80,777.86,783.10,5717249
2021-08-25,783.10,788.66,779.32,784.87,5829629
2021-08-26,784.87,786.50,779.88,781.51,3075754
2021-08-29,781.51,785.60,778.16,782.25,5282784
2021-08-30,782.25,785.28,779.21,782.24,4870473
2021-08-31,782.24,782.99,776.07,776.82,1962277
2021-09-01,776.82,790.24,770.73,784.10,8829801
2021-09-02,784.10,786.20,779.76,781.85,3670576
2021-09-05,781.85,782.41,775.42,775.98,1719170
2021-09-06,775.98,778.07,771.71,773.79,3691632
2021-09-07,773.79,778.58,770.26,775.05,5563271
2021-09-08,775.05,780.15,771.42,776.52,5679766
2021-09-09,776.52,776.68,769.58,769.74,1201611
2021-09-12,769.74,775.33,765.98,771.57,5881893
2021-09-13,771.57,771.70,764.65,764.78,1177400
2021-09-14,764.78,767.61,761.62,764.44,4693072
2021-09-15,764.44,775.39,759.12,770.03,7959773
2021-09-16,770.03,779.98,764.99,774.91,7545404
2021-09-19,774.91,775.30,768.30,768.69,1499348
2021-09-20,768.69,777.53,763.97,772.79,7130246
2021-09-21,772.79,775.20,768.99,771.39,4117112
2021-09-22,771.39,772.90,766.37,767.87,2953772
2021-09-23,767.87,775.65,763.47,771.23,6726646
2021-09-26,771.23,772.18,765.43,766.37,2225857
2021-09-27,766.37,768.97,762.88,765.48,4389677
2021-09-28,765.48,766.31,759.57,760.39,2082304
2021-09-29,760.39,764.18,757.20,760.98,5204972
2021-09-30,760.98,761.09,754.12,754.22,1140397
2021-10-03,754.22,756.88,750.93,753.60,4530555
2021-10-04,753.60,765.49,748.03,759.87,8387791
2021-10-05,759.87,762.56,756.57,759.26,4539266
2021-10-06,759.26,759.57,752.69,752.99,1404732
2021-10-07,752.99,761.60,748.39,756.98,7107647
2021-10-10,756.98,757.67,750.96,751.65,1919615
2021-10-11,751.65,753.94,747.87,750.15,4038168
2021-10-12,750.15,752.92,747.05,749.83,4697873
2021-10-13,749.83,752.54,746.65,749.35,4614780
2021-10-14,749.35,759.59,744.29,754.49,7764197
2021-10-17,754.49,757.12,751.16,753.79,4491803
2021-10-18,753.79,764.59,748.55,759.30,7958093
2021-10-19,759.30,770.07,754.05,764.78,7916152
2021-10-20,764.78,765.41,758.60,759.22,1822770
2021-10-21,759.22,768.35,754.45,763.56,7282887
2021-10-24,763.56,774.15,758.34,768.90,7827366
2021-10-25,768.90,780.08,763.50,774.64,8024108
2021-10-26,774.64,780.38,770.83,776.56,5922496
2021-10-27,776.56,777.98,771.37,772.78,2831172
2021-10-28,772.78,773.89,767.19,768.28,2429149
2021-10-31,768.28,777.33,763.51,772.54,7210253
2021-11-01,772.54,775.06,768.89,771.40,4260905
2021-11-02,771.40,774.00,767.87,770.47,4371227
2021-11-03,770.47,777.63,766.25,773.40,6479492
2021-11-04,773.40,783.13,768.41,778.12,7449897
2021-11-07,778.12,778.26,771.14,771.28,1183676
2021-11-08,771.28,779.99,766.61,775.28,7063545
2021-11-09,775.28,785.79,770.07,780.54,7731481
2021-11-10,780.54,783.03,776.78,779.27,4199828
2021-11-11,779.27,781.84,775.63,778.19,4295747
2021-11-14,778.19,790.61,772.40,784.77,8438991
2021-11-15,784.77,798.13,778.69,791.99,8753017
2021-11-16,791.99,792.39,785.25,785.65,1509430
2021-11-17,785.65,788.77,782.58,785.70,4905761
2021-11-18,785.70,786.62,779.73,780.65,2176577
2021-11-21,780.65,781.46,774.58,775.38,2037928
2021-11-22,775.38,787.82,769.60,781.99,8465123
2021-11-23,781.99,784.18,777.80,779.99,3803840
2021-11-24,779.99,780.15,773.03,773.20,1214574
2021-11-25,773.20,780.31,768.98,776.08,6450411
2021-11-28,776.08,789.86,769.90,783.62,8968141
2021-11-29,783.62,784.69,777.88,778.95,2372702
2021-11-30,778.95,779.88,773.06,773.98,2194958
2021-12-01,773.98,777.31,770.88,774.21,5002812
2021-12-02,774.21,787.63,768.13,781.50,8845644
2021-12-05,781.50,790.23,776.79,785.49,7032098
2021-12-06,785.49,787.25,780.68,782.44,3241186
2021-12-07,782.44,793.66,776.99,788.17,7966735
2021-12-08,788.17,800.36,782.42,794.57,8295164
2021-12-09,794.57,803.40,789.79,798.60,7016598
2021-12-12,798.60,800.25,793.52,795.16,3069307
2021-12-13,795.16,795.42,788.19,788.44,1317489
2021-12-14,788.44,790.53,784.06,786.16,3662379
2021-12-15,786.16,790.82,782.63,787.29,5486694
2021-12-16,787.29,791.82,783.80,788.32,5432407
2021-12-19,788.32,791.09,784.87,787.63,4511865
2021-12-20,787.63,788.85,782.06,783.28,2552229
2021-12-21,783.28,794.53,777.82,789.03,7973251
2021-12-22,789.03,792.14,785.96,789.07,4898388
2021-12-23,789.07,794.05,785.44,790.41,5599245
2021-12-26,790.41,793.00,786.69,789.28,4273353
2021-12-27,789.28,801.11,783.63,795.42,8155281
2021-12-28,795.42,796.18,789.14,789.90,1961076
2021-12-29,789.90,795.07,786.22,791.38,5666049
2021-12-30,791.38,791.86,784.76,785.24,1615877
2022-01-02,785.24,786.79,780.14,781.68,2971056
2022-01-03,781.68,791.62,776.61,786.52,7484670
2022-01-04,786.52,789.36,783.18,786.02,4613511
2022-01-05,786.02,788.35,781.98,784.31,3962517
2022-01-06,784.31,787.83,781.12,784.65,5062551
2022-01-09,784.65,787.38,781.17,783.90,4481515
2022-01-10,783.90,795.96,778.21,790.21,8268792
2022-01-11,790.21,790.79,783.73,784.31,1733024
2022-01-12,784.31,787.09,780.91,783.70,4553223
2022-01-13,783.70,785.44,778.88,780.61,3223216
2022-01-16,780.61,794.10,774.50,787.94,8829423
2022-01-17,787.94,799.76,782.29,794.08,8161968
2022-01-18,794.08,805.99,788.39,800.26,8159122
2022-01-19,800.26,805.55,796.51,801.79,5685082
2022-01-20,801.79,803.11,796.22,797.53,2641083
2022-01-23,797.53,798.65,791.73,792.85,2409842
2022-01-24,792.85,794.94,788.42,790.50,3633333
2022-01-25,790.50,800.12,785.50,795.09,7323902
2022-01-26,795.09,799.33,791.66,795.90,5308710
2022-01-27,795.90,802.03,791.91,798.03,6007510
2022-01-30,798.03,798.47,791.28,791.71,1543758
2022-01-31,791.71,794.23,787.89,790.41,4189060
2022-02-01,790.41,802.22,784.76,796.53,8140946
2022-02-02,796.53,799.42,793.17,796.06,4633984
2022-02-03,796.06,797.17,790.25,791.35,2384224
2022-02-06,791.35,795.72,787.89,792.26,5366975
2022-02-07,792.26,794.58,788.16,790.47,3927914
2022-02-08,790.47,792.23,785.61,787.37,3227537
2022-02-09,787.37,787.38,780.13,780.15,1018930
2022-02-10,780.15,781.52,774.85,776.22,2758882
2022-02-13,776.22,777.03,770.19,771.00,2052331
2022-02-14,771.00,778.05,766.82,773.84,6430144
2022-02-15,773.84,776.52,770.40,773.07,4460219
2022-02-16,773.07,773.99,767.22,768.14,2191941
2022-02-17,768.14,781.68,762.04,775.53,8933950
2022-02-20,775.53,778.14,771.98,774.58,4365260
2022-02-21,774.58,783.10,769.95,778.45,6979698
2022-02-22,778.45,780.68,774.34,776.57,3863683
2022-02-23,776.57,782.02,772.83,778.28,5807338
2022-02-24,778.28,780.42,774.05,776.19,3748936
2022-02-27,776.19,777.39,770.70,771.90,2552674
2022-02-28,771.90,774.31,768.10,770.50,4119787
2022-03-01,770.50,772.69,766.41,768.59,3832990
2022-03-02,768.59,780.58,762.95,774.89,8334259
2022-03-03,774.89,776.16,769.50,770.76,2635939
2022-03-06,770.76,771.97,765.33,766.53,2565192
2022-03-07,766.53,779.02,760.74,773.19,8541769
2022-03-08,773.19,776.04,769.99,772.84,4689128
2022-03-09,772.84,774.60,768.15,769.90,3278875
2022-03-10,769.90,777.14,765.66,772.88,6508539
2022-03-13,772.88,777.80,769.31,774.22,5612688
2022-03-14,774.22,774.46,767.42,767.66,1307373
2022-03-15,767.66,772.42,764.15,768.91,5567901
2022-03-16,768.91,781.96,762.96,775.96,8739951
2022-03-17,775.96,787.14,770.54,781.68,7984019
2022-03-20,781.68,781.72,774.53,774.57,1053189
2022-03-21,774.57,774.89,767.87,768.18,1404252
2022-03-22,768.18,769.44,762.84,764.10,2642146
2022-03-23,764.10,766.62,760.52,763.04,4297736
2022-03-24,763.04,764.52,758.05,759.52,2938923
2022-03-27,759.52,762.27,756.30,759.05,4615089
2022-03-28,759.05,760.29,753.76,755.00,2634876
2022-03-29,755.00,767.66,749.20,761.81,8677297
2022-03-30,761.81,761.99,755.04,755.21,1236179
2022-03-31,755.21,764.59,750.38,759.73,7397942
2022-04-03,759.73,765.44,755.97,761.67,5952709
2022-04-04,761.67,763.83,757.63,759.78,3838751
2022-04-05,759.78,765.41,756.04,761.66,5920267
2022-04-06,761.66,767.76,757.78,763.86,6098491
2022-04-07,763.86,774.28,758.70,769.08,7756138
2022-04-10,769.08,769.49,762.56,762.97,1535185
2022-04-11,762.97,765.60,759.56,762.19,4447976
2022-04-12,762.19,774.05,756.61,768.42,8321673
2022-04-13,768.42,773.21,764.90,769.69,5576028
2022-04-14,769.69,772.26,766.13,768.69,4334499
2022-04-17,768.69,782.08,762.64,775.97,8868689
2022-04-18,775.97,780.29,772.58,776.89,5376131
2022-04-19,776.89,776.96,769.83,769.90,1091392
2022-04-20,769.90,772.77,766.75,769.63,4730521
2022-04-21,769.63,772.14,766.00,768.51,4268827
2022-04-24,768.51,774.54,764.63,770.65,6051989
2022-04-25,770.65,779.80,765.84,774.97,7240500
2022-04-26,774.97,779.83,771.41,776.27,5587448
2022-04-27,776.27,783.67,771.96,779.35,6549622
2022-04-28,779.35,781.48,775.10,777.22,3731961
2022-05-01,777.22,780.07,773.98,776.83,4665329
2022-05-02,776.83,782.57,773.01,778.74,5917626
2022-05-03,778.74,783.50,775.21,779.96,5538237
2022-05-04,779.96,782.95,776.89,779.88,4835802
2022-05-05,779.88,789.80,774.82,784.71,7489334
2022-05-08,784.71,796.04,779.22,790.51,7992661
2022-05-09,790.51,790.85,783.70,784.04,1432201
2022-05-10,784.04,791.64,779.65,787.24,6598079
2022-05-11,787.24,794.42,782.96,790.13,6428566
2022-05-12,790.13,795.63,786.35,791.84,5787860
2022-05-15,791.84,799.46,787.42,795.03,6577194
2022-05-16,795.03,797.56,791.18,793.70,4179286
2022-05-17,793.70,797.74,790.34,794.38,5236111
2022-05-18,794.38,795.77,788.99,790.38,2760013
2022-05-19,790.38,793.20,786.98,789.81,4578155
2022-05-22,789.81,791.48,784.83,786.49,3110288
2022-05-23,786.49,793.80,782.18,789.48,6479869
2022-05-24,789.48,791.02,784.34,785.88,2958504
2022-05-25,785.88,787.25,780.52,781.89,2743724
2022-05-26,781.89,785.43,778.71,782.24,5070096
2022-05-29,782.24,783.53,776.82,778.11,2653669
2022-05-30,778.11,787.96,773.07,782.89,7469753
2022-05-31,782.89,783.57,776.61,777.28,1864026
2022-06-01,777.28,785.88,772.62,781.19,6996982
2022-06-02,781.19,784.02,777.88,780.71,4621707
2022-06-05,780.71,792.52,775.09,786.86,8194993
2022-06-06,786.86,788.69,782.13,783.95,3321776
2022-06-07,783.95,788.72,780.39,785.16,5532921
2022-06-08,785.16,787.04,780.52,782.40,3396330
2022-06-09,782.40,783.93,777.30,778.83,2961385
2022-06-12,778.83,783.58,775.30,780.05,5536728
2022-06-13,780.05,788.15,775.52,783.60,6801371
2022-06-14,783.60,783.80,776.65,776.85,1249142
2022-06-15,776.85,787.99,771.44,782.54,7966460
2022-06-16,782.54,787.87,778.83,784.15,5743449
2022-06-19,784.15,784.55,777.48,777.89,1518381
2022-06-20,777.89,789.55,772.32,783.94,8155452
2022-06-21,783.94,785.94,779.48,781.47,3555898
2022-06-22,781.47,790.39,776.70,785.60,7102434
2022-06-23,785.60,785.94,778.83,779.17,1437037
2022-06-26,779.17,781.18,774.76,776.75,3572050
2022-06-27,776.75,780.96,773.39,777.59,5334636
2022-06-28,777.59,786.58,772.81,781.77,7144547
2022-06-29,781.77,781.87,774.71,774.80,1125240
2022-06-30,774.80,784.82,769.73,779.71,7548319
2022-07-03,779.71,782.53,776.40,779.21,4611316
2022-07-04,779.21,789.29,774.11,784.15,7548799
2022-07-05,784.15,784.21,777.01,777.07,1076817
2022-07-06,777.07,780.85,773.83,777.61,5170679
2022-07-07,777.61,778.52,771.71,772.61,2176063
2022-07-10,772.61,776.59,769.33,773.30,5253463
2022-07-11,773.30,775.74,769.53,771.97,4155967
2022-07-12,771.97,774.55,768.40,770.98,4340363
2022-07-13,770.98,780.59,766.04,775.62,7411591
2022-07-14,775.62,778.68,772.59,775.65,4900514
2022-07-17,775.65,775.94,768.91,769.20,1375034
2022-07-18,769.20,770.65,764.11,765.55,2884533
2022-07-19,765.55,766.88,760.33,761.66,2737654
2022-07-20,761.66,764.41,758.42,761.17,4613408
2022-07-21,761.17,762.70,756.27,757.79,3005624
2022-07-24,757.79,757.79,750.80,750.80,1000720
2022-07-25,750.80,751.10,744.29,744.58,1388820
2022-07-26,744.58,746.15,739.88,741.44,3108196
2022-07-27,741.44,742.94,736.68,738.17,3023045
2022-07-28,738.17,739.68,733.44,734.94,3034602
2022-07-31,734.94,741.89,730.88,737.81,6525582
2022-08-01,737.81,740.13,734.20,736.51,4137962
2022-08-02,736.51,739.38,733.65,736.52,4884087
2022-08-03,736.52,748.65,730.93,743.01,8591117
2022-08-04,743.01,752.94,738.05,747.95,7678806
2022-08-07,747.95,748.90,742.37,743.31,2270610
2022-08-08,743.31,746.02,740.18,742.89,4638134
2022-08-09,742.89,756.10,736.96,750.12,8978909
2022-08-10,750.12,757.22,745.97,753.05,6527503
2022-08-11,753.05,758.83,749.29,755.06,5999965
2022-08-14,755.06,756.85,750.57,752.35,3371604
2022-08-15,752.35,755.55,749.35,752.55,4988100
2022-08-16,752.55,763.45,747.27,758.14,8009945
2022-08-17,758.14,759.04,752.40,753.30,2190226
2022-08-18,753.30,766.72,747.28,760.64,8985733
2022-08-21,760.64,766.48,756.84,762.67,6001406
2022-08-22,762.67,775.69,756.74,769.71,8768106
2022-08-23,769.71,775.24,765.97,771.49,5853737
2022-08-24,771.49,773.27,766.84,768.61,3307681
2022-08-25,768.61,769.72,763.05,764.15,2438580
2022-08-28,764.15,772.41,759.62,767.87,6925445
2022-08-29,767.87,769.60,763.18,764.91,3262105
2022-08-30,764.91,766.09,759.49,760.65,2534979
2022-08-31,760.65,770.45,755.68,765.45,7534190
2022-09-01,765.45,765.60,758.61,758.76,1198010
2022-09-04,758.76,761.33,755.30,757.87,4390637
2022-09-05,757.87,759.40,752.99,754.51,3013305
2022-09-06,754.51,766.58,748.89,760.91,8448731
2022-09-07,760.91,762.69,756.35,758.12,3338888
2022-09-08,758.12,760.93,754.99,757.79,4696124
2022-09-11,757.79,760.33,754.30,756.83,4347599
2022-09-12,756.83,758.13,751.65,752.94,2713065
2022-09-13,752.94,763.61,747.73,758.37,7915980
2022-09-14,758.37,769.92,752.89,764.40,8227949
2022-09-15,764.40,769.87,760.69,766.15,5846502
2022-09-18,766.15,777.25,760.79,771.84,8006207
2022-09-19,771.84,781.49,766.88,776.50,7423113
2022-09-20,776.50,787.92,771.01,782.39,8072530
2022-09-21,782.39,794.50,776.68,788.75,8300137
2022-09-22,788.75,792.84,785.38,789.47,5266426
2022-09-25,789.47,792.41,786.24,789.18,4724485
2022-09-26,789.18,791.65,785.31,787.78,4131104
2022-09-27,787.78,791.39,784.55,788.17,5091220
2022-09-28,788.17,797.25,783.33,792.39,7135699
2022-09-29,792.39,800.71,787.77,796.07,6832441
2022-10-02,796.07,797.05,790.08,791.06,2230829
2022-10-03,791.06,792.36,785.56,786.85,2639506
2022-10-04,786.85,789.00,782.57,784.71,3737482
2022-10-05,784.71,796.11,779.21,790.56,8018587
2022-10-06,790.56,791.80,784.99,786.22,2569238
2022-10-09,786.22,792.74,782.15,788.65,6179561
2022-10-10,788.65,789.27,782.24,782.86,1787825
2022-10-11,782.86,783.84,777.01,777.99,2258230
2022-10-12,777.99,778.37,771.35,771.72,1492009
2022-10-13,771.72,773.17,766.61,768.04,2871879
2022-10-16,768.04,771.44,764.94,768.34,5039814
2022-10-17,768.34,768.34,761.26,761.27,1008161
2022-10-18,761.27,768.67,757.00,764.39,6604080
2022-10-19,764.39,770.89,760.38,766.87,6247325
2022-10-20,766.87,778.12,761.45,772.66,8061351
2022-10-23,772.66,784.67,767.01,778.97,8317764
2022-10-24,778.97,779.14,772.03,772.19,1214094
2022-10-25,772.19,772.95,766.13,766.88,1984910
2022-10-26,766.88,768.68,762.30,764.09,3346262
2022-10-27,764.09,764.30,757.34,757.54,1273456
2022-10-30,757.54,758.39,751.73,752.56,2112174
2022-10-31,752.56,754.09,747.73,749.24,3022908
2022-11-01,749.24,749.81,743.13,743.69,1758744
2022-11-02,743.69,745.75,739.68,741.74,3776474
2022-11-03,741.74,742.99,736.63,737.87,2681035
2022-11-06,737.87,743.54,734.18,739.84,6003292
2022-11-07,739.84,740.81,734.36,735.32,2311145
2022-11-08,735.32,740.10,731.90,736.67,5653978
2022-11-09,736.67,736.92,730.23,730.48,1340432
2022-11-10,730.48,730.52,723.80,723.84,1049519
2022-11-13,723.84,732.52,719.29,727.95,7275068
2022-11-14,727.95,736.26,723.51,731.80,7103497
2022-11-15,731.80,733.50,727.40,729.09,3324931
2022-11-16,729.09,730.46,724.26,725.63,2877640
2022-11-17,725.63,726.81,720.57,721.74,2625823
2022-11-20,721.74,724.25,718.54,721.04,4470713
2022-11-21,721.04,723.06,717.17,719.18,3795027
2022-11-22,719.18,727.73,714.69,723.21,7240740
2022-11-23,723.21,733.23,718.28,728.26,7820198
2022-11-24,728.26,732.28,725.09,729.10,5360562
2022-11-27,729.10,740.34,723.79,734.99,8281584
2022-11-28,734.99,747.38,729.32,741.67,8706721
2022-11-29,741.67,743.08,736.78,738.19,2907578
2022-11-30,738.19,738.25,731.47,731.53,1081687
2022-12-01,731.53,732.60,726.27,727.33,2463614
2022-12-04,727.33,737.28,722.41,732.33,7769410
2022-12-05,732.33,735.40,729.41,732.49,4974382
2022-12-06,732.49,744.14,727.05,738.66,8424211
2022-12-07,738.66,747.53,734.02,742.86,7279389
2022-12-08,742.86,751.82,738.19,747.12,7293004
2022-12-11,747.12,752.66,743.44,748.97,5921844
2022-12-12,748.97,751.79,745.95,748.78,4770850
2022-12-13,748.78,750.55,744.32,746.09,3370884
2022-12-14,746.09,752.55,742.15,748.59,6289849
2022-12-15,748.59,750.52,744.35,746.27,3577126
2022-12-18,746.27,748.92,743.03,745.67,4541358
2022-12-19,745.67,748.55,742.76,745.64,4861556
2022-12-20,745.64,753.97,741.14,749.45,7031550
2022-12-21,749.45,755.55,745.60,751.69,6137757
2022-12-22,751.69,754.84,748.71,751.85,4970301
2022-12-25,751.85,752.96,746.45,747.54,2467455
2022-12-26,747.54,749.41,743.22,745.08,3493415
2022-12-27,745.08,745.79,739.19,739.90,1949417
2022-12-28,739.90,740.06,733.30,733.46,1218175
2022-12-29,733.46,743.92,728.37,738.79,7941666
2023-01-01,738.79,747.30,734.26,742.75,7132235
2023-01-02,742.75,750.00,738.57,745.81,6617043
2023-01-03,745.81,753.60,741.47,749.24,6815843
2023-01-04,749.24,759.70,744.11,754.53,7852091
2023-01-05,754.53,760.31,750.76,756.53,5997393
2023-01-08,756.53,758.38,752.11,753.96,3449279
2023-01-09,753.96,763.44,749.10,758.55,7442318
2023-01-10,758.55,759.83,753.33,754.61,2692558
2023-01-11,754.61,754.74,747.84,747.97,1175308
2023-01-12,747.97,748.14,741.32,741.50,1236248
2023-01-15,741.50,752.31,736.28,747.05,8035871
2023-01-16,747.05,748.79,742.57,744.30,3327263
2023-01-17,744.30,756.50,738.67,750.82,8567215
2023-01-18,750.82,751.09,744.27,744.54,1360665
2023-01-19,744.54,748.33,741.38,745.17,5238477
2023-01-22,745.17,757.90,739.39,752.06,8768552
2023-01-23,752.06,752.81,746.17,746.91,2000274
2023-01-24,746.91,747.84,741.31,742.23,2242283
2023-01-25,742.23,745.85,739.14,742.75,5173593
2023-01-26,742.75,746.66,739.57,743.47,5288031
2023-01-29,743.47,748.35,740.00,744.87,5672016
2023-01-30,744.87,744.96,738.12,738.21,1115672
2023-01-31,738.21,745.27,734.11,741.15,6557270
2023-02-01,741.15,742.53,736.22,737.60,2861008
2023-02-02,737.60,748.08,732.49,742.94,7928120
2023-02-05,742.94,743.04,736.24,736.34,1141323
2023-02-06,736.34,739.85,733.29,736.80,5142592
2023-02-07,736.80,739.82,733.89,736.91,4944272
2023-02-08,736.91,748.50,731.48,743.03,8373525
2023-02-09,743.03,753.39,737.94,748.27,7850102
2023-02-12,748.27,750.14,743.95,745.81,3497462
2023-02-13,745.81,755.55,740.90,750.61,7587208
2023-02-14,750.61,757.17,746.61,753.17,6316872
2023-02-15,753.17,761.30,748.71,756.82,6921021
2023-02-16,756.82,757.66,751.01,751.85,2115706
2023-02-19,751.85,754.01,747.90,750.06,3876234
2023-02-20,750.06,751.22,744.75,745.90,2548285
2023-02-21,745.90,747.61,741.39,743.09,3292352
2023-02-22,743.09,745.22,739.17,741.29,3861522
2023-02-23,741.29,741.82,735.19,735.72,1712585
2023-02-26,735.72,742.49,731.71,738.46,6450480
2023-02-27,738.46,738.91,732.27,732.72,1606069
2023-02-28,732.72,742.69,727.77,737.71,7747256
2023-03-01,737.71,745.68,733.34,741.29,6923422
2023-03-02,741.29,753.13,735.77,747.56,8443209
2023-03-05,747.56,758.34,742.34,753.08,7985631
2023-03-06,753.08,764.08,747.77,758.74,8044513
2023-03-07,758.74,760.79,754.57,756.62,3706275
2023-03-08,756.62,761.81,753.02,758.20,5761042
2023-03-09,758.20,761.83,755.06,758.68,5147085
2023-03-12,758.68,766.38,754.34,762.02,6728600
2023-03-13,762.02,764.61,758.57,761.16,4406824
2023-03-14,761.16,761.59,754.74,755.17,1564471
2023-03-15,755.17,758.07,752.20,755.10,4843518
2023-03-16,755.10,764.11,750.38,759.36,7256310
2023-03-19,759.36,771.97,753.57,766.12,8630006
2023-03-20,766.12,766.42,759.47,759.76,1384362
2023-03-21,759.76,760.25,753.44,753.92,1642832
2023-03-22,753.92,758.88,750.40,755.35,5677023
2023-03-23,755.35,765.46,750.30,760.38,7684465
2023-03-26,760.38,768.54,755.90,764.03,6899725
2023-03-27,764.03,766.35,760.19,762.50,4038854
2023-03-28,762.50,764.09,757.66,759.24,3077160
2023-03-29,759.24,760.27,753.67,754.69,2360322
2023-03-30,754.69,763.17,750.13,758.58,7048834
2023-04-02,758.58,766.71,754.11,762.21,6895781
2023-04-03,762.21,771.57,757.37,766.70,7357956
2023-04-04,766.70,767.50,760.74,761.53,2040294
2023-04-05,761.53,768.59,757.36,764.41,6473662
2023-04-06,764.41,764.58,757.61,757.78,1225960
2023-04-09,757.78,769.63,752.21,764.02,8346570
2023-04-10,764.02,767.66,760.85,764.49,5144135
2023-04-11,764.49,766.25,759.87,761.62,3297668
2023-04-12,761.62,765.66,758.35,762.38,5300994
2023-04-13,762.38,768.85,758.39,764.85,6240534
2023-04-16,764.85,778.27,758.80,772.16,8906412
2023-04-17,772.16,774.66,768.49,770.98,4236899
2023-04-18,770.98,774.54,767.82,771.38,5096193
2023-04-19,771.38,775.69,767.99,772.30,5385528
2023-04-20,772.30,784.75,766.52,778.92,8487620
2023-04-23,778.92,782.38,775.77,779.22,5044444
2023-04-24,779.22,781.62,775.34,777.72,4068347
2023-04-25,777.72,782.07,774.31,778.66,5386488
2023-04-26,778.66,778.98,771.93,772.26,1418621
2023-04-27,772.26,784.18,766.63,778.51,8288203
2023-04-30,778.51,785.19,774.41,781.07,6266838
2023-05-01,781.07,785.88,777.52,782.32,5552057
2023-05-02,782.32,786.67,778.89,783.24,5378429
2023-05-03,783.24,790.48,778.97,786.19,6462002
2023-05-04,786.19,789.16,783.03,786.00,4778086
2023-05-07,786.00,793.82,781.54,789.34,6672359
2023-05-08,789.34,789.58,782.40,782.64,1305315
2023-05-09,782.64,783.76,776.98,778.09,2430041
2023-05-10,778.09,788.03,773.03,782.94,7503326
2023-05-11,782.94,783.82,776.94,777.82,2130109
2023-05-14,777.82,778.48,771.56,772.21,1841255
2023-05-15,772.21,773.91,767.44,769.14,3204663
2023-05-16,769.14,771.65,765.51,768.02,4269718
2023-05-17,768.02,774.81,763.92,770.69,6345061
2023-05-18,770.69,774.28,767.53,771.11,5109705
2023-05-21,771.11,772.70,766.20,767.78,3057475
2023-05-22,767.78,769.52,763.11,764.85,3274794
2023-05-23,764.85,777.35,759.07,771.52,8551783
2023-05-24,771.52,772.16,765.29,765.92,1826714
2023-05-25,765.92,768.19,761.99,764.26,3963786
2023-05-28,764.26,777.56,758.25,771.49,8864231
2023-05-29,771.49,773.74,767.47,769.71,3910768
2023-05-30,769.71,771.83,765.53,767.64,3745370
2023-05-31,767.64,767.93,760.97,761.26,1380384
2023-06-01,761.26,764.03,758.06,760.83,4642969
2023-06-04,760.83,766.55,757.06,762.77,5952880
2023-06-05,762.77,767.16,759.39,763.77,5433573
2023-06-06,763.77,773.15,758.92,768.26,7356652
2023-06-07,768.26,773.95,764.49,770.16,5919650
2023-06-08,770.16,782.24,764.50,776.52,8357133
2023-06-11,776.52,786.13,771.56,781.14,7385150
2023-06-12,781.14,789.73,776.47,785.04,6979012
2023-06-13,785.04,789.69,781.52,786.16,5484396
2023-06-14,786.16,797.70,780.61,792.10,8061796
2023-06-15,792.10,794.85,788.58,791.32,4464300
2023-06-18,791.32,803.17,785.67,797.47,8148696
2023-06-19,797.47,800.43,794.20,797.16,4719924
2023-06-20,797.16,797.73,790.60,791.16,1708847
2023-06-21,791.16,793.28,786.79,788.91,3683367
2023-06-22,788.91,802.18,782.84,796.05,8692866
2023-06-25,796.05,796.89,789.87,790.70,2045987
2023-06-26,790.70,792.61,786.05,787.96,3421742
2023-06-27,787.96,797.52,782.98,792.51,7313957
2023-06-28,792.51,806.15,786.32,799.91,8809053
2023-06-29,799.91,801.26,794.41,795.76,2697153
2023-07-02,795.76,798.08,791.62,793.94,3916529
2023-07-03,793.94,794.20,786.99,787.25,1331378
2023-07-04,787.25,790.27,784.15,787.18,4842935
2023-07-05,787.18,787.84,780.83,781.48,1833916
2023-07-06,781.48,789.99,776.84,785.32,6946296
2023-07-09,785.32,789.20,782.03,785.90,5192421
2023-07-10,785.90,788.57,782.34,785.00,4399451
2023-07-11,785.00,788.34,781.88,785.20,4987139
2023-07-12,785.20,794.10,780.43,789.31,7078943
2023-07-13,789.31,797.90,784.61,793.18,6946467
2023-07-16,793.18,801.38,788.59,796.77,6787242
2023-07-17,796.77,802.44,792.92,798.58,5835836
2023-07-18,798.58,801.62,795.40,798.44,4808299
2023-07-19,798.44,809.12,793.11,803.75,7679938
2023-07-20,803.75,806.81,800.54,803.59,4796433
2023-07-23,803.59,803.85,796.54,796.80,1318278
2023-07-24,796.80,798.39,791.65,793.24,2998559
2023-07-25,793.24,802.81,788.24,797.78,7294067
2023-07-26,797.78,808.81,792.35,803.34,7809739
2023-07-27,803.34,805.81,799.34,801.80,4076440
2023-07-30,801.80,815.20,795.66,809.00,8662071
2023-07-31,809.00,811.12,804.47,806.58,3616015
2023-08-01,806.58,813.44,802.34,809.19,6246913
2023-08-02,809.19,811.81,805.34,807.95,4233779
2023-08-03,807.95,819.83,802.24,814.07,8070438
2023-08-06,814.07,817.20,810.88,814.00,4843312
2023-08-07,814.00,818.44,810.47,814.90,5342524
2023-08-08,814.90,828.09,808.78,821.92,8506344
2023-08-09,821.92,823.72,816.83,818.64,3198971
2023-08-10,818.64,828.59,813.46,823.38,7321639
2023-08-13,823.38,836.01,817.41,829.99,8257064
2023-08-14,829.99,833.01,826.50,829.53,4647222
2023-08-15,829.53,834.50,825.79,830.76,5504458
2023-08-16,830.76,832.13,825.00,826.37,2655932
2023-08-17,826.37,829.28,822.76,825.67,4521399
2023-08-20,825.67,827.50,820.59,822.42,3224314
2023-08-21,822.42,824.09,817.15,818.82,3036282
2023-08-22,818.82,825.53,814.60,821.30,6154835
2023-08-23,821.30,823.61,816.91,819.22,3814540
2023-08-24,819.22,822.28,815.87,818.93,4731447
2023-08-27,818.93,822.11,815.75,818.93,4880864
2023-08-28,818.93,820.25,813.20,814.51,2608470
2023-08-29,814.51,816.20,809.34,811.02,3074759
2023-08-30,811.02,813.48,806.93,809.39,4032818
2023-08-31,809.39,810.96,804.10,805.66,2939437
2023-09-03,805.66,805.98,798.68,799.00,1399554
2023-09-04,799.00,807.69,794.25,802.92,6944032
2023-09-05,802.92,814.91,797.18,809.13,8140775
2023-09-06,809.13,810.78,803.95,805.60,3039163
2023-09-07,805.60,819.84,799.19,813.38,8947839
2023-09-10,813.38,818.37,809.68,814.67,5545816
2023-09-11,814.67,816.56,809.77,811.66,3326920
2023-09-12,811.66,816.18,808.11,812.62,5377572
2023-09-13,812.62,820.20,808.16,815.72,6487894
2023-09-14,815.72,820.87,811.97,817.11,5596159
2023-09-17,817.11,827.72,811.74,822.32,7566563
2023-09-18,822.32,829.47,817.97,825.10,6300342
2023-09-19,825.10,829.14,821.65,825.69,5180212
2023-09-20,825.69,827.21,820.18,821.70,2848148
2023-09-21,821.70,834.47,815.69,828.41,8316495
2023-09-24,828.41,833.12,824.75,829.46,5412414
2023-09-25,829.46,830.75,823.59,824.88,2555658
2023-09-26,824.88,836.44,819.21,830.73,7869684
2023-09-27,830.73,831.25,823.80,824.31,1626097
2023-09-28,824.31,825.16,817.88,818.72,2022427
2023-10-01,818.72,831.38,812.75,825.36,8293244
2023-10-02,825.36,829.33,821.93,825.89,5154595
2023-10-03,825.89,828.85,822.35,825.31,4581790
2023-10-04,825.31,828.63,822.07,825.39,4920507
2023-10-05,825.39,827.31,820.44,822.35,3331241
2023-10-08,822.35,827.46,818.60,823.70,5567078
2023-10-09,823.70,823.77,816.20,816.27,1084807
2023-10-10,816.27,826.66,810.97,821.33,7489368
2023-10-11,821.33,834.08,815.32,828.02,8311625
2023-10-12,828.02,840.33,822.13,834.39,8119478
2023-10-15,834.39,837.86,831.09,834.56,4962311
2023-10-16,834.56,847.05,828.59,841.04,8148765
2023-10-17,841.04,845.66,837.37,841.99,5357853
2023-10-18,841.99,851.55,836.87,846.40,7083401
2023-10-19,846.40,859.82,840.12,853.50,8411831
2023-10-22,853.50,856.17,849.31,851.98,4133264
2023-10-23,851.98,852.14,844.35,844.51,1185973
2023-10-24,844.51,847.41,840.72,843.61,4434156
2023-10-25,843.61,855.18,837.89,849.42,7779046
2023-10-26,849.42,857.68,844.66,852.90,6603360
2023-10-29,852.90,863.93,847.31,858.31,7549074
2023-10-30,858.31,860.56,853.51,855.75,3628532
2023-10-31,855.75,857.18,849.84,851.26,2668895
2023-11-01,851.26,855.17,847.78,851.68,5089917
2023-11-02,851.68,853.40,846.20,847.91,3015054
2023-11-05,847.91,862.24,841.37,855.64,8715912
2023-11-06,855.64,869.15,849.31,862.77,8390020
2023-11-07,862.77,863.00,855.14,855.38,1271947
2023-11-08,855.38,858.01,851.12,853.75,4077743
2023-11-09,853.75,856.98,850.32,853.55,4782716
2023-11-12,853.55,854.18,846.55,847.17,1732544
2023-11-13,847.17,859.67,841.17,853.62,8087722
2023-11-14,853.62,859.02,849.70,855.09,5601337
2023-11-15,855.09,866.67,849.33,860.87,7730178
2023-11-16,860.87,873.56,854.78,867.42,8079183
2023-11-19,867.42,874.60,862.92,870.09,6179218
2023-11-20,870.09,878.53,865.22,873.64,6598182
2023-11-21,873.64,884.45,868.06,878.84,7385459
2023-11-22,878.84,879.59,871.77,872.52,1849691
2023-11-23,872.52,873.10,865.28,865.86,1669890
2023-11-26,865.86,866.16,858.29,858.58,1339883
2023-11-27,858.58,861.11,854.16,856.68,3946090
2023-11-28,856.68,859.49,852.65,855.46,4278635
2023-11-29,855.46,855.69,847.90,848.13,1275788
2023-11-30,848.13,859.83,842.36,854.02,7801748
2023-12-03,854.02,854.67,847.04,847.69,1757750
2023-12-04,847.69,848.98,841.66,842.95,2526508
2023-12-05,842.95,857.29,836.41,850.70,8750000
2023-12-06,850.70,855.61,846.92,851.83,5440569
2023-12-07,851.83,865.38,845.50,859.00,8425377
2023-12-10,859.00,859.97,852.42,853.38,2124176
2023-12-11,853.38,854.80,847.47,848.88,2660425
2023-12-12,848.88,856.27,844.38,851.75,6305727
2023-12-13,851.75,861.92,846.42,856.56,7257613
2023-12-14,856.56,859.78,853.09,856.30,4750651
2023-12-17,856.30,867.23,850.73,861.63,7500891
2023-12-18,861.63,863.77,856.64,858.77,3483641
2023-12-19,858.77,868.41,853.58,863.19,7044581
2023-12-20,863.19,873.75,857.71,868.24,7344204
2023-12-21,868.24,869.23,861.60,862.58,2135596
2023-12-24,862.58,865.92,859.23,862.57,4875548
2023-12-25,862.57,862.72,854.82,854.97,1168998
2023-12-26,854.97,863.11,850.23,858.35,6546810
2023-12-27,858.35,858.85,851.13,851.62,1576886
2023-12-28,851.62,864.83,845.40,858.55,8308607
2023-12-31,858.55,861.17,854.25,856.86,4050617
2024-01-01,856.86,870.66,850.45,864.19,8481927
2024-01-02,864.19,876.97,858.06,870.80,8096364
2024-01-03,870.80,877.42,866.46,873.07,5980349
2024-01-04,873.07,876.59,869.64,873.16,4924005
2024-01-07,873.16,875.66,868.56,871.06,3865603
2024-01-08,871.06,882.68,865.25,876.83,7669341
2024-01-09,876.83,877.91,870.25,871.32,2236454
2024-01-10,871.32,880.82,866.14,875.61,6949657
2024-01-11,875.61,878.63,871.70,874.71,4450925
2024-01-14,874.71,877.12,869.97,872.37,3752606
2024-01-15,872.37,875.58,868.75,871.96,4681858
2024-01-16,871.96,883.56,866.16,877.72,7658436
2024-01-17,877.72,881.06,874.22,877.56,4805795
2024-01-18,877.56,891.43,871.07,884.89,8395541
2024-01-21,884.89,888.10,881.15,884.35,4625205
2024-01-22,884.35,899.34,877.52,892.44,8729355
2024-01-23,892.44,897.54,888.49,893.59,5424039
2024-01-24,893.59,902.52,888.51,897.42,6684567
2024-01-25,897.42,899.09,891.45,893.11,2856618
2024-01-28,893.11,903.30,887.66,897.82,7100685
2024-01-29,897.82,897.97,889.76,889.91,1169855
2024-01-30,889.91,898.31,884.99,893.38,6520919
2024-01-31,893.38,908.60,886.44,901.61,8758813
2024-02-01,901.61,912.85,895.82,907.03,7414403
2024-02-04,907.03,917.24,901.54,911.72,7055589
2024-02-05,911.72,917.89,907.40,913.56,5731755
2024-02-06,913.56,916.99,909.86,913.28,4751543
2024-02-07,913.28,925.85,907.08,919.61,7793964
2024-02-08,919.61,919.93,911.58,911.90,1352846
2024-02-11,911.90,915.11,907.91,911.11,4514609
2024-02-12,911.11,913.91,906.56,909.36,4069375
2024-02-13,909.36,919.28,903.94,913.84,6955418
2024-02-14,913.84,914.79,906.73,907.67,2036934
2024-02-15,907.67,918.37,902.03,912.70,7215157
2024-02-18,912.70,913.50,905.39,906.18,1872805
2024-02-19,906.18,921.30,899.25,914.30,8651851
2024-02-20,914.30,917.56,910.36,913.62,4564643
2024-02-21,913.62,918.89,909.56,914.83,5438340
2024-02-22,914.83,917.29,909.79,912.25,3692695
2024-02-25,912.25,923.74,906.36,917.82,7451165
2024-02-26,917.82,921.71,914.16,918.05,4985356
2024-02-27,918.05,926.63,913.01,921.56,6492798
2024-02-28,921.56,923.60,915.88,917.91,3208058
2024-02-29,917.91,920.52,913.05,915.65,3847187
2024-03-03,915.65,918.75,911.48,914.58,4385493
2024-03-04,914.58,916.56,908.89,910.86,3168655
2024-03-05,910.86,915.87,906.89,911.89,5357167
2024-03-06,911.89,927.26,904.87,920.18,8704115
2024-03-07,920.18,921.71,913.81,915.34,2666289
2024-03-10,915.34,918.86,911.75,915.27,4848628
2024-03-11,915.27,924.72,909.98,919.40,6781995
2024-03-12,919.40,923.45,915.69,919.74,5034293
2024-03-13,919.74,925.72,915.46,921.43,5654903
2024-03-14,921.43,922.31,914.16,915.03,1952469
2024-03-17,915.03,920.83,910.81,916.60,5606001
2024-03-18,916.60,918.54,910.82,912.75,3109327
2024-03-19,912.75,918.36,908.60,914.20,5548868
2024-03-20,914.20,926.53,908.06,920.35,7714746
2024-03-21,920.35,935.37,913.41,928.37,8545233
2024-03-24,928.37,932.05,924.74,928.42,4904526
2024-03-25,928.42,937.73,923.13,932.42,6693861
2024-03-26,932.42,932.70,924.21,924.48,1295953
2024-03-27,924.48,926.66,918.96,921.13,3352777
2024-03-28,921.13,927.81,916.64,923.31,5876680
2024-03-31,923.31,938.84,916.21,931.68,8694821
2024-04-01,931.68,934.68,927.23,930.23,4226954
2024-04-02,930.23,945.57,923.16,938.44,8596536
2024-04-03,938.44,939.45,931.19,932.19,2075171
2024-04-04,932.19,933.92,925.99,927.72,2860390
2024-04-07,927.72,928.82,920.69,921.78,2186762
2024-04-08,921.78,937.53,914.62,930.30,8770336
2024-04-09,930.30,931.78,923.77,925.23,2586419
2024-04-10,925.23,932.27,920.63,927.65,5980692
2024-04-11,927.65,941.43,921.05,934.78,8113648
2024-04-14,934.78,944.29,929.41,938.90,6738374
2024-04-15,938.90,950.29,932.98,944.33,7311659
2024-04-16,944.33,946.63,938.80,941.09,3438443
2024-04-17,941.09,942.64,934.56,936.11,2649588
2024-04-18,936.11,936.59,928.14,928.62,1512997
2024-04-21,928.62,935.99,923.91,931.26,6078052
2024-04-22,931.26,931.87,923.52,924.13,1653395
2024-04-23,924.13,937.23,917.73,930.80,7918038
2024-04-24,930.80,933.00,925.25,927.45,3365809
2024-04-25,927.45,937.97,921.81,932.30,7083127
2024-04-28,932.30,939.01,927.77,934.47,5860116
2024-04-29,934.47,943.65,929.20,938.37,6635048
2024-04-30,938.37,946.43,933.42,941.47,6272119
2024-05-01,941.47,950.84,936.13,945.48,6672565
2024-05-02,945.48,947.57,939.66,941.75,3219101
2024-05-05,941.75,943.21,935.09,936.54,2553703
2024-05-06,936.54,942.74,932.15,938.34,5688717
2024-05-07,938.34,941.58,934.15,937.39,4451303
2024-05-08,937.39,948.59,931.52,942.69,7261213
2024-05-09,942.69,950.70,937.75,945.74,6241906
2024-05-12,945.74,951.92,941.33,947.50,5664986
2024-05-13,947.50,960.33,941.13,953.91,7727983
2024-05-14,953.91,956.45,948.62,951.16,3665466
2024-05-15,951.16,952.29,943.96,945.09,2193484
2024-05-16,945.09,956.47,939.15,950.49,7287345
2024-05-19,950.49,950.77,942.12,942.39,1292729
2024-05-20,942.39,947.62,938.28,943.49,5370130
2024-05-21,943.49,943.75,935.15,935.41,1272633
2024-05-22,935.41,936.77,928.67,930.03,2457030
2024-05-23,930.03,931.45,923.42,924.83,2528257
2024-05-26,924.83,924.85,916.33,916.35,1017181
2024-05-27,916.35,917.71,909.79,911.15,2491700
2024-05-28,911.15,915.06,907.50,911.41,5001200
2024-05-29,911.41,912.19,904.09,904.86,1854320
2024-05-30,904.86,908.24,901.17,904.54,4730075
2024-06-02,904.54,918.00,898.10,911.50,8122290
2024-06-03,911.50,921.95,905.93,916.35,7117386
2024-06-04,916.35,919.56,912.32,915.53,4505486
2024-06-05,915.53,926.36,909.83,920.63,7224862
2024-06-06,920.63,923.52,916.13,919.01,4139711
2024-06-09,919.01,923.42,915.20,919.61,5151268
2024-06-10,919.61,925.55,915.34,921.27,5642249
2024-06-11,921.27,924.27,916.91,919.90,4254629
2024-06-12,919.90,920.82,912.70,913.61,2000754
2024-06-13,913.61,922.81,908.40,917.58,6707784
2024-06-16,917.58,919.22,911.40,913.03,2795473
2024-06-17,913.03,921.24,908.12,916.30,6387277
2024-06-18,916.30,922.57,911.95,918.21,5754801
2024-06-19,918.21,920.13,912.40,914.32,3095576
2024-06-20,914.32,920.23,910.07,915.97,5644170
2024-06-23,915.97,923.37,911.29,918.67,6116632
2024-06-24,918.67,933.48,911.79,926.54,8488271
2024-06-25,926.54,928.49,920.69,922.63,3104766
2024-06-26,922.63,924.59,916.84,918.79,3126611
2024-06-27,918.79,926.80,913.91,921.90,6306893
2024-06-30,921.90,922.92,914.81,915.82,2102400
2024-07-01,915.82,929.43,909.30,922.86,8118072
2024-07-02,922.86,935.85,916.51,929.45,7884773
2024-07-03,929.45,936.49,924.83,931.86,5970404
2024-07-04,931.86,946.68,924.94,939.70,8424348
2024-07-07,939.70,955.07,932.60,947.90,8555246
2024-07-08,947.90,948.89,940.53,941.51,2042112
2024-07-09,941.51,953.14,935.51,947.10,7378772
2024-07-10,947.10,949.61,941.84,944.34,3651646
2024-07-11,944.34,944.95,936.49,937.10,1650857
2024-07-14,937.10,951.65,930.24,944.74,8314677
2024-07-15,944.74,948.05,940.59,943.91,4507304
2024-07-16,943.91,957.97,937.18,951.19,8129972
2024-07-17,951.19,960.31,945.90,955.00,6565397
2024-07-18,955.00,963.80,949.79,958.57,6455555
2024-07-21,958.57,975.08,951.08,967.53,8812791
2024-07-22,967.53,973.19,963.21,968.87,5464266
2024-07-23,968.87,972.58,965.04,968.75,4829732
2024-07-24,968.75,979.58,962.91,973.70,7032647
2024-07-25,973.70,988.93,966.55,981.72,8344615
2024-07-28,981.72,983.64,975.33,977.25,2963168
2024-07-29,977.25,985.15,972.24,980.13,6122873
2024-07-30,980.13,981.64,973.18,974.68,2539780
2024-07-31,974.68,977.79,969.98,973.09,4189197
2024-08-01,973.09,973.49,964.68,965.08,1416803
2024-08-04,965.08,977.02,958.92,970.82,7383093
2024-08-05,970.82,973.58,965.67,968.42,3841152
2024-08-06,968.42,971.57,963.83,966.97,4247770
2024-08-07,966.97,968.14,959.67,960.83,2207887
2024-08-08,960.83,965.77,956.75,961.68,5252366
2024-08-11,961.68,962.60,954.08,954.99,1949108
2024-08-12,954.99,963.44,949.88,958.32,6347496
2024-08-13,958.32,960.96,953.13,955.76,3756172
2024-08-14,955.76,962.62,951.12,957.97,5854149
2024-08-15,957.97,969.01,952.09,963.10,7135253
2024-08-18,963.10,964.73,956.47,958.08,2685905
2024-08-19,958.08,960.28,952.29,954.48,3296227
2024-08-20,954.48,967.97,947.89,961.34,7904492
2024-08-21,961.34,966.68,957.13,962.47,5374897
2024-08-22,962.47,968.57,958.03,964.13,5608676
2024-08-25,964.13,967.01,959.21,962.09,3988545
2024-08-26,962.09,973.25,956.17,967.29,7156481
2024-08-27,967.29,981.69,960.40,974.75,8124828
2024-08-28,974.75,984.61,969.17,979.01,6720747
2024-08-29,979.01,981.32,973.18,975.48,3363991
2024-09-01,975.48,983.56,970.43,978.49,6178017
2024-09-02,978.49,980.87,972.76,975.13,3434430
2024-09-03,975.13,980.40,970.91,976.17,5330761
2024-09-04,976.17,978.23,970.01,972.05,3101577
2024-09-05,972.05,977.74,967.71,973.40,5462928
2024-09-08,973.40,988.76,966.20,981.51,8390123
2024-09-09,981.51,982.72,974.13,975.33,2228840
2024-09-10,975.33,989.90,968.37,982.88,8139574
2024-09-11,982.88,996.68,976.12,989.87,7875411
2024-09-12,989.87,1000.47,984.04,994.61,6893141
2024-09-15,994.61,1004.93,988.84,999.14,6797702
2024-09-16,999.14,1010.60,993.02,1004.45,7119958
2024-09-17,1004.45,1007.90,999.93,1003.37,4427812
2024-09-18,1003.37,1007.16,999.33,1003.11,4770644
2024-09-19,1003.11,1003.57,994.50,994.96,1457098
2024-09-22,994.96,1003.15,989.82,998.00,6166186
2024-09-23,998.00,1003.60,993.61,999.21,5391735
2024-09-24,999.21,1000.43,991.69,992.90,2220164
2024-09-25,992.90,1005.37,986.50,998.94,7441598
2024-09-26,998.94,1001.93,993.85,996.84,3994307
2024-09-29,996.84,1000.57,992.78,996.51,4742489
2024-09-30,996.51,999.09,990.88,993.45,3587379
2024-10-01,993.45,996.35,988.28,991.17,3911694
2024-10-02,991.17,994.50,986.61,989.94,4357407
2024-10-03,989.94,997.32,985.05,992.42,5936865
2024-10-06,992.42,1008.39,985.00,1000.90,8477229
2024-10-07,1000.90,1004.30,996.36,999.76,4398251
2024-10-08,999.76,1000.58,991.68,992.50,1823388
2024-10-09,992.50,996.83,988.50,992.84,5024245
2024-10-10,992.84,1007.87,985.69,1000.66,8198353
2024-10-13,1000.66,1002.24,993.63,995.20,2580281
2024-10-14,995.20,999.08,991.33,995.21,4886076
2024-10-15,995.21,997.29,988.91,990.98,3091049
2024-10-16,990.98,993.50,985.32,987.83,3540877
2024-10-17,987.83,990.20,981.99,984.35,3396056
2024-10-20,984.35,999.96,977.06,992.60,8409670
2024-10-21,992.60,1007.09,985.62,1000.05,8038511
2024-10-22,1000.05,1002.94,994.81,997.69,3887517
2024-10-23,997.69,1000.17,991.92,994.39,3487551
2024-10-24,994.39,996.78,988.53,990.91,3406515
2024-10-27,990.91,991.60,982.73,983.41,1693792
2024-10-28,983.41,996.49,976.87,989.90,7658024
2024-10-29,989.90,1007.51,982.00,999.54,8978223
2024-10-30,999.54,1014.50,992.39,1007.29,8148216
2024-10-31,1007.29,1022.73,999.99,1015.37,8254423
2024-11-03,1015.37,1018.50,1010.33,1013.46,4086968
2024-11-04,1013.46,1015.06,1006.33,1007.93,2584122
2024-11-05,1007.93,1024.60,1000.26,1016.86,8610082
2024-11-06,1016.86,1031.79,1009.67,1024.55,8066083
2024-11-07,1024.55,1027.97,1019.81,1023.23,4334842
2024-11-10,1023.23,1026.36,1018.11,1021.23,4058333
2024-11-11,1021.23,1036.86,1013.83,1029.40,8248902
2024-11-12,1029.40,1046.86,1021.44,1038.82,8733710
2024-11-13,1038.82,1046.56,1033.70,1041.42,5932510
2024-11-14,1041.42,1056.37,1034.16,1049.06,7968758
2024-11-17,1049.06,1051.28,1042.45,1044.66,3114060
2024-11-18,1044.66,1045.25,1035.85,1036.44,1565946
2024-11-19,1036.44,1038.05,1029.12,1030.72,2558984
2024-11-20,1030.72,1041.46,1024.74,1035.45,6809224
2024-11-21,1035.45,1036.78,1027.75,1029.08,2291975
2024-11-24,1029.08,1031.50,1022.94,1025.35,3352914
2024-11-25,1025.35,1037.23,1019.04,1030.88,7152537
2024-11-26,1030.88,1033.40,1024.86,1027.37,3443930
2024-11-27,1027.37,1034.15,1022.56,1029.33,5683882
2024-11-28,1029.33,1042.39,1022.66,1035.68,7477331
2024-12-01,1035.68,1051.91,1028.06,1044.23,8355144
2024-12-02,1044.23,1048.30,1040.17,1044.24,4885219
2024-12-03,1044.24,1046.45,1037.67,1039.87,3116941
2024-12-04,1039.87,1043.36,1035.09,1038.58,4358950
2024-12-05,1038.58,1042.00,1033.71,1037.13,4290260
2024-12-08,1037.13,1042.99,1032.56,1038.42,5404698
2024-12-09,1038.42,1040.27,1031.41,1033.26,2788683
2024-12-10,1033.26,1045.51,1026.82,1039.03,7232338
2024-12-11,1039.03,1039.73,1030.43,1031.12,1673936
2024-12-12,1031.12,1042.45,1024.96,1036.26,6977674
2024-12-15,1036.26,1036.30,1026.77,1026.82,1044787
2024-12-16,1026.82,1029.14,1020.55,1022.86,3257990
2024-12-17,1022.86,1026.20,1018.03,1021.36,4259259
2024-12-18,1021.36,1025.94,1017.21,1021.79,5060939
2024-12-19,1021.79,1027.87,1017.21,1023.28,5490192
2024-12-22,1023.28,1031.01,1018.19,1025.92,5966769
2024-12-23,1025.92,1035.92,1020.16,1030.14,6614128
2024-12-24,1030.14,1032.93,1024.49,1027.26,3703875
2024-12-25,1027.26,1040.14,1020.66,1033.49,7433539
2024-12-26,1033.49,1033.53,1024.02,1024.06,1037688
2024-12-29,1024.06,1024.30,1014.96,1015.19,1232373
2024-12-30,1015.19,1018.23,1010.02,1013.05,3992901
2024-12-31,1013.05,1026.55,1006.30,1019.75,7664951
2025-01-01,1019.75,1020.17,1010.93,1011.35,1409019
2025-01-02,1011.35,1022.46,1005.30,1016.39,6978189
2025-01-05,1016.39,1023.60,1011.48,1018.68,5829252
2025-01-06,1018.68,1031.91,1011.99,1025.18,7567146
2025-01-07,1025.18,1027.97,1019.58,1022.36,3722736
2025-01-08,1022.36,1033.20,1016.37,1027.18,6863923
2025-01-09,1027.18,1038.68,1020.97,1032.45,7040089
2025-01-12,1032.45,1038.83,1027.74,1034.12,5559876
2025-01-13,1034.12,1042.41,1028.84,1037.12,6102297
2025-01-14,1037.12,1039.36,1030.65,1032.88,3161179
2025-01-15,1032.88,1047.20,1025.84,1040.10,7822942
2025-01-16,1040.10,1051.18,1033.99,1045.04,6877709
2025-01-19,1045.04,1057.54,1038.49,1050.95,7263751
2025-01-20,1050.95,1058.47,1045.86,1053.36,5845267
2025-01-21,1053.36,1057.07,1048.76,1052.47,4523491
2025-01-22,1052.47,1062.98,1046.49,1056.97,6681138
2025-01-23,1056.97,1059.05,1050.09,1052.15,2960185
2025-01-26,1052.15,1053.60,1044.45,1045.89,2372976
2025-01-27,1045.89,1049.81,1041.64,1045.56,4746673
2025-01-28,1045.56,1047.13,1038.09,1039.65,2501028
2025-01-29,1039.65,1042.52,1034.02,1036.88,3759499
2025-01-30,1036.88,1040.82,1032.74,1036.67,4793689
2025-02-02,1036.67,1050.96,1029.62,1043.86,7801131
2025-02-03,1043.86,1047.01,1038.58,1041.72,4016392
2025-02-04,1041.72,1042.93,1033.79,1034.98,2155521
2025-02-05,1034.98,1043.60,1029.61,1038.21,6193827
2025-02-06,1038.21,1047.86,1032.53,1042.15,6476989
2025-02-09,1042.15,1057.81,1034.68,1050.28,8165500
2025-02-10,1050.28,1050.29,1040.62,1040.63,1012448
2025-02-11,1040.63,1050.29,1034.94,1044.58,6474622
2025-02-12,1044.58,1045.78,1036.62,1037.82,2156961
2025-02-13,1037.82,1040.51,1031.96,1034.64,3590329
2025-02-16,1034.64,1047.29,1028.08,1040.69,7342626
2025-02-17,1040.69,1043.26,1034.64,1037.19,3463237
2025-02-18,1037.19,1037.46,1028.01,1028.28,1260802
2025-02-19,1028.28,1031.79,1023.63,1027.14,4414334
2025-02-20,1027.14,1039.96,1020.55,1033.33,7417661
2025-02-23,1033.33,1039.01,1028.83,1034.50,5357201
2025-02-24,1034.50,1034.52,1025.00,1025.02,1023079
2025-02-25,1025.02,1025.39,1016.08,1016.44,1353566
2025-02-26,1016.44,1018.69,1010.17,1012.41,3212860
2025-02-27,1012.41,1028.78,1004.82,1021.12,8502194
2025-03-02,1021.12,1024.80,1016.78,1020.45,4604286
2025-03-03,1020.45,1028.84,1015.19,1023.56,6161111
2025-03-04,1023.56,1032.06,1018.25,1026.73,6185013
2025-03-05,1026.73,1030.33,1022.22,1025.81,4503155
2025-03-06,1025.81,1026.36,1017.12,1017.66,1535288
2025-03-09,1017.66,1023.42,1013.18,1018.93,5404869
2025-03-10,1018.93,1022.38,1014.29,1017.73,4383504
2025-03-11,1017.73,1034.76,1009.93,1026.89,8668724
2025-03-12,1026.89,1027.40,1018.13,1018.63,1495096
2025-03-13,1018.63,1031.91,1011.93,1025.16,7578669
2025-03-16,1025.16,1036.14,1019.12,1030.07,6894753
2025-03-17,1030.07,1037.24,1025.14,1032.29,5789026
2025-03-18,1032.29,1032.73,1023.38,1023.81,1421982
2025-03-19,1023.81,1037.04,1017.11,1030.30,7546707
2025-03-20,1030.30,1036.88,1025.54,1032.11,5619993
2025-03-23,1032.11,1037.40,1027.73,1033.01,5246776
2025-03-24,1033.01,1040.79,1027.89,1035.65,5957921
2025-03-25,1035.65,1039.09,1030.84,1034.28,4321330
2025-03-26,1034.28,1043.57,1028.71,1037.98,6386385
2025-03-27,1037.98,1044.05,1033.35,1039.41,5461728
2025-03-30,1039.41,1044.66,1035.02,1040.27,5226371
2025-03-31,1040.27,1055.93,1032.81,1048.41,8174142
2025-04-01,1048.41,1048.82,1039.31,1039.72,1391460
2025-04-02,1039.72,1042.49,1033.96,1036.73,3668449
2025-04-03,1036.73,1044.48,1031.60,1039.35,5943381
2025-04-06,1039.35,1044.08,1035.11,1039.84,5080452
2025-04-07,1039.84,1041.90,1033.10,1035.15,2980898
2025-04-08,1035.15,1037.25,1028.51,1030.60,3027434
2025-04-09,1030.60,1033.55,1025.16,1028.11,3862037
2025-04-10,1028.11,1037.73,1022.45,1032.05,6497050
2025-04-13,1032.05,1033.87,1025.05,1026.86,2759636
2025-04-14,1026.86,1026.93,1017.49,1017.56,1069547
2025-04-15,1017.56,1018.12,1008.96,1009.52,1550240
2025-04-16,1009.52,1025.74,1001.97,1018.13,8473319
2025-04-17,1018.13,1032.98,1010.97,1025.76,8036316
2025-04-20,1025.76,1038.76,1019.12,1032.08,7473799
2025-04-21,1032.08,1045.26,1025.37,1038.51,7501817
2025-04-22,1038.51,1041.72,1033.37,1036.58,4095679
2025-04-23,1036.58,1039.27,1030.74,1033.43,3601063
2025-04-24,1033.43,1035.68,1027.01,1029.25,3178463
2025-04-27,1029.25,1046.17,1021.45,1038.30,8580967
2025-04-28,1038.30,1038.57,1029.11,1029.38,1265363
2025-04-29,1029.38,1040.20,1023.38,1034.17,6836591
2025-04-30,1034.17,1052.03,1026.07,1043.86,8825514
2025-05-01,1043.86,1046.78,1038.27,1041.18,3800034
2025-05-04,1041.18,1048.50,1036.17,1043.48,5809533
2025-05-05,1043.48,1059.15,1036.01,1051.61,8162654
2025-05-06,1051.61,1061.60,1045.79,1055.76,6538408
2025-05-07,1055.76,1058.32,1049.57,1052.12,3430624
2025-05-08,1052.12,1053.10,1043.77,1044.74,1925720
2025-05-11,1044.74,1048.72,1040.59,1044.58,4813820
2025-05-12,1044.58,1046.70,1037.88,1039.99,3033196
2025-05-13,1039.99,1040.46,1031.06,1031.52,1448045
2025-05-14,1031.52,1032.51,1023.38,1024.36,1959602
2025-05-15,1024.36,1039.01,1017.24,1031.83,7950582
2025-05-18,1031.83,1032.93,1023.84,1024.93,2062962
2025-05-19,1024.93,1025.25,1015.92,1016.24,1309087
2025-05-20,1016.24,1022.37,1011.65,1017.77,5516117
2025-05-21,1017.77,1029.39,1011.56,1023.15,7103806
2025-05-22,1023.15,1031.68,1017.83,1026.35,6195610
2025-05-25,1026.35,1037.92,1020.12,1031.67,7063134
2025-05-26,1031.67,1034.66,1026.29,1029.28,3903909
2025-05-27,1029.28,1032.31,1023.98,1027.01,3952503
2025-05-28,1027.01,1041.60,1019.90,1034.43,7924965
2025-05-29,1034.43,1037.33,1028.89,1031.77,3796604
2025-06-01,1031.77,1039.39,1026.70,1034.30,5913100
2025-06-02,1034.30,1036.82,1028.25,1030.75,3434945
2025-06-03,1030.75,1031.90,1022.84,1023.99,2115226
2025-06-04,1023.99,1036.75,1017.42,1030.14,7410733
2025-06-05,1030.14,1034.30,1026.10,1030.25,4926406
2025-06-08,1030.25,1031.48,1022.46,1023.68,2193106
2025-06-09,1023.68,1026.53,1018.17,1021.00,3778737
2025-06-10,1021.00,1034.84,1014.13,1027.92,7732681
2025-06-11,1027.92,1040.56,1021.38,1033.98,7363580
2025-06-12,1033.98,1043.15,1028.45,1037.59,6350445
2025-06-15,1037.59,1049.73,1031.17,1043.28,7187105
2025-06-16,1043.28,1047.61,1039.15,1043.48,4959979
2025-06-17,1043.48,1045.00,1035.96,1037.48,2459190
2025-06-18,1037.48,1047.63,1031.65,1041.77,6623010
2025-06-19,1041.77,1050.88,1036.24,1045.33,6315637
2025-06-22,1045.33,1047.87,1039.21,1041.75,3438305
2025-06-23,1041.75,1042.14,1032.69,1033.07,1373731
2025-06-24,1033.07,1043.67,1027.12,1037.69,6763888
2025-06-25,1037.69,1041.45,1033.30,1037.06,4621124
2025-06-26,1037.06,1038.89,1030.04,1031.87,2772599
2025-06-29,1031.87,1032.52,1023.27,1023.92,1638065
2025-06-30,1023.92,1024.27,1014.97,1015.31,1340980
2025-07-01,1015.31,1023.63,1010.08,1018.38,6152949
2025-07-02,1018.38,1019.68,1010.79,1012.07,2271502
2025-07-03,1012.07,1016.18,1008.10,1012.20,4931207
2025-07-06,1012.20,1022.88,1006.28,1016.93,6848113
2025-07-07,1016.93,1019.98,1011.76,1014.80,3997530
2025-07-08,1014.80,1016.55,1007.86,1009.60,2725137
2025-07-09,1009.60,1024.86,1002.34,1017.54,8191426
2025-07-10,1017.54,1018.71,1009.78,1010.95,2149485
2025-07-13,1010.95,1018.89,1005.83,1013.77,6056104
2025-07-14,1013.77,1019.89,1009.19,1015.30,5516220
2025-07-15,1015.30,1030.19,1008.13,1022.97,8060699
2025-07-16,1022.97,1024.26,1015.32,1016.60,2257441
2025-07-17,1016.60,1017.77,1008.85,1010.02,2155829
2025-07-20,1010.02,1010.09,1000.80,1000.87,1064506
2025-07-21,1000.87,1002.53,993.94,995.60,2662482
2025-07-22,995.60,996.04,987.03,987.47,1443587
2025-07-23,987.47,1003.41,980.07,995.95,8494238
2025-07-24,995.95,997.55,988.98,990.57,2604561
2025-07-27,990.57,1000.56,984.91,994.88,6712825
2025-07-28,994.88,995.56,986.65,987.32,1683230
2025-07-29,987.32,992.95,982.96,988.58,5417009
2025-07-30,988.58,993.81,984.34,989.56,5296879
2025-07-31,989.56,1003.76,982.67,996.81,7964814
2025-08-03,996.81,1005.93,991.40,1000.49,6433161
2025-08-04,1000.49,1016.76,992.96,1009.16,8529080
2025-08-05,1009.16,1019.21,1003.44,1013.46,6672325
2025-08-06,1013.46,1031.51,1005.36,1023.34,8986351
2025-08-07,1023.34,1026.15,1017.78,1020.58,3742764
2025-08-10,1020.58,1020.72,1011.37,1011.51,1139094
2025-08-11,1011.51,1027.55,1004.01,1019.99,8409910
2025-08-12,1019.99,1021.29,1012.38,1013.67,2271262
2025-08-13,1013.67,1015.39,1006.70,1008.42,2698456
2025-08-14,1008.42,1023.13,1001.32,1015.98,8037174
2025-08-17,1015.98,1028.77,1009.43,1022.17,7447908
2025-08-18,1022.17,1032.39,1016.37,1026.55,6683744
2025-08-19,1026.55,1028.81,1020.21,1022.46,3201474
2025-08-20,1022.46,1032.41,1016.73,1026.65,6606035
2025-08-21,1026.65,1043.00,1019.03,1035.30,8428292
2025-08-24,1035.30,1040.57,1030.92,1036.18,5236145
2025-08-25,1036.18,1038.33,1029.60,1031.75,3078978
2025-08-26,1031.75,1034.09,1025.46,1027.79,3265432
2025-08-27,1027.79,1028.28,1019.00,1019.48,1474519
2025-08-28,1019.48,1034.92,1012.14,1027.52,8200068
2025-08-31,1027.52,1029.09,1020.22,1021.78,2528497
2025-09-01,1021.78,1024.08,1015.53,1017.82,3249931
2025-09-02,1017.82,1018.13,1008.87,1009.18,1302640
2025-09-03,1009.18,1009.73,1000.65,1001.20,1550823
2025-09-04,1001.20,1008.53,996.29,1003.61,5895713
2025-09-07,1003.61,1004.33,995.36,996.08,1720027
2025-09-08,996.08,998.73,990.56,993.21,3665740
2025-09-09,993.21,996.93,989.17,992.89,4745198
2025-09-10,992.89,996.65,988.91,992.67,4785562
2025-09-11,992.67,995.85,987.90,991.08,4206584
2025-09-14,991.08,993.19,984.86,986.96,3131721
2025-09-15,986.96,993.98,982.19,989.20,5832578
2025-09-16,989.20,998.49,983.75,993.02,6506687
2025-09-17,993.02,996.38,988.50,991.86,4388614
2025-09-18,991.86,1006.86,984.72,999.67,8194410
2025-09-21,999.67,1007.00,994.77,1002.09,5899382
2025-09-22,1002.09,1004.94,996.79,999.63,3849211
2025-09-23,999.63,1011.39,993.43,1005.15,7204389
2025-09-24,1005.15,1011.90,1000.41,1007.15,5718004
2025-09-25,1007.15,1011.03,1003.20,1007.07,4846844
2025-09-28,1007.07,1015.47,1001.84,1010.22,6195850
2025-09-29,1010.22,1010.52,1001.33,1001.62,1295884
2025-09-30,1001.62,1003.34,994.76,996.47,2714849
2025-10-01,996.47,1012.58,989.00,1005.04,8502126
2025-10-02,1005.04,1008.02,999.89,1002.86,3966358
2025-10-05,1002.86,1020.05,995.05,1012.17,8786556
2025-10-06,1012.17,1012.63,1003.48,1003.94,1456550
2025-10-07,1003.94,1004.00,994.77,994.84,1062757
2025-10-08,994.84,996.22,987.59,988.97,2395301
2025-10-09,988.97,992.32,984.47,987.82,4392455
2025-10-12,987.82,990.70,982.69,985.56,3918415
2025-10-13,985.56,987.41,979.03,980.87,2874417
2025-10-14,980.87,984.44,976.75,980.32,4643175
2025-10-15,980.32,994.05,973.59,987.27,7866666
2025-10-16,987.27,993.37,982.77,988.86,5557235
2025-10-19,988.86,994.91,984.37,990.41,5542043
2025-10-20,990.41,1005.55,983.24,998.32,8240843
2025-10-21,998.32,1005.23,993.55,1000.45,5777091
2025-10-22,1000.45,1001.87,993.19,994.61,2422393
2025-10-23,994.61,1010.26,987.27,1002.86,8374279
2025-10-26,1002.86,1013.51,996.98,1007.59,6867318
2025-10-27,1007.59,1017.44,1001.93,1011.75,6617558
2025-10-28,1011.75,1014.38,1006.06,1008.68,3600308
2025-10-29,1008.68,1011.87,1003.77,1006.96,4161248
2025-10-30,1006.96,1012.84,1002.46,1008.35,5460871
2025-11-02,1008.35,1013.53,1004.06,1009.24,5252263
2025-11-03,1009.24,1027.24,1001.17,1019.09,8992215
2025-11-04,1019.09,1020.40,1011.51,1012.81,2285665
2025-11-05,1012.81,1029.75,1005.05,1021.92,8663477
2025-11-06,1021.92,1039.10,1014.05,1031.17,8693552
2025-11-09,1031.17,1047.57,1023.51,1039.85,8425274
2025-11-10,1039.85,1040.03,1030.51,1030.68,1167283
2025-11-11,1030.68,1040.69,1024.91,1034.89,6598593
2025-11-12,1034.89,1037.18,1028.51,1030.79,3213031
2025-11-13,1030.79,1031.92,1022.86,1023.98,2097016
2025-11-16,1023.98,1031.98,1018.82,1026.80,6040672
2025-11-17,1026.80,1034.62,1021.69,1029.49,5982270
2025-11-18,1029.49,1040.14,1023.53,1034.15,6786008
2025-11-19,1034.15,1035.55,1026.55,1027.95,2353120
2025-11-20,1027.95,1031.10,1022.81,1025.96,4066323
2025-11-23,1025.96,1027.57,1018.73,1020.32,2567592
2025-11-24,1020.32,1031.16,1014.34,1025.15,6869272
2025-11-25,1025.15,1042.75,1017.15,1034.69,8798525
2025-11-26,1034.69,1052.38,1026.64,1044.26,8775102
2025-11-27,1044.26,1055.54,1038.07,1049.32,6922462
2025-11-30,1049.32,1062.76,1042.49,1055.88,7512208
2025-12-01,1055.88,1059.83,1051.59,1055.54,4741872
2025-12-02,1055.54,1063.08,1050.42,1057.96,5846021
2025-12-03,1057.96,1060.65,1051.91,1054.59,3540706
2025-12-04,1054.59,1055.44,1046.04,1046.88,1801234
2025-12-07,1046.88,1058.37,1040.63,1052.09,6973285
2025-12-08,1052.09,1068.08,1044.49,1060.43,8217352
2025-12-09,1060.43,1062.85,1054.00,1056.41,3286522
2025-12-10,1056.41,1063.22,1051.51,1058.31,5637585
2025-12-11,1058.31,1076.77,1049.98,1068.36,8875480
2025-12-14,1068.36,1072.13,1063.70,1067.47,4531069
2025-12-15,1067.47,1072.67,1063.02,1068.21,5172256
2025-12-16,1068.21,1086.74,1059.83,1078.28,8848422
2025-12-17,1078.28,1097.06,1069.79,1088.49,8868209
2025-12-18,1088.49,1107.61,1079.88,1098.91,8910631
2025-12-21,1098.91,1101.63,1092.53,1095.23,3469513
2025-12-22,1095.23,1098.11,1089.11,1091.98,3631275
2025-12-23,1091.98,1095.46,1086.71,1090.18,4186042
2025-12-24,1090.18,1093.53,1084.75,1088.09,4072085
2025-12-25,1088.09,1104.40,1080.31,1096.55,8153600
2025-12-28,1096.55,1098.01,1088.46,1089.91,2331824
2025-12-29,1089.91,1098.24,1084.48,1092.79,5989471
2025-12-30,1092.79,1093.63,1083.88,1084.71,1768518
2025-12-31,1084.71,1095.54,1078.55,1089.35,6681310
2026-01-01,1089.35,1093.22,1084.64,1088.51,4555006
2026-01-04,1088.51,1091.57,1082.69,1085.74,3809362
2026-01-05,1085.74,1089.62,1081.07,1084.94,4567832
2026-01-06,1084.94,1087.22,1078.09,1080.36,3102023
2026-01-07,1080.36,1081.02,1071.31,1071.97,1609465
2026-01-08,1071.97,1085.01,1065.19,1078.19,7324725
2026-01-11,1078.19,1082.68,1073.92,1078.40,4963854
2026-01-12,1078.40,1088.52,1072.47,1082.56,6502160
2026-01-13,1082.56,1083.95,1074.50,1075.89,2285322
2026-01-14,1075.89,1082.23,1071.07,1077.40,5473834
2026-01-15,1077.40,1085.02,1072.21,1079.81,5820781
2026-01-18,1079.81,1098.30,1071.41,1089.82,8782956
2026-01-19,1089.82,1105.45,1082.23,1097.81,7965294
2026-01-20,1097.81,1099.89,1090.57,1092.64,2898662
2026-01-21,1092.64,1101.58,1087.01,1095.94,6150960
2026-01-22,1095.94,1110.94,1088.52,1103.47,7771570
2026-01-25,1103.47,1103.54,1093.40,1093.48,1069135
2026-01-26,1093.48,1100.84,1088.31,1095.67,5722668
2026-01-27,1095.67,1112.35,1087.75,1104.37,8225994
2026-01-28,1104.37,1107.32,1098.25,1101.19,3665534
2026-01-29,1101.19,1103.21,1093.82,1095.83,2831412
2026-02-01,1095.83,1099.84,1091.25,1095.26,4661899
2026-02-02,1095.26,1103.75,1089.76,1098.23,6021193
2026-02-03,1098.23,1117.14,1089.65,1108.48,8810528
2026-02-04,1108.48,1126.07,1100.27,1117.78,8412620
2026-02-05,1117.78,1120.54,1111.29,1114.04,3469444
2026-02-08,1114.04,1116.26,1106.84,1109.05,2993347
2026-02-09,1109.05,1120.61,1102.60,1114.14,6811488
2026-02-10,1114.14,1127.76,1107.07,1120.65,7343621
2026-02-11,1120.65,1124.82,1116.05,1120.21,4713203
2026-02-12,1120.21,1122.67,1113.27,1115.72,3191838
2026-02-15,1115.72,1120.41,1111.28,1115.98,4977057
2026-02-16,1115.98,1116.31,1106.16,1106.50,1303429
2026-02-17,1106.50,1125.84,1097.77,1117.03,8887002
2026-02-18,1117.03,1132.05,1109.54,1124.52,7703086
2026-02-19,1124.52,1128.00,1118.95,1122.43,4097359
2026-02-22,1122.43,1124.93,1115.53,1118.03,3230315
2026-02-23,1118.03,1120.10,1110.59,1112.65,2855041
2026-02-24,1112.65,1130.36,1104.39,1122.03,8428326
2026-02-25,1122.03,1128.95,1116.92,1123.83,5555109
2026-02-26,1123.83,1124.69,1114.66,1115.52,1766255
2026-03-01,1115.52,1116.22,1106.21,1106.90,1629663
2026-03-02,1106.90,1109.33,1100.05,1102.47,3194718
2026-03-03,1102.47,1117.56,1095.01,1110.04,7770061
2026-03-04,1110.04,1112.30,1102.93,1105.18,3034705
2026-03-05,1105.18,1119.22,1098.01,1112.01,7482475
2026-03-08,1112.01,1128.84,1104.00,1120.78,8199794
2026-03-09,1120.78,1136.90,1112.96,1129.02,7976783
2026-03-10,1129.02,1136.73,1123.65,1131.36,5751714
2026-03-11,1131.36,1141.53,1125.26,1135.41,6388786
2026-03-12,1135.41,1138.58,1129.31,1132.47,3789231
2026-03-15,1132.47,1132.85,1122.56,1122.94,1335768
2026-03-16,1122.94,1130.30,1117.69,1125.04,5670370
2026-03-17,1125.04,1125.95,1115.93,1116.83,1805384
2026-03-18,1116.83,1123.76,1111.73,1118.65,5567969
2026-03-19,1118.65,1119.08,1108.93,1109.35,1377880
2026-03-22,1109.35,1115.45,1104.51,1110.61,5358573
2026-03-23,1110.61,1118.31,1105.30,1112.99,5781652
2026-03-24,1112.99,1117.27,1108.62,1112.89,4844650
2026-03-25,1112.89,1113.77,1103.84,1104.71,1782133
2026-03-26,1104.71,1110.60,1099.95,1105.84,5310150
2026-03-29,1105.84,1108.49,1099.31,1101.96,3404012
2026-03-30,1101.96,1103.51,1093.95,1095.49,2409396
2026-03-31,1095.49,1109.43,1088.39,1102.28,7486796
2026-04-01,1102.28,1119.68,1094.13,1111.46,8389300
2026-04-02,1111.46,1113.21,1103.63,1105.37,2573696
2026-04-05,1105.37,1120.03,1098.03,1112.63,7644924
2026-04-06,1112.63,1125.45,1105.81,1118.59,7133847
2026-04-07,1118.59,1125.69,1113.43,1120.52,5608367
2026-04-08,1120.52,1120.66,1110.38,1110.51,1117866
2026-04-09,1110.51,1112.70,1103.30,1105.48,2970987
2026-04-12,1105.48,1117.13,1099.01,1110.64,6846742
2026-04-13,1110.64,1123.83,1103.71,1116.86,7238957
2026-04-14,1116.86,1130.11,1109.90,1123.11,7234053
2026-04-15,1123.11,1123.81,1113.72,1114.42,1622153
2026-04-16,1114.42,1120.48,1109.58,1115.64,5341529
2026-04-19,1115.64,1128.95,1108.66,1121.94,7256378
2026-04-20,1121.94,1122.24,1112.01,1112.31,1267935
2026-04-21,1112.31,1123.71,1105.90,1117.27,6758916
2026-04-22,1117.27,1127.25,1111.27,1121.23,6371296
2026-04-23,1121.23,1121.36,1111.08,1111.21,1117421
2026-04-26,1111.21,1122.85,1104.74,1116.34,6824451
2026-04-27,1116.34,1132.15,1108.63,1124.38,7912139
2026-04-28,1124.38,1128.32,1119.44,1123.38,4503943
2026-04-29,1123.38,1142.95,1114.54,1134.03,8871467
2026-04-30,1134.03,1147.39,1126.98,1140.31,7212242
2026-05-03,1140.31,1152.00,1133.74,1145.40,6760836
2026-05-04,1145.40,1162.88,1137.12,1154.53,8233299
2026-05-05,1154.53,1169.67,1146.90,1162.00,7604938
2026-05-06,1162.00,1164.58,1154.85,1157.42,3221433
2026-05-07,1157.42,1175.12,1149.04,1166.66,8243278
2026-05-10,1166.66,1170.66,1161.41,1165.40,4423559
2026-05-11,1165.40,1171.26,1160.48,1166.34,5219067
2026-05-12,1166.34,1170.11,1160.78,1164.55,4234739
2026-05-13,1164.55,1164.55,1153.82,1153.82,1001440
2026-05-14,1153.82,1170.85,1145.65,1162.61,8087071
2026-05-17,1162.61,1177.61,1155.01,1169.96,7541015
2026-05-18,1169.96,1189.55,1160.98,1180.50,8671913
2026-05-19,1180.50,1194.20,1173.23,1186.89,7158779
2026-05-20,1186.89,1193.96,1181.55,1188.62,5495438
2026-05-21,1188.62,1200.84,1181.76,1193.95,6768312
2026-05-24,1193.95,1202.17,1188.26,1196.47,5767524
2026-05-25,1196.47,1196.98,1186.16,1186.67,1431344
2026-05-26,1186.67,1198.28,1179.99,1191.58,6623971
2026-05-27,1191.58,1205.77,1184.14,1198.28,7246639
2026-05-28,1198.28,1210.25,1191.47,1203.41,6682064
2026-05-31,1203.41,1206.50,1196.59,1199.67,3572222
2026-06-01,1199.67,1212.66,1192.56,1205.51,6929458
2026-06-02,1205.51,1225.33,1196.37,1216.11,8580932
2026-06-03,1216.11,1237.61,1206.44,1227.85,8946399
2026-06-04,1227.85,1246.23,1219.07,1237.39,8149314
2026-06-07,1237.39,1239.19,1228.48,1230.28,2461282
2026-06-08,1230.28,1231.61,1220.78,1222.10,2079835
2026-06-09,1222.10,1232.47,1215.69,1226.04,6239540
2026-06-10,1226.04,1242.34,1217.88,1234.13,7656447
2026-06-11,1234.13,1235.74,1224.98,1226.58,2305864
2026-06-14,1226.58,1230.92,1221.24,1225.57,4533470
2026-06-15,1225.57,1228.64,1218.50,1221.55,3499759
2026-06-16,1221.55,1226.62,1216.72,1221.78,4957818
2026-06-17,1221.78,1232.66,1215.23,1226.09,6364437
2026-06-18,1226.09,1226.49,1215.34,1215.73,1324554
2026-06-21,1215.73,1222.46,1210.42,1217.15,5369032
2026-06-22,1217.15,1230.89,1209.76,1223.46,7065775
2026-06-23,1223.46,1227.70,1218.02,1222.26,4464163
2026-06-24,1222.26,1235.25,1215.08,1228.04,6872839
2026-06-25,1228.04,1229.23,1218.37,1219.56,1970816
2026-06-28,1219.56,1238.24,1210.71,1229.32,8251920
2026-06-29,1229.32,1234.00,1224.42,1229.10,4802572
2026-06-30,1229.10,1230.83,1220.17,1221.89,2412894
2026-07-01,1221.89,1239.65,1213.32,1231.01,8021159
2026-07-02,1231.01,1232.85,1222.20,1224.03,2491563
2026-07-05,1224.03,1227.36,1217.34,1220.67,3725342
2026-07-06,1220.67,1234.61,1213.22,1227.12,7105212
2026-07-07,1227.12,1229.91,1219.66,1222.44,3273148
2026-07-08,1222.44,1222.73,1211.58,1211.88,1241495
2026-07-09,1211.88,1232.85,1202.38,1223.27,8837414
2026-07-12,1223.27,1225.08,1214.49,1216.29,2480658
2026-07-13,1216.29,1226.84,1209.85,1220.38,6294684
2026-07-14,1220.38,1240.32,1211.17,1231.02,8551097
2026-07-15,1231.02,1234.03,1223.83,1226.83,3447427
2026-07-16,1226.83,1237.15,1220.43,1230.73,6218244
2026-07-19,1230.73,1231.45,1220.38,1221.09,1579595
2026-07-20,1221.09,1221.70,1210.69,1211.30,1506790
2026-07-21,1211.30,1215.36,1205.72,1209.77,4345507
2026-07-22,1209.77,1224.20,1202.20,1216.59,7256241
2026-07-23,1216.59,1234.15,1208.09,1225.58,7992078
2026-07-26,1225.58,1229.27,1219.37,1223.05,4009807
2026-07-27,1223.05,1227.94,1218.26,1223.15,4914368
2026-07-28,1223.15,1224.66,1213.97,1215.47,2236625
2026-07-29,1215.47,1235.30,1206.30,1226.05,8544478
2026-07-30,1226.05,1234.99,1220.06,1228.98,5887311