Date,Open,High,Low,Close,Volume
2015-12-31,5.00,5.00,4.92,4.92,1422976
2016-01-03,4.92,5.05,4.89,5.01,8796673
2016-01-04,5.01,5.10,4.98,5.07,7551028
2016-01-05,5.07,5.11,5.04,5.09,5809499
2016-01-06,5.09,5.19,5.05,5.15,7843689
2016-01-07,5.15,5.26,5.12,5.22,7851131
2016-01-10,5.22,5.25,5.20,5.23,5066392
2016-01-11,5.23,5.34,5.19,5.30,8205521
2016-01-12,5.30,5.33,5.28,5.31,5243827
2016-01-13,5.31,5.32,5.25,5.25,2526989
2016-01-14,5.25,5.28,5.23,5.26,5215500
2016-01-17,5.26,5.27,5.21,5.22,3062448
2016-01-18,5.22,5.22,5.14,5.14,1524622
2016-01-19,5.14,5.15,5.08,5.08,2206961
2016-01-20,5.08,5.10,5.06,5.08,4640329
2016-01-21,5.08,5.11,5.06,5.09,5392626
2016-01-24,5.09,5.10,5.03,5.04,2513237
2016-01-25,5.04,5.07,5.02,5.05,5310802
2016-01-26,5.05,5.05,4.97,4.97,1464334
2016-01-27,4.97,4.97,4.89,4.90,1467661
2016-01-28,4.90,5.01,4.86,4.97,8407201
2016-01-31,4.97,4.97,4.89,4.89,1073079
2016-02-01,4.89,4.90,4.83,4.84,2403566
2016-02-02,4.84,4.84,4.76,4.76,1262860
2016-02-03,4.76,4.85,4.73,4.82,7552194
2016-02-04,4.82,4.93,4.78,4.90,8654286
2016-02-07,4.90,4.91,4.85,4.86,3211111
2016-02-08,4.86,4.97,4.82,4.93,8235013
2016-02-09,4.93,5.02,4.90,4.99,7553155
2016-02-10,4.99,4.99,4.91,4.92,1585288
2016-02-11,4.92,4.98,4.89,4.95,6454869
2016-02-14,4.95,4.96,4.89,4.90,2433504
2016-02-15,4.90,4.99,4.86,4.96,7718724
2016-02-16,4.96,5.00,4.94,4.97,5545096
2016-02-17,4.97,4.99,4.95,4.97,4628669
2016-02-18,4.97,5.10,4.93,5.06,8944753
2016-02-21,5.06,5.18,5.02,5.14,8839026
2016-02-22,5.14,5.15,5.06,5.07,1471982
2016-02-23,5.07,5.19,5.03,5.15,8596707
2016-02-24,5.15,5.16,5.11,5.12,3669993
2016-02-25,5.12,5.14,5.09,5.11,4296776
2016-02-28,5.11,5.11,5.04,5.04,2007921
2016-02-29,5.04,5.05,4.97,4.97,1371330
2016-03-01,4.97,5.08,4.93,5.04,8436385
2016-03-02,5.04,5.16,5.01,5.12,8511728
2016-03-03,5.12,5.16,5.10,5.13,5276371
2016-03-06,5.13,5.13,5.05,5.05,1224142
2016-03-07,5.05,5.14,5.02,5.11,7441460
2016-03-08,5.11,5.12,5.05,5.06,2718449
2016-03-09,5.06,5.06,4.99,5.00,1993381
2016-03-10,5.00,5.00,4.93,4.94,2130452
2016-03-13,4.94,4.96,4.92,4.94,5030898
2016-03-14,4.94,4.99,4.91,4.96,6077434
2016-03-15,4.96,4.98,4.93,4.94,3912037
2016-03-16,4.94,5.03,4.91,5.00,7547050
2016-03-17,5.00,5.13,4.96,5.09,8809636
2016-03-20,5.09,5.20,5.05,5.16,8119547
2016-03-21,5.16,5.20,5.14,5.18,5600240
2016-03-22,5.18,5.21,5.15,5.19,5523319
2016-03-23,5.19,5.20,5.12,5.13,2086316
2016-03-24,5.13,5.13,5.07,5.07,2523799
2016-03-27,5.07,5.17,5.04,5.13,7551817
2016-03-28,5.13,5.16,5.11,5.14,5145679
2016-03-29,5.14,5.14,5.06,5.07,1651063
2016-03-30,5.07,5.07,5.00,5.01,2228463
2016-03-31,5.01,5.03,4.98,5.00,4630967
2016-04-03,5.00,5.06,4.98,5.03,6315363
2016-04-04,5.03,5.16,4.99,5.12,8886591
2016-04-05,5.12,5.14,5.09,5.10,3875514
2016-04-06,5.10,5.11,5.06,5.08,3850034
2016-04-07,5.08,5.15,5.05,5.12,6859533
2016-04-10,5.12,5.18,5.09,5.15,6212654
2016-04-11,5.15,5.19,5.13,5.17,5588408
2016-04-12,5.17,5.26,5.13,5.23,7480624
2016-04-13,5.23,5.30,5.19,5.27,6975720
2016-04-14,5.27,5.35,5.24,5.32,6863820
2016-04-17,5.32,5.37,5.29,5.35,6083196
2016-04-18,5.35,5.35,5.27,5.27,1498045
2016-04-19,5.27,5.28,5.21,5.22,3009602
2016-04-20,5.22,5.28,5.20,5.25,6000582
2016-04-21,5.25,5.25,5.16,5.16,1112962
2016-04-24,5.16,5.20,5.14,5.17,5359087
2016-04-25,5.17,5.18,5.11,5.12,2566117
2016-04-26,5.12,5.12,5.04,5.04,1153806
2016-04-27,5.04,5.04,4.96,4.96,1245610
2016-04-28,4.96,5.04,4.93,5.01,7113134
2016-05-01,5.01,5.03,4.99,5.01,4953909
2016-05-02,5.01,5.01,4.94,4.95,2002503
2016-05-03,4.95,5.02,4.92,4.99,6974965
2016-05-04,4.99,5.09,4.96,5.06,7846604
2016-05-05,5.06,5.07,5.00,5.01,2963100
2016-05-08,5.01,5.05,4.99,5.03,5484945
2016-05-09,5.03,5.05,5.01,5.03,5165226
2016-05-10,5.03,5.12,5.00,5.09,7460733
2016-05-11,5.09,5.14,5.06,5.11,5976406
2016-05-12,5.11,5.23,5.08,5.19,8243106
2016-05-15,5.19,5.20,5.13,5.14,2828737
2016-05-16,5.14,5.16,5.10,5.12,3782681
2016-05-17,5.12,5.14,5.09,5.11,4413580
2016-05-18,5.11,5.22,5.07,5.19,8400445
2016-05-19,5.19,5.19,5.12,5.13,2237105
2016-05-22,5.13,5.15,5.11,5.13,5009979
2016-05-23,5.13,5.14,5.09,5.10,3509190
2016-05-24,5.10,5.12,5.08,5.09,4673010
2016-05-25,5.09,5.13,5.07,5.10,5365637
2016-05-26,5.10,5.20,5.07,5.16,7488305
2016-05-29,5.16,5.23,5.14,5.20,6423731
2016-05-30,5.20,5.33,5.16,5.29,8813888
2016-05-31,5.29,5.39,5.25,5.35,7671124
2016-06-01,5.35,5.36,5.29,5.30,2822599
2016-06-02,5.30,5.31,5.24,5.25,2688065
2016-06-05,5.25,5.34,5.22,5.31,7390980
2016-06-06,5.31,5.34,5.29,5.32,5202949
2016-06-07,5.32,5.38,5.29,5.35,6321502
2016-06-08,5.35,5.36,5.28,5.28,1981207
2016-06-09,5.28,5.42,5.24,5.38,8898113
2016-06-12,5.38,5.46,5.34,5.43,7047530
2016-06-13,5.43,5.44,5.37,5.38,2775137
2016-06-14,5.38,5.38,5.29,5.29,1241426
2016-06-15,5.29,5.41,5.25,5.37,8199485
2016-06-16,5.37,5.40,5.35,5.37,5106104
2016-06-19,5.37,5.38,5.29,5.30,1566220
2016-06-20,5.30,5.32,5.27,5.30,5110699
2016-06-21,5.30,5.32,5.27,5.29,4307441
2016-06-22,5.29,5.32,5.27,5.30,5205829
2016-06-23,5.30,5.30,5.21,5.21,1114506
2016-06-26,5.21,5.22,5.17,5.18,3712482
2016-06-27,5.18,5.28,5.15,5.24,7493587
2016-06-28,5.24,5.34,5.21,5.30,7544238
2016-06-29,5.30,5.37,5.27,5.34,6654561
2016-06-30,5.34,5.36,5.30,5.32,3762825
2016-07-03,5.32,5.33,5.28,5.29,3733230
2016-07-04,5.29,5.41,5.25,5.37,8467009
2016-07-05,5.37,5.41,5.35,5.38,5346879
2016-07-06,5.38,5.38,5.29,5.29,1014814
2016-07-07,5.29,5.31,5.27,5.28,4483161
2016-07-10,5.28,5.38,5.25,5.35,7579080
2016-07-11,5.35,5.36,5.29,5.30,2722325
2016-07-12,5.30,5.35,5.27,5.32,6036351
2016-07-13,5.32,5.37,5.30,5.34,5792764
2016-07-14,5.34,5.36,5.31,5.33,4189094
2016-07-17,5.33,5.45,5.29,5.41,8459910
2016-07-18,5.41,5.42,5.36,5.37,3321262
2016-07-19,5.37,5.51,5.33,5.47,8748456
2016-07-20,5.47,5.55,5.43,5.52,7087174
2016-07-21,5.52,5.53,5.47,5.49,3497908
2016-07-24,5.49,5.50,5.44,5.46,3733744
2016-07-25,5.46,5.49,5.43,5.47,5251474
2016-07-26,5.47,5.47,5.39,5.39,1656035
2016-07-27,5.39,5.52,5.35,5.47,8478292
2016-07-28,5.47,5.54,5.45,5.51,6286145
2016-07-31,5.51,5.51,5.42,5.42,1128978
2016-08-01,5.42,5.42,5.35,5.36,2315432
2016-08-02,5.36,5.40,5.33,5.37,5524519
2016-08-03,5.37,5.40,5.35,5.38,5250068
2016-08-04,5.38,5.40,5.35,5.37,4578497
2016-08-07,5.37,5.44,5.35,5.41,6299931
2016-08-08,5.41,5.41,5.32,5.32,1352640
2016-08-09,5.32,5.33,5.26,5.27,2600823
2016-08-10,5.27,5.29,5.23,5.25,3945713
2016-08-11,5.25,5.38,5.21,5.34,8770027
2016-08-14,5.34,5.44,5.30,5.40,7715740
2016-08-15,5.40,5.41,5.33,5.33,1795198
2016-08-16,5.33,5.41,5.30,5.38,6835562
2016-08-17,5.38,5.47,5.34,5.43,7256584
2016-08-18,5.43,5.44,5.38,5.39,3181721
2016-08-21,5.39,5.47,5.36,5.44,6882578
2016-08-22,5.44,5.46,5.41,5.43,4556687
2016-08-23,5.43,5.45,5.38,5.40,3438614
2016-08-24,5.40,5.42,5.37,5.38,4244410
2016-08-25,5.38,5.39,5.33,5.34,2949382
2016-08-28,5.34,5.39,5.31,5.36,5899211
2016-08-29,5.36,5.37,5.29,5.30,2254389
2016-08-30,5.30,5.35,5.27,5.32,5768004
2016-08-31,5.32,5.37,5.29,5.34,5896844
2016-09-01,5.34,5.36,5.31,5.33,4245850
2016-09-04,5.33,5.45,5.29,5.41,8345884
2016-09-05,5.41,5.49,5.38,5.45,6764849
2016-09-06,5.45,5.50,5.43,5.47,5552126
2016-09-07,5.47,5.53,5.44,5.50,6016358
2016-09-08,5.50,5.51,5.46,5.47,3836556
2016-09-11,5.47,5.48,5.39,5.39,1506550
2016-09-12,5.39,5.40,5.32,5.33,2112757
2016-09-13,5.33,5.45,5.29,5.41,8445301
2016-09-14,5.41,5.42,5.36,5.38,3442455
2016-09-15,5.38,5.49,5.34,5.45,7968415
2016-09-18,5.45,5.56,5.41,5.52,7924417
2016-09-19,5.52,5.60,5.49,5.56,6693175
2016-09-20,5.56,5.58,5.51,5.52,2916666
2016-09-21,5.52,5.56,5.49,5.53,5607235
2016-09-22,5.53,5.61,5.50,5.58,6592043
2016-09-25,5.58,5.64,5.55,5.61,6290843
2016-09-26,5.61,5.63,5.59,5.61,4827091
2016-09-27,5.61,5.68,5.58,5.65,6472393
2016-09-28,5.65,5.69,5.62,5.66,5424279
2016-09-29,5.66,5.81,5.62,5.76,8917318
2016-10-02,5.76,5.77,5.68,5.68,1667558
2016-10-03,5.68,5.70,5.64,5.65,3650308
2016-10-04,5.65,5.68,5.63,5.66,5211248
2016-10-05,5.66,5.67,5.61,5.62,3510871
2016-10-06,5.62,5.64,5.59,5.61,4302263
2016-10-09,5.61,5.64,5.59,5.61,5042215
2016-10-10,5.61,5.71,5.58,5.67,7335665
2016-10-11,5.67,5.68,5.61,5.62,2713477
2016-10-12,5.62,5.64,5.58,5.59,3743552
2016-10-13,5.59,5.72,5.55,5.68,8475274
2016-10-16,5.68,5.69,5.61,5.61,2217283
2016-10-17,5.61,5.64,5.59,5.61,4648593
2016-10-18,5.61,5.62,5.54,5.54,2263031
2016-10-19,5.54,5.60,5.52,5.58,6147016
2016-10-20,5.58,5.59,5.52,5.53,3090672
2016-10-23,5.53,5.65,5.49,5.61,8032270
2016-10-24,5.61,5.61,5.53,5.53,1836008
2016-10-25,5.53,5.54,5.47,5.47,2403120
2016-10-26,5.47,5.50,5.45,5.48,5116323
2016-10-27,5.48,5.61,5.44,5.57,8617592
2016-10-30,5.57,5.62,5.54,5.59,5919272
2016-10-31,5.59,5.62,5.57,5.59,4848525
2016-11-01,5.59,5.64,5.57,5.62,5825102
2016-11-02,5.62,5.76,5.57,5.72,8972462
2016-11-03,5.72,5.73,5.65,5.66,2562208
2016-11-06,5.66,5.68,5.64,5.66,4791872
2016-11-07,5.66,5.74,5.62,5.71,6896021
2016-11-08,5.71,5.71,5.62,5.62,1590706
2016-11-09,5.62,5.77,5.58,5.72,8851234
2016-11-10,5.72,5.73,5.66,5.68,3023285
2016-11-13,5.68,5.71,5.65,5.69,5267352
2016-11-14,5.69,5.72,5.66,5.70,5336522
2016-11-15,5.70,5.84,5.65,5.79,8687585
2016-11-16,5.79,5.94,5.75,5.89,8925480
2016-11-17,5.89,5.94,5.87,5.91,5581069
2016-11-20,5.91,5.93,5.86,5.87,3222256
2016-11-21,5.87,5.99,5.83,5.95,7898422
2016-11-22,5.95,5.97,5.92,5.95,4918209
2016-11-23,5.95,6.01,5.92,5.98,5960631
2016-11-24,5.98,6.02,5.95,5.99,5519513
2016-11-27,5.99,6.07,5.96,6.04,6681275
2016-11-28,6.04,6.06,6.00,6.02,4236042
2016-11-29,6.02,6.05,6.00,6.03,5122085
2016-11-30,6.03,6.10,6.00,6.06,6203600
2016-12-01,6.06,6.07,5.97,5.97,1381824
2016-12-04,5.97,5.98,5.89,5.90,2039471
2016-12-05,5.90,5.98,5.86,5.95,6818518
2016-12-06,5.95,6.09,5.90,6.05,8731310
2016-12-07,6.05,6.16,6.01,6.12,7605006
2016-12-08,6.12,6.14,6.07,6.09,3859362
2016-12-11,6.09,6.14,6.06,6.11,5617832
2016-12-12,6.11,6.11,6.01,6.01,1152023
2016-12-13,6.01,6.16,5.97,6.11,8659465
2016-12-14,6.11,6.13,6.06,6.07,3374725
2016-12-15,6.07,6.08,5.99,6.00,2013854
2016-12-18,6.00,6.14,5.95,6.09,8552160
2016-12-19,6.09,6.13,6.07,6.10,5335322
2016-12-20,6.10,6.15,6.08,6.12,5523834
2016-12-21,6.12,6.21,6.08,6.17,6870781
2016-12-22,6.17,6.26,6.14,6.23,6832956
2016-12-25,6.23,6.32,6.19,6.29,7015294
2016-12-26,6.29,6.38,6.25,6.34,6948662
2016-12-27,6.34,6.36,6.28,6.30,3200960
2016-12-28,6.30,6.30,6.21,6.21,1821570
2016-12-29,6.21,6.23,6.17,6.19,4119135
2017-01-01,6.19,6.24,6.16,6.21,5772668
2017-01-02,6.21,6.22,6.11,6.12,1275994
2017-01-03,6.12,6.12,6.03,6.03,1715534
2017-01-04,6.03,6.04,5.95,5.95,1881412
2017-01-05,5.95,6.10,5.91,6.05,8711899
2017-01-08,6.05,6.07,5.99,6.00,3071193
2017-01-09,6.00,6.02,5.94,5.95,2860528
2017-01-10,5.95,5.97,5.90,5.91,3462620
2017-01-11,5.91,5.93,5.86,5.88,3519444
2017-01-12,5.88,5.90,5.84,5.86,4043347
2017-01-15,5.86,5.88,5.83,5.86,4861488
2017-01-16,5.86,5.93,5.83,5.90,6393621
2017-01-17,5.90,6.04,5.85,6.00,8763203
2017-01-18,6.00,6.13,5.95,6.08,8241838
2017-01-19,6.08,6.18,6.05,6.14,7027057
2017-01-22,6.14,6.16,6.11,6.13,4353429
2017-01-23,6.13,6.29,6.08,6.24,8937002
2017-01-24,6.24,6.39,6.19,6.34,8753086
2017-01-25,6.34,6.35,6.26,6.27,2147359
2017-01-26,6.27,6.27,6.19,6.20,2280315
2017-01-29,6.20,6.29,6.16,6.25,6905041
2017-01-30,6.25,6.29,6.22,6.27,5478326
2017-01-31,6.27,6.38,6.22,6.34,7605109
2017-02-01,6.34,6.37,6.32,6.34,4816255
2017-02-02,6.34,6.34,6.25,6.25,1679663
2017-02-05,6.25,6.27,6.21,6.23,4244718
2017-02-06,6.23,6.29,6.20,6.26,5820061
2017-02-07,6.26,6.27,6.18,6.18,2084705
2017-02-08,6.18,6.20,6.13,6.15,3532475
2017-02-09,6.15,6.18,6.12,6.16,5249794
2017-02-12,6.16,6.16,6.07,6.08,2026783
2017-02-13,6.08,6.23,6.03,6.18,8801714
2017-02-14,6.18,6.26,6.15,6.23,6438786
2017-02-15,6.23,6.25,6.20,6.22,4839231
2017-02-16,6.22,6.33,6.18,6.29,7385768
2017-02-19,6.29,6.32,6.26,6.29,4720370
2017-02-20,6.29,6.35,6.26,6.31,5855384
2017-02-21,6.31,6.33,6.24,6.25,2617969
2017-02-22,6.25,6.27,6.20,6.21,3427880
2017-02-23,6.21,6.36,6.17,6.31,8408573
2017-02-26,6.31,6.37,6.28,6.33,5831652
2017-02-27,6.33,6.39,6.30,6.36,5894650
2017-02-28,6.36,6.49,6.32,6.45,7832133
2017-03-01,6.45,6.47,6.41,6.43,4360150
2017-03-02,6.43,6.54,6.39,6.50,7454012
2017-03-05,6.50,6.62,6.46,6.58,7459396
2017-03-06,6.58,6.58,6.48,6.48,1536796
2017-03-07,6.48,6.50,6.42,6.44,3439300
2017-03-08,6.44,6.45,6.37,6.38,2623696
2017-03-09,6.38,6.53,6.33,6.48,8694924
2017-03-12,6.48,6.52,6.45,6.49,5183847
2017-03-13,6.49,6.51,6.46,6.48,4658367
2017-03-14,6.48,6.52,6.46,6.49,5167866
2017-03-15,6.49,6.63,6.45,6.58,8020987
2017-03-16,6.58,6.75,6.53,6.70,8896742
2017-03-19,6.70,6.71,6.61,6.62,2288957
2017-03-20,6.62,6.73,6.58,6.69,7284053
2017-03-21,6.69,6.70,6.62,6.63,2672153
2017-03-22,6.63,6.64,6.57,6.58,3391529
2017-03-23,6.58,6.66,6.55,6.62,6306378
2017-03-26,6.62,6.67,6.60,6.64,5317935
2017-03-27,6.64,6.66,6.59,6.61,3808916
2017-03-28,6.61,6.76,6.56,6.71,8421296
2017-03-29,6.71,6.73,6.67,6.69,4167421
2017-03-30,6.69,6.79,6.65,6.75,6874451
2017-04-02,6.75,6.92,6.69,6.87,8962139
2017-04-03,6.87,6.88,6.79,6.80,2553943
2017-04-04,6.80,6.93,6.75,6.89,7921467
2017-04-05,6.89,6.90,6.82,6.84,3262242
2017-04-06,6.84,6.86,6.79,6.81,3810836
2017-04-09,6.81,6.81,6.72,6.73,2283299
2017-04-10,6.73,6.74,6.65,6.66,2654938
2017-04-11,6.66,6.68,6.60,6.62,3271433
2017-04-12,6.62,6.62,6.51,6.51,1293278
2017-04-13,6.51,6.52,6.43,6.44,2473559
2017-04-16,6.44,6.47,6.41,6.43,4269067
2017-04-17,6.43,6.57,6.38,6.52,8284739
2017-04-18,6.52,6.59,6.49,6.56,6051440
2017-04-19,6.56,6.56,6.47,6.48,2137071
2017-04-20,6.48,6.49,6.40,6.41,2591015
2017-04-23,6.41,6.57,6.36,6.52,8721913
2017-04-24,6.52,6.66,6.47,6.62,8208779
2017-04-25,6.62,6.63,6.56,6.58,3545438
2017-04-26,6.58,6.64,6.54,6.60,5818312
2017-04-27,6.60,6.61,6.51,6.52,1817524
2017-04-30,6.52,6.60,6.48,6.56,6481344
2017-05-01,6.56,6.72,6.51,6.67,8673971
2017-05-02,6.67,6.68,6.59,6.59,2296639
2017-05-03,6.59,6.69,6.56,6.65,6732064
2017-05-04,6.65,6.67,6.62,6.64,4622222
2017-05-07,6.64,6.67,6.61,6.64,4979458
2017-05-08,6.64,6.77,6.60,6.72,7630932
2017-05-09,6.72,6.75,6.70,6.73,4996399
2017-05-10,6.73,6.76,6.70,6.74,5199314
2017-05-11,6.74,6.76,6.70,6.72,4511282
2017-05-14,6.72,6.76,6.70,6.73,5129835
2017-05-15,6.73,6.81,6.70,6.77,6289540
2017-05-16,6.77,6.94,6.72,6.89,8706447
2017-05-17,6.89,7.04,6.84,6.99,8355864
2017-05-18,6.99,7.01,6.93,6.95,3583470
2017-05-21,6.95,7.08,6.91,7.03,7549759
2017-05-22,7.03,7.04,6.94,6.95,2007818
2017-05-23,6.95,7.10,6.89,7.05,8414437
2017-05-24,7.05,7.08,7.01,7.04,4374554
2017-05-25,7.04,7.08,7.01,7.05,5419032
2017-05-28,7.05,7.20,7.00,7.15,8115775
2017-05-29,7.15,7.16,7.07,7.08,2514163
2017-05-30,7.08,7.15,7.04,7.11,5922839
2017-05-31,7.11,7.18,7.08,7.15,6020816
2017-06-01,7.15,7.19,7.12,7.16,5301920
2017-06-04,7.16,7.26,7.12,7.22,6852572
2017-06-05,7.22,7.27,7.19,7.24,5462894
2017-06-06,7.24,7.39,7.19,7.34,8071159
2017-06-07,7.34,7.36,7.28,7.30,3541563
2017-06-08,7.30,7.30,7.19,7.20,1775342
2017-06-11,7.20,7.28,7.16,7.24,6155212
2017-06-12,7.24,7.36,7.19,7.32,7323148
2017-06-13,7.32,7.40,7.28,7.36,6291495
2017-06-14,7.36,7.38,7.28,7.30,2887414
2017-06-15,7.30,7.35,7.26,7.32,5530658
2017-06-18,7.32,7.41,7.28,7.37,6344684
2017-06-19,7.37,7.37,7.26,7.26,1601097
2017-06-20,7.26,7.26,7.15,7.15,1497427
2017-06-21,7.15,7.20,7.12,7.16,5268244
2017-06-22,7.16,7.22,7.13,7.19,5629595
2017-06-25,7.19,7.28,7.15,7.24,6556790
2017-06-26,7.24,7.33,7.20,7.29,6395507
2017-06-27,7.29,7.30,7.20,7.21,2306241
2017-06-28,7.21,7.36,7.16,7.31,8042078
2017-06-29,7.31,7.34,7.28,7.31,5059807
2017-07-02,7.31,7.33,7.24,7.25,2964368
2017-07-03,7.25,7.25,7.14,7.14,1286625
2017-07-04,7.14,7.16,7.10,7.13,4594478
2017-07-05,7.13,7.14,7.05,7.07,2937311
2017-07-06,7.07,7.12,7.03,7.09,5623765
2017-07-09,7.09,7.25,7.04,7.20,8332853
2017-07-10,7.20,7.25,7.16,7.22,5558401
2017-07-11,7.22,7.38,7.17,7.33,8386831
2017-07-12,7.33,7.35,7.27,7.29,3608264
2017-07-13,7.29,7.37,7.25,7.33,6160973
2017-07-16,7.33,7.36,7.30,7.33,4909156
2017-07-17,7.33,7.34,7.23,7.23,1754046
2017-07-18,7.23,7.38,7.18,7.33,8078360
2017-07-19,7.33,7.43,7.29,7.38,6524074
2017-07-20,7.38,7.46,7.35,7.42,6103532
2017-07-23,7.42,7.52,7.38,7.48,6643895
2017-07-24,7.48,7.66,7.42,7.60,8564917
2017-07-25,7.60,7.62,7.55,7.57,3990054
2017-07-26,7.57,7.61,7.54,7.58,5190912
2017-07-27,7.58,7.67,7.54,7.63,6365020
2017-07-30,7.63,7.74,7.59,7.69,6746947
2017-07-31,7.69,7.81,7.65,7.77,7052743
2017-08-01,7.77,7.78,7.69,7.71,3257716
2017-08-02,7.71,7.72,7.60,7.61,1707544
2017-08-03,7.61,7.74,7.56,7.69,7562722
2017-08-06,7.69,7.71,7.60,7.62,2576337
2017-08-07,7.62,7.78,7.56,7.73,8205178
2017-08-08,7.73,7.74,7.62,7.63,2054183
2017-08-09,7.63,7.78,7.58,7.72,7654218
2017-08-10,7.72,7.78,7.69,7.75,5573182
2017-08-13,7.75,7.75,7.64,7.65,1860459
2017-08-14,7.65,7.71,7.61,7.68,5824691
2017-08-15,7.68,7.72,7.65,7.69,5144890
2017-08-16,7.69,7.70,7.59,7.60,2314883
2017-08-17,7.60,7.78,7.54,7.72,8421090
2017-08-20,7.72,7.73,7.62,7.63,2253635
2017-08-21,7.63,7.74,7.59,7.69,6750788
2017-08-22,7.69,7.71,7.61,7.62,2776748
2017-08-23,7.62,7.79,7.57,7.73,8232750
2017-08-24,7.73,7.74,7.64,7.65,2501508
2017-08-27,7.65,7.82,7.60,7.76,8225000
2017-08-28,7.76,7.78,7.67,7.68,2415569
2017-08-29,7.68,7.88,7.62,7.82,8900377
2017-08-30,7.82,7.84,7.76,7.79,4099176
2017-08-31,7.79,7.81,7.74,7.76,4135425
2017-09-03,7.76,7.81,7.73,7.78,5280727
2017-09-04,7.78,7.78,7.66,7.67,1732613
2017-09-05,7.67,7.86,7.61,7.80,8725651
2017-09-06,7.80,7.81,7.72,7.73,2975891
2017-09-07,7.73,7.76,7.69,7.72,4458641
2017-09-10,7.72,7.74,7.65,7.67,3519581
2017-09-11,7.67,7.72,7.64,7.69,5319204
2017-09-12,7.69,7.83,7.64,7.78,7610596
2017-09-13,7.78,7.94,7.73,7.88,7850548
2017-09-14,7.88,8.03,7.83,7.98,7643998
2017-09-17,7.98,8.08,7.93,8.03,6521810
2017-09-18,8.03,8.03,7.90,7.90,1051886
2017-09-19,7.90,7.95,7.87,7.91,5283607
2017-09-20,7.91,7.94,7.87,7.90,4525617
2017-09-21,7.90,7.91,7.81,7.82,2456927
2017-09-24,7.82,7.82,7.70,7.70,1571364
2017-09-25,7.70,7.74,7.67,7.71,4955349
2017-09-26,7.71,7.84,7.66,7.79,7399005
2017-09-27,7.79,7.95,7.74,7.89,7840603
2017-09-28,7.89,7.91,7.82,7.83,3144341
2017-10-01,7.83,7.85,7.76,7.78,3211454
2017-10-02,7.78,7.79,7.71,7.73,3424657
2017-10-03,7.73,7.74,7.63,7.64,2425925
2017-10-04,7.64,7.64,7.52,7.52,1227606
2017-10-05,7.52,7.66,7.47,7.61,7656858
2017-10-08,7.61,7.69,7.57,7.65,6133436
2017-10-09,7.65,7.68,7.62,7.65,4780795
2017-10-10,7.65,7.80,7.60,7.75,7870541
2017-10-11,7.75,7.76,7.64,7.64,1600205
2017-10-12,7.64,7.64,7.52,7.52,1204355
2017-10-15,7.52,7.65,7.47,7.60,7399039
2017-10-16,7.60,7.76,7.55,7.71,8159567
2017-10-17,7.71,7.72,7.60,7.61,1831618
2017-10-18,7.61,7.61,7.49,7.50,1575685
2017-10-19,7.50,7.54,7.46,7.50,5144855
2017-10-22,7.50,7.51,7.40,7.41,1995919
2017-10-23,7.41,7.42,7.30,7.31,1733813
2017-10-24,7.31,7.33,7.26,7.28,3889403
2017-10-25,7.28,7.31,7.25,7.28,5030589
2017-10-26,7.28,7.30,7.21,7.23,3206755
2017-10-29,7.23,7.37,7.18,7.32,7726543
2017-10-30,7.32,7.40,7.28,7.36,6268964
2017-10-31,7.36,7.36,7.25,7.25,1327846
2017-11-01,7.25,7.27,7.20,7.22,3989609
2017-11-02,7.22,7.22,7.10,7.10,1044375
2017-11-05,7.10,7.22,7.05,7.18,7430418
2017-11-06,7.18,7.20,7.13,7.15,4011934
2017-11-07,7.15,7.33,7.10,7.27,8690157
2017-11-08,7.27,7.45,7.21,7.40,8847805
2017-11-09,7.40,7.41,7.32,7.34,3126851
2017-11-12,7.34,7.51,7.28,7.46,8539643
2017-11-13,7.46,7.65,7.40,7.59,8913340
2017-11-14,7.59,7.62,7.55,7.58,4667695
2017-11-15,7.58,7.60,7.53,7.55,3926165
2017-11-16,7.55,7.56,7.47,7.49,2960356
2017-11-19,7.49,7.51,7.43,7.46,3967798
2017-11-20,7.46,7.54,7.42,7.50,6183058
2017-11-21,7.50,7.51,7.41,7.41,2322187
2017-11-22,7.41,7.44,7.37,7.40,4360493
2017-11-23,7.40,7.41,7.31,7.33,2643655
2017-11-26,7.33,7.34,7.23,7.24,2332167
2017-11-27,7.24,7.25,7.13,7.13,1179115
2017-11-28,7.13,7.15,7.09,7.12,4641289
2017-11-29,7.12,7.20,7.08,7.16,6323628
2017-11-30,7.16,7.23,7.13,7.19,5756995
2017-12-03,7.19,7.32,7.14,7.27,7509293
2017-12-04,7.27,7.28,7.17,7.17,1629903
2017-12-05,7.17,7.22,7.14,7.19,5427469
2017-12-06,7.19,7.28,7.15,7.24,6581001
2017-12-07,7.24,7.38,7.19,7.33,7584327
2017-12-10,7.33,7.35,7.27,7.28,3523868
2017-12-11,7.28,7.32,7.25,7.29,5189746
2017-12-12,7.29,7.31,7.23,7.25,3520233
2017-12-13,7.25,7.27,7.19,7.20,3379526
2017-12-14,7.20,7.30,7.16,7.26,6668861
2017-12-17,7.26,7.44,7.20,7.38,8770953
2017-12-18,7.38,7.55,7.33,7.49,8327777
2017-12-19,7.49,7.58,7.45,7.54,6351680
2017-12-20,7.54,7.55,7.46,7.47,2669821
2017-12-21,7.47,7.53,7.43,7.50,5701954
2017-12-24,7.50,7.63,7.45,7.58,7571536
2017-12-25,7.58,7.61,7.55,7.57,4550171
2017-12-26,7.57,7.68,7.53,7.64,6835390
2017-12-27,7.64,7.70,7.60,7.66,5661762
2017-12-28,7.66,7.67,7.55,7.56,1745336
2017-12-31,7.56,7.68,7.51,7.63,7061419
2018-01-01,7.63,7.65,7.58,7.60,3955692
2018-01-02,7.60,7.66,7.57,7.62,5588648
2018-01-03,7.62,7.63,7.51,7.52,1713374
2018-01-04,7.52,7.58,7.48,7.55,5786659
2018-01-07,7.55,7.57,7.48,7.50,3413443
2018-01-08,7.50,7.51,7.40,7.41,2124588
2018-01-09,7.41,7.50,7.37,7.46,6487997
2018-01-10,7.46,7.56,7.42,7.52,6553052
2018-01-11,7.52,7.54,7.46,7.48,3628395
2018-01-14,7.48,7.48,7.36,7.36,1393038
2018-01-15,7.36,7.37,7.27,7.28,2340809
2018-01-16,7.28,7.28,7.17,7.17,1558127
2018-01-17,7.17,7.18,7.07,7.08,1835116
2018-01-18,7.08,7.09,6.98,6.99,2110048
2018-01-21,6.99,7.11,6.95,7.06,7247119
2018-01-22,7.06,7.08,7.00,7.01,3147565
2018-01-23,7.01,7.01,6.90,6.90,1194101
2018-01-24,6.90,7.04,6.85,6.99,8028703
2018-01-25,6.99,7.16,6.94,7.11,8663717
2018-01-28,7.11,7.12,7.03,7.05,2926303
2018-01-29,7.05,7.17,7.00,7.12,7236213
2018-01-30,7.12,7.18,7.09,7.15,5716906
2018-01-31,7.15,7.16,7.07,7.08,2639986
2018-02-01,7.08,7.23,7.03,7.18,8202983
2018-02-04,7.18,7.24,7.15,7.20,5640466
2018-02-05,7.20,7.22,7.15,7.17,3668484
2018-02-06,7.17,7.25,7.13,7.21,6262345
2018-02-07,7.21,7.23,7.15,7.17,3767729
2018-02-08,7.17,7.18,7.06,7.06,1345130
2018-02-11,7.06,7.09,7.03,7.06,4747633
2018-02-12,7.06,7.08,7.00,7.01,3432030
2018-02-13,7.01,7.12,6.97,7.08,7003257
2018-02-14,7.08,7.19,7.04,7.14,6992181
2018-02-15,7.14,7.29,7.09,7.24,7966700
2018-02-18,7.24,7.39,7.19,7.34,7976200
2018-02-19,7.34,7.50,7.29,7.45,8329320
2018-02-20,7.45,7.48,7.42,7.44,4705075
2018-02-21,7.44,7.58,7.39,7.53,7597290
2018-02-22,7.53,7.56,7.48,7.51,4092386
2018-02-25,7.51,7.54,7.48,7.51,4980486
2018-02-26,7.51,7.51,7.39,7.39,1199862
2018-02-27,7.39,7.45,7.35,7.41,5614711
2018-02-28,7.41,7.44,7.37,7.39,4126268
2018-03-01,7.39,7.55,7.34,7.49,8117249
2018-03-04,7.49,7.66,7.44,7.60,8229629
2018-03-05,7.60,7.66,7.57,7.62,5475754
2018-03-06,7.62,7.77,7.57,7.72,7682784
2018-03-07,7.72,7.85,7.67,7.80,7270473
2018-03-08,7.80,7.82,7.75,7.78,4362277
2018-03-11,7.78,7.80,7.71,7.72,3229801
2018-03-12,7.72,7.80,7.68,7.76,6070576
2018-03-13,7.76,7.79,7.71,7.74,4119170
2018-03-14,7.74,7.82,7.70,7.78,6091632
2018-03-15,7.78,7.94,7.72,7.88,7963271
2018-03-18,7.88,8.05,7.83,7.99,8079766
2018-03-19,7.99,8.01,7.93,7.95,3601611
2018-03-20,7.95,8.13,7.89,8.07,8281893
2018-03-21,8.07,8.09,8.00,8.02,3577400
2018-03-22,8.02,8.15,7.97,8.10,7093072
2018-03-25,8.10,8.11,8.00,8.01,2359773
2018-03-26,8.01,8.02,7.90,7.91,1945404
2018-03-27,7.91,7.93,7.85,7.87,3899348
2018-03-28,7.87,7.88,7.75,7.76,1530246
2018-03-29,7.76,7.86,7.71,7.81,6517112
2018-04-01,7.81,7.86,7.78,7.83,5353772
2018-04-02,7.83,7.83,7.70,7.70,1126646
2018-04-03,7.70,7.73,7.66,7.69,4625857
2018-04-04,7.69,7.80,7.65,7.76,6789677
2018-04-05,7.76,7.78,7.72,7.74,4482304
2018-04-08,7.74,7.89,7.69,7.84,7604972
2018-04-09,7.84,7.85,7.77,7.79,3540397
2018-04-10,7.79,7.91,7.74,7.86,6930555
2018-04-11,7.86,7.87,7.77,7.79,2787791
2018-04-12,7.79,7.90,7.74,7.86,6939266
2018-04-15,7.86,7.88,7.80,7.82,3804732
2018-04-16,7.82,7.82,7.70,7.70,1507647
2018-04-17,7.70,7.73,7.66,7.69,4319615
2018-04-18,7.69,7.78,7.64,7.74,6438168
2018-04-19,7.74,7.86,7.69,7.81,7097873
2018-04-22,7.81,7.93,7.77,7.89,7014780
2018-04-23,7.89,7.90,7.78,7.79,2164197
2018-04-24,7.79,7.91,7.75,7.86,6891803
2018-04-25,7.86,7.87,7.76,7.77,2358093
2018-04-26,7.77,7.78,7.68,7.69,2316152
2018-04-29,7.69,7.71,7.64,7.67,4222770
2018-04-30,7.67,7.67,7.55,7.56,1682887
2018-05-01,7.56,7.57,7.46,7.47,2227366
2018-05-02,7.47,7.48,7.38,7.39,2424108
2018-05-03,7.39,7.56,7.34,7.50,8322496
2018-05-06,7.50,7.54,7.47,7.51,5231172
2018-05-07,7.51,7.54,7.48,7.51,4829149
2018-05-08,7.51,7.52,7.40,7.40,1610253
2018-05-09,7.40,7.50,7.36,7.46,6660905
2018-05-10,7.46,7.57,7.42,7.52,6771227
2018-05-13,7.52,7.72,7.46,7.65,8879492
2018-05-14,7.65,7.66,7.55,7.55,1849897
2018-05-15,7.55,7.57,7.49,7.51,3583676
2018-05-16,7.51,7.51,7.39,7.40,1463545
2018-05-17,7.40,7.41,7.30,7.31,2131481
2018-05-20,7.31,7.41,7.27,7.36,6599828
2018-05-21,7.36,7.47,7.32,7.42,6695747
2018-05-22,7.42,7.44,7.34,7.36,2838991
2018-05-23,7.36,7.37,7.29,7.30,3153017
2018-05-24,7.30,7.32,7.25,7.27,3909430
2018-05-27,7.27,7.39,7.22,7.35,7305761
2018-05-28,7.35,7.37,7.31,7.34,4576577
2018-05-29,7.34,7.36,7.30,7.32,4437928
2018-05-30,7.32,7.34,7.25,7.26,2865123
2018-05-31,7.26,7.34,7.22,7.30,6203840
2018-06-03,7.30,7.32,7.24,7.26,3614574
2018-06-04,7.26,7.44,7.20,7.39,8850411
2018-06-05,7.39,7.40,7.32,7.34,3368141
2018-06-06,7.34,7.37,7.31,7.33,4772702
2018-06-07,7.33,7.36,7.30,7.32,4594958
2018-06-10,7.32,7.45,7.28,7.41,7402812
2018-06-11,7.41,7.42,7.34,7.35,3245644
2018-06-12,7.35,7.36,7.24,7.24,1432098
2018-06-13,7.24,7.30,7.21,7.27,5641186
2018-06-14,7.27,7.28,7.18,7.19,2366735
2018-06-17,7.19,7.20,7.11,7.12,2695164
2018-06-18,7.12,7.12,7.01,7.01,1416598
2018-06-19,7.01,7.06,6.98,7.03,5469307
2018-06-20,7.03,7.05,6.97,6.99,3717489
2018-06-21,6.99,7.06,6.96,7.03,6062379
2018-06-24,7.03,7.17,6.98,7.12,7886694
2018-06-25,7.12,7.26,7.07,7.21,7832407
2018-06-26,7.21,7.32,7.17,7.28,6911865
2018-06-27,7.28,7.31,7.25,7.28,4952229
2018-06-28,7.28,7.29,7.19,7.20,2373251
2018-07-01,7.20,7.32,7.15,7.28,7298388
2018-07-02,7.28,7.43,7.22,7.37,7999245
2018-07-03,7.37,7.47,7.33,7.43,6673353
2018-07-04,7.43,7.44,7.35,7.36,2555281
2018-07-05,7.36,7.38,7.32,7.34,4361076
2018-07-08,7.34,7.50,7.29,7.44,8066049
2018-07-09,7.44,7.46,7.39,7.41,4015877
2018-07-10,7.41,7.46,7.38,7.43,5371056
2018-07-11,7.43,7.44,7.33,7.33,1884670
2018-07-12,7.33,7.45,7.29,7.40,7013511
2018-07-15,7.40,7.49,7.36,7.45,6362517
2018-07-16,7.45,7.58,7.40,7.53,7462551
2018-07-17,7.53,7.64,7.49,7.60,6881515
2018-07-18,7.60,7.61,7.51,7.53,2668792
2018-07-19,7.53,7.55,7.48,7.50,4133024
2018-07-22,7.50,7.61,7.46,7.57,6953223
2018-07-23,7.57,7.63,7.53,7.59,5623216
2018-07-24,7.59,7.61,7.52,7.54,3229423
2018-07-25,7.54,7.55,7.45,7.46,2561968
2018-07-26,7.46,7.47,7.38,7.39,2559122
2018-07-29,7.39,7.54,7.33,7.49,8085082
2018-07-30,7.49,7.53,7.46,7.50,5041083
2018-07-31,7.50,7.52,7.46,7.49,4809842
2018-08-01,7.49,7.57,7.46,7.53,6033333
2018-08-02,7.53,7.54,7.42,7.43,1723902
2018-08-05,7.43,7.57,7.38,7.52,7708710
2018-08-06,7.52,7.69,7.46,7.64,8407510
2018-08-07,7.64,7.66,7.58,7.60,3943758
2018-08-08,7.60,7.70,7.56,7.66,6589060
2018-08-09,7.66,7.67,7.57,7.58,2540946
2018-08-12,7.58,7.70,7.54,7.65,7033984
2018-08-13,7.65,7.68,7.62,7.65,4784224
2018-08-14,7.65,7.80,7.60,7.75,7766975
2018-08-15,7.75,7.84,7.71,7.80,6327914
2018-08-16,7.80,7.86,7.76,7.82,5627537
2018-08-19,7.82,7.84,7.75,7.77,3418930
2018-08-20,7.77,7.81,7.74,7.78,5158882
2018-08-21,7.78,7.81,7.74,7.77,4452331
2018-08-22,7.77,7.96,7.71,7.90,8830144
2018-08-23,7.90,8.02,7.85,7.97,6860219
2018-08-26,7.97,8.00,7.93,7.96,4591941
2018-08-27,7.96,7.98,7.89,7.91,3333950
2018-08-28,7.91,8.02,7.86,7.97,6765260
2018-08-29,7.97,7.97,7.85,7.85,1379698
2018-08-30,7.85,7.94,7.81,7.90,6263683
2018-09-02,7.90,8.07,7.84,8.01,8207338
2018-09-03,8.01,8.10,7.97,8.06,6148936
2018-09-04,8.06,8.09,8.02,8.06,4952674
2018-09-05,8.06,8.16,8.01,8.12,6519787
2018-09-06,8.12,8.21,8.07,8.16,6232990
2018-09-09,8.16,8.18,8.07,8.09,2734259
2018-09-10,8.09,8.13,8.05,8.09,5035939
2018-09-11,8.09,8.13,8.06,8.10,4965192
2018-09-12,8.10,8.11,8.01,8.03,2941769
2018-09-13,8.03,8.15,7.98,8.10,7089128
2018-09-16,8.10,8.17,8.07,8.13,5678875
2018-09-17,8.13,8.34,8.07,8.28,8908539
2018-09-18,8.28,8.45,8.22,8.39,8012688
2018-09-19,8.39,8.41,8.32,8.35,3707373
2018-09-20,8.35,8.52,8.29,8.46,7967901
2018-09-23,8.46,8.48,8.38,8.40,3139951
2018-09-24,8.40,8.41,8.29,8.30,2384019
2018-09-25,8.30,8.32,8.23,8.25,3453189
2018-09-26,8.25,8.27,8.19,8.21,3804252
2018-09-27,8.21,8.25,8.18,8.22,5042146
2018-09-30,8.22,8.33,8.17,8.28,6697736
2018-10-01,8.28,8.34,8.25,8.30,5338923
2018-10-02,8.30,8.43,8.25,8.38,7015089
2018-10-03,8.38,8.42,8.34,8.38,5034876
2018-10-04,8.38,8.40,8.30,8.32,3077297
2018-10-07,8.32,8.34,8.25,8.27,3636179
2018-10-08,8.27,8.28,8.15,8.16,1797942
2018-10-09,8.16,8.35,8.10,8.29,8352709
2018-10-10,8.29,8.38,8.24,8.33,6238751
2018-10-11,8.33,8.52,8.27,8.46,8320267
2018-10-14,8.46,8.66,8.40,8.59,8498491
2018-10-15,8.59,8.60,8.48,8.49,2156138
2018-10-16,8.49,8.52,8.43,8.46,3935185
2018-10-17,8.46,8.58,8.41,8.53,6847976
2018-10-18,8.53,8.54,8.43,8.45,2721673
2018-10-21,8.45,8.62,8.39,8.56,7976028
2018-10-22,8.56,8.68,8.51,8.63,6734499
2018-10-23,8.63,8.65,8.55,8.57,3268689
2018-10-24,8.57,8.74,8.51,8.68,7776131
2018-10-25,8.68,8.70,8.61,8.63,3491392
2018-10-28,8.63,8.77,8.57,8.71,7130521
2018-10-29,8.71,8.83,8.66,8.78,6668827
2018-10-30,8.78,8.98,8.72,8.92,8451989
2018-10-31,8.92,8.92,8.79,8.79,1640500
2018-11-01,8.79,8.97,8.73,8.91,7987448
2018-11-04,8.91,9.14,8.84,9.07,8949622
2018-11-05,9.07,9.17,9.02,9.12,6131961
2018-11-06,9.12,9.26,9.06,9.21,7065329
2018-11-07,9.21,9.41,9.14,9.34,8317626
2018-11-08,9.34,9.54,9.28,9.47,7938237
2018-11-11,9.47,9.63,9.41,9.57,7235802
2018-11-12,9.57,9.58,9.43,9.44,1889334
2018-11-13,9.44,9.46,9.33,9.34,2392661
2018-11-14,9.34,9.37,9.27,9.30,3832201
2018-11-15,9.30,9.54,9.22,9.46,8998079
2018-11-18,9.46,9.70,9.39,9.63,8828566
2018-11-19,9.63,9.84,9.56,9.77,8187860
2018-11-20,9.77,10.02,9.69,9.94,8977194
2018-11-21,9.94,10.07,9.89,10.02,6579286
2018-11-22,10.02,10.20,9.95,10.14,7636111
2018-11-25,10.14,10.19,10.09,10.15,5160013
2018-11-26,10.15,10.30,10.09,10.24,6978155
2018-11-27,10.24,10.32,10.20,10.27,5510288
2018-11-28,10.27,10.53,10.19,10.45,8879869
2018-11-29,10.45,10.52,10.40,10.47,5358504
2018-12-02,10.47,10.53,10.43,10.48,5143724
2018-12-03,10.48,10.67,10.42,10.60,7470096
2018-12-04,10.60,10.65,10.56,10.61,5053669
2018-12-05,10.61,10.62,10.46,10.47,1869753
2018-12-06,10.47,10.51,10.41,10.44,4264026
2018-12-09,10.44,10.45,10.28,10.28,1396982
2018-12-10,10.28,10.44,10.22,10.38,7021707
2018-12-11,10.38,10.40,10.26,10.28,2594993
2018-12-12,10.28,10.36,10.23,10.31,5721776
2018-12-13,10.31,10.52,10.24,10.45,7932921
2018-12-16,10.45,10.54,10.40,10.49,5796330
2018-12-17,10.49,10.56,10.45,10.52,5361385
2018-12-18,10.52,10.73,10.44,10.66,7936728
2018-12-19,10.66,10.66,10.48,10.49,1201371
2018-12-20,10.49,10.51,10.40,10.43,3649142
2018-12-23,10.43,10.44,10.30,10.31,2366460
2018-12-24,10.31,10.54,10.24,10.46,8143449
2018-12-25,10.46,10.49,10.39,10.42,3918381
2018-12-26,10.42,10.43,10.30,10.31,2555452
2018-12-27,10.31,10.41,10.26,10.36,5955898
2018-12-30,10.36,10.37,10.20,10.21,1502434
2018-12-31,10.21,10.24,10.13,10.16,3837037
2019-01-01,10.16,10.26,10.11,10.21,5972050
2019-01-02,10.21,10.41,10.14,10.34,7734636
2019-01-03,10.34,10.34,10.18,10.19,1544547
2019-01-06,10.19,10.21,10.10,10.13,3525240
2019-01-07,10.13,10.13,9.99,10.00,1948319
2019-01-08,10.00,10.15,9.94,10.09,7011316
2019-01-09,10.09,10.10,9.95,9.96,1948799
2019-01-10,9.96,9.98,9.87,9.90,3476817
2019-01-13,9.90,10.08,9.83,10.01,7570679
2019-01-14,10.01,10.05,9.97,10.00,4576063
2019-01-15,10.00,10.19,9.93,10.12,7653463
2019-01-16,10.12,10.25,10.07,10.20,6555967
2019-01-17,10.20,10.34,10.14,10.28,6740363
2019-01-20,10.28,10.29,10.13,10.14,1811591
2019-01-21,10.14,10.31,10.08,10.25,7300514
2019-01-22,10.25,10.28,10.17,10.20,3775034
2019-01-23,10.20,10.26,10.16,10.22,5284533
2019-01-24,10.22,10.27,10.18,10.23,5137654
2019-01-27,10.23,10.39,10.17,10.32,7013408
2019-01-28,10.32,10.39,10.28,10.35,5405624
2019-01-29,10.35,10.37,10.26,10.28,3400720
2019-01-30,10.28,10.31,10.20,10.23,3788820
2019-01-31,10.23,10.31,10.19,10.26,5508196
2019-02-03,10.26,10.33,10.22,10.28,5423045
2019-02-04,10.28,10.36,10.24,10.31,5434602
2019-02-05,10.31,10.58,10.23,10.49,8925582
2019-02-06,10.49,10.63,10.43,10.57,6537962
2019-02-07,10.57,10.75,10.50,10.68,7284087
2019-02-10,10.68,10.70,10.57,10.59,2991117
2019-02-11,10.59,10.60,10.45,10.46,2078806
2019-02-12,10.46,10.50,10.41,10.45,4670610
2019-02-13,10.45,10.61,10.39,10.55,7038134
2019-02-14,10.55,10.58,10.46,10.48,3378909
2019-02-17,10.48,10.75,10.40,10.67,8927503
2019-02-18,10.67,10.91,10.59,10.83,8399965
2019-02-19,10.83,10.93,10.78,10.87,5771604
2019-02-20,10.87,11.06,10.80,10.99,7388100
2019-02-21,10.99,11.01,10.86,10.87,2409945
2019-02-24,10.87,10.91,10.82,10.86,4590226
2019-02-25,10.86,10.89,10.76,10.79,3385733
2019-02-26,10.79,11.04,10.71,10.96,8401406
2019-02-27,10.96,10.98,10.85,10.87,3168106
2019-02-28,10.87,11.11,10.79,11.03,8253737
2019-03-03,11.03,11.13,10.98,11.07,5707681
2019-03-04,11.07,11.12,11.03,11.07,4838580
2019-03-05,11.07,11.08,10.90,10.90,1325445
2019-03-06,10.90,10.99,10.85,10.94,5662105
2019-03-07,10.94,10.98,10.89,10.94,4934979
2019-03-10,10.94,10.95,10.79,10.80,1934190
2019-03-11,10.80,10.83,10.71,10.74,3598010
2019-03-12,10.74,10.89,10.68,10.83,6790637
2019-03-13,10.83,10.90,10.78,10.85,5413305
2019-03-14,10.85,10.87,10.74,10.76,2848731
2019-03-17,10.76,10.85,10.71,10.80,5738888
2019-03-18,10.80,10.97,10.73,10.90,7096124
2019-03-19,10.90,11.05,10.84,10.99,6747599
2019-03-20,10.99,11.05,10.95,11.00,5113065
2019-03-21,11.00,11.02,10.86,10.88,2315980
2019-03-24,10.88,10.90,10.75,10.77,2627949
2019-03-25,10.77,11.01,10.69,10.93,8246502
2019-03-26,10.93,10.95,10.80,10.81,2406207
2019-03-27,10.81,10.82,10.66,10.67,1823113
2019-03-28,10.67,10.68,10.54,10.55,2472530
2019-03-31,10.55,10.57,10.44,10.45,2700137
2019-04-01,10.45,10.65,10.38,10.58,7666426
2019-04-02,10.58,10.75,10.52,10.69,7124485
2019-04-03,10.69,10.82,10.63,10.76,6531104
2019-04-04,10.76,10.96,10.69,10.89,7491220
2019-04-07,10.89,10.89,10.72,10.73,1535699
2019-04-08,10.73,10.73,10.55,10.56,1232441
2019-04-09,10.56,10.59,10.51,10.54,4630829
2019-04-10,10.54,10.59,10.50,10.55,5039506
2019-04-11,10.55,10.66,10.50,10.61,6137482
2019-04-14,10.61,10.62,10.48,10.49,2418587
2019-04-15,10.49,10.54,10.45,10.50,4969238
2019-04-16,10.50,10.75,10.42,10.67,8579561
2019-04-17,10.67,10.70,10.60,10.64,4187825
2019-04-18,10.64,10.68,10.59,10.63,4658230
2019-04-21,10.63,10.66,10.55,10.58,3892009
2019-04-22,10.58,10.64,10.54,10.60,5271879
2019-04-23,10.60,10.79,10.53,10.72,7439814
2019-04-24,10.72,10.74,10.62,10.65,3408161
2019-04-25,10.65,10.65,10.47,10.47,1004080
2019-04-28,10.47,10.72,10.39,10.64,8647325
2019-04-29,10.64,10.66,10.51,10.53,2461351
2019-04-30,10.53,10.55,10.41,10.43,2717764
2019-05-01,10.43,10.46,10.34,10.37,3614094
2019-05-02,10.37,10.41,10.31,10.35,4384910
2019-05-05,10.35,10.44,10.30,10.39,5746262
2019-05-06,10.39,10.41,10.30,10.33,3673456
2019-05-07,10.33,10.37,10.28,10.32,4512174
2019-05-08,10.32,10.39,10.27,10.34,5422908
2019-05-09,10.34,10.37,10.27,10.31,4158744
2019-05-12,10.31,10.42,10.25,10.37,6176474
2019-05-13,10.37,10.42,10.32,10.37,5081035
2019-05-14,10.37,10.61,10.30,10.53,8403292
2019-05-15,10.53,10.57,10.49,10.53,4711145
2019-05-16,10.53,10.75,10.45,10.67,8053978
2019-05-19,10.67,10.70,10.59,10.62,3740432
2019-05-20,10.62,10.65,10.53,10.55,3449519
2019-05-21,10.55,10.56,10.40,10.41,1675068
2019-05-22,10.41,10.41,10.25,10.25,1503497
2019-05-23,10.25,10.34,10.20,10.29,5724931
2019-05-26,10.29,10.35,10.25,10.31,5277640
2019-05-27,10.31,10.36,10.27,10.31,5025823
2019-05-28,10.31,10.47,10.25,10.40,6870713
2019-05-29,10.40,10.52,10.35,10.46,6195027
2019-05-30,10.46,10.47,10.31,10.32,1640740
2019-06-02,10.32,10.33,10.18,10.20,2220198
2019-06-03,10.20,10.39,10.13,10.32,7760562
2019-06-04,10.32,10.34,10.21,10.22,2681584
2019-06-05,10.22,10.25,10.12,10.15,3106721
2019-06-06,10.15,10.21,10.10,10.16,5307578
2019-06-09,10.16,10.19,10.08,10.10,3481687
2019-06-10,10.10,10.14,10.06,10.10,4863614
2019-06-11,10.10,10.11,9.97,9.98,2169410
2019-06-12,9.98,10.16,9.92,10.09,7374382
2019-06-13,10.09,10.11,9.98,10.00,2824211
2019-06-16,10.00,10.01,9.85,9.86,1679389
2019-06-17,9.86,9.87,9.72,9.72,1693004
2019-06-18,9.72,9.94,9.65,9.87,8321844
2019-06-19,9.87,10.03,9.81,9.97,7170850
2019-06-20,9.97,10.05,9.92,10.01,5770884
2019-06-23,10.01,10.25,9.93,10.17,8689849
2019-06-24,10.17,10.27,10.12,10.22,5977126
2019-06-25,10.22,10.38,10.16,10.31,6941358
2019-06-26,10.31,10.49,10.25,10.42,7261556
2019-06-27,10.42,10.43,10.26,10.26,1431550
2019-06-30,10.26,10.51,10.19,10.43,8537757
2019-07-01,10.43,10.61,10.36,10.54,7370301
2019-07-02,10.54,10.58,10.50,10.54,4867455
2019-07-03,10.54,10.64,10.49,10.59,5893415
2019-07-04,10.59,10.62,10.53,10.56,4349417
2019-07-07,10.56,10.59,10.48,10.51,3618175
2019-07-08,10.51,10.52,10.38,10.39,2341666
2019-07-09,10.39,10.39,10.23,10.24,1532235
2019-07-10,10.24,10.24,10.06,10.06,1017043
2019-07-11,10.06,10.07,9.90,9.90,1215843
2019-07-14,9.90,9.92,9.78,9.79,2252091
2019-07-15,9.79,10.01,9.72,9.94,8397393
2019-07-16,9.94,10.03,9.89,9.98,5849279
2019-07-17,9.98,9.99,9.84,9.85,1842318
2019-07-18,9.85,9.90,9.81,9.86,5092558
2019-07-21,9.86,9.88,9.78,9.80,3575308
2019-07-22,9.80,9.83,9.72,9.75,3636248
2019-07-23,9.75,9.76,9.63,9.64,2435871
2019-07-24,9.64,9.73,9.60,9.68,5727263
2019-07-25,9.68,9.70,9.58,9.60,2967215
2019-07-28,9.60,9.63,9.53,9.55,3760665
2019-07-29,9.55,9.73,9.49,9.67,7638477
2019-07-30,9.67,9.69,9.57,9.59,3168552
2019-07-31,9.59,9.63,9.54,9.57,4400274
2019-08-01,9.57,9.61,9.53,9.56,4642283
2019-08-04,9.56,9.74,9.50,9.68,7573593
2019-08-05,9.68,9.86,9.61,9.80,7688031
2019-08-06,9.80,10.00,9.73,9.93,8072016
2019-08-07,9.93,9.96,9.85,9.87,3515672
2019-08-08,9.87,10.13,9.80,10.05,8957270
2019-08-11,10.05,10.11,10.01,10.07,5261008
2019-08-12,10.07,10.08,9.94,9.95,2328120
2019-08-13,9.95,9.98,9.87,9.90,3541323
2019-08-14,9.90,10.08,9.83,10.01,7542592
2019-08-15,10.01,10.18,9.95,10.12,7344272
2019-08-18,10.12,10.14,10.01,10.03,2773525
2019-08-19,10.03,10.04,9.90,9.91,2250102
2019-08-20,9.91,10.00,9.86,9.95,5897462
2019-08-21,9.95,9.96,9.82,9.83,1987208
2019-08-22,9.83,10.07,9.75,9.99,8716872
2019-08-25,9.99,10.00,9.84,9.84,1321021
2019-08-26,9.84,9.87,9.79,9.82,4515706
2019-08-27,9.82,9.93,9.77,9.88,6276234
2019-08-28,9.88,9.92,9.84,9.89,4948285
2019-08-29,9.89,9.97,9.84,9.92,5692352
2019-09-01,9.92,10.03,9.87,9.98,6261522
2019-09-02,9.98,10.01,9.92,9.95,4112585
2019-09-03,9.95,10.20,9.87,10.12,8850480
2019-09-04,10.12,10.15,10.05,10.08,4006069
2019-09-05,10.08,10.09,9.95,9.96,2147256
2019-09-08,9.96,9.96,9.80,9.81,1323422
2019-09-09,9.81,9.82,9.70,9.72,2843209
2019-09-10,9.72,9.73,9.60,9.61,2385631
2019-09-11,9.61,9.63,9.50,9.51,2444513
2019-09-12,9.51,9.61,9.46,9.56,6106275
2019-09-15,9.56,9.77,9.49,9.70,8161042
2019-09-16,9.70,9.88,9.63,9.81,7547085
2019-09-17,9.81,9.81,9.65,9.65,1128600
2019-09-18,9.65,9.79,9.59,9.73,6806824
2019-09-19,9.73,9.76,9.66,9.69,3964471
2019-09-22,9.69,9.85,9.63,9.79,7243518
2019-09-23,9.79,9.80,9.65,9.65,1656310
2019-09-24,9.65,9.67,9.56,9.58,3030006
2019-09-25,9.58,9.60,9.50,9.53,3784362
2019-09-26,9.53,9.56,9.47,9.50,4042832
2019-09-29,9.50,9.70,9.43,9.63,8077023
2019-09-30,9.63,9.64,9.50,9.51,2084465
2019-10-01,9.51,9.51,9.36,9.36,1299725
2019-10-02,9.36,9.48,9.31,9.43,6438854
2019-10-03,9.43,9.49,9.38,9.45,5477160
2019-10-06,9.45,9.49,9.41,9.45,4760322
2019-10-07,9.45,9.45,9.30,9.30,1448834
2019-10-08,9.30,9.31,9.15,9.16,1295781
2019-10-09,9.16,9.16,9.03,9.03,1757956
2019-10-10,9.03,9.06,8.98,9.02,4440294
2019-10-13,9.02,9.24,8.94,9.17,8873662
2019-10-14,9.17,9.20,9.10,9.12,3625960
2019-10-15,9.12,9.14,9.02,9.04,2746570
2019-10-16,9.04,9.20,8.98,9.14,7544135
2019-10-17,9.14,9.22,9.10,9.18,5697668
2019-10-20,9.18,9.35,9.11,9.29,7700994
2019-10-21,9.29,9.51,9.22,9.44,8640534
2019-10-22,9.44,9.46,9.35,9.38,3306412
2019-10-23,9.38,9.50,9.32,9.45,6636899
2019-10-24,9.45,9.62,9.39,9.56,7496193
2019-10-27,9.56,9.74,9.49,9.68,7785528
2019-10-28,9.68,9.70,9.58,9.59,2887620
2019-10-29,9.59,9.76,9.53,9.70,7444444
2019-10-30,9.70,9.82,9.65,9.77,6468347
2019-10-31,9.77,9.96,9.70,9.89,7786488
2019-11-03,9.89,9.92,9.82,9.85,3818621
2019-11-04,9.85,9.86,9.74,9.75,2688203
2019-11-05,9.75,9.99,9.68,9.91,8666838
2019-11-06,9.91,10.12,9.85,10.05,7952057
2019-11-07,10.05,10.24,9.98,10.17,7778429
2019-11-10,10.17,10.43,10.09,10.35,8862002
2019-11-11,10.35,10.52,10.29,10.46,7178086
2019-11-12,10.46,10.46,10.28,10.28,1072359
2019-11-13,10.28,10.31,10.20,10.23,3705315
2019-11-14,10.23,10.27,10.19,10.23,4830041
2019-11-17,10.23,10.24,10.08,10.09,1903326
2019-11-18,10.09,10.13,10.04,10.08,4530109
2019-11-19,10.08,10.11,10.02,10.05,4241255
2019-11-20,10.05,10.13,10.00,10.08,5604663
2019-11-21,10.08,10.22,10.02,10.16,6669718
2019-11-24,10.16,10.41,10.08,10.33,8745061
2019-11-25,10.33,10.52,10.27,10.45,7509705
2019-11-26,10.45,10.52,10.40,10.48,5457475
2019-11-27,10.48,10.56,10.43,10.51,5674794
2019-11-28,10.51,10.53,10.41,10.43,2951783
2019-12-01,10.43,10.46,10.36,10.40,4226714
2019-12-02,10.40,10.52,10.34,10.46,6363786
2019-12-03,10.46,10.49,10.37,10.39,3264231
2019-12-04,10.39,10.51,10.33,10.45,6310768
2019-12-05,10.45,10.57,10.40,10.51,6145370
2019-12-08,10.51,10.54,10.43,10.46,3780384
2019-12-09,10.46,10.62,10.40,10.56,7042969
2019-12-10,10.56,10.80,10.48,10.72,8352880
2019-12-11,10.72,10.93,10.65,10.86,7833573
2019-12-12,10.86,10.87,10.70,10.71,1756652
2019-12-15,10.71,10.95,10.63,10.87,8319650
2019-12-16,10.87,10.89,10.75,10.77,2757133
2019-12-17,10.77,10.78,10.62,10.63,1785150
2019-12-18,10.63,10.63,10.46,10.46,1379012
2019-12-19,10.46,10.67,10.39,10.60,7884396
2019-12-22,10.60,10.62,10.47,10.49,2461796
2019-12-23,10.49,10.64,10.43,10.58,6864300
2019-12-24,10.58,10.60,10.46,10.47,2548696
2019-12-25,10.47,10.64,10.41,10.57,7119924
2019-12-26,10.57,10.61,10.51,10.54,4108847
2019-12-29,10.54,10.65,10.48,10.59,6083367
2019-12-30,10.59,10.62,10.49,10.51,3092866
2019-12-31,10.51,10.55,10.45,10.49,4445987
2020-01-01,10.49,10.59,10.44,10.53,5821742
2020-01-02,10.53,10.54,10.38,10.39,1713957
2020-01-05,10.39,10.41,10.29,10.31,3209053
2020-01-06,10.31,10.36,10.27,10.32,5097153
2020-01-07,10.32,10.44,10.27,10.39,6316529
2020-01-08,10.39,10.42,10.31,10.33,3731378
2020-01-09,10.33,10.51,10.27,10.44,7242935
2020-01-12,10.44,10.48,10.38,10.41,4233916
2020-01-13,10.41,10.42,10.25,10.25,1346296
2020-01-14,10.25,10.44,10.18,10.37,7592421
2020-01-15,10.37,10.52,10.31,10.46,6799451
2020-01-16,10.46,10.64,10.39,10.57,7387139
2020-01-19,10.57,10.58,10.41,10.42,1478943
2020-01-20,10.42,10.42,10.25,10.26,1346467
2020-01-21,10.26,10.26,10.09,10.09,1187242
2020-01-22,10.09,10.31,10.02,10.24,8235836
2020-01-23,10.24,10.41,10.18,10.34,7208299
2020-01-26,10.34,10.35,10.21,10.22,2079938
2020-01-27,10.22,10.38,10.15,10.32,7196433
2020-01-28,10.32,10.35,10.24,10.27,3718278
2020-01-29,10.27,10.34,10.22,10.29,5398559
2020-01-30,10.29,10.30,10.14,10.15,1694067
2020-02-02,10.15,10.16,10.02,10.03,2209739
2020-02-03,10.03,10.15,9.97,10.10,6476440
2020-02-04,10.10,10.12,10.00,10.02,3062071
2020-02-05,10.02,10.12,9.97,10.07,6016015
2020-02-06,10.07,10.31,9.99,10.23,8646913
2020-02-09,10.23,10.37,10.18,10.31,6633779
2020-02-10,10.31,10.33,10.19,10.20,2470438
2020-02-11,10.20,10.37,10.14,10.31,7243312
2020-02-12,10.31,10.51,10.24,10.44,7742524
2020-02-13,10.44,10.46,10.33,10.35,2906344
2020-02-16,10.35,10.43,10.30,10.38,5598971
2020-02-17,10.38,10.39,10.23,10.24,1721639
2020-02-18,10.24,10.25,10.12,10.14,2657064
2020-02-19,10.14,10.30,10.08,10.23,7047222
2020-02-20,10.23,10.44,10.16,10.37,7904458
2020-02-23,10.37,10.42,10.33,10.38,5055932
2020-02-24,10.38,10.53,10.32,10.47,6921399
2020-02-25,10.47,10.55,10.42,10.50,5624314
2020-02-26,10.50,10.58,10.46,10.53,5436282
2020-02-27,10.53,10.78,10.45,10.70,8554835
2020-03-01,10.70,10.82,10.64,10.76,6214540
2020-03-02,10.76,10.93,10.70,10.87,7131447
2020-03-03,10.87,11.05,10.80,10.98,7280864
2020-03-04,10.98,11.03,10.94,10.99,5008470
2020-03-05,10.99,11.07,10.94,11.02,5474759
2020-03-08,11.02,11.15,10.96,11.09,6432818
2020-03-09,11.09,11.16,11.04,11.11,5339437
2020-03-10,11.11,11.14,11.03,11.06,3799554
2020-03-11,11.06,11.07,10.89,10.89,1344032
2020-03-12,10.89,10.91,10.76,10.78,2540775
2020-03-15,10.78,10.85,10.73,10.81,5439163
2020-03-16,10.81,10.83,10.71,10.73,3347839
2020-03-17,10.73,10.95,10.66,10.88,7945816
2020-03-18,10.88,10.97,10.83,10.92,5726920
2020-03-19,10.92,11.13,10.84,11.06,7777572
2020-03-22,11.06,11.34,10.97,11.25,8887894
2020-03-23,11.25,11.48,11.17,11.40,7996159
2020-03-24,11.40,11.41,11.25,11.26,1966563
2020-03-25,11.26,11.53,11.17,11.45,8700342
2020-03-26,11.45,11.66,11.37,11.58,7580212
2020-03-29,11.58,11.65,11.53,11.60,5248148
2020-03-30,11.60,11.62,11.47,11.49,2716495
2020-03-31,11.49,11.72,11.41,11.64,7812414
2020-04-01,11.64,11.69,11.59,11.64,4955658
2020-04-02,11.64,11.66,11.49,11.51,2269684
2020-04-05,11.51,11.54,11.43,11.46,4026097
2020-04-06,11.46,11.50,11.40,11.44,4422427
2020-04-07,11.44,11.46,11.31,11.33,2693244
2020-04-08,11.33,11.54,11.26,11.46,7554595
2020-04-09,11.46,11.64,11.40,11.57,6981790
2020-04-12,11.57,11.77,11.50,11.69,7320507
2020-04-13,11.69,11.79,11.64,11.74,5731241
2020-04-14,11.74,11.98,11.66,11.90,7967078
2020-04-15,11.90,11.93,11.79,11.82,3484807
2020-04-16,11.82,11.83,11.66,11.67,1889368
2020-04-19,11.67,11.69,11.54,11.56,2711625
2020-04-20,11.56,11.58,11.42,11.44,2519478
2020-04-21,11.44,11.64,11.37,11.56,7362311
2020-04-22,11.56,11.58,11.43,11.44,2548765
2020-04-23,11.44,11.67,11.37,11.59,7757853
2020-04-26,11.59,11.59,11.41,11.42,1483401
2020-04-27,11.42,11.44,11.29,11.31,2811831
2020-04-28,11.31,11.46,11.25,11.40,6533264
2020-04-29,11.40,11.42,11.30,11.33,3585973
2020-04-30,11.33,11.49,11.26,11.43,6834156
2020-05-03,11.43,11.44,11.28,11.29,2179046
2020-05-04,11.29,11.29,11.10,11.10,1003360
2020-05-05,11.10,11.11,10.95,10.96,1949074
2020-05-06,10.96,11.07,10.90,11.01,6028532
2020-05-07,11.01,11.07,10.97,11.02,5068895
2020-05-10,11.02,11.22,10.95,11.15,7489917
2020-05-11,11.15,11.22,11.10,11.17,5415054
2020-05-12,11.17,11.20,11.07,11.09,3115912
2020-05-13,11.09,11.11,10.97,10.99,2790020
2020-05-14,10.99,11.02,10.90,10.93,3671947
2020-05-17,10.93,11.07,10.87,11.01,6477743
2020-05-18,11.01,11.19,10.94,11.12,7182716
2020-05-19,11.12,11.15,11.05,11.08,4132544
2020-05-20,11.08,11.10,10.95,10.96,2487722
2020-05-21,10.96,11.19,10.89,11.11,8001337
2020-05-24,11.11,11.13,10.97,10.98,2130178
2020-05-25,10.98,11.00,10.85,10.86,2479183
2020-05-26,10.86,11.12,10.78,11.04,8579218
2020-05-27,11.04,11.33,10.95,11.24,8998182
2020-05-28,11.24,11.25,11.08,11.09,1785459
2020-05-31,11.09,11.12,11.02,11.06,4249691
2020-06-01,11.06,11.09,10.98,11.02,4069890
2020-06-02,11.02,11.05,10.93,10.96,3739883
2020-06-03,10.96,11.09,10.90,11.03,6346090
2020-06-04,11.03,11.18,10.97,11.12,6678635
2020-06-07,11.12,11.15,11.03,11.06,3675788
2020-06-08,11.06,11.07,10.92,10.93,2201748
2020-06-09,10.93,10.97,10.86,10.90,4157750
2020-06-10,10.90,10.94,10.85,10.90,4926508
2020-06-11,10.90,10.92,10.79,10.82,3150000
2020-06-14,10.82,11.03,10.74,10.96,7840569
2020-06-15,10.96,10.98,10.84,10.86,2825377
2020-06-16,10.86,10.90,10.80,10.84,4524176
2020-06-17,10.84,10.89,10.80,10.85,5060425
2020-06-18,10.85,11.12,10.77,11.03,8705727
2020-06-21,11.03,11.04,10.87,10.88,1657613
2020-06-22,10.88,11.05,10.81,10.98,7150651
2020-06-23,10.98,10.99,10.83,10.84,1900891
2020-06-24,10.84,10.94,10.79,10.89,5883641
2020-06-25,10.89,10.89,10.72,10.72,1444581
2020-06-28,10.72,10.73,10.57,10.58,1744204
2020-06-29,10.58,10.62,10.52,10.56,4535596
2020-06-30,10.56,10.74,10.50,10.67,7275548
2020-07-01,10.67,10.70,10.58,10.61,3568998
2020-07-02,10.61,10.89,10.53,10.80,8946810
2020-07-05,10.80,10.83,10.73,10.76,3976886
2020-07-06,10.76,10.78,10.64,10.66,2708607
2020-07-07,10.66,10.79,10.60,10.73,6450617
2020-07-08,10.73,10.75,10.61,10.63,2881927
2020-07-09,10.63,10.65,10.51,10.52,2496364
2020-07-12,10.52,10.76,10.45,10.69,8380349
2020-07-13,10.69,10.87,10.62,10.80,7324005
2020-07-14,10.80,10.92,10.74,10.86,6265603
2020-07-15,10.86,10.88,10.72,10.73,2069341
2020-07-16,10.73,10.77,10.68,10.72,4636454
2020-07-19,10.72,10.72,10.55,10.55,1349657
2020-07-20,10.55,10.71,10.49,10.65,6850925
2020-07-21,10.65,10.76,10.59,10.70,6152606
2020-07-22,10.70,10.87,10.64,10.81,7081858
2020-07-23,10.81,10.82,10.66,10.67,2058436
2020-07-26,10.67,10.85,10.61,10.78,7205795
2020-07-27,10.78,10.80,10.67,10.68,2795541
2020-07-28,10.68,10.85,10.62,10.78,7025205
2020-07-29,10.78,10.81,10.68,10.70,3129355
2020-07-30,10.70,10.91,10.63,10.84,7824039
2020-08-02,10.84,10.84,10.66,10.66,1084567
2020-08-03,10.66,10.72,10.61,10.68,5256618
2020-08-04,10.68,10.68,10.51,10.52,1500685
2020-08-05,10.52,10.55,10.43,10.46,3569855
2020-08-06,10.46,10.73,10.38,10.64,8920919
2020-08-09,10.64,10.67,10.54,10.56,3158813
2020-08-10,10.56,10.57,10.41,10.42,1814403
2020-08-11,10.42,10.43,10.26,10.27,1455589
2020-08-12,10.27,10.49,10.19,10.41,8131755
2020-08-13,10.41,10.58,10.35,10.52,7151543
2020-08-16,10.52,10.53,10.38,10.39,2193964
2020-08-17,10.39,10.42,10.31,10.34,3752846
2020-08-18,10.34,10.49,10.28,10.43,6914609
2020-08-19,10.43,10.56,10.38,10.51,6469375
2020-08-20,10.51,10.51,10.34,10.34,1355418
2020-08-23,10.34,10.38,10.29,10.32,4436934
2020-08-24,10.32,10.33,10.17,10.18,1615157
2020-08-25,10.18,10.21,10.12,10.15,4272805
2020-08-26,10.15,10.17,10.05,10.07,3051851
2020-08-27,10.07,10.22,10.01,10.16,6964643
2020-08-30,10.16,10.36,10.09,10.29,7838340
2020-08-31,10.29,10.40,10.24,10.35,6092695
2020-09-01,10.35,10.35,10.20,10.21,1851165
2020-09-02,10.21,10.39,10.14,10.32,7385356
2020-09-03,10.32,10.58,10.24,10.50,8892798
2020-09-06,10.50,10.58,10.45,10.54,5608058
2020-09-07,10.54,10.65,10.48,10.60,6247187
2020-09-08,10.60,10.75,10.54,10.69,6785493
2020-09-09,10.69,10.77,10.64,10.72,5568655
2020-09-10,10.72,10.93,10.65,10.85,7757167
2020-09-13,10.85,10.88,10.75,10.77,3104115
2020-09-14,10.77,10.82,10.73,10.78,5066289
2020-09-15,10.78,10.96,10.71,10.89,7248628
2020-09-16,10.89,10.89,10.71,10.71,1181995
2020-09-17,10.71,10.90,10.64,10.83,7434293
2020-09-20,10.83,11.06,10.76,10.98,8054903
2020-09-21,10.98,11.02,10.92,10.96,4352469
2020-09-22,10.96,11.19,10.88,11.11,8006001
2020-09-23,11.11,11.19,11.06,11.14,5509327
2020-09-24,11.14,11.37,11.06,11.29,7948868
2020-09-27,11.29,11.30,11.14,11.15,2114746
2020-09-28,11.15,11.17,11.04,11.06,2945233
2020-09-29,11.06,11.25,10.99,11.17,7304526
2020-09-30,11.17,11.18,10.99,10.99,1093861
2020-10-01,10.99,11.02,10.90,10.93,3695953
2020-10-04,10.93,11.03,10.88,10.97,5752777
2020-10-05,10.97,11.22,10.89,11.14,8276680
2020-10-06,11.14,11.16,11.03,11.05,3094821
2020-10-07,11.05,11.20,10.99,11.14,6626954
2020-10-08,11.14,11.16,11.02,11.04,2996536
2020-10-11,11.04,11.08,10.99,11.02,4475171
2020-10-12,11.02,11.09,10.98,11.04,5260390
2020-10-13,11.04,11.08,10.99,11.03,4586762
2020-10-14,11.03,11.05,10.92,10.95,3170336
2020-10-15,10.95,10.99,10.90,10.95,4986419
2020-10-18,10.95,11.20,10.87,11.12,8380692
2020-10-19,11.12,11.14,10.99,11.00,2513648
2020-10-20,11.00,11.00,10.82,10.82,1138374
2020-10-21,10.82,10.83,10.67,10.67,1711659
2020-10-22,10.67,10.77,10.62,10.72,5838443
2020-10-25,10.72,10.77,10.67,10.73,5049588
2020-10-26,10.73,10.76,10.65,10.68,3912997
2020-10-27,10.68,10.93,10.60,10.85,8478052
2020-10-28,10.85,10.88,10.78,10.81,4053395
2020-10-29,10.81,10.82,10.67,10.69,2318038
2020-11-01,10.69,10.78,10.64,10.73,5765809
2020-11-02,10.73,10.73,10.56,10.57,1483127
2020-11-03,10.57,10.80,10.49,10.73,8260116
2020-11-04,10.73,10.73,10.55,10.55,1035048
2020-11-05,10.55,10.80,10.47,10.72,8672119
2020-11-08,10.72,10.72,10.54,10.54,1072565
2020-11-09,10.54,10.63,10.49,10.58,5619101
2020-11-10,10.58,10.62,10.53,10.58,4953703
2020-11-11,10.58,10.80,10.50,10.73,8088717
2020-11-12,10.73,10.88,10.67,10.82,6851303
2020-11-15,10.82,10.83,10.66,10.67,1661213
2020-11-16,10.67,10.93,10.59,10.84,8641906
2020-11-17,10.84,11.07,10.77,11.00,8064986
2020-11-18,11.00,11.01,10.85,10.86,2127983
2020-11-19,10.86,10.97,10.81,10.92,6065466
2020-11-22,10.92,10.96,10.87,10.91,4593484
2020-11-23,10.91,10.91,10.75,10.75,1687345
2020-11-24,10.75,10.78,10.67,10.70,3692729
2020-11-25,10.70,10.91,10.62,10.83,7770130
2020-11-26,10.83,10.86,10.75,10.78,3672633
2020-11-29,10.78,10.82,10.73,10.77,4857030
2020-11-30,10.77,10.82,10.73,10.78,4928257
2020-12-01,10.78,10.80,10.68,10.71,3417181
2020-12-02,10.71,10.75,10.67,10.71,4891700
2020-12-03,10.71,10.90,10.64,10.83,7401200
2020-12-06,10.83,10.86,10.76,10.80,4254320
2020-12-07,10.80,10.97,10.73,10.90,7130075
2020-12-08,10.90,10.92,10.77,10.79,2522290
2020-12-09,10.79,10.80,10.63,10.63,1517386
2020-12-10,10.63,10.79,10.57,10.73,6905486
2020-12-13,10.73,10.73,10.57,10.57,1624862
2020-12-14,10.57,10.71,10.51,10.65,6539711
2020-12-15,10.65,10.84,10.58,10.77,7551268
2020-12-16,10.77,11.00,10.70,10.92,8042249
2020-12-17,10.92,11.07,10.86,11.01,6654629
2020-12-20,11.01,11.05,10.95,10.99,4400754
2020-12-21,10.99,10.99,10.80,10.80,1107784
2020-12-22,10.80,10.86,10.76,10.82,5195473
2020-12-23,10.82,11.09,10.73,11.00,8787277
2020-12-24,11.00,11.24,10.92,11.16,8154801
2020-12-27,11.16,11.24,11.11,11.19,5495576
2020-12-28,11.19,11.43,11.11,11.35,8044170
2020-12-29,11.35,11.61,11.26,11.53,8516632
2020-12-30,11.53,11.55,11.40,11.43,2888271
2020-12-31,11.43,11.51,11.37,11.46,5504766
2021-01-03,11.46,11.54,11.41,11.49,5526611
2021-01-04,11.49,11.77,11.40,11.68,8706893
2021-01-05,11.68,11.72,11.62,11.66,4502400
2021-01-06,11.66,11.68,11.53,11.54,2518072
2021-01-07,11.54,11.56,11.40,11.41,2284773
2021-01-10,11.41,11.67,11.33,11.59,8370404
2021-01-11,11.59,11.61,11.46,11.48,2824348
2021-01-12,11.48,11.50,11.36,11.38,2955246
2021-01-13,11.38,11.42,11.32,11.36,4442112
2021-01-14,11.36,11.37,11.20,11.21,1778772
2021-01-17,11.21,11.32,11.15,11.27,6051646
2021-01-18,11.27,11.30,11.19,11.23,4050857
2021-01-19,11.23,11.24,11.10,11.12,2714677
2021-01-20,11.12,11.28,11.05,11.22,6907304
2021-01-21,11.22,11.23,11.09,11.10,2529972
2021-01-24,11.10,11.39,11.01,11.30,8965397
2021-01-25,11.30,11.59,11.21,11.50,8855555
2021-01-26,11.50,11.52,11.39,11.41,3212791
2021-01-27,11.41,11.64,11.34,11.56,7864266
2021-01-28,11.56,11.75,11.49,11.68,7229732
2021-01-31,11.68,11.69,11.50,11.51,1432647
2021-02-01,11.51,11.53,11.38,11.40,2744615
2021-02-02,11.40,11.47,11.35,11.42,5363168
2021-02-03,11.42,11.69,11.34,11.60,8522873
2021-02-04,11.60,11.65,11.56,11.61,4939780
2021-02-07,11.61,11.76,11.54,11.69,6589197
2021-02-08,11.69,11.73,11.61,11.64,3816803
2021-02-09,11.64,11.65,11.47,11.48,1783093
2021-02-10,11.48,11.61,11.42,11.55,6241152
2021-02-11,11.55,11.71,11.48,11.64,6647770
2021-02-14,11.64,11.68,11.58,11.63,4607887
2021-02-15,11.63,11.84,11.55,11.77,7652366
2021-02-16,11.77,11.81,11.70,11.74,4349108
2021-02-17,11.74,12.03,11.65,11.94,8747496
2021-02-18,11.94,12.07,11.88,12.00,6156172
2021-02-21,12.00,12.27,11.92,12.18,8254149
2021-02-22,12.18,12.19,12.00,12.00,1535253
2021-02-23,12.00,12.06,11.95,12.01,5085905
2021-02-24,12.01,12.11,11.96,12.06,5696227
2021-02-25,12.06,12.07,11.91,11.92,2304492
2021-02-28,11.92,12.15,11.84,12.07,7774897
2021-03-01,12.07,12.32,11.99,12.24,8008676
2021-03-02,12.24,12.38,12.17,12.32,6388545
2021-03-03,12.32,12.33,12.13,12.14,1556481
2021-03-04,12.14,12.16,12.00,12.01,2524828
2021-03-07,12.01,12.02,11.82,11.82,1120747
2021-03-08,11.82,11.92,11.76,11.86,5763991
2021-03-09,11.86,12.15,11.77,12.05,8578017
2021-03-10,12.05,12.16,12.00,12.10,5834430
2021-03-11,12.10,12.34,12.02,12.26,7730761
2021-03-14,12.26,12.34,12.20,12.29,5501577
2021-03-15,12.29,12.53,12.20,12.45,7862928
2021-03-16,12.45,12.47,12.31,12.34,2790123
2021-03-17,12.34,12.38,12.28,12.32,4628840
2021-03-18,12.32,12.34,12.18,12.20,2539574
2021-03-21,12.20,12.21,12.04,12.06,2275411
2021-03-22,12.06,12.06,11.86,11.87,1293141
2021-03-23,11.87,11.87,11.67,11.68,1197702
2021-03-24,11.68,11.68,11.50,11.50,1519958
2021-03-25,11.50,11.67,11.44,11.60,6827812
2021-03-28,11.60,11.79,11.53,11.72,7170644
2021-03-29,11.72,11.75,11.63,11.67,3857098
2021-03-30,11.67,11.94,11.58,11.85,8566186
2021-03-31,11.85,12.09,11.77,12.01,7791735
2021-04-01,12.01,12.05,11.95,11.99,4620164
2021-04-04,11.99,12.00,11.82,11.83,1841598
2021-04-05,11.83,11.98,11.77,11.91,6394307
2021-04-06,11.91,12.10,11.84,12.03,7142489
2021-04-07,12.03,12.15,11.97,12.09,5987379
2021-04-08,12.09,12.23,12.02,12.16,6311694
2021-04-11,12.16,12.33,12.09,12.26,6757407
2021-04-12,12.26,12.54,12.17,12.45,8336865
2021-04-13,12.45,12.47,12.32,12.34,2877229
2021-04-14,12.34,12.51,12.27,12.44,6798251
2021-04-15,12.44,12.48,12.37,12.41,4223388
2021-04-18,12.41,12.63,12.33,12.55,7424245
2021-04-19,12.55,12.57,12.40,12.42,2598353
2021-04-20,12.42,12.47,12.37,12.43,4980281
2021-04-21,12.43,12.63,12.35,12.56,7286076
2021-04-22,12.56,12.65,12.50,12.59,5491049
2021-04-25,12.59,12.71,12.53,12.65,5940877
2021-04-26,12.65,12.76,12.59,12.70,5796056
2021-04-27,12.70,12.72,12.56,12.58,2809670
2021-04-28,12.58,12.60,12.43,12.45,2438511
2021-04-29,12.45,12.59,12.38,12.53,6287517
2021-05-02,12.53,12.64,12.46,12.58,5887551
2021-05-03,12.58,12.69,12.52,12.63,5806515
2021-05-04,12.63,12.67,12.55,12.59,4093792
2021-05-05,12.59,12.60,12.42,12.43,2058024
2021-05-06,12.43,12.46,12.32,12.35,3378223
2021-05-09,12.35,12.37,12.21,12.23,2548216
2021-05-10,12.23,12.25,12.09,12.11,2654423
2021-05-11,12.11,12.26,12.04,12.19,6486968
2021-05-12,12.19,12.25,12.14,12.20,4984122
2021-05-13,12.20,12.22,12.07,12.10,3010082
2021-05-16,12.10,12.12,11.95,11.97,2466083
2021-05-17,11.97,12.14,11.90,12.07,6734842
2021-05-18,12.07,12.22,12.00,12.15,6458333
2021-05-19,12.15,12.17,12.01,12.03,2648902
2021-05-20,12.03,12.06,11.91,11.94,3133710
2021-05-23,11.94,12.21,11.85,12.12,8332510
2021-05-24,12.12,12.14,11.97,11.99,2368758
2021-05-25,11.99,12.07,11.93,12.02,5514060
2021-05-26,12.02,12.06,11.94,11.97,3965946
2021-05-27,11.97,12.02,11.92,11.98,4958984
2021-05-30,11.98,11.98,11.78,11.78,1209224
2021-05-31,11.78,11.83,11.73,11.77,4691975
2021-06-01,11.77,11.88,11.72,11.82,5752914
2021-06-02,11.82,11.83,11.64,11.65,1552537
2021-06-03,11.65,11.75,11.59,11.70,5843930
2021-06-06,11.70,11.94,11.61,11.86,8083882
2021-06-07,11.86,11.87,11.69,11.70,1877331
2021-06-08,11.70,11.72,11.58,11.60,2755144
2021-06-09,11.60,11.79,11.52,11.72,7285219
2021-06-10,11.72,11.80,11.66,11.75,5516941
2021-06-13,11.75,11.91,11.68,11.85,6758950
2021-06-14,11.85,12.01,11.78,11.94,6690260
2021-06-15,11.94,12.18,11.86,12.09,7804698
2021-06-16,12.09,12.16,12.04,12.11,5188683
2021-06-17,12.11,12.12,11.93,11.94,1632338
2021-06-20,11.94,11.97,11.86,11.90,4073936
2021-06-21,11.90,11.90,11.71,11.71,1377674
2021-06-22,11.71,11.74,11.61,11.64,3444787
2021-06-23,11.64,11.73,11.59,11.68,5657990
2021-06-24,11.68,11.84,11.61,11.77,6659259
2021-06-27,11.77,11.98,11.69,11.90,7460939
2021-06-28,11.90,12.14,11.82,12.06,7890192
2021-06-29,12.06,12.33,11.97,12.24,8366769
2021-06-30,12.24,12.24,12.04,12.04,1014128
2021-07-01,12.04,12.16,11.98,12.10,6103875
2021-07-04,12.10,12.11,11.93,11.94,1833539
2021-07-05,11.94,11.97,11.84,11.86,3437688
2021-07-06,11.86,11.90,11.77,11.80,3632373
2021-07-07,11.80,11.94,11.74,11.88,6392901
2021-07-08,11.88,11.89,11.72,11.73,2064951
2021-07-11,11.73,11.76,11.64,11.68,3809019
2021-07-12,11.68,11.68,11.49,11.50,1378189
2021-07-13,11.50,11.75,11.41,11.67,8229252
2021-07-14,11.67,11.68,11.51,11.52,1967146
2021-07-15,11.52,11.64,11.46,11.58,6122736
2021-07-18,11.58,11.58,11.39,11.40,1263923
2021-07-19,11.40,11.40,11.22,11.23,1440089
2021-07-20,11.23,11.46,11.15,11.38,7959876
2021-07-21,11.38,11.64,11.29,11.56,8502297
2021-07-22,11.56,11.64,11.50,11.59,5561179
2021-07-25,11.59,11.61,11.44,11.46,2222942
2021-07-26,11.46,11.46,11.27,11.28,1277709
2021-07-27,11.28,11.28,11.11,11.12,1663751
2021-07-28,11.12,11.36,11.04,11.28,8245267
2021-07-29,11.28,11.45,11.21,11.38,6923491
2021-08-01,11.38,11.38,11.19,11.19,1081138
2021-08-02,11.19,11.27,11.14,11.22,5360185
2021-08-03,11.22,11.26,11.17,11.21,4772976
2021-08-04,11.21,11.39,11.14,11.32,7146673
2021-08-05,11.32,11.37,11.28,11.32,4901028
2021-08-08,11.32,11.45,11.26,11.39,6159499
2021-08-09,11.39,11.57,11.32,11.50,7193689
2021-08-10,11.50,11.52,11.35,11.37,2201131
2021-08-11,11.37,11.51,11.31,11.44,6416392
2021-08-12,11.44,11.48,11.39,11.43,4555521
2021-08-15,11.43,11.70,11.34,11.61,8593827
2021-08-16,11.61,11.91,11.52,11.82,8876989
2021-08-17,11.82,11.83,11.68,11.70,2565500
2021-08-18,11.70,11.72,11.59,11.62,3412448
2021-08-19,11.62,11.92,11.53,11.82,8874622
2021-08-22,11.82,11.87,11.77,11.81,4556961
2021-08-23,11.81,11.92,11.75,11.87,5990329
2021-08-24,11.87,11.87,11.69,11.70,1742626
2021-08-25,11.70,11.81,11.65,11.75,5863237
2021-08-26,11.75,11.78,11.66,11.69,3660802
2021-08-29,11.69,11.86,11.62,11.79,6814334
2021-08-30,11.79,11.80,11.62,11.63,1817661
2021-08-31,11.63,11.86,11.55,11.78,7757201
2021-09-01,11.78,11.81,11.67,11.70,3423079
2021-09-02,11.70,11.73,11.61,11.64,3753566
2021-09-05,11.64,11.74,11.59,11.68,5612860
2021-09-06,11.68,11.70,11.56,11.58,2902194
2021-09-07,11.58,11.76,11.51,11.69,7004286
2021-09-08,11.69,11.97,11.60,11.88,8561111
2021-09-09,11.88,12.16,11.79,12.07,8585013
2021-09-12,12.07,12.25,12.00,12.18,6903155
2021-09-13,12.18,12.21,12.09,12.13,3935288
2021-09-14,12.13,12.36,12.04,12.28,7804869
2021-09-15,12.28,12.45,12.21,12.38,6783504
2021-09-16,12.38,12.41,12.26,12.29,3068724
2021-09-19,12.29,12.32,12.20,12.23,3895096
2021-09-20,12.23,12.24,12.07,12.08,1978669
2021-09-21,12.08,12.08,11.88,11.89,1294753
2021-09-22,11.89,12.15,11.80,12.06,8189026
2021-09-23,12.06,12.09,11.97,12.00,3821982
2021-09-26,12.00,12.02,11.84,11.85,1946707
2021-09-27,11.85,12.10,11.77,12.01,8019993
2021-09-28,12.01,12.24,11.93,12.16,7646776
2021-09-29,12.16,12.43,12.07,12.34,8357921
2021-09-30,12.34,12.51,12.27,12.44,6721330
2021-10-03,12.44,12.75,12.35,12.65,8786385
2021-10-04,12.65,12.91,12.57,12.82,7861728
2021-10-05,12.82,13.06,12.74,12.97,7626371
2021-10-06,12.97,12.99,12.82,12.84,2574142
2021-10-07,12.84,12.88,12.75,12.78,3791460
2021-10-10,12.78,12.91,12.72,12.85,6068449
2021-10-11,12.85,13.14,12.75,13.04,8343381
2021-10-12,13.04,13.28,12.96,13.19,7480452
2021-10-13,13.19,13.28,13.13,13.22,5380898
2021-10-14,13.22,13.31,13.16,13.25,5427434
2021-10-17,13.25,13.40,13.18,13.33,6262037
2021-10-18,13.33,13.67,13.23,13.57,8897050
2021-10-19,13.57,13.64,13.51,13.58,5159636
2021-10-20,13.58,13.62,13.47,13.50,3469547
2021-10-21,13.50,13.54,13.40,13.44,3950240
2021-10-24,13.44,13.47,13.30,13.33,2873319
2021-10-25,13.33,13.35,13.16,13.18,2436316
2021-10-26,13.18,13.20,13.00,13.01,1873799
2021-10-27,13.01,13.02,12.83,12.84,1901817
2021-10-28,12.84,13.00,12.77,12.93,6495679
2021-10-31,12.93,13.06,12.87,13.00,6001063
2021-11-01,13.00,13.09,12.94,13.03,5578463
2021-11-02,13.03,13.06,12.90,12.93,2980967
2021-11-03,12.93,12.96,12.82,12.86,3665363
2021-11-04,12.86,12.86,12.65,12.65,1236591
2021-11-07,12.65,12.68,12.53,12.56,3225514
2021-11-08,12.56,12.70,12.50,12.63,6200034
2021-11-09,12.63,12.91,12.54,12.82,8209533
2021-11-10,12.82,12.84,12.67,12.69,2562654
2021-11-11,12.69,13.02,12.59,12.91,8938408
2021-11-14,12.91,13.03,12.85,12.97,5830624
2021-11-15,12.97,13.01,12.89,12.94,4325720
2021-11-16,12.94,13.15,12.86,13.07,7213820
2021-11-17,13.07,13.16,13.01,13.10,5433196
2021-11-18,13.10,13.14,13.00,13.04,3848045
2021-11-21,13.04,13.08,12.97,13.01,4359602
2021-11-22,13.01,13.03,12.85,12.87,2350582
2021-11-23,12.87,12.91,12.80,12.84,4462962
2021-11-24,12.84,12.88,12.74,12.78,3709087
2021-11-25,12.78,13.04,12.69,12.95,7916117
2021-11-28,12.95,12.95,12.75,12.76,1503806
2021-11-29,12.76,13.06,12.66,12.96,8595610
2021-11-30,12.96,12.97,12.76,12.77,1463134
2021-12-01,12.77,12.92,12.70,12.85,6303909
2021-12-02,12.85,13.00,12.78,12.93,6352503
2021-12-05,12.93,12.95,12.77,12.79,2324965
2021-12-06,12.79,12.93,12.72,12.86,6196604
2021-12-07,12.86,13.15,12.77,13.05,8313100
2021-12-08,13.05,13.17,12.99,13.11,5834945
2021-12-09,13.11,13.15,13.04,13.09,4515226
2021-12-12,13.09,13.10,12.90,12.91,1810733
2021-12-13,12.91,13.13,12.83,13.05,7326406
2021-12-14,13.05,13.10,12.99,13.03,4593106
2021-12-15,13.03,13.18,12.97,13.11,6178737
2021-12-16,13.11,13.12,12.94,12.95,2132681
2021-12-19,12.95,12.96,12.76,12.77,1763580
2021-12-20,12.77,13.09,12.67,12.99,8750445
2021-12-21,12.99,13.00,12.80,12.80,1587105
2021-12-22,12.80,13.02,12.72,12.94,7359979
2021-12-23,12.94,12.99,12.89,12.94,4859190
2021-12-26,12.94,12.94,12.72,12.72,1023010
2021-12-27,12.72,13.04,12.62,12.94,8715637
2021-12-28,12.94,13.05,12.87,12.99,5838305
2021-12-29,12.99,13.03,12.89,12.93,3773731
2021-12-30,12.93,12.93,12.71,12.72,1163888
2022-01-02,12.72,12.91,12.64,12.84,7021124
2022-01-03,12.84,12.91,12.78,12.85,5172599
2022-01-04,12.85,12.89,12.77,12.80,4038065
2022-01-05,12.80,12.84,12.71,12.74,3740980
2022-01-06,12.74,13.04,12.64,12.95,8552949
2022-01-09,12.95,12.99,12.89,12.93,4671502
2022-01-10,12.93,13.16,12.85,13.07,7331207
2022-01-11,13.07,13.08,12.86,12.86,1248113
2022-01-12,12.86,13.02,12.80,12.95,6397530
2022-01-13,12.95,13.02,12.90,12.96,5125137
2022-01-16,12.96,12.98,12.81,12.83,2591426
2022-01-17,12.83,12.88,12.77,12.82,4549485
2022-01-18,12.82,13.11,12.72,13.02,8456104
2022-01-19,13.02,13.28,12.93,13.19,7916220
2022-01-20,13.19,13.21,13.03,13.05,2460699
2022-01-23,13.05,13.10,12.99,13.04,4657441
2022-01-24,13.04,13.08,12.97,13.02,4555829
2022-01-25,13.02,13.05,12.91,12.94,3464506
2022-01-26,12.94,13.00,12.89,12.95,5062482
2022-01-27,12.95,12.99,12.85,12.89,3843587
2022-01-30,12.89,12.91,12.75,12.78,2894238
2022-01-31,12.78,12.84,12.73,12.78,5004561
2022-02-01,12.78,12.79,12.57,12.57,1112825
2022-02-02,12.57,12.61,12.49,12.53,4083230
2022-02-03,12.53,12.78,12.44,12.69,7817009
2022-02-06,12.69,12.93,12.61,12.85,7696879
2022-02-07,12.85,12.86,12.69,12.71,2364814
2022-02-08,12.71,13.03,12.61,12.93,8833161
2022-02-09,12.93,12.95,12.79,12.82,2929080
2022-02-10,12.82,12.82,12.60,12.60,1072325
2022-02-13,12.60,12.63,12.49,12.52,3386351
2022-02-14,12.52,12.65,12.46,12.59,6142764
2022-02-15,12.59,12.62,12.48,12.51,3539094
2022-02-16,12.51,12.54,12.38,12.40,2809910
2022-02-17,12.40,12.45,12.34,12.39,4671262
2022-02-20,12.39,12.45,12.34,12.40,5098456
2022-02-21,12.40,12.42,12.25,12.27,2437174
2022-02-22,12.27,12.28,12.10,12.11,1847908
2022-02-23,12.11,12.11,11.90,11.91,1083744
2022-02-24,11.91,12.00,11.85,11.94,5601474
2022-02-27,11.94,11.94,11.74,11.74,1006035
2022-02-28,11.74,11.76,11.61,11.64,2828292
2022-03-01,11.64,11.85,11.56,11.78,7636145
2022-03-02,11.78,11.86,11.72,11.81,5478978
2022-03-03,11.81,11.90,11.75,11.85,5665432
2022-03-06,11.85,11.88,11.76,11.80,3874519
2022-03-07,11.80,11.81,11.66,11.68,2600068
2022-03-08,11.68,11.73,11.63,11.68,4928497
2022-03-09,11.68,11.77,11.63,11.72,5649931
2022-03-10,11.72,11.75,11.63,11.66,3702640
2022-03-13,11.66,11.69,11.58,11.61,3950823
2022-03-14,11.61,11.87,11.53,11.78,8295713
2022-03-15,11.78,11.82,11.71,11.75,4120027
2022-03-16,11.75,11.87,11.69,11.81,6065740
2022-03-17,11.81,12.00,11.73,11.92,7145198
2022-03-20,11.92,12.12,11.85,12.04,7185562
2022-03-21,12.04,12.20,11.98,12.13,6606584
2022-03-22,12.13,12.22,12.08,12.17,5531721
2022-03-23,12.17,12.44,12.08,12.35,8232578
2022-03-24,12.35,12.66,12.25,12.57,8906687
2022-03-27,12.57,12.74,12.49,12.67,6788614
2022-03-28,12.67,12.69,12.52,12.54,2594410
2022-03-29,12.54,12.82,12.45,12.73,8299382
2022-03-30,12.73,12.87,12.66,12.81,6249211
2022-03-31,12.81,12.82,12.62,12.62,1604389
2022-04-03,12.62,12.89,12.53,12.80,8118004
2022-04-04,12.80,13.02,12.72,12.94,7246844
2022-04-05,12.94,13.25,12.84,13.15,8595850
2022-04-06,13.15,13.18,13.04,13.08,3695884
2022-04-07,13.08,13.15,13.02,13.09,5114849
2022-04-10,13.09,13.12,12.95,12.98,2902126
2022-04-11,12.98,13.13,12.91,13.06,6366358
2022-04-12,13.06,13.09,12.94,12.97,3186556
2022-04-13,12.97,13.00,12.87,12.91,3856550
2022-04-14,12.91,12.94,12.80,12.83,3462757
2022-04-17,12.83,12.88,12.77,12.82,4795301
2022-04-18,12.82,13.00,12.75,12.93,6792455
2022-04-19,12.93,13.08,12.86,13.01,6318415
2022-04-20,13.01,13.09,12.96,13.03,5274417
2022-04-21,13.03,13.24,12.96,13.16,7043175
2022-04-24,13.16,13.17,12.99,13.01,2266666
2022-04-25,13.01,13.27,12.92,13.18,7957235
2022-04-26,13.18,13.45,13.09,13.36,7942043
2022-04-27,13.36,13.38,13.21,13.23,2640843
2022-04-28,13.23,13.51,13.13,13.42,8177091
2022-05-01,13.42,13.47,13.36,13.42,4822393
2022-05-02,13.42,13.44,13.27,13.29,2774279
2022-05-03,13.29,13.30,13.08,13.08,1267318
2022-05-04,13.08,13.08,12.86,12.86,1017558
2022-05-05,12.86,12.99,12.80,12.92,6000308
2022-05-08,12.92,13.09,12.85,13.02,6561248
2022-05-09,13.02,13.28,12.93,13.19,7860871
2022-05-10,13.19,13.44,13.10,13.35,7652263
2022-05-11,13.35,13.38,13.23,13.26,3392215
2022-05-12,13.26,13.31,13.20,13.25,4685665
2022-05-15,13.25,13.28,13.12,13.14,3063477
2022-05-16,13.14,13.17,13.01,13.04,3093552
2022-05-17,13.04,13.07,12.90,12.92,2825274
2022-05-18,12.92,12.96,12.82,12.85,3567283
2022-05-19,12.85,13.19,12.75,13.08,8998593
2022-05-22,13.08,13.18,13.02,13.12,5613031
2022-05-23,13.12,13.17,13.06,13.10,4497016
2022-05-24,13.10,13.41,13.00,13.31,8440672
2022-05-25,13.31,13.61,13.21,13.51,8382270
2022-05-26,13.51,13.51,13.29,13.29,1186008
2022-05-29,13.29,13.34,13.23,13.28,4753120
2022-05-30,13.28,13.45,13.21,13.38,6466323
2022-05-31,13.38,13.43,13.32,13.38,4967592
2022-06-01,13.38,13.39,13.17,13.17,1269272
2022-06-02,13.17,13.20,13.04,13.07,3198525
2022-06-05,13.07,13.10,12.95,12.98,3175102
2022-06-06,12.98,12.98,12.77,12.77,1322462
2022-06-07,12.77,12.79,12.60,12.61,1912208
2022-06-08,12.61,12.81,12.53,12.73,7141872
2022-06-09,12.73,13.01,12.64,12.92,8246021
2022-06-12,12.92,13.04,12.86,12.98,5940706
2022-06-13,12.98,13.02,12.90,12.94,4201234
2022-06-14,12.94,12.95,12.74,12.74,1373285
2022-06-15,12.74,12.76,12.60,12.62,2617352
2022-06-16,12.62,12.72,12.56,12.66,5686522
2022-06-19,12.66,12.93,12.57,12.84,8037585
2022-06-20,12.84,12.87,12.72,12.75,3275480
2022-06-21,12.75,12.94,12.67,12.86,6931069
2022-06-22,12.86,13.10,12.78,13.01,7572256
2022-06-23,13.01,13.04,12.89,12.92,3248422
2022-06-26,12.92,12.95,12.80,12.83,3268209
2022-06-27,12.83,12.86,12.71,12.74,3310631
2022-06-28,12.74,12.86,12.68,12.80,5869513
2022-06-29,12.80,12.92,12.73,12.86,6031275
2022-06-30,12.86,13.03,12.79,12.96,6586042
2022-07-03,12.96,13.12,12.88,13.05,6472085
2022-07-04,13.05,13.07,12.89,12.91,2553600
2022-07-05,12.91,12.96,12.86,12.90,4731824
2022-07-06,12.90,13.20,12.81,13.10,8389471
2022-07-07,13.10,13.14,13.02,13.06,4168518
2022-07-10,13.06,13.06,12.84,12.85,1081310
2022-07-11,12.85,13.04,12.77,12.96,6955006
2022-07-12,12.96,13.10,12.89,13.04,6209362
2022-07-13,13.04,13.23,12.96,13.16,6967832
2022-07-14,13.16,13.25,13.10,13.19,5502023
2022-07-17,13.19,13.23,13.10,13.14,4009465
2022-07-18,13.14,13.15,12.95,12.96,1724725
2022-07-19,12.96,13.18,12.88,13.10,7363854
2022-07-20,13.10,13.44,13.00,13.33,8902160
2022-07-21,13.33,13.38,13.27,13.32,4685322
2022-07-24,13.32,13.59,13.23,13.49,7873834
2022-07-25,13.49,13.79,13.40,13.69,8220781
2022-07-26,13.69,13.72,13.56,13.59,3182956
2022-07-27,13.59,13.61,13.42,13.44,2365294
2022-07-28,13.44,13.52,13.38,13.47,5298662
2022-07-31,13.47,13.79,13.36,13.68,8550960
2022-08-01,13.68,13.70,13.50,13.52,2171570
2022-08-02,13.52,13.55,13.40,13.44,3469135
2022-08-03,13.44,13.72,13.34,13.63,8122668
2022-08-04,13.63,13.65,13.47,13.49,2625994
2022-08-07,13.49,13.63,13.42,13.56,6065534
2022-08-08,13.56,13.64,13.50,13.58,5231412
2022-08-09,13.58,13.80,13.50,13.71,7061899
2022-08-10,13.71,14.03,13.61,13.93,8421193
2022-08-11,13.93,13.96,13.79,13.82,3210528
2022-08-14,13.82,13.85,13.67,13.70,2812620
2022-08-15,13.70,13.82,13.63,13.76,5869444
2022-08-16,13.76,13.85,13.70,13.79,5393347
2022-08-17,13.79,13.79,13.56,13.57,1211488
2022-08-18,13.57,13.58,13.37,13.38,1743621
2022-08-21,13.38,13.59,13.30,13.51,7113203
2022-08-22,13.51,13.62,13.45,13.55,5591838
2022-08-23,13.55,13.79,13.47,13.70,7377057
2022-08-24,13.70,13.74,13.59,13.63,3703429
2022-08-25,13.63,13.66,13.51,13.54,3287002
2022-08-28,13.54,13.55,13.36,13.37,2103086
2022-08-29,13.37,13.54,13.30,13.47,6497359
2022-08-30,13.47,13.57,13.40,13.51,5630315
2022-08-31,13.51,13.59,13.45,13.53,5255041
2022-09-01,13.53,13.56,13.39,13.41,2828326
2022-09-04,13.41,13.69,13.32,13.59,7955109
2022-09-05,13.59,13.64,13.51,13.55,4166255
2022-09-06,13.55,13.59,13.46,13.50,4029663
2022-09-07,13.50,13.60,13.44,13.54,5594718
2022-09-08,13.54,13.56,13.37,13.38,2170061
2022-09-11,13.38,13.47,13.32,13.41,5434705
2022-09-12,13.41,13.43,13.23,13.24,1882475
2022-09-13,13.24,13.26,13.08,13.11,2599794
2022-09-14,13.11,13.12,12.94,12.96,2376783
2022-09-15,12.96,13.24,12.87,13.15,8151714
2022-09-18,13.15,13.48,13.05,13.37,8788786
2022-09-19,13.37,13.52,13.30,13.45,6189231
2022-09-20,13.45,13.49,13.34,13.38,3735768
2022-09-21,13.38,13.66,13.29,13.57,8070370
2022-09-22,13.57,13.61,13.48,13.53,4205384
2022-09-25,13.53,13.81,13.43,13.71,7967969
2022-09-26,13.71,13.75,13.61,13.64,3777880
2022-09-27,13.64,13.91,13.55,13.82,7758573
2022-09-28,13.82,14.12,13.72,14.02,8181652
2022-09-29,14.02,14.25,13.93,14.16,7244650
2022-10-02,14.16,14.21,14.07,14.12,4182133
2022-10-03,14.12,14.39,14.02,14.29,7710150
2022-10-04,14.29,14.42,14.22,14.35,5804012
2022-10-05,14.35,14.41,14.29,14.35,4809396
2022-10-06,14.35,14.36,14.15,14.16,1886796
2022-10-09,14.16,14.18,14.00,14.03,2789300
2022-10-10,14.03,14.09,13.97,14.03,4973696
2022-10-11,14.03,14.05,13.85,13.86,2044924
2022-10-12,13.86,13.87,13.65,13.66,1533847
2022-10-13,13.66,13.94,13.56,13.84,8008367
2022-10-16,13.84,13.88,13.73,13.76,3517866
2022-10-17,13.76,13.85,13.70,13.79,5370987
2022-10-18,13.79,13.80,13.57,13.57,1246742
2022-10-19,13.57,13.58,13.37,13.38,1638957
2022-10-20,13.38,13.39,13.18,13.19,1634053
2022-10-23,13.19,13.23,13.10,13.14,4022153
2022-10-24,13.14,13.39,13.05,13.31,7741529
2022-10-25,13.31,13.31,13.11,13.12,1656378
2022-10-26,13.12,13.15,13.01,13.05,3667935
2022-10-27,13.05,13.05,12.83,12.84,1158916
2022-10-30,12.84,13.16,12.74,13.05,8771296
2022-10-31,13.05,13.09,12.94,12.98,3517421
2022-11-01,12.98,12.98,12.77,12.77,1224451
2022-11-02,12.77,12.79,12.61,12.63,2312139
2022-11-03,12.63,12.81,12.55,12.74,6903943
2022-11-06,12.74,12.77,12.62,12.65,3271467
2022-11-07,12.65,12.66,12.46,12.47,1612242
2022-11-08,12.47,12.47,12.26,12.26,1160836
2022-11-09,12.26,12.28,12.12,12.14,2633299
2022-11-10,12.14,12.16,11.98,11.99,2004938
2022-11-13,11.99,12.08,11.93,12.03,5621433
2022-11-14,12.03,12.05,11.89,11.91,2643278
2022-11-15,11.91,12.08,11.84,12.01,6823559
2022-11-16,12.01,12.24,11.93,12.16,7619067
2022-11-17,12.16,12.32,12.09,12.25,6634739
2022-11-20,12.25,12.28,12.14,12.17,3401440
2022-11-21,12.17,12.19,12.03,12.04,2487071
2022-11-22,12.04,12.05,11.88,11.89,1941015
2022-11-23,11.89,11.91,11.77,11.79,3071913
2022-11-24,11.79,11.80,11.62,11.62,1558779
2022-11-27,11.62,11.86,11.54,11.78,7895438
2022-11-28,11.78,11.78,11.58,11.59,1168312
2022-11-29,11.59,11.84,11.50,11.75,8167524
2022-11-30,11.75,11.79,11.66,11.70,3831344
2022-12-01,11.70,11.70,11.50,11.50,1023971
2022-12-04,11.50,11.51,11.33,11.34,1646639
2022-12-05,11.34,11.34,11.15,11.15,1082064
2022-12-06,11.15,11.26,11.09,11.20,5972222
2022-12-07,11.20,11.21,11.03,11.03,1329458
2022-12-08,11.03,11.05,10.92,10.94,2980932
2022-12-11,10.94,10.96,10.84,10.86,3346399
2022-12-12,10.86,10.88,10.74,10.75,2549314
2022-12-13,10.75,10.79,10.71,10.75,4861282
2022-12-14,10.75,10.79,10.70,10.73,4479835
2022-12-15,10.73,10.99,10.65,10.91,8639540
2022-12-18,10.91,10.92,10.76,10.78,2056447
2022-12-19,10.78,10.81,10.73,10.77,4705864
2022-12-20,10.77,10.93,10.70,10.86,6933470
2022-12-21,10.86,10.97,10.81,10.91,5899759
2022-12-22,10.91,11.10,10.84,11.03,7357818
2022-12-25,11.03,11.30,10.94,11.22,8764437
2022-12-26,11.22,11.25,11.13,11.16,3724554
2022-12-27,11.16,11.38,11.09,11.30,7769032
2022-12-28,11.30,11.31,11.13,11.13,1465775
2022-12-29,11.13,11.30,11.07,11.23,6864163
2023-01-01,11.23,11.23,11.05,11.05,1272839
2023-01-02,11.05,11.09,10.99,11.03,4370816
2023-01-03,11.03,11.05,10.90,10.92,2651920
2023-01-04,10.92,11.10,10.85,11.03,7202572
2023-01-05,11.03,11.07,10.99,11.03,4812894
2023-01-08,11.03,11.04,10.89,10.91,2421159
2023-01-09,10.91,10.95,10.87,10.91,4891563
2023-01-10,10.91,11.03,10.85,10.97,6125342
2023-01-11,10.97,10.98,10.80,10.81,1505212
2023-01-12,10.81,10.90,10.76,10.85,5673148
2023-01-15,10.85,10.87,10.76,10.79,3641495
2023-01-16,10.79,10.81,10.69,10.71,3237414
2023-01-17,10.71,10.75,10.67,10.71,4880658
2023-01-18,10.71,10.97,10.63,10.89,8694684
2023-01-19,10.89,10.91,10.77,10.80,2951097
2023-01-22,10.80,10.89,10.74,10.84,5847427
2023-01-23,10.84,11.10,10.76,11.02,8618244
2023-01-24,11.02,11.05,10.94,10.98,3979595
2023-01-25,10.98,11.01,10.90,10.93,3906790
2023-01-26,10.93,11.08,10.87,11.02,6745507
2023-01-29,11.02,11.03,10.86,10.86,1656241
2023-01-30,10.86,10.88,10.73,10.74,2392078
2023-01-31,10.74,10.87,10.69,10.82,6409807
2023-02-01,10.82,11.00,10.75,10.93,7314368
2023-02-02,10.93,10.97,10.88,10.92,4636625
2023-02-05,10.92,10.94,10.81,10.83,2944478
2023-02-06,10.83,11.07,10.75,10.99,8287311
2023-02-07,10.99,11.10,10.93,11.04,5973765
2023-02-08,11.04,11.25,10.97,11.18,7682853
2023-02-09,11.18,11.40,11.10,11.32,7908401
2023-02-12,11.32,11.33,11.16,11.17,1736831
2023-02-13,11.17,11.40,11.09,11.32,7958264
2023-02-14,11.32,11.33,11.15,11.15,1510973
2023-02-15,11.15,11.18,11.05,11.07,3259156
2023-02-16,11.07,11.25,11.01,11.18,7104046
2023-02-19,11.18,11.44,11.10,11.35,8428360
2023-02-20,11.35,11.46,11.30,11.40,5874074
2023-02-21,11.40,11.67,11.32,11.58,8453532
2023-02-22,11.58,11.82,11.50,11.74,7993895
2023-02-23,11.74,11.79,11.69,11.74,4914917
2023-02-26,11.74,11.94,11.67,11.87,7340054
2023-02-27,11.87,11.90,11.77,11.80,3540912
2023-02-28,11.80,11.83,11.71,11.74,3715020
2023-03-01,11.74,11.92,11.67,11.85,7096947
2023-03-02,11.85,12.00,11.79,11.93,6402743
2023-03-05,11.93,12.02,11.88,11.97,5607716
2023-03-06,11.97,11.99,11.85,11.87,3057544
2023-03-07,11.87,11.91,11.79,11.82,3912722
2023-03-08,11.82,11.94,11.77,11.88,5926337
2023-03-09,11.88,12.03,11.81,11.97,6555178
2023-03-12,11.97,12.17,11.89,12.10,7404183
2023-03-13,12.10,12.35,12.01,12.26,8004218
2023-03-14,12.26,12.31,12.21,12.26,4923182
2023-03-15,12.26,12.30,12.19,12.23,4210459
2023-03-16,12.23,12.43,12.15,12.35,7174691
2023-03-19,12.35,12.36,12.16,12.17,1494890
2023-03-20,12.17,12.27,12.11,12.21,5664883
2023-03-21,12.21,12.38,12.14,12.31,6771090
2023-03-22,12.31,12.54,12.23,12.46,7603635
2023-03-23,12.46,12.66,12.38,12.58,7100788
2023-03-26,12.58,12.59,12.41,12.43,2126748
2023-03-27,12.43,12.45,12.28,12.30,2582750
2023-03-28,12.30,12.34,12.21,12.25,3851508
2023-03-29,12.25,12.29,12.19,12.23,4575000
2023-03-30,12.23,12.34,12.17,12.28,5765569
2023-04-02,12.28,12.48,12.20,12.41,7250377
2023-04-03,12.41,12.41,12.21,12.22,1449176
2023-04-04,12.22,12.26,12.16,12.20,4485425
2023-04-05,12.20,12.24,12.14,12.19,4630727
2023-04-06,12.19,12.22,12.11,12.14,4082613
2023-04-09,12.14,12.16,11.98,11.99,2075651
2023-04-10,11.99,12.20,11.92,12.12,7325891
2023-04-11,12.12,12.36,12.04,12.28,7808641
2023-04-12,12.28,12.29,12.11,12.12,1869581
2023-04-13,12.12,12.14,11.98,12.00,2669204
2023-04-16,12.00,12.25,11.92,12.16,7960596
2023-04-17,12.16,12.36,12.08,12.28,7200548
2023-04-18,12.28,12.30,12.12,12.13,1993998
2023-04-19,12.13,12.37,12.05,12.29,7871810
2023-04-20,12.29,12.37,12.23,12.32,5401886
2023-04-23,12.32,12.61,12.22,12.52,8633607
2023-04-24,12.52,12.54,12.38,12.41,2875617
2023-04-25,12.41,12.65,12.32,12.57,7806927
2023-04-26,12.57,12.58,12.39,12.40,1921364
2023-04-27,12.40,12.45,12.33,12.37,4305349
2023-04-30,12.37,12.38,12.19,12.20,1749005
2023-05-01,12.20,12.21,12.00,12.01,1190603
2023-05-02,12.01,12.22,11.93,12.14,7494341
2023-05-03,12.14,12.30,12.08,12.23,6561454
2023-05-04,12.23,12.24,12.06,12.07,1774657
2023-05-07,12.07,12.30,11.99,12.22,7775925
2023-05-08,12.22,12.23,12.04,12.04,1577606
2023-05-09,12.04,12.23,11.97,12.16,7006858
2023-05-10,12.16,12.44,12.06,12.35,8483436
2023-05-11,12.35,12.48,12.28,12.41,6130795
2023-05-14,12.41,12.45,12.34,12.38,4220541
2023-05-15,12.38,12.43,12.33,12.38,4950205
2023-05-16,12.38,12.61,12.30,12.53,7554355
2023-05-17,12.53,12.57,12.47,12.52,4749039
2023-05-18,12.52,12.81,12.43,12.72,8509567
2023-05-21,12.72,12.72,12.51,12.51,1181618
2023-05-22,12.51,12.55,12.42,12.46,3925685
2023-05-23,12.46,12.62,12.39,12.55,6494855
2023-05-24,12.55,12.70,12.48,12.63,6345919
2023-05-25,12.63,12.69,12.58,12.64,5083813
2023-05-28,12.64,12.66,12.48,12.49,2239403
2023-05-29,12.49,12.51,12.34,12.36,2380589
2023-05-30,12.36,12.39,12.26,12.29,3556755
2023-05-31,12.29,12.48,12.21,12.40,7076543
2023-06-01,12.40,12.70,12.31,12.61,8618964
2023-06-04,12.61,12.63,12.47,12.49,2677846
2023-06-05,12.49,12.77,12.39,12.68,8339609
2023-06-06,12.68,12.72,12.61,12.65,4394375
2023-06-07,12.65,12.76,12.59,12.70,5780418
2023-06-08,12.70,12.70,12.50,12.50,1361934
2023-06-11,12.50,12.50,12.29,12.29,1040157
2023-06-12,12.29,12.56,12.20,12.47,8197805
2023-06-13,12.47,12.56,12.42,12.50,5476851
2023-06-14,12.50,12.51,12.33,12.34,1889643
2023-06-15,12.34,12.41,12.29,12.36,5263340
2023-06-18,12.36,12.62,12.27,12.53,8017695
2023-06-19,12.53,12.55,12.37,12.39,2276165
2023-06-20,12.39,12.67,12.30,12.57,8310356
2023-06-21,12.57,12.62,12.50,12.54,4317798
2023-06-22,12.54,12.64,12.49,12.58,5533058
2023-06-25,12.58,12.62,12.52,12.57,4672187
2023-06-26,12.57,12.67,12.51,12.61,5710493
2023-06-27,12.61,12.81,12.54,12.73,6993655
2023-06-28,12.73,12.83,12.67,12.77,5682167
2023-06-29,12.77,13.01,12.69,12.92,7529115
2023-07-02,12.92,12.93,12.75,12.76,1991289
2023-07-03,12.76,12.93,12.69,12.86,6673628
2023-07-04,12.86,12.92,12.81,12.87,5106995
2023-07-05,12.87,12.88,12.69,12.70,1859293
2023-07-06,12.70,12.73,12.57,12.60,2979903
2023-07-09,12.60,12.61,12.42,12.42,1777469
2023-07-10,12.42,12.44,12.25,12.26,1931001
2023-07-11,12.26,12.38,12.20,12.32,5934327
2023-07-12,12.32,12.64,12.22,12.54,8873868
2023-07-13,12.54,12.63,12.48,12.57,5539746
2023-07-16,12.57,12.60,12.44,12.46,2870233
2023-07-17,12.46,12.57,12.40,12.51,5729526
2023-07-18,12.51,12.77,12.42,12.68,8018861
2023-07-19,12.68,12.75,12.63,12.69,5120953
2023-07-20,12.69,12.73,12.59,12.63,3677777
2023-07-23,12.63,12.67,12.57,12.62,4701680
2023-07-24,12.62,12.88,12.53,12.79,8019821
2023-07-25,12.79,12.92,12.73,12.86,6051954
2023-07-26,12.86,13.05,12.78,12.97,6921536
2023-07-27,12.97,13.16,12.89,13.09,6900171
2023-07-30,13.09,13.37,12.99,13.27,8185390
2023-07-31,13.27,13.29,13.09,13.11,2011762
2023-08-01,13.11,13.17,13.05,13.12,5095336
2023-08-02,13.12,13.21,13.06,13.15,5411419
2023-08-03,13.15,13.15,12.94,12.95,1305692
2023-08-06,12.95,13.07,12.88,13.01,5938648
2023-08-07,13.01,13.01,12.79,12.79,1063374
2023-08-08,12.79,13.06,12.70,12.97,8136659
2023-08-09,12.97,13.02,12.91,12.96,4763443
2023-08-10,12.96,13.13,12.89,13.05,6474588
2023-08-13,13.05,13.06,12.87,12.88,1837997
2023-08-14,12.88,12.93,12.83,12.88,4903052
2023-08-15,12.88,13.22,12.78,13.11,8978395
2023-08-16,13.11,13.12,12.92,12.93,1743038
2023-08-17,12.93,12.94,12.74,12.75,1690809
2023-08-20,12.75,12.79,12.66,12.70,3908127
2023-08-21,12.70,12.73,12.58,12.60,3185116
2023-08-22,12.60,12.76,12.53,12.69,6460048
2023-08-23,12.69,12.71,12.54,12.56,2597119
2023-08-24,12.56,12.57,12.37,12.38,1497565
2023-08-27,12.38,12.54,12.31,12.47,6544101
2023-08-28,12.47,12.75,12.38,12.66,8378703
2023-08-29,12.66,12.92,12.57,12.83,8013717
2023-08-30,12.83,12.91,12.78,12.86,5276303
2023-08-31,12.86,13.16,12.76,13.06,8586213
2023-09-03,13.06,13.08,12.89,12.90,2066906
2023-09-04,12.90,13.03,12.84,12.97,5989986
2023-09-05,12.97,13.13,12.89,13.06,6552983
2023-09-06,13.06,13.09,12.93,12.95,2990466
2023-09-07,12.95,12.99,12.86,12.90,4018484
2023-09-10,12.90,13.00,12.84,12.94,5612345
2023-09-11,12.94,13.08,12.88,13.01,6117729
2023-09-12,13.01,13.04,12.87,12.89,2695130
2023-09-13,12.89,12.89,12.68,12.68,1097633
2023-09-14,12.68,12.86,12.60,12.78,6782030
2023-09-17,12.78,12.86,12.73,12.81,5353257
2023-09-18,12.81,12.85,12.74,12.78,4342181
2023-09-19,12.78,13.07,12.69,12.97,8316700
2023-09-20,12.97,13.19,12.89,13.11,7326200
2023-09-21,13.11,13.13,12.96,12.98,2679320
2023-09-24,12.98,13.12,12.92,13.05,6055075
2023-09-25,13.05,13.09,12.96,13.00,3947290
2023-09-26,13.00,13.23,12.91,13.14,7442386
2023-09-27,13.14,13.17,13.02,13.05,3330486
2023-09-28,13.05,13.22,12.98,13.15,6549862
2023-10-01,13.15,13.28,13.08,13.21,5964711
2023-10-02,13.21,13.24,13.10,13.13,3476268
2023-10-03,13.13,13.15,12.97,12.99,2467249
2023-10-04,12.99,13.00,12.80,12.80,1579629
2023-10-05,12.80,12.81,12.62,12.63,1825754
2023-10-08,12.63,12.66,12.51,12.53,3032784
2023-10-09,12.53,12.63,12.47,12.57,5620473
2023-10-10,12.57,12.58,12.39,12.40,1712277
2023-10-11,12.40,12.43,12.30,12.33,3579801
2023-10-12,12.33,12.41,12.27,12.36,5420576
2023-10-15,12.36,12.51,12.29,12.44,6469170
2023-10-16,12.44,12.66,12.36,12.58,7441632
2023-10-17,12.58,12.62,12.51,12.55,4313271
2023-10-18,12.55,12.58,12.44,12.47,3429766
2023-10-19,12.47,12.48,12.30,12.31,1951611
2023-10-22,12.31,12.41,12.25,12.35,5631893
2023-10-23,12.35,12.39,12.26,12.30,3927400
2023-10-24,12.30,12.45,12.23,12.38,6443072
2023-10-25,12.38,12.43,12.33,12.37,4709773
2023-10-26,12.37,12.40,12.26,12.29,3295404
2023-10-29,12.29,12.56,12.20,12.47,8249348
2023-10-30,12.47,12.52,12.42,12.47,4880246
2023-10-31,12.47,12.52,12.42,12.47,4867112
2023-11-01,12.47,12.49,12.33,12.35,2703772
2023-11-02,12.35,12.36,12.16,12.17,1476646
2023-11-05,12.17,12.20,12.08,12.12,3975857
2023-11-06,12.12,12.12,11.92,11.92,1139677
2023-11-07,11.92,12.03,11.86,11.97,5832304
2023-11-08,11.97,12.01,11.89,11.92,3954972
2023-11-09,11.92,12.10,11.85,12.03,6890397
2023-11-12,12.03,12.10,11.97,12.05,5280555
2023-11-13,12.05,12.31,11.96,12.22,8137791
2023-11-14,12.22,12.43,12.14,12.35,7289266
2023-11-15,12.35,12.37,12.23,12.25,3154732
2023-11-16,12.25,12.29,12.17,12.20,3857647
2023-11-19,12.20,12.30,12.14,12.24,5669615
2023-11-20,12.24,12.26,12.11,12.13,2788168
2023-11-21,12.13,12.15,11.98,12.00,2447873
2023-11-22,12.00,12.08,11.95,12.03,5364780
2023-11-23,12.03,12.24,11.95,12.17,7514197
2023-11-26,12.17,12.37,12.09,12.29,7241803
2023-11-27,12.29,12.30,12.11,12.12,1708093
2023-11-28,12.12,12.16,12.06,12.11,4666152
2023-11-29,12.11,12.20,12.05,12.15,5572770
2023-11-30,12.15,12.27,12.08,12.21,6032887
2023-12-03,12.21,12.30,12.15,12.24,5577366
2023-12-04,12.24,12.55,12.15,12.45,8774108
2023-12-05,12.45,12.55,12.39,12.50,5672496
2023-12-06,12.50,12.59,12.44,12.53,5581172
2023-12-07,12.53,12.57,12.46,12.50,4179149
2023-12-10,12.50,12.53,12.41,12.45,3960253
2023-12-11,12.45,12.70,12.36,12.62,8010905
2023-12-12,12.62,12.64,12.49,12.52,3121227
2023-12-13,12.52,12.56,12.44,12.48,4229492
2023-12-14,12.48,12.76,12.39,12.66,8199897
2023-12-17,12.66,12.99,12.56,12.89,8933676
2023-12-18,12.89,12.90,12.71,12.72,1813545
2023-12-19,12.72,12.72,12.52,12.53,1481481
2023-12-20,12.53,12.85,12.43,12.75,8949828
2023-12-21,12.75,13.02,12.66,12.93,8045747
2023-12-24,12.93,13.14,12.85,13.06,7188991
2023-12-25,13.06,13.22,12.99,13.15,6503017
2023-12-26,13.15,13.17,12.98,13.00,2259430
2023-12-27,13.00,13.05,12.94,12.99,4655761
2023-12-28,12.99,13.04,12.94,12.99,4926577
2023-12-31,12.99,13.03,12.89,12.93,3787928
2024-01-01,12.93,13.00,12.87,12.95,5215123
2024-01-02,12.95,13.18,12.86,13.10,7553840
2024-01-03,13.10,13.37,13.01,13.27,7964574
2024-01-04,13.27,13.32,13.19,13.23,4200411
2024-01-07,13.23,13.24,13.04,13.05,1718141
2024-01-08,13.05,13.07,12.88,12.89,2122702
2024-01-09,12.89,12.95,12.84,12.90,4944958
2024-01-10,12.90,13.08,12.82,13.00,6752812
2024-01-11,13.00,13.10,12.94,13.04,5595644
2024-01-14,13.04,13.07,12.90,12.92,2782098
2024-01-15,12.92,12.94,12.75,12.76,1991186
2024-01-16,12.76,12.87,12.70,12.81,5716735
2024-01-17,12.81,12.81,12.59,12.59,1045164
2024-01-18,12.59,12.77,12.52,12.70,6766598
2024-01-21,12.70,12.81,12.64,12.75,5819307
2024-01-22,12.75,12.78,12.62,12.65,3067489
2024-01-23,12.65,12.94,12.55,12.84,8412379
2024-01-24,12.84,12.85,12.64,12.64,1236694
2024-01-25,12.64,12.68,12.56,12.60,4182407
2024-01-28,12.60,12.62,12.44,12.46,2261865
2024-01-29,12.46,12.48,12.34,12.37,3302229
2024-01-30,12.37,12.61,12.29,12.52,7723251
2024-01-31,12.52,12.76,12.44,12.68,7648388
2024-02-01,12.68,12.89,12.60,12.81,7349245
2024-02-04,12.81,12.81,12.60,12.60,1023353
2024-02-05,12.60,12.63,12.51,12.54,3905281
2024-02-06,12.54,12.85,12.45,12.75,8711076
2024-02-07,12.75,12.78,12.64,12.67,3416049
2024-02-08,12.67,12.69,12.51,12.53,2365877
2024-02-11,12.53,12.55,12.39,12.41,2721056
2024-02-12,12.41,12.43,12.25,12.27,2234670
2024-02-13,12.27,12.42,12.20,12.35,6363511
2024-02-14,12.35,12.65,12.25,12.56,8712517
2024-02-15,12.56,12.87,12.46,12.77,8812551
2024-02-18,12.77,12.80,12.65,12.68,3231515
2024-02-19,12.68,12.81,12.62,12.74,6018792
2024-02-20,12.74,12.76,12.59,12.61,2483024
2024-02-21,12.61,12.65,12.54,12.58,4303223
2024-02-22,12.58,12.70,12.52,12.64,5973216
2024-02-25,12.64,12.66,12.49,12.51,2579423
2024-02-26,12.51,12.56,12.46,12.51,4911968
2024-02-27,12.51,12.55,12.42,12.46,3909122
2024-02-28,12.46,12.50,12.39,12.44,4435082
2024-02-29,12.44,12.72,12.34,12.63,8391083
2024-03-03,12.63,12.65,12.50,12.53,3159842
2024-03-04,12.53,12.56,12.42,12.45,3383333
2024-03-05,12.45,12.46,12.28,12.30,2073902
2024-03-06,12.30,12.49,12.22,12.41,7058710
2024-03-07,12.41,12.44,12.28,12.30,2757510
2024-03-10,12.30,12.37,12.25,12.32,5293758
2024-03-11,12.32,12.34,12.19,12.22,2939060
2024-03-12,12.22,12.33,12.16,12.27,5890946
2024-03-13,12.27,12.35,12.22,12.30,5383984
2024-03-14,12.30,12.31,12.14,12.15,2134224
2024-03-17,12.15,12.41,12.06,12.32,8116975
2024-03-18,12.32,12.42,12.26,12.36,5677914
2024-03-19,12.36,12.62,12.28,12.53,7977537
2024-03-20,12.53,12.58,12.48,12.53,4768930
2024-03-21,12.53,12.53,12.34,12.34,1508882
2024-03-24,12.34,12.58,12.26,12.50,7802331
2024-03-25,12.50,12.70,12.42,12.62,7180144
2024-03-26,12.62,12.67,12.55,12.59,4210219
2024-03-27,12.59,12.64,12.54,12.59,4941941
2024-03-28,12.59,12.61,12.45,12.47,2683950
2024-03-31,12.47,12.47,12.26,12.26,1115260
2024-04-01,12.26,12.29,12.13,12.15,2729698
2024-04-02,12.15,12.17,12.01,12.03,2613683
2024-04-03,12.03,12.06,11.93,11.96,3557338
2024-04-04,11.96,12.00,11.90,11.94,4498936
2024-04-07,11.94,11.96,11.79,11.80,2302674
2024-04-08,11.80,11.98,11.74,11.91,6869787
2024-04-09,11.91,12.00,11.85,11.94,5582990
2024-04-10,11.94,12.00,11.90,11.95,5084259
2024-04-11,11.95,12.10,11.89,12.03,6385939
2024-04-14,12.03,12.04,11.84,11.85,1315192
2024-04-15,11.85,11.98,11.78,11.92,6291769
2024-04-16,11.92,12.00,11.87,11.95,5439128
2024-04-17,11.95,11.97,11.83,11.85,3028875
2024-04-18,11.85,11.85,11.66,11.66,1258539
2024-04-21,11.66,11.87,11.59,11.79,7362688
2024-04-22,11.79,11.91,11.73,11.85,6057373
2024-04-23,11.85,11.85,11.66,11.67,1317901
2024-04-24,11.67,11.88,11.59,11.80,7489951
2024-04-25,11.80,11.90,11.74,11.84,5734019
2024-04-28,11.84,11.85,11.68,11.68,1803189
2024-04-29,11.68,11.69,11.49,11.49,1154252
2024-04-30,11.49,11.57,11.44,11.52,5392146
2024-05-01,11.52,11.64,11.46,11.58,6047736
2024-05-02,11.58,11.80,11.50,11.72,7688923
2024-05-05,11.72,11.99,11.63,11.90,8365089
2024-05-06,11.90,11.90,11.71,11.72,1384876
2024-05-07,11.72,11.86,11.65,11.80,6427297
2024-05-08,11.80,11.81,11.64,11.65,1986179
2024-05-09,11.65,11.84,11.58,11.76,7147942
2024-05-12,11.76,12.05,11.67,11.96,8702709
2024-05-13,11.96,12.05,11.90,12.00,5588751
2024-05-14,12.00,12.02,11.86,11.88,2670267
2024-05-15,11.88,11.89,11.71,11.72,1848491
2024-05-16,11.72,11.87,11.66,11.81,6506138
2024-05-19,11.81,12.01,11.73,11.93,7285185
2024-05-20,11.93,12.00,11.88,11.95,5197976
2024-05-21,11.95,12.20,11.86,12.11,8071673
2024-05-22,12.11,12.39,12.03,12.30,8326028
2024-05-23,12.30,12.42,12.23,12.36,6084499
2024-05-26,12.36,12.46,12.30,12.40,5618689
2024-05-27,12.40,12.40,12.20,12.20,1126131
2024-05-28,12.20,12.44,12.11,12.36,7841392
2024-05-29,12.36,12.37,12.21,12.23,2480521
2024-05-30,12.23,12.28,12.18,12.23,5018827
2024-06-02,12.23,12.34,12.18,12.28,5801989
2024-06-03,12.28,12.30,12.12,12.13,1990500
2024-06-04,12.13,12.34,12.05,12.26,7337448
2024-06-05,12.26,12.29,12.15,12.17,3299622
2024-06-06,12.17,12.39,12.09,12.31,7481961
2024-06-09,12.31,12.34,12.20,12.23,3415329
2024-06-10,12.23,12.27,12.14,12.17,3667626
2024-06-11,12.17,12.31,12.10,12.24,6288237
2024-06-12,12.24,12.29,12.18,12.23,4585802
2024-06-13,12.23,12.24,12.07,12.09,2239334
2024-06-16,12.09,12.10,11.91,11.92,1742661
2024-06-17,11.92,12.05,11.86,11.99,6182201
2024-06-18,11.99,12.00,11.84,11.86,2348079
2024-06-19,11.86,11.92,11.81,11.87,5178566
2024-06-20,11.87,11.90,11.77,11.80,3537860
2024-06-23,11.80,12.00,11.73,11.93,7327194
2024-06-24,11.93,11.96,11.84,11.88,3929286
2024-06-25,11.88,12.12,11.80,12.04,7986111
2024-06-26,12.04,12.08,11.98,12.02,4510013
2024-06-27,12.02,12.02,11.83,11.83,1328155
2024-06-30,11.83,12.01,11.76,11.94,6860288
2024-07-01,11.94,12.00,11.89,11.95,5229869
2024-07-02,11.95,12.25,11.86,12.15,8708504
2024-07-03,12.15,12.18,12.05,12.08,3493724
2024-07-04,12.08,12.13,12.03,12.08,4820096
2024-07-07,12.08,12.16,12.02,12.11,5403669
2024-07-08,12.11,12.11,11.91,11.91,1219753
2024-07-09,11.91,12.07,11.84,12.00,6614026
2024-07-10,12.00,12.02,11.87,11.89,2746982
2024-07-11,11.89,11.92,11.78,11.81,3371707
2024-07-14,11.81,11.92,11.75,11.87,5944993
2024-07-15,11.87,11.90,11.79,11.82,4071776
2024-07-16,11.82,11.90,11.77,11.85,5282921
2024-07-17,11.85,11.97,11.78,11.91,6146330
2024-07-18,11.91,11.95,11.86,11.90,4711385
2024-07-21,11.90,11.92,11.75,11.77,2286728
2024-07-22,11.77,11.79,11.63,11.65,2551371
2024-07-23,11.65,11.89,11.57,11.81,7999142
2024-07-24,11.81,11.91,11.75,11.85,5716460
2024-07-25,11.85,12.00,11.78,11.93,6493449
2024-07-28,11.93,11.94,11.74,11.74,1268381
2024-07-29,11.74,11.77,11.62,11.64,2905452
2024-07-30,11.64,11.71,11.59,11.66,5305898
2024-07-31,11.66,11.70,11.58,11.61,3852434
2024-08-01,11.61,11.68,11.56,11.63,5187037
2024-08-04,11.63,11.64,11.48,11.50,2322050
2024-08-05,11.50,11.52,11.38,11.41,3084636
2024-08-06,11.41,11.64,11.33,11.56,7894547
2024-08-07,11.56,11.85,11.47,11.76,8875240
2024-08-08,11.76,11.77,11.61,11.63,2298319
2024-08-11,11.63,11.76,11.56,11.70,6361316
2024-08-12,11.70,11.74,11.63,11.67,4298799
2024-08-13,11.67,11.72,11.63,11.67,4826817
2024-08-14,11.67,11.70,11.59,11.62,3920679
2024-08-15,11.62,11.86,11.54,11.78,7926063
2024-08-18,11.78,11.89,11.72,11.83,6003463
2024-08-19,11.83,11.87,11.75,11.78,3905967
2024-08-20,11.78,11.97,11.71,11.90,7090363
2024-08-21,11.90,11.90,11.70,11.70,1161591
2024-08-22,11.70,11.71,11.53,11.54,1650514
2024-08-25,11.54,11.60,11.49,11.55,5125034
2024-08-26,11.55,11.56,11.38,11.39,1634533
2024-08-27,11.39,11.65,11.30,11.57,8487654
2024-08-28,11.57,11.64,11.52,11.59,5363408
2024-08-29,11.59,11.61,11.46,11.48,2755624
2024-09-01,11.48,11.51,11.39,11.43,3750720
2024-09-02,11.43,11.45,11.31,11.34,3138820
2024-09-03,11.34,11.57,11.26,11.49,7858196
2024-09-04,11.49,11.65,11.42,11.58,6773045
2024-09-05,11.58,11.59,11.42,11.43,1784602
2024-09-08,11.43,11.46,11.36,11.39,4275582
2024-09-09,11.39,11.44,11.35,11.40,4887962
2024-09-10,11.40,11.44,11.34,11.38,4634087
2024-09-11,11.38,11.41,11.28,11.31,3341117
2024-09-12,11.31,11.31,11.13,11.14,1428806
2024-09-15,11.14,11.31,11.07,11.24,7020610
2024-09-16,11.24,11.50,11.16,11.41,8388134
2024-09-17,11.41,11.63,11.34,11.55,7728909
2024-09-18,11.55,11.59,11.49,11.52,4277503
2024-09-19,11.52,11.69,11.46,11.62,6749965
2024-09-22,11.62,11.64,11.50,11.53,3121604
2024-09-23,11.53,11.75,11.45,11.67,7738100
2024-09-24,11.67,11.68,11.51,11.51,1759945
2024-09-25,11.51,11.69,11.45,11.62,6940226
2024-09-26,11.62,11.66,11.57,11.61,4735733
2024-09-29,11.61,11.65,11.56,11.60,4751406
2024-09-30,11.60,11.75,11.54,11.69,6518106
2024-10-01,11.69,11.84,11.62,11.78,6603737
2024-10-02,11.78,11.80,11.66,11.68,3057681
2024-10-03,11.68,11.75,11.63,11.70,5188580
2024-10-06,11.70,11.98,11.61,11.89,8675445
2024-10-07,11.89,12.14,11.81,12.05,8012105
2024-10-08,12.05,12.19,11.99,12.13,6284979
2024-10-09,12.13,12.27,12.06,12.20,6284190
2024-10-10,12.20,12.39,12.13,12.31,6948010
2024-10-13,12.31,12.38,12.26,12.33,5140637
2024-10-14,12.33,12.35,12.19,12.21,2763305
2024-10-15,12.21,12.24,12.10,12.12,3198731
2024-10-16,12.12,12.18,12.07,12.13,5088888
2024-10-17,12.13,12.14,11.95,11.95,1446124
2024-10-20,11.95,12.21,11.87,12.12,8097599
2024-10-21,12.12,12.13,11.93,11.94,1463065
2024-10-22,11.94,12.04,11.88,11.98,5665980
2024-10-23,11.98,12.29,11.88,12.20,8977949
2024-10-24,12.20,12.29,12.14,12.23,5596502
2024-10-27,12.23,12.25,12.10,12.12,2756207
2024-10-28,12.12,12.12,11.92,11.92,1173113
2024-10-29,11.92,11.97,11.87,11.92,4822530
2024-10-30,11.92,11.96,11.84,11.88,4050137
2024-10-31,11.88,11.91,11.80,11.83,4016426
2024-11-03,11.83,11.85,11.69,11.71,2474485
2024-11-04,11.71,11.75,11.66,11.71,4881104
2024-11-05,11.71,11.75,11.66,11.71,4841220
2024-11-06,11.71,11.72,11.54,11.55,1885699
2024-11-07,11.55,11.83,11.46,11.74,8582441
2024-11-10,11.74,11.92,11.67,11.85,6980829
2024-11-11,11.85,11.99,11.78,11.93,6389506
2024-11-12,11.93,11.94,11.78,11.80,2487482
2024-11-13,11.80,11.90,11.74,11.85,5768587
2024-11-14,11.85,11.87,11.74,11.77,3319238
2024-11-17,11.77,11.88,11.71,11.82,5929561
2024-11-18,11.82,11.86,11.76,11.80,4537825
2024-11-19,11.80,11.84,11.72,11.76,4008230
2024-11-20,11.76,11.89,11.70,11.83,6242009
2024-11-21,11.83,11.98,11.76,11.92,6621879
2024-11-24,11.92,11.95,11.83,11.86,3789814
2024-11-25,11.86,12.03,11.79,11.96,6758161
2024-11-26,11.96,12.16,11.88,12.09,7354080
2024-11-27,12.09,12.21,12.03,12.15,5997325
2024-11-28,12.15,12.17,12.01,12.04,2811351
2024-12-01,12.04,12.05,11.88,11.89,2067764
2024-12-02,11.89,12.00,11.83,11.94,5964094
2024-12-03,11.94,12.05,11.89,11.99,5734910
2024-12-04,11.99,12.00,11.83,11.84,2096262
2024-12-05,11.84,12.03,11.77,11.95,7023456
2024-12-08,11.95,11.98,11.83,11.85,2862174
2024-12-09,11.85,11.87,11.72,11.74,2772908
2024-12-10,11.74,11.78,11.68,11.72,4508744
2024-12-11,11.72,11.81,11.67,11.75,5526474
2024-12-12,11.75,11.96,11.68,11.88,7431035
2024-12-15,11.88,11.89,11.71,11.72,1753292
2024-12-16,11.72,11.72,11.53,11.53,1061145
2024-12-17,11.53,11.55,11.42,11.45,3403978
2024-12-18,11.45,11.46,11.30,11.31,2090432
2024-12-19,11.31,11.60,11.22,11.51,8799519
2024-12-22,11.51,11.52,11.35,11.36,2025068
2024-12-23,11.36,11.65,11.27,11.56,8853497
2024-12-24,11.56,11.80,11.48,11.72,8074931
2024-12-25,11.72,11.88,11.66,11.81,6627640
2024-12-26,11.81,11.82,11.63,11.63,1375823
2024-12-29,11.63,11.64,11.48,11.49,2220713
2024-12-30,11.49,11.54,11.44,11.48,4545027
2024-12-31,11.48,11.65,11.41,11.58,6990740
2025-01-01,11.58,11.60,11.45,11.47,2570198
2025-01-02,11.47,11.65,11.40,11.58,7110562
2025-01-05,11.58,11.63,11.53,11.59,5031584
2025-01-06,11.59,11.63,11.53,11.56,4456721
2025-01-07,11.56,11.57,11.39,11.40,1657578
2025-01-08,11.40,11.57,11.34,11.50,6831687
2025-01-09,11.50,11.52,11.39,11.42,3213614
2025-01-12,11.42,11.62,11.34,11.55,7519410
2025-01-13,11.55,11.77,11.47,11.69,7724382
2025-01-14,11.69,11.70,11.54,11.55,2174211
2025-01-15,11.55,11.59,11.47,11.51,4029389
2025-01-16,11.51,11.53,11.39,11.42,3043004
2025-01-19,11.42,11.46,11.36,11.41,4671844
2025-01-20,11.41,11.42,11.27,11.29,2520850
2025-01-21,11.29,11.32,11.22,11.25,4120884
2025-01-22,11.25,11.37,11.19,11.31,6039849
2025-01-23,11.31,11.44,11.25,11.38,6327126
2025-01-26,11.38,11.51,11.32,11.45,6291358
2025-01-27,11.45,11.46,11.28,11.29,1611556
2025-01-28,11.29,11.31,11.16,11.18,2781550
2025-01-29,11.18,11.23,11.14,11.18,4887757
2025-01-30,11.18,11.20,11.06,11.08,2720301
2025-02-02,11.08,11.10,10.97,11.00,3217455
2025-02-03,11.00,11.02,10.89,10.92,3243415
2025-02-04,10.92,10.96,10.87,10.91,4699417
2025-02-05,10.91,10.93,10.80,10.82,2968175
2025-02-06,10.82,10.86,10.77,10.81,4691666
2025-02-09,10.81,10.83,10.70,10.72,2882235
2025-02-10,10.72,10.78,10.67,10.74,5367043
2025-02-11,10.74,10.78,10.69,10.72,4565843
2025-02-12,10.72,10.98,10.64,10.90,8602091
2025-02-13,10.90,10.99,10.85,10.94,5747393
2025-02-16,10.94,11.06,10.88,11.00,6199279
2025-02-17,11.00,11.00,10.82,10.82,1192318
2025-02-18,10.82,11.02,10.76,10.95,7442558
2025-02-19,10.95,10.99,10.90,10.95,4925308
2025-02-20,10.95,11.17,10.87,11.10,7986248
2025-02-23,11.10,11.19,11.04,11.14,5785871
2025-02-24,11.14,11.18,11.07,11.10,4077263
2025-02-25,11.10,11.35,11.02,11.27,8317215
2025-02-26,11.27,11.30,11.20,11.23,4110665
2025-02-27,11.23,11.40,11.16,11.33,6988477
2025-03-02,11.33,11.42,11.28,11.37,5518552
2025-03-03,11.37,11.46,11.31,11.41,5750274
2025-03-04,11.41,11.71,11.32,11.61,8992283
2025-03-05,11.61,11.64,11.49,11.52,2923593
2025-03-06,11.52,11.63,11.46,11.57,6038031
2025-03-09,11.57,11.65,11.52,11.60,5422016
2025-03-10,11.60,11.63,11.52,11.55,3865672
2025-03-11,11.55,11.81,11.47,11.72,8307270
2025-03-12,11.72,11.94,11.65,11.86,7611008
2025-03-13,11.86,11.89,11.77,11.80,3678120
2025-03-16,11.80,12.04,11.72,11.96,7891323
2025-03-17,11.96,11.98,11.83,11.85,2892592
2025-03-18,11.85,11.95,11.80,11.89,5694272
2025-03-19,11.89,12.15,11.81,12.06,8123525
2025-03-20,12.06,12.08,11.92,11.94,2600102
2025-03-23,11.94,12.01,11.89,11.96,5247462
2025-03-24,11.96,12.00,11.89,11.93,4337208
2025-03-25,11.93,11.95,11.77,11.79,2066872
2025-03-26,11.79,11.88,11.73,11.83,5671021
2025-03-27,11.83,12.06,11.75,11.98,7865706
2025-03-30,11.98,12.03,11.93,11.97,4626234
2025-03-31,11.97,11.98,11.82,11.83,2298285
2025-04-01,11.83,11.95,11.77,11.89,6042352
2025-04-02,11.89,11.99,11.84,11.93,5611522
2025-04-03,11.93,12.08,11.87,12.01,6462585
2025-04-06,12.01,12.03,11.86,11.87,2200480
2025-04-07,11.87,12.14,11.79,12.05,8356069
2025-04-08,12.05,12.14,12.00,12.09,5497256
2025-04-09,12.09,12.32,12.01,12.23,7673422
2025-04-10,12.23,12.50,12.15,12.41,8193209
2025-04-13,12.41,12.43,12.27,12.30,2735631
2025-04-14,12.30,12.31,12.12,12.13,1794513
2025-04-15,12.13,12.41,12.04,12.32,8456275
2025-04-16,12.32,12.33,12.13,12.14,1511042
2025-04-17,12.14,12.17,12.05,12.09,3897085
2025-04-20,12.09,12.13,12.02,12.06,4478600
2025-04-21,12.06,12.13,12.01,12.08,5156824
2025-04-22,12.08,12.08,11.89,11.89,1314471
2025-04-23,11.89,12.11,11.81,12.03,7593518
2025-04-24,12.03,12.03,11.83,11.83,1006310
2025-04-27,11.83,11.91,11.78,11.85,5380006
2025-04-28,11.85,11.92,11.80,11.87,5134362
2025-04-29,11.87,12.14,11.78,12.05,8392832
2025-04-30,12.05,12.08,11.94,11.97,3427023
2025-05-01,11.97,12.25,11.88,12.16,8434465
2025-05-04,12.16,12.32,12.09,12.25,6649725
2025-05-05,12.25,12.43,12.18,12.36,6788854
2025-05-06,12.36,12.40,12.30,12.35,4827160
2025-05-07,12.35,12.55,12.28,12.47,7110322
2025-05-08,12.47,12.50,12.34,12.36,2798834
2025-05-11,12.36,12.46,12.30,12.40,5645781
2025-05-12,12.40,12.46,12.35,12.41,5107956
2025-05-13,12.41,12.44,12.28,12.30,2790294
2025-05-14,12.30,12.44,12.24,12.37,6223662
2025-05-15,12.37,12.41,12.29,12.32,3975960
2025-05-18,12.32,12.34,12.16,12.17,2096570
2025-05-19,12.17,12.18,12.00,12.01,1894135
2025-05-20,12.01,12.20,11.94,12.13,7047668
2025-05-21,12.13,12.16,12.05,12.08,4050994
2025-05-22,12.08,12.12,12.00,12.04,3990534
2025-05-25,12.04,12.04,11.86,11.87,1656412
2025-05-26,11.87,11.90,11.79,11.82,3986899
2025-05-27,11.82,12.06,11.74,11.97,7846193
2025-05-28,11.97,12.17,11.90,12.09,7135528
2025-05-29,12.09,12.16,12.04,12.11,5237620
2025-06-01,12.11,12.41,12.02,12.32,8794444
2025-06-02,12.32,12.34,12.19,12.21,2818347
2025-06-03,12.21,12.23,12.09,12.11,3136488
2025-06-04,12.11,12.13,11.96,11.97,2168621
2025-06-05,11.97,12.22,11.89,12.14,8038203
2025-06-08,12.14,12.14,11.93,11.93,1016838
2025-06-09,11.93,12.13,11.86,12.06,7302057
2025-06-10,12.06,12.07,11.90,11.91,2128429
2025-06-11,11.91,11.93,11.76,11.77,2212002
2025-06-12,11.77,11.80,11.67,11.70,3528086
2025-06-15,11.70,11.74,11.64,11.68,4422359
2025-06-16,11.68,11.69,11.52,11.54,2055315
2025-06-17,11.54,11.55,11.39,11.40,2180041
2025-06-18,11.40,11.41,11.25,11.27,2253326
2025-06-19,11.27,11.30,11.19,11.22,3880109
2025-06-22,11.22,11.37,11.16,11.30,6591255
2025-06-23,11.30,11.47,11.24,11.41,6954663
2025-06-24,11.41,11.43,11.29,11.31,3019718
2025-06-25,11.31,11.35,11.24,11.27,4095061
2025-06-26,11.27,11.38,11.22,11.32,5859705
2025-06-29,11.32,11.34,11.20,11.22,2807475
2025-06-30,11.22,11.33,11.16,11.28,6024794
2025-07-01,11.28,11.29,11.13,11.15,2301783
2025-07-02,11.15,11.29,11.09,11.23,6576714
2025-07-03,11.23,11.45,11.16,11.37,7713786
2025-07-06,11.37,11.58,11.30,11.51,7614231
2025-07-07,11.51,11.51,11.34,11.34,1660768
2025-07-08,11.34,11.38,11.29,11.33,4495370
2025-07-09,11.33,11.33,11.14,11.14,1130384
2025-07-10,11.14,11.33,11.07,11.26,7392969
2025-07-13,11.26,11.48,11.19,11.40,7702880
2025-07-14,11.40,11.41,11.25,11.27,2183573
2025-07-15,11.27,11.29,11.16,11.18,3106652
2025-07-16,11.18,11.22,11.13,11.17,4669650
2025-07-17,11.17,11.29,11.11,11.23,6107133
2025-07-20,11.23,11.47,11.15,11.39,8135150
2025-07-21,11.39,11.55,11.32,11.48,6729012
2025-07-22,11.48,11.73,11.40,11.65,8234396
2025-07-23,11.65,11.66,11.48,11.49,1811796
2025-07-24,11.49,11.50,11.31,11.31,1214300
2025-07-27,11.31,11.34,11.23,11.26,3898696
2025-07-28,11.26,11.29,11.16,11.19,3469924
2025-07-29,11.19,11.39,11.12,11.32,7458847
2025-07-30,11.32,11.36,11.26,11.30,4433367
2025-07-31,11.30,11.56,11.21,11.47,8442866
2025-08-03,11.47,11.51,11.42,11.47,4795987
2025-08-04,11.47,11.53,11.42,11.48,5171742
2025-08-05,11.48,11.52,11.41,11.44,4063957
2025-08-06,11.44,11.48,11.38,11.42,4559053
2025-08-07,11.42,11.43,11.25,11.25,1447153
2025-08-10,11.25,11.26,11.09,11.09,1666529
2025-08-11,11.09,11.11,10.95,10.96,2081378
2025-08-12,10.96,11.00,10.91,10.95,4592935
2025-08-13,10.95,10.98,10.89,10.93,4583916
2025-08-14,10.93,11.20,10.85,11.11,8696296
2025-08-17,11.11,11.12,10.96,10.97,1942421
2025-08-18,10.97,11.21,10.89,11.13,8149451
2025-08-19,11.13,11.16,11.04,11.07,3737139
2025-08-20,11.07,11.11,11.03,11.07,4828943
2025-08-21,11.07,11.28,11.00,11.21,7696467
2025-08-24,11.21,11.35,11.14,11.29,6537242
2025-08-25,11.29,11.56,11.20,11.47,8585836
2025-08-26,11.47,11.62,11.41,11.55,6558299
2025-08-27,11.55,11.59,11.49,11.53,4429938
2025-08-28,11.53,11.80,11.44,11.72,8546433
2025-08-31,11.72,11.96,11.63,11.88,8068278
2025-09-01,11.88,12.17,11.79,12.08,8748559
2025-09-02,12.08,12.33,12.00,12.25,8044067
2025-09-03,12.25,12.47,12.17,12.39,7559739
2025-09-04,12.39,12.57,12.32,12.50,6826440
2025-09-07,12.50,12.51,12.34,12.36,2412071
2025-09-08,12.36,12.64,12.27,12.55,8366015
2025-09-09,12.55,12.56,12.38,12.39,1996913
2025-09-10,12.39,12.42,12.27,12.29,2983779
2025-09-11,12.29,12.40,12.23,12.34,5820438
2025-09-14,12.34,12.44,12.28,12.38,5593312
2025-09-15,12.38,12.44,12.33,12.39,5092524
2025-09-16,12.39,12.42,12.27,12.30,3256344
2025-09-17,12.30,12.35,12.25,12.31,4948971
2025-09-18,12.31,12.34,12.22,12.26,4071639
2025-09-21,12.26,12.30,12.18,12.22,4007064
2025-09-22,12.22,12.25,12.11,12.14,3397222
2025-09-23,12.14,12.16,12.02,12.05,3254458
2025-09-24,12.05,12.08,11.94,11.97,3405932
2025-09-25,11.97,12.01,11.90,11.94,4271399
2025-09-28,11.94,12.06,11.88,12.00,5974314
2025-09-29,12.00,12.04,11.95,11.99,4786282
2025-09-30,11.99,12.02,11.87,11.89,2904835
2025-10-01,11.89,12.11,11.81,12.03,7564540
2025-10-02,12.03,12.06,11.93,11.96,3481447
2025-10-05,11.96,11.97,11.82,11.84,2630864
2025-10-06,11.84,11.87,11.73,11.76,3358470
2025-10-07,11.76,11.78,11.63,11.65,2824759
2025-10-08,11.65,11.82,11.59,11.75,6782818
2025-10-09,11.75,11.79,11.70,11.74,4689437
2025-10-12,11.74,11.87,11.68,11.81,6149554
2025-10-13,11.81,11.83,11.67,11.69,2694032
2025-10-14,11.69,11.86,11.62,11.80,6890775
2025-10-15,11.80,12.09,11.70,12.00,8789163
2025-10-16,12.00,12.01,11.82,11.83,1697839
2025-10-19,11.83,11.90,11.78,11.85,5295816
2025-10-20,11.85,11.97,11.79,11.91,6076920
2025-10-21,11.91,12.10,11.84,12.03,7127572
2025-10-22,12.03,12.06,11.92,11.94,3237894
2025-10-23,11.94,11.95,11.76,11.76,1346159
2025-10-26,11.76,11.90,11.70,11.83,6316563
2025-10-27,11.83,11.87,11.75,11.79,4050342
2025-10-28,11.79,11.90,11.73,11.84,5930212
2025-10-29,11.84,11.86,11.71,11.73,2598148
2025-10-30,11.73,11.75,11.61,11.63,3066495
2025-11-02,11.63,11.82,11.56,11.75,7162414
2025-11-03,11.75,11.95,11.68,11.87,7305658
2025-11-04,11.87,11.91,11.78,11.81,3619684
2025-11-05,11.81,12.08,11.72,11.99,8376097
2025-11-06,11.99,12.22,11.91,12.14,7772427
2025-11-09,12.14,12.14,11.94,11.94,1043244
2025-11-10,11.94,11.99,11.89,11.94,4904595
2025-11-11,11.94,12.14,11.86,12.07,7331790
2025-11-12,12.07,12.23,12.00,12.16,6670507
2025-11-13,12.16,12.42,12.08,12.33,8081241
2025-11-16,12.33,12.34,12.14,12.14,1317078
2025-11-17,12.14,12.38,12.06,12.30,7834807
2025-11-18,12.30,12.37,12.24,12.32,5239368
2025-11-19,12.32,12.32,12.11,12.11,1061625
2025-11-20,12.11,12.35,12.03,12.27,7869478
2025-11-23,12.27,12.50,12.19,12.42,7712311
2025-11-24,12.42,12.43,12.25,12.26,1898765
2025-11-25,12.26,12.27,12.10,12.11,2107853
2025-11-26,12.11,12.13,11.98,12.00,2833401
2025-11-27,12.00,12.20,11.93,12.12,7161831
2025-11-30,12.12,12.13,11.95,11.96,1883264
2025-12-01,11.96,11.97,11.80,11.81,1935973
2025-12-02,11.81,11.85,11.73,11.77,4184156
2025-12-03,11.77,11.79,11.63,11.65,2529046
2025-12-04,11.65,11.92,11.57,11.83,8353360
2025-12-07,11.83,11.87,11.76,11.80,4299074
2025-12-08,11.80,12.00,11.72,11.93,7378532
2025-12-09,11.93,11.93,11.74,11.75,1418895
2025-12-10,11.75,11.77,11.62,11.64,2839917
2025-12-11,11.64,11.67,11.55,11.58,3765054
2025-12-14,11.58,11.85,11.50,11.77,8465912
2025-12-15,11.77,11.79,11.65,11.68,3140020
2025-12-16,11.68,11.70,11.56,11.58,3021947
2025-12-17,11.58,11.87,11.49,11.78,8827743
2025-12-18,11.78,12.06,11.69,11.97,8532716
2025-12-21,11.97,12.25,11.88,12.16,8482544
2025-12-22,12.16,12.27,12.10,12.21,5837722
2025-12-23,12.21,12.35,12.14,12.29,6351337
2025-12-24,12.29,12.51,12.21,12.43,7480178
2025-12-25,12.43,12.45,12.29,12.32,2829183
2025-12-28,12.32,12.57,12.23,12.48,7929218
2025-12-29,12.48,12.51,12.37,12.40,3348182
2025-12-30,12.40,12.42,12.28,12.30,3135459
2025-12-31,12.30,12.60,12.21,12.50,8599691
2026-01-01,12.50,12.72,12.42,12.64,7419890
2026-01-04,12.64,12.66,12.47,12.49,2089883
2026-01-05,12.49,12.52,12.39,12.42,3696090
2026-01-06,12.42,12.62,12.35,12.54,7028635
2026-01-07,12.54,12.57,12.41,12.44,3025788
2026-01-08,12.44,12.48,12.38,12.42,4551748
2026-01-11,12.42,12.51,12.36,12.45,5507750
2026-01-12,12.45,12.46,12.25,12.26,1276508
2026-01-13,12.26,12.41,12.19,12.34,6500000
2026-01-14,12.34,12.48,12.28,12.42,6190569
2026-01-15,12.42,12.69,12.33,12.59,8175377
2026-01-18,12.59,12.64,12.55,12.59,4874176
2026-01-19,12.59,12.64,12.53,12.57,4410425
2026-01-20,12.57,12.59,12.44,12.47,3055727
2026-01-21,12.47,12.49,12.34,12.37,3007613
2026-01-22,12.37,12.40,12.26,12.29,3500651
2026-01-25,12.29,12.36,12.24,12.31,5250891
2026-01-26,12.31,12.35,12.24,12.28,4233641
2026-01-27,12.28,12.45,12.21,12.38,6794581
2026-01-28,12.38,12.39,12.22,12.23,2094204
2026-01-29,12.23,12.26,12.14,12.18,3885596
2026-02-01,12.18,12.18,11.99,12.00,1625548
2026-02-02,12.00,12.05,11.95,12.00,4918998
2026-02-03,12.00,12.08,11.95,12.03,5296810
2026-02-04,12.03,12.23,11.95,12.15,7326886
2026-02-05,12.15,12.16,11.95,11.95,1058607
2026-02-08,11.95,11.98,11.86,11.90,3800617
2026-02-09,11.90,11.92,11.78,11.81,3231927
2026-02-10,11.81,11.82,11.64,11.65,1846364
2026-02-11,11.65,11.67,11.52,11.54,2730349
2026-02-12,11.54,11.82,11.45,11.73,8674005
2026-02-15,11.73,11.75,11.60,11.62,2615603
2026-02-16,11.62,11.70,11.57,11.65,5419341
2026-02-17,11.65,11.67,11.53,11.55,2986454
2026-02-18,11.55,11.71,11.48,11.64,6699657
2026-02-19,11.64,11.83,11.57,11.76,7200925
2026-02-22,11.76,11.84,11.71,11.79,5502606
2026-02-23,11.79,11.80,11.61,11.61,1431858
2026-02-24,11.61,11.64,11.51,11.54,3408436
2026-02-25,11.54,11.57,11.44,11.47,3555795
2026-02-26,11.47,11.59,11.41,11.54,6145541
2026-03-01,11.54,11.61,11.48,11.56,5375205
2026-03-02,11.56,11.83,11.47,11.74,8479355
2026-03-03,11.74,12.00,11.66,11.91,8174039
2026-03-04,11.91,12.19,11.82,12.10,8434567
2026-03-05,12.10,12.32,12.02,12.24,7606618
2026-03-08,12.24,12.26,12.11,12.13,2850685
2026-03-09,12.13,12.38,12.05,12.29,7919855
2026-03-10,12.29,12.33,12.22,12.26,4270919
2026-03-11,12.26,12.27,12.07,12.08,1508813
2026-03-12,12.08,12.28,12.01,12.20,7164403
2026-03-15,12.20,12.21,12.03,12.04,1805589
2026-03-16,12.04,12.25,11.96,12.17,7481755
2026-03-17,12.17,12.18,11.99,11.99,1501543
2026-03-18,11.99,12.02,11.89,11.92,3543964
2026-03-19,11.92,12.18,11.84,12.09,8102846
2026-03-22,12.09,12.11,11.94,11.95,2264609
2026-03-23,11.95,12.00,11.90,11.95,4819375
2026-03-24,11.95,12.11,11.88,12.05,6705418
2026-03-25,12.05,12.09,12.00,12.04,4786934
2026-03-26,12.04,12.35,11.95,12.26,8965157
2026-03-29,12.26,12.42,12.19,12.35,6622805
2026-03-30,12.35,12.39,12.28,12.32,4401851
2026-03-31,12.32,12.35,12.21,12.24,3314643
2026-04-01,12.24,12.27,12.12,12.15,3188340
2026-04-02,12.15,12.19,12.08,12.13,4442695
2026-04-05,12.13,12.32,12.05,12.25,7201165
2026-04-06,12.25,12.49,12.17,12.40,7735356
2026-04-07,12.40,12.68,12.31,12.58,8242798
2026-04-08,12.58,12.84,12.50,12.75,7958058
2026-04-09,12.75,12.99,12.67,12.91,7597187
2026-04-12,12.91,12.93,12.78,12.81,3135493
2026-04-13,12.81,13.14,12.71,13.03,8918655
2026-04-14,13.03,13.17,12.97,13.10,6107167
2026-04-15,13.10,13.41,13.01,13.31,8454115
2026-04-16,13.31,13.40,13.25,13.34,5416289
2026-04-19,13.34,13.51,13.26,13.44,6598628
2026-04-20,13.44,13.47,13.33,13.36,3531995
2026-04-21,13.36,13.69,13.26,13.59,8784293
2026-04-22,13.59,13.63,13.51,13.56,4404903
2026-04-23,13.56,13.82,13.47,13.73,7702469
2026-04-26,13.73,13.89,13.65,13.82,6356001
2026-04-27,13.82,13.84,13.67,13.69,2859327
2026-04-28,13.69,14.00,13.59,13.90,8298868
2026-04-29,13.90,13.91,13.68,13.69,1464746
2026-04-30,13.69,13.78,13.63,13.72,5295233
2026-05-03,13.72,14.05,13.61,13.94,8654526
2026-05-04,13.94,14.04,13.88,13.98,5443861
2026-05-05,13.98,14.19,13.89,14.11,7045953
2026-05-06,14.11,14.15,14.02,14.06,4102777
2026-05-07,14.06,14.17,14.00,14.11,5626680
2026-05-10,14.11,14.14,13.98,14.02,3444821
2026-05-11,14.02,14.16,13.95,14.09,5976954
2026-05-12,14.09,14.18,14.02,14.11,5346536
2026-05-13,14.11,14.24,14.05,14.17,5825171
2026-05-14,14.17,14.18,13.96,13.97,1610390
2026-05-17,13.97,14.26,13.87,14.16,7936762
2026-05-18,14.16,14.16,13.94,13.95,1520336
2026-05-19,13.95,13.97,13.78,13.79,2336419
2026-05-20,13.79,14.13,13.69,14.03,8730692
2026-05-21,14.03,14.04,13.83,13.84,1863648
2026-05-24,13.84,13.88,13.72,13.76,3488374
2026-05-25,13.76,13.79,13.62,13.65,3061659
2026-05-26,13.65,13.66,13.47,13.49,2188443
2026-05-27,13.49,13.80,13.39,13.69,8399588
2026-05-28,13.69,13.71,13.52,13.54,2262997
2026-05-31,13.54,13.66,13.47,13.59,5828052
2026-06-01,13.59,13.64,13.52,13.57,4403395
2026-06-02,13.57,13.57,13.37,13.37,1668038
2026-06-03,13.37,13.66,13.28,13.56,8115809
2026-06-04,13.56,13.59,13.42,13.44,2833127
2026-06-07,13.44,13.49,13.38,13.43,4610116
2026-06-08,13.43,13.47,13.35,13.40,4385048
2026-06-09,13.40,13.60,13.32,13.52,7022119
2026-06-10,13.52,13.69,13.45,13.61,6422565
2026-06-11,13.61,13.75,13.55,13.68,5969101
2026-06-14,13.68,13.72,13.60,13.65,4303703
2026-06-15,13.65,13.66,13.48,13.50,2438717
2026-06-16,13.50,13.79,13.40,13.70,8201303
2026-06-17,13.70,13.83,13.63,13.76,6011213
2026-06-18,13.76,13.80,13.67,13.71,3991906
2026-06-21,13.71,13.88,13.64,13.80,6414986
2026-06-22,13.80,14.05,13.71,13.96,7477983
2026-06-23,13.96,14.13,13.88,14.05,6415466
2026-06-24,14.05,14.09,13.95,13.99,3943484
2026-06-25,13.99,14.04,13.90,13.94,4037345
2026-06-28,13.94,14.01,13.89,13.95,5042729
2026-06-29,13.95,14.00,13.86,13.91,4120130
2026-06-30,13.91,14.12,13.82,14.04,7022633
2026-07-01,14.04,14.07,13.90,13.93,3207030
2026-07-02,13.93,13.95,13.76,13.78,2278257
2026-07-05,13.78,13.81,13.67,13.71,3767181
2026-07-06,13.71,13.75,13.63,13.67,4241700
2026-07-07,13.67,13.68,13.47,13.48,1751200
2026-07-08,13.48,13.59,13.42,13.53,5604320
2026-07-09,13.53,13.56,13.41,13.44,3480075
2026-07-12,13.44,13.57,13.38,13.50,5872290
2026-07-13,13.50,13.77,13.41,13.68,7867386
2026-07-14,13.68,13.72,13.60,13.64,4255486
2026-07-15,13.64,13.65,13.45,13.47,1974862
2026-07-16,13.47,13.59,13.40,13.53,5889711
2026-07-19,13.53,13.54,13.34,13.35,1901268
2026-07-20,13.35,13.36,13.14,13.15,1392249
2026-07-21,13.15,13.17,13.01,13.04,3004629
2026-07-22,13.04,13.29,12.95,13.20,7750754
2026-07-23,13.20,13.44,13.12,13.35,7457784
2026-07-26,13.35,13.37,13.19,13.22,2545473
2026-07-27,13.22,13.22,13.00,13.00,1137277
2026-07-28,13.00,13.23,12.91,13.15,7504801
2026-07-29,13.15,13.41,13.06,13.32,7845576
2026-07-30,13.32,13.32,13.11,13.12,1394170