Date,Open,High,Low,Close,Volume
2015-12-31,2000.00,2026.86,1984.64,2011.40,8681481
2016-01-03,2011.40,2035.72,1997.02,2021.27,8149828
2016-01-04,2021.27,2041.11,2008.65,2028.44,7245747
2016-01-05,2028.44,2043.99,2017.51,2033.03,6388991
2016-01-06,2033.03,2045.12,2023.47,2035.54,5703017
2016-01-07,2035.54,2036.48,2024.17,2025.10,1459430
2016-01-10,2025.10,2030.88,2016.21,2021.99,3855761
2016-01-11,2021.99,2028.31,2013.39,2019.70,4126577
2016-01-12,2019.70,2023.72,2009.97,2013.97,2987928
2016-01-13,2013.97,2020.85,2005.69,2012.57,4415123
2016-01-14,2012.57,2029.84,2000.99,2018.22,6753840
2016-01-17,2018.22,2037.62,2005.78,2025.14,7164574
2016-01-18,2025.14,2030.00,2015.79,2020.65,3400411
2016-01-19,2020.65,2048.98,2004.65,2032.88,8918141
2016-01-20,2032.88,2033.54,2021.38,2022.04,1322702
2016-01-21,2022.04,2028.40,2013.46,2019.81,4144958
2016-01-24,2019.81,2033.08,2009.80,2023.06,5952812
2016-01-25,2023.06,2030.74,2015.12,2022.80,4795644
2016-01-26,2022.80,2024.79,2012.03,2014.01,1982098
2016-01-27,2014.01,2014.39,2002.48,2002.87,1191186
2016-01-28,2002.87,2010.82,1995.02,2002.98,4916735
2016-01-31,2002.98,2027.67,1988.46,2013.09,8245164
2016-02-01,2013.09,2026.38,2003.09,2016.37,5966598
2016-02-02,2016.37,2024.89,2008.26,2016.79,5019307
2016-02-03,2016.79,2019.35,2006.34,2008.89,2267489
2016-02-04,2008.89,2030.46,1995.60,2017.12,7612379
2016-02-07,2017.12,2042.96,2002.12,2027.88,8436694
2016-02-08,2027.88,2032.71,2018.50,2023.33,3382407
2016-02-09,2023.33,2024.26,2012.02,2012.95,1461865
2016-02-10,2012.95,2015.97,2002.76,2005.77,2502229
2016-02-11,2005.77,2023.84,1993.89,2011.92,6923251
2016-02-14,2011.92,2029.66,2000.15,2017.86,6848388
2016-02-15,2017.86,2034.14,2006.66,2022.91,6549245
2016-02-16,2022.91,2047.74,2008.30,2033.06,8223353
2016-02-17,2033.06,2037.34,2023.38,2027.64,3105281
2016-02-18,2027.64,2050.94,2013.63,2036.86,7911076
2016-02-21,2036.86,2040.16,2026.67,2029.95,2616049
2016-02-22,2029.95,2031.10,2018.71,2019.86,1565877
2016-02-23,2019.86,2021.72,2009.04,2010.89,1921056
2016-02-24,2010.89,2011.76,1999.63,2000.50,1434670
2016-02-25,2000.50,2011.69,1991.37,2002.55,5563511
2016-02-28,2002.55,2025.56,1988.71,2011.66,7912517
2016-02-29,2011.66,2035.28,1997.55,2021.11,8012551
2016-03-01,2021.11,2024.00,2010.81,2013.69,2431515
2016-03-02,2013.69,2023.21,2005.19,2014.71,5218792
2016-03-03,2014.71,2016.09,2003.68,2005.05,1683024
2016-03-06,2005.05,2010.07,1995.90,2000.91,3503223
2016-03-07,2000.91,2010.14,1992.56,2001.79,5173216
2016-03-08,2001.79,2003.35,1990.93,1992.48,1779423
2016-03-09,1992.48,1998.68,1983.99,1990.18,4111968
2016-03-10,1990.18,1994.38,1980.71,1984.90,3109122
2016-03-13,1984.90,1990.13,1975.97,1981.19,3635082
2016-03-14,1981.19,2002.36,1968.13,1989.25,7591083
2016-03-15,1989.25,1991.95,1979.03,1981.73,2359842
2016-03-16,1981.73,1984.86,1971.77,1974.90,2583333
2016-03-17,1974.90,1975.44,1963.68,1964.22,1273902
2016-03-20,1964.22,1978.63,1953.89,1968.28,6258710
2016-03-21,1968.28,1970.16,1957.77,1959.65,1957510
2016-03-22,1959.65,1966.50,1951.67,1958.52,4493758
2016-03-23,1958.52,1960.75,1948.24,1950.46,2139060
2016-03-24,1950.46,1959.06,1942.48,1951.08,5090946
2016-03-27,1951.08,1958.07,1943.23,1950.21,4583984
2016-03-28,1950.21,1950.87,1939.19,1939.84,1334224
2016-03-29,1939.84,1959.23,1927.59,1946.93,7316975
2016-03-30,1946.93,1954.48,1939.38,1946.93,4877914
2016-03-31,1946.93,1965.71,1934.90,1953.64,7177537
2016-04-03,1953.64,1959.44,1945.17,1950.97,3968930
2016-04-04,1950.97,1977.30,1935.93,1962.17,8708882
2016-04-05,1962.17,1980.23,1950.39,1968.42,7002331
2016-04-06,1968.42,1983.46,1957.83,1972.85,6380144
2016-04-07,1972.85,1977.60,1963.75,1968.50,3410219
2016-04-10,1968.50,1974.68,1960.14,1966.32,4141941
2016-04-11,1966.32,1968.06,1955.75,1957.48,1883950
2016-04-12,1957.48,1981.96,1943.16,1967.57,8315260
2016-04-13,1967.57,1969.40,1957.04,1958.86,1929698
2016-04-14,1958.86,1960.46,1948.27,1949.85,1813683
2016-04-17,1949.85,1953.28,1940.23,1943.64,2757338
2016-04-18,1943.64,1948.89,1934.96,1940.20,3698936
2016-04-19,1940.20,1941.18,1929.40,1930.37,1502674
2016-04-20,1930.37,1943.62,1920.58,1933.82,6069787
2016-04-21,1933.82,1941.13,1926.22,1933.53,4782990
2016-04-24,1933.53,1939.89,1925.46,1931.81,4284259
2016-04-25,1931.81,1942.72,1922.95,1933.85,5585939
2016-04-26,1933.85,1959.01,1919.32,1944.40,8515192
2016-04-27,1944.40,1954.92,1935.66,1946.18,5491769
2016-04-28,1946.18,1953.26,1938.40,1945.48,4639128
2016-05-01,1945.48,1947.87,1935.36,1937.74,2228875
2016-05-02,1937.74,1962.67,1923.29,1948.14,8458539
2016-05-03,1948.14,1963.92,1937.31,1953.06,6562688
2016-05-04,1953.06,1962.49,1944.75,1954.17,5257373
2016-05-05,1954.17,1979.60,1939.47,1964.83,8517901
2016-05-08,1964.83,1981.37,1953.65,1970.16,6689951
2016-05-09,1970.16,1978.08,1962.41,1970.32,4934019
2016-05-10,1970.32,1970.33,1958.86,1958.87,1003189
2016-05-11,1958.87,1983.56,1944.46,1969.07,8354252
2016-05-12,1969.07,1976.15,1961.15,1968.22,4592146
2016-05-15,1968.22,1977.67,1959.86,1969.31,5247736
2016-05-16,1969.31,1986.88,1957.71,1975.24,6888923
2016-05-17,1975.24,1996.22,1962.28,1983.20,7565089
2016-05-18,1983.20,2009.35,1968.16,1994.22,8584876
2016-05-19,1994.22,2005.69,1984.99,1996.46,5627297
2016-05-22,1996.46,1996.83,1985.02,1985.39,1186179
2016-05-23,1985.39,2000.41,1974.78,1989.77,6347942
2016-05-24,1989.77,2012.58,1976.03,1998.79,7902709
2016-05-25,1998.79,2006.36,1990.94,1998.51,4788751
2016-05-26,1998.51,2000.25,1987.76,1989.49,1870267
2016-05-29,1989.49,1989.59,1977.96,1978.06,1048491
2016-05-30,1978.06,1989.83,1968.75,1980.51,5706138
2016-05-31,1980.51,1996.17,1969.65,1985.28,6485185
2016-06-01,1985.28,1992.02,1977.10,1983.84,4397976
2016-06-02,1983.84,2003.45,1971.40,1990.96,7271673
2016-06-05,1990.96,2011.91,1977.97,1998.86,7526028
2016-06-06,1998.86,2008.64,1990.30,2000.07,5284499
2016-06-07,2000.07,2007.71,1992.25,1999.89,4818689
2016-06-08,1999.89,2024.96,1985.24,2010.23,8326131
2016-06-09,2010.23,2028.93,1998.08,2016.75,7041392
2016-06-12,2016.75,2018.12,2005.70,2007.07,1680521
2016-06-13,2007.07,2013.53,1998.62,2005.08,4218827
2016-06-14,2005.08,2013.47,1997.05,2005.44,5001989
2016-06-15,2005.44,2005.83,1993.96,1994.34,1190500
2016-06-16,1994.34,2010.37,1983.30,1999.30,6537448
2016-06-19,1999.30,2002.30,1989.18,1992.16,2499622
2016-06-20,1992.16,2008.90,1980.84,1997.55,6681961
2016-06-21,1997.55,2000.78,1987.55,1990.76,2615329
2016-06-22,1990.76,1994.48,1981.05,1984.75,2867626
2016-06-23,1984.75,1995.48,1975.85,1986.56,5488237
2016-06-26,1986.56,1992.10,1977.78,1983.30,3785802
2016-06-27,1983.30,1984.18,1972.20,1973.07,1439334
2016-06-28,1973.07,2000.86,1957.40,1985.09,8942661
2016-06-29,1985.09,1995.29,1976.39,1986.59,5382201
2016-06-30,1986.59,1987.68,1975.58,1976.66,1548079
2016-07-03,1976.66,1983.34,1968.50,1975.17,4378566
2016-07-04,1975.17,1978.60,1965.40,1968.83,2737860
2016-07-05,1968.83,1984.60,1957.94,1973.69,6527194
2016-07-06,1973.69,1977.89,1964.32,1968.51,3129286
2016-07-07,1968.51,1987.54,1956.33,1975.32,7186111
2016-07-10,1975.32,1980.67,1966.51,1971.85,3710013
2016-07-11,1971.85,1997.57,1957.01,1982.64,8528155
2016-07-12,1982.64,1996.20,1972.61,1986.15,6060288
2016-07-13,1986.15,1992.96,1978.00,1984.81,4429869
2016-07-14,1984.81,2007.60,1971.10,1993.83,7908504
2016-07-17,1993.83,1997.20,1983.92,1987.29,2693724
2016-07-18,1987.29,1993.29,1978.73,1984.72,4020096
2016-07-19,1984.72,1991.88,1976.75,1983.90,4603669
2016-07-20,1983.90,2009.23,1969.18,1994.43,8419753
2016-07-21,1994.43,2006.84,1984.83,1997.23,5814026
2016-07-24,1997.23,1999.12,1986.56,1988.44,1946982
2016-07-25,1988.44,1991.57,1978.44,1981.56,2571707
2016-07-26,1981.56,1990.56,1973.34,1982.35,5144993
2016-07-27,1982.35,1986.85,1973.07,1977.56,3271776
2016-07-28,1977.56,1984.45,1969.50,1976.39,4482921
2016-07-31,1976.39,1986.36,1967.80,1977.77,5346330
2016-08-01,1977.77,1983.53,1969.14,1974.89,3911385
2016-08-02,1974.89,1975.86,1963.89,1964.84,1486728
2016-08-03,1964.84,1966.32,1954.15,1955.62,1751371
2016-08-04,1955.62,1974.59,1943.50,1962.42,7199142
2016-08-07,1962.42,1970.22,1954.74,1962.53,4916460
2016-08-08,1962.53,1974.15,1953.32,1964.93,5693449
2016-08-09,1964.93,1990.26,1950.25,1975.50,8468381
2016-08-10,1975.50,1977.69,1965.11,1967.28,2105452
2016-08-11,1967.28,1974.18,1959.28,1966.18,4505898
2016-08-14,1966.18,1970.21,1956.76,1960.79,3052434
2016-08-15,1960.79,1967.43,1952.70,1959.34,4387037
2016-08-16,1959.34,1960.36,1948.45,1949.47,1522050
2016-08-17,1949.47,1951.97,1939.38,1941.88,2284636
2016-08-18,1941.88,1960.20,1930.04,1948.33,7094547
2016-08-21,1948.33,1971.52,1934.54,1957.67,8075240
2016-08-22,1957.67,1958.64,1946.77,1947.74,1498319
2016-08-23,1947.74,1958.62,1938.85,1949.73,5561316
2016-08-24,1949.73,1954.60,1940.83,1945.69,3498799
2016-08-25,1945.69,1951.58,1937.32,1943.20,4026817
2016-08-28,1943.20,1947.32,1933.96,1938.07,3120679
2016-08-29,1938.07,1956.51,1926.20,1944.60,7126063
2016-08-30,1944.60,1953.72,1936.43,1945.54,5203463
2016-08-31,1945.54,1949.64,1936.28,1940.37,3105967
2016-09-01,1940.37,1954.76,1930.10,1944.47,6290363
2016-09-04,1944.47,1969.01,1930.16,1954.63,8361591
2016-09-05,1954.63,1981.70,1939.28,1966.27,8850514
2016-09-06,1966.27,1972.80,1958.10,1964.63,4325034
2016-09-07,1964.63,1991.77,1949.24,1976.28,8834533
2016-09-08,1976.28,1997.88,1963.07,1984.61,7687654
2016-09-11,1984.61,1991.68,1976.60,1983.66,4563408
2016-09-12,1983.66,1985.56,1973.08,1974.96,1955624
2016-09-13,1974.96,1978.82,1965.41,1969.25,2950720
2016-09-14,1969.25,1971.88,1959.11,1961.74,2338820
2016-09-15,1961.74,1980.07,1949.86,1968.15,7058196
2016-09-18,1968.15,1981.18,1958.36,1971.38,5973045
2016-09-19,1971.38,1999.35,1955.64,1983.52,8984602
2016-09-20,1983.52,1988.43,1974.44,1979.34,3475582
2016-09-21,1979.34,1985.45,1970.88,1976.99,4087962
2016-09-22,1976.99,1982.59,1968.29,1973.88,3834087
2016-09-25,1973.88,1976.93,1963.93,1966.96,2541117
2016-09-26,1966.96,1993.11,1951.95,1978.02,8628806
2016-09-27,1978.02,1992.34,1967.69,1982.00,6220610
2016-09-28,1982.00,2003.16,1968.94,1990.05,7588134
2016-09-29,1990.05,2008.00,1978.25,1996.16,6928909
2016-10-02,1996.16,2001.11,1987.03,1991.96,3477503
2016-10-03,1991.96,2005.04,1982.10,1995.16,5949965
2016-10-04,1995.16,1997.80,1984.88,1987.51,2321604
2016-10-05,1987.51,2005.48,1975.70,1993.64,6938100
2016-10-06,1993.64,2021.81,1977.77,2005.84,8959945
2016-10-09,2005.84,2019.96,1995.53,2009.63,6140226
2016-10-10,2009.63,2015.53,2000.90,2006.79,3935733
2016-10-11,2006.79,2012.71,1998.08,2003.99,3951406
2016-10-12,2003.99,2015.98,1994.54,2006.51,5718106
2016-10-13,2006.51,2018.94,1996.87,2009.29,5803737
2016-10-16,2009.29,2011.82,1998.87,2001.39,2257681
2016-10-17,2001.39,2008.17,1993.14,1999.91,4388580
2016-10-18,1999.91,2022.71,1986.16,2008.90,7875445
2016-10-19,2008.90,2028.45,1996.42,2015.93,7212105
2016-10-20,2015.93,2026.81,2006.88,2017.76,5484979
2016-10-23,2017.76,2028.64,2008.71,2019.58,5484190
2016-10-24,2019.58,2033.84,2009.19,2023.43,6148010
2016-10-25,2023.43,2030.18,2015.03,2021.79,4340637
2016-10-26,2021.79,2023.74,2011.00,2012.94,1963305
2016-10-27,2012.94,2015.76,2002.65,2005.45,2398731
2016-10-30,2005.45,2012.05,1997.08,2003.67,4288888
2016-10-31,2003.67,2030.40,1988.35,2014.99,8646124
2016-11-01,2014.99,2035.03,2002.30,2022.30,7297599
2016-11-02,2022.30,2049.36,2006.80,2033.77,8663065
2016-11-03,2033.77,2041.64,2025.87,2033.73,4865980
2016-11-06,2033.73,2058.46,2019.13,2043.79,8177949
2016-11-07,2043.79,2051.55,2035.78,2043.54,4796502
2016-11-08,2043.54,2045.49,2032.63,2034.57,1956207
2016-11-09,2034.57,2060.31,2019.57,2045.23,8373113
2016-11-10,2045.23,2051.42,2036.43,2042.60,4022530
2016-11-13,2042.60,2047.20,2033.03,2037.61,3250137
2016-11-14,2037.61,2042.13,2028.02,2032.53,3216426
2016-11-15,2032.53,2033.90,2021.39,2022.75,1674485
2016-11-16,2022.75,2028.99,2014.10,2020.33,4081104
2016-11-17,2020.33,2026.47,2011.65,2017.79,4041220
2016-11-20,2017.79,2017.96,2006.13,2006.30,1085699
2016-11-21,2006.30,2028.70,1992.70,2015.04,7782441
2016-11-22,2015.04,2029.43,2004.60,2018.97,6180829
2016-11-23,2018.97,2030.39,2009.70,2021.12,5589506
2016-11-24,2021.12,2022.51,2010.06,2011.44,1687482
2016-11-27,2011.44,2019.69,2003.46,2011.71,4968587
2016-11-28,2011.71,2014.76,2001.54,2004.58,2519238
2016-11-29,2004.58,2013.61,1996.31,2005.33,5129561
2016-11-30,2005.33,2010.82,1996.42,2001.90,3737825
2016-12-01,2001.90,2006.32,1992.47,1996.88,3208230
2016-12-04,1996.88,2007.44,1988.01,1998.56,5442009
2016-12-05,1998.56,2011.04,1988.92,2001.38,5821879
2016-12-06,2001.38,2005.37,1991.74,1995.71,2989814
2016-12-07,1995.71,2008.85,1985.82,1998.94,5958161
2016-12-08,1998.94,2015.09,1987.84,2003.96,6554080
2016-12-11,2003.96,2013.33,1995.55,2004.91,5197325
2016-12-12,2004.91,2006.94,1994.27,1996.28,2011351
2016-12-13,1996.28,1996.82,1984.94,1985.47,1267764
2016-12-14,1985.47,1994.59,1977.20,1986.31,5164094
2016-12-15,1986.31,1994.29,1978.50,1986.48,4934910
2016-12-18,1986.48,1987.07,1975.21,1975.80,1296262
2016-12-19,1975.80,1990.12,1965.48,1979.78,6223456
2016-12-20,1979.78,1981.88,1969.32,1971.41,2062174
2016-12-21,1971.41,1973.33,1960.91,1962.82,1972908
2016-12-22,1962.82,1968.13,1954.06,1959.37,3708744
2016-12-25,1959.37,1966.67,1951.62,1958.92,4726474
2016-12-26,1958.92,1975.12,1947.89,1964.06,6631035
2016-12-27,1964.06,1991.78,1948.44,1976.06,8953292
2016-12-28,1976.06,2000.51,1961.71,1986.08,8261145
2016-12-29,1986.08,1989.27,1976.13,1979.30,2603978
2017-01-01,1979.30,1979.88,1968.07,1968.65,1290432
2017-01-02,1968.65,1991.70,1954.87,1977.86,7999519
2017-01-03,1977.86,1978.30,1966.57,1967.01,1225068
2017-01-04,1967.01,1990.32,1953.14,1976.38,8053497
2017-01-05,1976.38,1995.92,1963.98,1983.48,7274931
2017-01-08,1983.48,1995.89,1973.90,1986.30,5827640
2017-01-09,1986.30,2012.44,1971.25,1997.31,8575823
2017-01-10,1997.31,1998.15,1986.11,1986.94,1420713
2017-01-11,1986.94,1992.40,1978.12,1983.56,3745027
2017-01-12,1983.56,1997.78,1973.27,1987.46,6190740
2017-01-15,1987.46,1988.99,1976.67,1978.19,1770198
2017-01-16,1978.19,1992.96,1967.69,1982.44,6310562
2017-01-17,1982.44,1988.84,1974.11,1980.51,4231584
2017-01-18,1980.51,1985.77,1971.62,1976.87,3656721
2017-01-19,1976.87,2004.29,1961.34,1988.67,8857578
2017-01-22,1988.67,2002.13,1978.66,1992.10,6031687
2017-01-23,1992.10,1994.92,1981.93,1984.73,2413614
2017-01-24,1984.73,2001.59,1973.38,1990.21,6719410
2017-01-25,1990.21,2008.14,1978.42,1996.31,6924382
2017-01-26,1996.31,1997.06,1985.07,1985.82,1374211
2017-01-29,1985.82,1990.24,1976.48,1980.90,3229389
2017-01-30,1980.90,1983.36,1970.61,1973.06,2243004
2017-01-31,1973.06,1978.73,1964.42,1970.08,3871844
2017-02-01,1970.08,1971.50,1959.33,1960.74,1720850
2017-02-02,1960.74,1965.29,1951.62,1956.16,3320884
2017-02-05,1956.16,1965.51,1947.86,1957.21,5239849
2017-02-06,1957.21,1967.98,1948.35,1959.11,5527126
2017-02-07,1959.11,1969.72,1950.31,1960.91,5491358
2017-02-08,1960.91,1987.88,1945.59,1972.47,8811556
2017-02-09,1972.47,1974.41,1961.97,1963.90,1981550
2017-02-12,1963.90,1969.96,1955.51,1961.57,4087757
2017-02-13,1961.57,1963.37,1951.06,1952.86,1920301
2017-02-14,1952.86,1955.62,1942.89,1945.64,2417455
2017-02-15,1945.64,1948.45,1935.73,1938.53,2443415
2017-02-16,1938.53,1944.15,1930.07,1935.68,3899417
2017-02-19,1935.68,1937.94,1925.56,1927.81,2168175
2017-02-20,1927.81,1933.38,1919.38,1924.95,3891666
2017-02-21,1924.95,1927.03,1914.80,1916.87,2082235
2017-02-22,1916.87,1923.71,1909.14,1915.97,4567043
2017-02-23,1915.97,1921.27,1907.48,1912.77,3765843
2017-02-26,1912.77,1934.22,1899.76,1921.15,7802091
2017-02-27,1921.15,1928.93,1913.57,1921.35,4947393
2017-02-28,1921.35,1931.30,1912.89,1922.84,5399279
2017-03-01,1922.84,1947.26,1908.63,1932.97,8392318
2017-03-02,1932.97,1949.02,1922.07,1938.08,6642558
2017-03-05,1938.08,1944.14,1929.84,1935.89,4125308
2017-03-06,1935.89,1954.60,1923.91,1942.59,7186248
2017-03-07,1942.59,1950.64,1934.84,1942.90,4985871
2017-03-08,1942.90,1947.32,1933.81,1938.23,3277263
2017-03-09,1938.23,1958.57,1925.59,1945.89,7517215
2017-03-12,1945.89,1950.39,1936.83,1941.31,3310665
2017-03-13,1941.31,1955.21,1931.24,1945.12,6188477
2017-03-14,1945.12,1952.36,1937.42,1944.65,4718552
2017-03-15,1944.65,1952.54,1936.97,1944.86,4950274
2017-03-16,1944.86,1968.58,1930.87,1954.52,8192283
2017-03-19,1954.52,1956.71,1944.25,1946.44,2123593
2017-03-20,1946.44,1955.74,1938.19,1947.48,5238031
2017-03-21,1947.48,1954.54,1939.68,1946.73,4622016
2017-03-22,1946.73,1950.75,1937.42,1941.43,3065672
2017-03-23,1941.43,1961.77,1928.80,1949.08,7507270
2017-03-26,1949.08,1966.09,1937.76,1954.73,6811008
2017-03-27,1954.73,1958.40,1945.20,1948.86,2878120
2017-03-28,1948.86,1967.23,1936.99,1955.32,7091323
2017-03-29,1955.32,1957.46,1945.02,1947.15,2092592
2017-03-30,1947.15,1954.77,1939.56,1947.19,4894272
2017-04-02,1947.19,1966.68,1934.88,1954.33,7323525
2017-04-03,1954.33,1955.89,1943.74,1945.30,1800102
2017-04-04,1945.30,1952.00,1937.33,1944.03,4447462
2017-04-05,1944.03,1948.97,1935.20,1940.12,3537208
2017-04-06,1940.12,1940.64,1929.09,1929.60,1266872
2017-04-09,1929.60,1937.07,1922.11,1929.58,4871021
2017-04-10,1929.58,1947.65,1917.87,1935.90,7065706
2017-04-11,1935.90,1941.38,1927.38,1932.84,3826234
2017-04-12,1932.84,1933.81,1922.08,1923.04,1498285
2017-04-13,1923.04,1932.25,1914.88,1924.09,5242352
2017-04-16,1924.09,1931.42,1916.55,1923.89,4811522
2017-04-17,1923.89,1935.13,1914.92,1926.15,5662585
2017-04-18,1926.15,1926.92,1915.33,1916.09,1400480
2017-04-19,1916.09,1936.40,1903.53,1923.78,7556069
2017-04-20,1923.78,1930.90,1916.15,1923.26,4697256
2017-04-23,1923.26,1940.34,1911.96,1929.01,6873422
2017-04-24,1929.01,1948.66,1916.68,1936.28,7393209
2017-04-25,1936.28,1938.09,1925.92,1927.73,1935631
2017-04-26,1927.73,1955.13,1912.32,1939.63,8994513
2017-04-27,1939.63,1960.67,1926.72,1947.70,7656275
2017-04-30,1947.70,1974.00,1932.68,1958.90,8711042
2017-05-01,1958.90,1963.00,1949.56,1953.66,3097085
2017-05-02,1953.66,1958.89,1944.91,1950.14,3678600
2017-05-03,1950.14,1956.68,1942.06,1948.61,4356824
2017-05-04,1948.61,1973.95,1933.96,1959.23,8514471
2017-05-07,1959.23,1976.24,1947.88,1964.85,6793518
2017-05-08,1964.85,1988.89,1950.69,1974.66,8206310
2017-05-09,1974.66,1981.73,1966.70,1973.77,4580006
2017-05-10,1973.77,1980.35,1965.58,1972.15,4334362
2017-05-11,1972.15,1993.23,1959.15,1980.18,7592832
2017-05-14,1980.18,1983.40,1970.27,1973.49,2627023
2017-05-15,1973.49,1994.79,1960.39,1981.64,7634465
2017-05-16,1981.64,1994.15,1972.03,1984.52,5849725
2017-05-17,1984.52,1997.74,1974.62,1987.82,5988854
2017-05-18,1987.82,1993.84,1979.27,1985.28,4027160
2017-05-21,1985.28,2000.10,1974.74,1989.54,6310322
2017-05-22,1989.54,1991.53,1978.96,1980.94,1998834
2017-05-23,1980.94,1988.56,1973.22,1980.84,4845781
2017-05-24,1980.84,1987.39,1972.59,1979.14,4307956
2017-05-25,1979.14,1981.10,1968.61,1970.56,1990294
2017-05-28,1970.56,1980.89,1961.84,1972.17,5423662
2017-05-29,1972.17,1976.46,1962.85,1967.13,3175960
2017-05-30,1967.13,1967.71,1955.97,1956.55,1296570
2017-05-31,1956.55,1956.74,1945.26,1945.44,1094135
2017-06-01,1945.44,1959.66,1935.23,1949.43,6247668
2017-06-04,1949.43,1953.82,1940.29,1944.67,3250994
2017-06-05,1944.67,1948.93,1935.49,1939.74,3190534
2017-06-06,1939.74,1966.64,1924.50,1951.31,8856412
2017-06-07,1951.31,1955.58,1942.10,1946.36,3186899
2017-06-08,1946.36,1964.49,1934.59,1952.68,7046193
2017-06-11,1952.68,1967.38,1942.26,1956.94,6335528
2017-06-12,1956.94,1963.67,1948.92,1955.64,4437620
2017-06-13,1955.64,1978.52,1941.97,1964.78,7994444
2017-06-14,1964.78,1966.78,1954.35,1956.35,2018347
2017-06-15,1956.35,1958.96,1946.28,1948.88,2336488
2017-06-18,1948.88,1949.60,1937.90,1938.62,1368621
2017-06-19,1938.62,1957.61,1926.52,1945.48,7238203
2017-06-20,1945.48,1969.32,1931.44,1955.21,8216838
2017-06-21,1955.21,1970.75,1944.46,1959.97,6502057
2017-06-22,1959.97,1960.61,1948.89,1949.53,1328429
2017-06-25,1949.53,1950.33,1938.59,1939.39,1412002
2017-06-26,1939.39,1942.74,1929.79,1933.13,2728086
2017-06-27,1933.13,1938.20,1924.42,1929.48,3622359
2017-06-28,1929.48,1929.97,1918.50,1918.99,1255315
2017-06-29,1918.99,1919.72,1908.19,1908.92,1380041
2017-07-02,1908.92,1909.78,1898.24,1899.10,1453326
2017-07-03,1899.10,1903.05,1890.04,1893.98,3080109
2017-07-04,1893.98,1905.65,1884.90,1896.57,5791255
2017-07-05,1896.57,1909.99,1886.79,1900.19,6154663
2017-07-06,1900.19,1902.51,1890.30,1892.61,2219718
2017-07-09,1892.61,1896.95,1883.78,1888.11,3295061
2017-07-10,1888.11,1896.29,1880.44,1888.62,5059705
2017-07-11,1888.62,1890.52,1878.59,1880.48,2007475
2017-07-12,1880.48,1889.40,1872.54,1881.45,5224794
2017-07-13,1881.45,1882.40,1870.98,1871.92,1501783
2017-07-16,1871.92,1883.39,1862.98,1874.44,5776714
2017-07-17,1874.44,1891.27,1863.35,1880.16,6913786
2017-07-18,1880.16,1896.57,1869.22,1885.61,6814231
2017-07-19,1885.61,1911.78,1870.79,1896.87,8860768
2017-07-20,1896.87,1901.98,1888.40,1893.50,3695370
2017-07-23,1893.50,1917.25,1879.62,1903.30,8330384
2017-07-24,1903.30,1918.86,1892.65,1908.19,6592969
2017-07-25,1908.19,1925.28,1896.93,1913.98,6902880
2017-07-26,1913.98,1914.71,1903.21,1903.94,1383573
2017-07-27,1903.94,1906.43,1894.11,1896.59,2306652
2017-07-30,1896.59,1902.03,1888.28,1893.72,3869650
2017-07-31,1893.72,1903.09,1885.56,1894.93,5307133
2017-08-01,1894.93,1913.96,1882.93,1901.91,7335150
2017-08-02,1901.91,1914.29,1892.54,1904.90,5929012
2017-08-03,1904.90,1924.51,1892.65,1912.20,7434396
2017-08-06,1912.20,1912.22,1901.08,1901.11,1011796
2017-08-07,1901.11,1925.35,1887.01,1911.18,8414300
2017-08-08,1911.18,1915.20,1902.08,1906.08,3098696
2017-08-09,1906.08,1909.26,1896.59,1899.76,2669924
2017-08-10,1899.76,1915.61,1889.01,1904.83,6658847
2017-08-13,1904.83,1909.84,1896.26,1901.27,3633367
2017-08-14,1901.27,1921.83,1888.64,1909.15,7642866
2017-08-15,1909.15,1914.87,1900.90,1906.61,3995987
2017-08-16,1906.61,1913.04,1898.74,1905.16,4371742
2017-08-17,1905.16,1909.47,1896.24,1900.54,3263957
2017-08-20,1900.54,1905.79,1892.11,1897.35,3759053
2017-08-21,1897.35,1922.66,1882.84,1908.07,8647153
2017-08-22,1908.07,1934.58,1893.06,1919.48,8866529
2017-08-23,1919.48,1920.02,1908.58,1909.12,1281378
2017-08-24,1909.12,1914.45,1900.68,1906.00,3792935
2017-08-27,1906.00,1911.31,1897.57,1902.87,3783916
2017-08-28,1902.87,1924.66,1889.75,1911.48,7896296
2017-08-29,1911.48,1911.75,1900.49,1900.76,1142421
2017-08-30,1900.76,1919.92,1888.69,1907.80,7349451
2017-08-31,1907.80,1911.50,1898.56,1902.24,2937139
2017-09-03,1902.24,1908.01,1894.06,1899.82,4028943
2017-09-04,1899.82,1916.80,1888.61,1905.56,6896467
2017-09-05,1905.56,1917.05,1896.53,1908.01,5737242
2017-09-06,1908.01,1929.33,1895.06,1916.33,7785836
2017-09-07,1916.33,1927.98,1907.21,1918.85,5758299
2017-09-10,1918.85,1923.90,1910.22,1915.26,3629938
2017-09-11,1915.26,1936.47,1902.33,1923.49,7746433
2017-09-12,1923.49,1942.48,1911.43,1930.38,7268278
2017-09-13,1930.38,1952.74,1916.97,1939.27,7948559
2017-09-14,1939.27,1958.30,1927.16,1946.14,7244067
2017-09-17,1946.14,1962.87,1934.93,1951.63,6759739
2017-09-18,1951.63,1964.81,1941.82,1954.99,6026440
2017-09-19,1954.99,1956.18,1944.21,1945.40,1612071
2017-09-20,1945.40,1966.07,1932.63,1953.24,7566015
2017-09-21,1953.24,1953.63,1942.07,1942.45,1196913
2017-09-24,1942.45,1944.75,1932.30,1934.59,2183779
2017-09-25,1934.59,1942.78,1926.82,1935.00,5020438
2017-09-26,1935.00,1942.34,1927.41,1934.75,4793312
2017-09-27,1934.75,1941.12,1926.68,1933.05,4292524
2017-09-28,1933.05,1935.86,1923.21,1926.02,2456344
2017-10-01,1926.02,1932.08,1917.85,1923.91,4148971
2017-10-02,1923.91,1928.28,1914.90,1919.26,3271639
2017-10-03,1919.26,1923.50,1910.22,1914.45,3207064
2017-10-04,1914.45,1917.51,1904.85,1907.89,2597222
2017-10-05,1907.89,1910.67,1898.19,1900.95,2454458
2017-10-08,1900.95,1904.00,1891.42,1894.47,2605932
2017-10-09,1894.47,1899.15,1885.79,1890.46,3471399
2017-10-10,1890.46,1899.19,1882.57,1891.30,5174314
2017-10-11,1891.30,1896.95,1883.12,1888.76,3986282
2017-10-12,1888.76,1890.85,1878.82,1880.90,2104835
2017-10-15,1880.90,1897.09,1870.06,1886.22,6764540
2017-10-16,1886.22,1889.39,1876.84,1880.00,2681447
2017-10-17,1880.00,1881.56,1869.84,1871.40,1830864
2017-10-18,1871.40,1874.32,1861.98,1864.88,2558470
2017-10-19,1864.88,1866.79,1854.99,1856.90,2024759
2017-10-22,1856.90,1869.24,1847.64,1859.97,5982818
2017-10-23,1859.97,1865.34,1851.84,1857.20,3889437
2017-10-24,1857.20,1866.60,1849.13,1858.51,5349554
2017-10-25,1858.51,1860.17,1848.53,1850.19,1894032
2017-10-26,1850.19,1862.98,1840.77,1853.55,6090775
2017-10-29,1853.55,1875.21,1840.59,1862.19,7989163
2017-10-30,1862.19,1888.21,1847.48,1873.42,8897839
2017-10-31,1873.42,1879.96,1865.79,1872.34,4495816
2017-11-01,1872.34,1881.46,1864.33,1873.45,5276920
2017-11-02,1873.45,1887.52,1863.47,1877.52,6327572
2017-11-05,1877.52,1880.22,1867.95,1870.64,2437894
2017-11-06,1870.64,1895.12,1856.52,1880.93,8546159
2017-11-07,1880.93,1891.23,1872.43,1882.72,5516563
2017-11-08,1882.72,1886.96,1873.89,1878.12,3250342
2017-11-09,1878.12,1886.59,1870.36,1878.83,5130212
2017-11-12,1878.83,1880.33,1868.65,1870.14,1798148
2017-11-13,1870.14,1872.51,1860.45,1862.81,2266495
2017-11-14,1862.81,1876.96,1852.82,1866.95,6362414
2017-11-15,1866.95,1881.81,1856.67,1871.50,6505658
2017-11-16,1871.50,1874.91,1862.33,1865.72,2819684
2017-11-19,1865.72,1885.58,1853.45,1873.27,7576097
2017-11-20,1873.27,1890.37,1862.08,1879.15,6972427
2017-11-21,1879.15,1902.30,1865.53,1888.63,8243244
2017-11-22,1888.63,1894.49,1880.57,1886.43,4104595
2017-11-23,1886.43,1901.56,1875.99,1891.10,6531790
2017-11-26,1891.10,1903.14,1881.89,1893.91,5870507
2017-11-27,1893.91,1912.67,1882.02,1900.73,7281241
2017-11-28,1900.73,1925.47,1886.45,1911.10,8517078
2017-11-29,1911.10,1928.85,1899.57,1917.28,7034807
2017-11-30,1917.28,1923.87,1909.42,1916.01,4439368
2017-12-03,1916.01,1939.72,1902.10,1925.73,8261625
2017-12-04,1925.73,1943.78,1914.04,1932.06,7069478
2017-12-05,1932.06,1949.40,1920.63,1937.95,6912311
2017-12-06,1937.95,1938.14,1926.76,1926.95,1098765
2017-12-07,1926.95,1927.55,1916.04,1916.63,1307853
2017-12-10,1916.63,1918.61,1906.47,1908.45,2033401
2017-12-11,1908.45,1922.94,1898.21,1912.69,6361831
2017-12-12,1912.69,1912.85,1901.64,1901.79,1083264
2017-12-13,1901.79,1902.05,1890.86,1891.11,1135973
2017-12-14,1891.11,1895.62,1882.37,1886.87,3384156
2017-12-17,1886.87,1888.25,1876.58,1877.95,1729046
2017-12-18,1877.95,1897.84,1865.65,1885.48,7553360
2017-12-19,1885.48,1890.20,1876.88,1881.58,3499074
2017-12-20,1881.58,1896.90,1871.08,1886.37,6578532
2017-12-21,1886.37,1911.40,1872.00,1896.95,8618895
2017-12-24,1896.95,1898.92,1886.91,1888.87,2039917
2017-12-25,1888.87,1892.58,1879.74,1883.44,2965054
2017-12-26,1883.44,1903.92,1870.89,1891.32,7665912
2017-12-27,1891.32,1893.85,1881.58,1884.11,2340020
2017-12-28,1884.11,1886.41,1874.30,1876.60,2221947
2017-12-31,1876.60,1898.71,1863.41,1885.46,8027743
2018-01-01,1885.46,1906.27,1872.76,1893.53,7732716
2018-01-02,1893.53,1914.19,1880.87,1901.49,7682544
2018-01-03,1901.49,1909.62,1893.81,1901.94,5037722
2018-01-04,1901.94,1912.52,1893.28,1903.85,5551337
2018-01-07,1903.85,1919.84,1893.04,1908.99,6680178
2018-01-08,1908.99,1910.96,1898.87,1900.83,2029183
2018-01-09,1900.83,1918.93,1889.18,1907.24,7129218
2018-01-10,1907.24,1910.19,1897.63,1900.57,2548182
2018-01-11,1900.57,1903.11,1890.79,1893.32,2335459
2018-01-14,1893.32,1914.54,1880.44,1901.61,7799691
2018-01-15,1901.61,1917.29,1890.92,1906.57,6619890
2018-01-16,1906.57,1907.12,1895.75,1896.30,1289883
2018-01-17,1896.30,1899.90,1887.08,1890.66,2896090
2018-01-18,1890.66,1904.39,1880.78,1894.49,6228635
2018-01-21,1894.49,1896.81,1884.63,1886.94,2225788
2018-01-22,1886.94,1892.14,1878.57,1883.75,3751748
2018-01-23,1883.75,1890.73,1876.28,1883.26,4707750
2018-01-24,1883.26,1907.58,1869.18,1893.42,8476508
2018-01-25,1893.42,1904.66,1884.52,1895.75,5700000
2018-01-28,1895.75,1905.53,1887.43,1897.20,5390569
2018-01-29,1897.20,1916.45,1885.11,1904.30,7375377
2018-01-30,1904.30,1910.16,1896.16,1902.00,4074176
2018-01-31,1902.00,1906.97,1893.43,1898.38,3610425
2018-02-01,1898.38,1900.76,1888.53,1890.91,2255727
2018-02-04,1890.91,1893.19,1881.05,1883.33,2207613
2018-02-05,1883.33,1886.53,1873.98,1877.17,2700651
2018-02-06,1877.17,1883.65,1869.49,1875.96,4450891
2018-02-07,1875.96,1880.53,1867.34,1871.89,3433641
2018-02-08,1871.89,1884.39,1862.54,1875.02,5994581
2018-02-11,1875.02,1875.57,1864.39,1864.94,1294204
2018-02-12,1864.94,1868.83,1856.04,1859.92,3085596
2018-02-13,1859.92,1885.57,1845.36,1870.93,8825548
2018-02-14,1870.93,1876.76,1862.96,1868.79,4118998
2018-02-15,1868.79,1875.32,1861.18,1867.72,4496810
2018-02-18,1867.72,1882.68,1857.39,1872.33,6526886
2018-02-19,1872.33,1895.48,1858.74,1881.82,8258607
2018-02-20,1881.82,1885.58,1872.76,1876.51,3000617
2018-02-21,1876.51,1879.20,1866.95,1869.62,2431927
2018-02-22,1869.62,1869.71,1858.79,1858.87,1046364
2018-02-25,1858.87,1860.60,1848.93,1850.65,1930349
2018-02-26,1850.65,1871.74,1837.93,1858.96,7874005
2018-02-27,1858.96,1860.47,1848.90,1850.41,1815603
2018-02-28,1850.41,1857.11,1843.00,1849.69,4619341
2018-03-01,1849.69,1851.88,1840.03,1842.22,2186454
2018-03-04,1842.22,1854.07,1833.19,1845.03,5899657
2018-03-05,1845.03,1859.23,1835.07,1849.24,6400925
2018-03-06,1849.24,1856.09,1841.91,1848.75,4702606
2018-03-07,1848.75,1873.34,1834.64,1859.16,8631858
2018-03-08,1859.16,1862.15,1849.84,1852.82,2608436
2018-03-11,1852.82,1856.07,1843.67,1846.92,2755795
2018-03-12,1846.92,1856.24,1838.89,1848.21,5345541
2018-03-13,1848.21,1854.81,1840.76,1847.36,4575205
2018-03-14,1847.36,1867.51,1835.02,1855.12,7679355
2018-03-15,1855.12,1873.93,1843.29,1862.06,7374039
2018-03-18,1862.06,1882.16,1849.71,1869.75,7634567
2018-03-19,1869.75,1886.04,1858.90,1875.16,6806618
2018-03-20,1875.16,1877.13,1865.24,1867.20,2050685
2018-03-21,1867.20,1884.94,1855.77,1873.47,7119855
2018-03-22,1873.47,1878.10,1864.89,1869.51,3470919
2018-03-25,1869.51,1894.74,1855.10,1880.25,8708813
2018-03-26,1880.25,1894.54,1870.16,1884.44,6364403
2018-03-27,1884.44,1884.45,1873.47,1873.48,1005589
2018-03-28,1873.48,1889.22,1862.84,1878.55,6681755
2018-03-29,1878.55,1903.87,1864.08,1889.32,8701543
2018-04-01,1889.32,1892.61,1879.98,1883.26,2743964
2018-04-02,1883.26,1902.02,1871.39,1890.11,7302846
2018-04-03,1890.11,1890.98,1879.55,1880.42,1464609
2018-04-04,1880.42,1886.10,1872.33,1878.00,4019375
2018-04-05,1878.00,1890.11,1868.78,1880.88,5905418
2018-04-08,1880.88,1886.50,1872.75,1878.36,3986934
2018-04-09,1878.36,1901.15,1864.91,1887.62,8165157
2018-04-10,1887.62,1899.41,1878.52,1890.29,5822805
2018-04-11,1890.29,1895.21,1881.76,1886.67,3601851
2018-04-12,1886.67,1889.52,1877.12,1879.97,2514643
2018-04-15,1879.97,1882.58,1870.35,1872.95,2388340
2018-04-16,1872.95,1877.90,1864.53,1869.47,3642695
2018-04-17,1869.47,1883.86,1859.37,1873.74,6401165
2018-04-18,1873.74,1890.67,1862.61,1879.51,6935356
2018-04-19,1879.51,1898.89,1867.40,1886.74,7442798
2018-04-22,1886.74,1904.84,1875.12,1893.18,7158058
2018-04-23,1893.18,1909.64,1882.21,1898.63,6797187
2018-04-24,1898.63,1901.16,1888.86,1891.38,2335493
2018-04-25,1891.38,1914.10,1877.92,1900.57,8118655
2018-04-26,1900.57,1909.98,1892.38,1901.79,5307167
2018-04-29,1901.79,1922.41,1889.13,1909.70,7654115
2018-04-30,1909.70,1916.61,1902.04,1908.95,4616289
2018-05-01,1908.95,1920.75,1899.79,1911.58,5798628
2018-05-02,1911.58,1914.89,1902.12,1905.42,2731995
2018-05-03,1905.42,1927.66,1892.11,1914.29,7984293
2018-05-06,1914.29,1919.28,1905.65,1910.63,3604903
2018-05-07,1910.63,1927.74,1899.35,1916.43,6902469
2018-05-08,1916.43,1927.11,1907.69,1918.37,5556001
2018-05-09,1918.37,1920.40,1908.23,1910.25,2059327
2018-05-10,1910.25,1930.22,1897.84,1917.76,7498868
2018-05-13,1917.76,1943.43,1903.06,1928.64,8664746
2018-05-14,1928.64,1935.38,1920.79,1927.53,4495233
2018-05-15,1927.53,1949.40,1914.32,1936.13,7854526
2018-05-16,1936.13,1943.19,1928.39,1935.44,4643861
2018-05-17,1935.44,1949.58,1925.29,1939.41,6245953
2018-05-20,1939.41,1943.88,1930.37,1934.82,3302777
2018-05-21,1934.82,1942.23,1927.26,1934.67,4826680
2018-05-22,1934.67,1937.85,1925.01,1928.18,2644821
2018-05-23,1928.18,1937.10,1920.13,1929.04,5176954
2018-05-24,1929.04,1935.88,1921.24,1928.07,4546536
2018-05-27,1928.07,1936.26,1920.31,1928.49,5025171
2018-05-28,1928.49,1955.02,1913.43,1939.86,8810390
2018-05-29,1939.86,1958.38,1927.96,1946.43,7136762
2018-05-30,1946.43,1972.76,1931.40,1957.64,8720336
2018-05-31,1957.64,1958.69,1946.78,1947.83,1536419
2018-06-03,1947.83,1970.30,1934.33,1956.74,7930692
2018-06-04,1956.74,1956.86,1945.41,1945.54,1063648
2018-06-05,1945.54,1948.82,1935.87,1939.14,2688374
2018-06-06,1939.14,1941.59,1929.09,1931.53,2261659
2018-06-07,1931.53,1932.28,1920.66,1921.41,1388443
2018-06-10,1921.41,1941.98,1908.73,1929.25,7599588
2018-06-11,1929.25,1930.14,1918.47,1919.36,1462997
2018-06-12,1919.36,1927.52,1911.63,1919.79,5028052
2018-06-13,1919.79,1924.78,1911.12,1916.11,3603395
2018-06-14,1916.11,1942.74,1901.03,1927.57,8868038
2018-06-17,1927.57,1946.83,1915.40,1934.61,7315809
2018-06-18,1934.61,1936.61,1924.36,1926.35,2033127
2018-06-19,1926.35,1931.77,1917.86,1923.26,3810116
2018-06-20,1923.26,1928.23,1914.56,1919.53,3585048
2018-06-21,1919.53,1933.43,1909.50,1923.39,6222119
2018-06-24,1923.39,1934.43,1914.50,1925.53,5622565
2018-06-25,1925.53,1934.40,1917.50,1926.37,5169101
2018-06-26,1926.37,1931.19,1917.58,1922.39,3503703
2018-06-27,1922.39,1923.62,1911.82,1913.04,1638717
2018-06-28,1913.04,1932.57,1900.80,1920.28,7401303
2018-07-01,1920.28,1929.32,1912.19,1921.23,5211213
2018-07-02,1921.23,1925.44,1912.17,1916.37,3191906
2018-07-03,1916.37,1927.33,1907.52,1918.48,5614986
2018-07-04,1918.48,1934.58,1907.59,1923.65,6677983
2018-07-05,1923.65,1934.67,1914.78,1925.78,5615466
2018-07-08,1925.78,1929.91,1916.64,1920.76,3143484
2018-07-09,1920.76,1925.06,1911.74,1916.03,3237345
2018-07-10,1916.03,1922.24,1907.99,1914.20,4242729
2018-07-11,1914.20,1918.64,1905.29,1909.72,3320130
2018-07-12,1909.72,1923.56,1899.74,1913.56,6222633
2018-07-15,1913.56,1916.26,1903.78,1906.47,2407030
2018-07-16,1906.47,1907.38,1895.83,1896.74,1478257
2018-07-17,1896.74,1900.47,1887.57,1891.30,2967181
2018-07-18,1891.30,1895.91,1882.61,1887.22,3441700
2018-07-19,1887.22,1913.84,1872.21,1898.74,8951200
2018-07-22,1898.74,1905.96,1891.30,1898.52,4804320
2018-07-23,1898.52,1901.71,1889.08,1892.26,2680075
2018-07-24,1892.26,1900.51,1884.55,1892.81,5072290
2018-07-25,1892.81,1910.54,1881.32,1899.02,7067386
2018-07-26,1899.02,1903.68,1890.30,1894.96,3455486
2018-07-29,1894.96,1895.29,1884.10,1884.43,1174862
2018-07-30,1884.43,1892.73,1876.72,1885.02,5089711
2018-07-31,1885.02,1885.21,1874.14,1874.33,1101268
2018-08-01,1874.33,1899.08,1860.10,1884.77,8592249
2018-08-02,1884.77,1887.04,1874.95,1877.21,2204629
2018-08-05,1877.21,1894.24,1866.04,1883.04,6950754
2018-08-06,1883.04,1898.74,1872.39,1888.06,6657784
2018-08-07,1888.06,1889.47,1877.78,1879.18,1745473
2018-08-08,1879.18,1902.79,1865.39,1888.93,8337277
2018-08-09,1888.93,1904.90,1878.15,1894.10,6704801
2018-08-12,1894.10,1911.74,1882.65,1900.25,7045576
2018-08-13,1900.25,1925.35,1885.82,1910.84,8594170
2018-08-14,1910.84,1916.70,1902.65,1908.51,4066632
2018-08-15,1908.51,1918.58,1900.04,1910.11,5438271
2018-08-16,1910.11,1914.03,1900.96,1904.88,3054766
2018-08-19,1904.88,1906.93,1894.82,1896.87,2076611
2018-08-20,1896.87,1920.31,1883.10,1906.47,8256893
2018-08-21,1906.47,1910.39,1897.35,1901.25,3052400
2018-08-22,1901.25,1907.08,1893.11,1898.93,4068072
2018-08-23,1898.93,1902.42,1889.63,1893.11,2834773
2018-08-26,1893.11,1898.63,1884.86,1890.38,3920404
2018-08-27,1890.38,1900.06,1882.11,1891.78,5374348
2018-08-28,1891.78,1916.35,1877.58,1902.07,8505246
2018-08-29,1902.07,1929.10,1886.87,1913.80,8992112
2018-08-30,1913.80,1914.43,1902.98,1903.61,1328772
2018-09-02,1903.61,1910.46,1895.96,1902.81,4601646
2018-09-03,1902.81,1913.63,1894.06,1904.87,5600857
2018-09-04,1904.87,1909.18,1895.95,1900.26,3264677
2018-09-05,1900.26,1903.02,1890.59,1893.35,2457304
2018-09-06,1893.35,1901.64,1885.62,1893.92,5079972
2018-09-09,1893.92,1909.03,1883.47,1898.56,6515397
2018-09-10,1898.56,1908.43,1890.20,1900.06,5405555
2018-09-11,1900.06,1903.41,1890.69,1894.03,2762791
2018-09-12,1894.03,1908.66,1883.77,1898.38,6414266
2018-09-13,1898.38,1924.34,1883.62,1909.49,8779732
2018-09-16,1909.49,1911.37,1899.32,1901.19,1982647
2018-09-17,1901.19,1915.31,1891.12,1905.23,6294615
2018-09-18,1905.23,1927.12,1892.05,1913.89,7913168
2018-09-19,1913.89,1927.04,1904.18,1917.32,6072873
2018-09-20,1917.32,1918.26,1906.63,1907.57,1489780
2018-09-23,1907.57,1920.99,1897.76,1911.17,6139197
2018-09-24,1911.17,1913.78,1901.36,1903.97,2366803
2018-09-25,1903.97,1908.41,1895.12,1899.55,3333093
2018-09-26,1899.55,1916.03,1888.55,1904.99,6791152
2018-09-27,1904.99,1907.28,1895.06,1897.33,2197770
2018-09-30,1897.33,1915.54,1885.65,1903.81,7157887
2018-10-01,1903.81,1912.74,1895.81,1904.73,5202366
2018-10-02,1904.73,1931.35,1889.69,1916.22,8899108
2018-10-03,1916.22,1940.09,1902.23,1926.04,8297496
2018-10-04,1926.04,1933.18,1918.40,1925.54,4706172
2018-10-07,1925.54,1927.08,1915.11,1916.65,1804149
2018-10-08,1916.65,1918.73,1906.55,1908.62,2085253
2018-10-09,1908.62,1934.03,1894.04,1919.37,8635905
2018-10-10,1919.37,1943.04,1905.46,1929.06,8246227
2018-10-11,1929.06,1950.95,1915.84,1937.67,7854492
2018-10-14,1937.67,1944.11,1929.62,1936.06,4324897
2018-10-15,1936.06,1956.58,1923.36,1943.83,7558676
2018-10-16,1943.83,1951.66,1936.18,1944.01,4938545
2018-10-17,1944.01,1948.10,1934.75,1938.83,3106481
2018-10-18,1938.83,1942.86,1929.57,1933.58,3074828
2018-10-21,1933.58,1940.68,1925.88,1932.98,4670747
2018-10-22,1932.98,1957.14,1918.84,1942.93,8313991
2018-10-23,1942.93,1956.55,1932.97,1946.57,6128017
2018-10-24,1946.57,1949.27,1936.60,1939.28,2384430
2018-10-25,1939.28,1958.49,1927.10,1946.27,7280761
2018-10-28,1946.27,1952.21,1937.92,1943.85,4051577
2018-10-29,1943.85,1944.65,1932.94,1933.74,1412928
2018-10-30,1933.74,1938.27,1924.76,1929.27,3340123
2018-10-31,1929.27,1952.74,1915.42,1938.82,8178840
2018-11-01,1938.82,1947.36,1930.89,1939.43,5089574
2018-11-04,1939.43,1961.29,1926.19,1948.00,7825411
2018-11-05,1948.00,1960.26,1938.56,1950.81,5843141
2018-11-06,1950.81,1977.33,1935.70,1962.13,8747702
2018-11-07,1962.13,1985.46,1948.26,1971.52,8069958
2018-11-08,1971.52,1996.48,1956.97,1981.86,8377812
2018-11-11,1981.86,2003.68,1968.54,1990.31,7720644
2018-11-12,1990.31,2010.65,1977.56,1997.85,7407098
2018-11-13,1997.85,2002.08,1988.35,1992.57,3116186
2018-11-14,1992.57,2002.60,1983.92,1993.95,5341735
2018-11-15,1993.95,1994.29,1982.51,1982.85,1170164
2018-11-18,1982.85,1983.63,1971.70,1972.48,1391598
2018-11-19,1972.48,1980.45,1964.70,1972.67,4944307
2018-11-20,1972.67,1999.21,1957.49,1983.95,8692489
2018-11-21,1983.95,1999.89,1972.96,1988.88,6537379
2018-11-22,1988.88,1990.59,1978.17,1979.87,1861694
2018-11-25,1979.87,1980.48,1968.66,1969.26,1307407
2018-11-26,1969.26,1981.88,1959.64,1972.24,5886865
2018-11-27,1972.24,1992.50,1959.56,1979.77,7427229
2018-11-28,1979.77,1994.75,1969.19,1984.13,6348251
2018-11-29,1984.13,1987.65,1974.36,1977.86,2773388
2018-12-02,1977.86,2005.88,1962.09,1990.01,8974245
2018-12-03,1990.01,1994.29,1980.58,1984.84,3148353
2018-12-04,1984.84,2010.74,1969.90,1995.71,8530281
2018-12-05,1995.71,1997.38,1984.94,1986.60,1836076
2018-12-06,1986.60,1990.65,1977.07,1981.12,3041049
2018-12-09,1981.12,1984.07,1971.08,1974.02,2490877
2018-12-10,1974.02,1983.98,1965.44,1975.40,5346056
2018-12-11,1975.40,1976.11,1964.26,1964.97,1359670
2018-12-12,1964.97,1970.84,1956.48,1962.34,3988511
2018-12-13,1962.34,1979.59,1950.88,1968.10,6837517
2018-12-16,1968.10,1968.96,1957.08,1957.94,1437551
2018-12-17,1957.94,1982.63,1943.54,1968.15,8356515
2018-12-18,1968.15,1969.42,1957.33,1958.60,1643792
2018-12-19,1958.60,1974.68,1947.61,1963.67,6608024
2018-12-20,1963.67,1967.46,1954.15,1957.92,2928223
2018-12-23,1957.92,1958.12,1946.63,1946.82,1098216
2018-12-24,1946.82,1953.05,1938.61,1944.84,4204423
2018-12-25,1944.84,1962.92,1933.10,1951.14,7036968
2018-12-26,1951.14,1976.61,1936.44,1961.83,8534122
2018-12-27,1961.83,1972.79,1952.88,1963.83,5560082
2018-12-30,1963.83,1986.91,1950.05,1973.07,8016083
2018-12-31,1973.07,1977.58,1963.85,1968.35,3284842
2019-01-01,1968.35,1981.56,1958.49,1971.68,6008333
2019-01-02,1971.68,1972.07,1960.40,1960.79,1198902
2019-01-03,1960.79,1968.02,1953.00,1960.22,4683710
2019-01-06,1960.22,1987.53,1944.76,1971.98,8882510
2019-01-07,1971.98,1984.77,1962.29,1975.06,5918758
2019-01-08,1975.06,1998.51,1961.11,1984.49,8064060
2019-01-09,1984.49,1985.51,1973.46,1974.48,1515946
2019-01-10,1974.48,1975.48,1963.49,1964.49,1508984
2019-01-13,1964.49,1991.26,1949.25,1975.92,8759224
2019-01-14,1975.92,1980.35,1966.65,1971.07,3241975
2019-01-15,1971.07,1990.70,1958.65,1978.23,7302914
2019-01-16,1978.23,1980.41,1967.82,1969.99,2102537
2019-01-17,1969.99,1970.77,1958.92,1959.69,1393930
2019-01-20,1959.69,1962.89,1949.90,1953.09,2633882
2019-01-21,1953.09,1973.15,1940.53,1960.55,7427331
2019-01-22,1960.55,1980.09,1948.19,1967.68,7305144
2019-01-23,1967.68,1984.97,1956.20,1973.45,6835219
2019-01-24,1973.45,1979.50,1965.00,1971.05,4066941
2019-01-27,1971.05,1995.66,1956.64,1981.18,8308950
2019-01-28,1981.18,2000.60,1968.82,1988.20,7240260
2019-01-29,1988.20,1992.88,1978.98,1983.65,3354698
2019-01-30,1983.65,2005.58,1970.28,1992.15,7738683
2019-01-31,1992.15,2011.39,1979.84,1999.03,7182338
2019-02-03,1999.03,2025.59,1983.79,2010.26,8623936
2019-02-04,2010.26,2038.50,1994.32,2022.47,8927674
2019-02-05,2022.47,2024.48,2011.71,2013.71,1994787
2019-02-06,2013.71,2033.29,2001.21,2020.75,7207990
2019-02-07,2020.75,2040.40,2008.20,2027.81,7209259
2019-02-10,2027.81,2031.88,2018.05,2022.12,3010939
2019-02-11,2022.12,2025.03,2011.82,2014.72,2440192
2019-02-12,2014.72,2027.77,2004.81,2017.85,5916769
2019-02-13,2017.85,2029.14,2008.64,2019.92,5564128
2019-02-14,2019.92,2031.68,2010.52,2022.27,5653875
2019-02-17,2022.27,2047.91,2007.34,2032.90,8383539
2019-02-18,2032.90,2041.33,2024.79,2033.22,4987688
2019-02-19,2033.22,2039.70,2024.63,2031.10,4182373
2019-02-20,2031.10,2033.01,2020.24,2022.15,1942901
2019-02-21,2022.15,2029.46,2014.04,2021.34,4614951
2019-02-24,2021.34,2022.07,2009.95,2010.67,1359019
2019-02-25,2010.67,2023.76,2000.76,2013.83,5928189
2019-02-26,2013.83,2036.30,2000.18,2022.59,7779252
2019-02-27,2022.59,2048.91,2007.38,2033.62,8517146
2019-02-28,2033.62,2055.77,2020.05,2042.14,7672736
2019-03-03,2042.14,2043.80,2031.10,2032.75,1813923
2019-03-04,2032.75,2041.20,2024.64,2033.09,4990089
2019-03-05,2033.09,2036.16,2022.80,2025.86,2509876
2019-03-06,2025.86,2039.67,2015.62,2029.42,6052297
2019-03-07,2029.42,2031.68,2018.75,2020.99,2111179
2019-03-10,2020.99,2022.55,2010.02,2011.57,1772942
2019-03-11,2011.57,2034.26,1997.84,2020.47,7827709
2019-03-12,2020.47,2024.94,2010.96,2015.42,3213751
2019-03-13,2015.42,2043.06,1999.71,2027.25,8795267
2019-03-14,2027.25,2030.24,2016.96,2019.94,2473491
2019-03-17,2019.94,2025.25,2010.85,2016.15,3631138
2019-03-18,2016.15,2020.00,2006.35,2010.19,2910185
2019-03-19,2010.19,2010.84,1998.82,1999.47,1322976
2019-03-20,1999.47,2016.34,1988.08,2004.92,6696673
2019-03-21,2004.92,2009.83,1995.72,2000.62,3451028
2019-03-24,2000.62,2022.59,1987.20,2009.11,7709499
2019-03-25,2009.11,2031.35,1995.56,2017.74,7743689
2019-03-26,2017.74,2029.98,2008.15,2020.38,5751131
2019-03-27,2020.38,2048.96,2004.28,2032.76,8966392
2019-03-28,2032.76,2035.01,2022.06,2024.30,2105521
2019-03-31,2024.30,2033.49,2015.91,2025.10,5143827
2019-04-01,2025.10,2051.00,2010.06,2035.88,8426989
2019-04-02,2035.88,2036.11,2024.15,2024.38,1115500
2019-04-03,2024.38,2032.65,2016.36,2024.63,4962448
2019-04-04,2024.63,2025.49,2013.28,2014.14,1424622
2019-04-07,2014.14,2038.27,1999.82,2023.89,8106961
2019-04-08,2023.89,2050.34,2008.63,2035.00,8540329
2019-04-09,2035.00,2055.22,2022.19,2042.36,7292626
2019-04-10,2042.36,2045.25,2031.93,2034.81,2413237
2019-04-11,2034.81,2039.31,2025.23,2029.71,3210802
2019-04-14,2029.71,2040.05,2020.85,2031.19,5364334
2019-04-15,2031.19,2036.00,2021.78,2026.58,3367661
2019-04-16,2026.58,2051.88,2011.77,2037.00,8307201
2019-04-17,2037.00,2055.60,2024.83,2043.39,6973079
2019-04-18,2043.39,2058.62,2032.56,2047.76,6303566
2019-04-21,2047.76,2052.19,2038.06,2042.48,3162860
2019-04-22,2042.48,2063.59,2029.30,2050.36,7452194
2019-04-23,2050.36,2066.93,2038.97,2055.51,6554286
2019-04-24,2055.51,2074.99,2042.95,2062.39,7111111
2019-04-25,2062.39,2064.73,2051.57,2053.90,2135013
2019-04-28,2053.90,2075.13,2040.64,2061.83,7453155
2019-04-29,2061.83,2083.31,2048.45,2069.88,7485288
2019-04-30,2069.88,2072.69,2059.25,2062.04,2354869
2019-05-01,2062.04,2068.92,2053.49,2060.35,4333504
2019-05-02,2060.35,2082.51,2046.72,2068.82,7618724
2019-05-05,2068.82,2073.88,2059.32,2064.36,3445096
2019-05-06,2064.36,2091.29,2048.82,2075.66,8528669
2019-05-07,2075.66,2079.49,2065.51,2069.33,2844753
2019-05-08,2069.33,2097.41,2053.31,2081.30,8739026
2019-05-09,2081.30,2102.40,2068.04,2089.08,7371982
2019-05-12,2089.08,2096.39,2080.58,2087.88,4496707
2019-05-13,2087.88,2099.60,2078.34,2090.04,5569993
2019-05-14,2090.04,2096.73,2081.23,2087.90,4196776
2019-05-15,2087.90,2111.87,2073.48,2097.39,7907921
2019-05-16,2097.39,2107.58,2088.43,2098.62,5271330
2019-05-19,2098.62,2101.42,2087.82,2090.61,2336385
2019-05-20,2090.61,2117.26,2075.11,2101.68,8411728
2019-05-21,2101.68,2106.26,2091.75,2096.31,3176371
2019-05-22,2096.31,2105.73,2087.67,2097.08,5124142
2019-05-23,2097.08,2097.80,2085.24,2085.95,1341460
2019-05-26,2085.95,2089.33,2075.51,2078.87,2618449
2019-05-27,2078.87,2102.67,2064.54,2088.27,7893381
2019-05-28,2088.27,2102.40,2077.77,2091.87,6030452
2019-05-29,2091.87,2110.76,2079.47,2098.31,6930898
2019-05-30,2098.31,2112.23,2087.87,2101.76,5977434
2019-06-02,2101.76,2103.47,2090.39,2092.09,1812037
2019-06-03,2092.09,2097.21,2082.49,2087.60,3447050
2019-06-04,2087.60,2091.16,2077.24,2080.80,2709636
2019-06-05,2080.80,2105.27,2066.19,2090.60,8019547
2019-06-06,2090.60,2095.83,2081.06,2086.27,3500240
2019-06-09,2086.27,2087.15,2074.58,2075.45,1423319
2019-06-10,2075.45,2081.65,2066.48,2072.67,3986316
2019-06-11,2072.67,2075.62,2062.10,2065.04,2423799
2019-06-12,2065.04,2076.01,2055.84,2066.81,5451817
2019-06-13,2066.81,2066.90,2054.83,2054.92,1045679
2019-06-16,2054.92,2060.16,2045.59,2050.82,3551063
2019-06-17,2050.82,2053.14,2040.05,2042.36,2128463
2019-06-18,2042.36,2045.49,2032.05,2035.16,2530967
2019-06-19,2035.16,2037.64,2024.56,2027.03,2215363
2019-06-20,2027.03,2030.65,2017.05,2020.66,2786591
2019-06-23,2020.66,2026.27,2011.72,2017.32,3775514
2019-06-24,2017.32,2018.83,2006.34,2007.84,1750034
2019-06-25,2007.84,2011.38,1997.94,2001.46,2759533
2019-06-26,2001.46,2025.47,1987.22,2011.16,8112654
2019-06-27,2011.16,2022.03,2002.14,2013.00,5488408
2019-06-30,2013.00,2023.33,2004.18,2014.51,5380624
2019-07-01,2014.51,2018.29,2004.69,2008.45,2875720
2019-07-02,2008.45,2035.84,1992.86,2020.15,8763820
2019-07-03,2020.15,2033.58,2010.09,2023.50,5983196
2019-07-04,2023.50,2044.14,2010.55,2031.14,7398045
2019-07-07,2031.14,2049.36,2019.14,2037.32,6909602
2019-07-08,2037.32,2060.68,2023.26,2046.55,7900582
2019-07-09,2046.55,2046.58,2034.66,2034.68,1012962
2019-07-10,2034.68,2039.28,2025.15,2029.74,3259087
2019-07-11,2029.74,2045.69,2018.64,2034.57,6466117
2019-07-14,2034.57,2038.74,2024.82,2028.99,3053806
2019-07-15,2028.99,2029.29,2017.33,2017.63,1145610
2019-07-16,2017.63,2026.13,2009.53,2018.03,5013134
2019-07-17,2018.03,2046.00,2002.18,2030.06,8853909
2019-07-18,2030.06,2035.95,2021.20,2027.08,3902503
2019-07-21,2027.08,2045.09,2015.17,2033.15,6874965
2019-07-22,2033.15,2045.45,2023.50,2035.79,5746604
2019-07-23,2035.79,2053.82,2023.85,2041.85,6863100
2019-07-24,2041.85,2062.60,2028.81,2049.52,7384945
2019-07-25,2049.52,2058.42,2041.19,2050.09,5065226
2019-07-28,2050.09,2060.51,2041.15,2051.57,5360733
2019-07-29,2051.57,2053.36,2040.53,2042.32,1876406
2019-07-30,2042.32,2044.66,2031.61,2033.94,2143106
2019-07-31,2033.94,2037.46,2023.87,2027.38,2728737
2019-08-01,2027.38,2028.76,2016.28,2017.65,1682681
2019-08-04,2017.65,2042.88,2002.90,2028.04,8313580
2019-08-05,2028.04,2030.68,2017.57,2020.20,2300445
2019-08-06,2020.20,2022.49,2009.60,2011.89,2137105
2019-08-07,2011.89,2015.73,2002.11,2005.94,2909979
2019-08-08,2005.94,2026.46,1993.08,2013.55,7409190
2019-08-11,2013.55,2029.91,2002.33,2018.66,6573010
2019-08-12,2018.66,2028.45,2010.05,2019.83,5265637
2019-08-13,2019.83,2030.24,2010.97,2021.37,5388305
2019-08-14,2021.37,2024.05,2010.96,2013.62,2323731
2019-08-15,2013.62,2017.07,2003.64,2007.08,2713888
2019-08-18,2007.08,2028.42,1993.89,2015.18,7571124
2019-08-19,2015.18,2042.45,1999.62,2026.80,8722599
2019-08-20,2026.80,2043.34,2015.47,2031.99,6588065
2019-08-21,2031.99,2032.58,2020.46,2021.05,1290980
2019-08-22,2021.05,2030.02,2012.76,2021.72,5102949
2019-08-25,2021.72,2028.24,2013.22,2019.73,4221502
2019-08-26,2019.73,2032.63,2009.87,2022.76,5881207
2019-08-27,2022.76,2026.40,2012.82,2016.44,2798113
2019-08-28,2016.44,2034.73,2004.45,2022.70,6947530
2019-08-29,2022.70,2049.83,2007.17,2034.21,8675137
2019-09-01,2034.21,2043.44,2025.79,2035.01,5141426
2019-09-02,2035.01,2037.25,2024.29,2026.52,2099485
2019-09-03,2026.52,2035.03,2018.40,2026.91,5006104
2019-09-04,2026.91,2047.93,2013.80,2034.77,7466220
2019-09-05,2034.77,2034.79,2022.94,2022.96,1010699
2019-09-08,2022.96,2037.54,2012.42,2026.99,6207441
2019-09-09,2026.99,2036.00,2018.66,2027.67,5105829
2019-09-10,2027.67,2046.40,2015.48,2034.17,7014506
2019-09-11,2034.17,2056.01,2020.72,2042.50,7612482
2019-09-12,2042.50,2043.31,2031.02,2031.82,1393587
2019-09-15,2031.82,2052.78,2018.73,2039.64,7444238
2019-09-16,2039.64,2046.89,2031.39,2038.64,4554561
2019-09-17,2038.64,2060.79,2025.06,2047.15,7662825
2019-09-18,2047.15,2058.96,2037.67,2049.46,5633230
2019-09-19,2049.46,2075.36,2034.37,2060.18,8367009
2019-09-22,2060.18,2064.81,2050.52,2055.14,3246879
2019-09-23,2055.14,2063.29,2047.09,2055.24,4914814
2019-09-24,2055.24,2070.97,2044.18,2059.88,6383161
2019-09-25,2059.88,2081.31,2046.53,2067.91,7479080
2019-09-26,2067.91,2095.37,2052.15,2079.52,8622325
2019-09-29,2079.52,2081.46,2068.40,2070.34,1936351
2019-09-30,2070.34,2092.99,2056.48,2079.07,7692764
2019-10-01,2079.07,2085.49,2070.19,2076.60,4089094
2019-10-02,2076.60,2092.37,2065.47,2081.21,6359910
2019-10-03,2081.21,2101.52,2068.27,2088.52,7221262
2019-10-06,2088.52,2091.97,2078.10,2081.53,2648456
2019-10-07,2081.53,2100.61,2069.07,2088.11,6987174
2019-10-08,2088.11,2088.94,2076.38,2077.20,1397908
2019-10-09,2077.20,2099.62,2063.42,2085.78,7633744
2019-10-10,2085.78,2105.77,2072.95,2092.89,7151474
2019-10-13,2092.89,2094.05,2081.30,2082.46,1556035
2019-10-14,2082.46,2098.36,2071.26,2087.14,6378292
2019-10-15,2087.14,2089.61,2076.24,2078.70,2186145
2019-10-16,2078.70,2082.92,2068.73,2072.93,3028978
2019-10-17,2072.93,2075.45,2062.14,2064.65,2215432
2019-10-20,2064.65,2069.65,2055.14,2060.14,3424519
2019-10-21,2060.14,2060.45,2048.30,2048.61,1150068
2019-10-22,2048.61,2064.77,2037.39,2053.52,6478497
2019-10-23,2053.52,2068.29,2042.85,2057.59,6199931
2019-10-24,2057.59,2077.82,2044.72,2064.91,7252640
2019-10-27,2064.91,2081.32,2053.55,2069.93,6500823
2019-10-28,2069.93,2082.98,2059.90,2072.93,5845713
2019-10-29,2072.93,2100.71,2057.03,2084.72,8670027
2019-10-30,2084.72,2096.65,2075.09,2087.02,5615740
2019-10-31,2087.02,2099.38,2077.22,2089.57,5695198
2019-11-03,2089.57,2117.91,2073.40,2101.65,8735562
2019-11-04,2101.65,2121.81,2088.71,2108.83,7156584
2019-11-05,2108.83,2109.00,2096.64,2096.82,1081721
2019-11-06,2096.82,2100.55,2086.49,2090.22,2782578
2019-11-07,2090.22,2106.59,2078.81,2095.16,6456687
2019-11-10,2095.16,2100.06,2085.43,2090.32,3338614
2019-11-11,2090.32,2092.71,2079.36,2081.74,2144410
2019-11-12,2081.74,2100.10,2069.56,2087.89,6849382
2019-11-13,2087.89,2111.29,2073.69,2097.03,7799211
2019-11-14,2097.03,2099.45,2086.05,2088.46,2154389
2019-11-17,2088.46,2094.03,2079.10,2084.66,3668004
2019-11-18,2084.66,2086.32,2073.37,2075.02,1796844
2019-11-19,2075.02,2089.66,2064.34,2078.96,6145850
2019-11-20,2078.96,2104.60,2063.90,2089.46,8245884
2019-11-21,2089.46,2097.12,2081.13,2088.78,4664849
2019-11-24,2088.78,2089.73,2077.10,2078.04,1452126
2019-11-25,2078.04,2101.95,2063.67,2087.51,7916358
2019-11-26,2087.51,2093.22,2078.22,2083.93,3736556
2019-11-27,2083.93,2105.23,2070.58,2091.83,7406550
2019-11-28,2091.83,2105.88,2081.34,2095.38,6012757
2019-12-01,2095.38,2098.20,2084.60,2087.41,2345301
2019-12-02,2087.41,2092.30,2077.72,2082.60,3342455
2019-12-03,2082.60,2095.84,2072.46,2085.69,5868415
2019-12-04,2085.69,2091.58,2076.50,2082.38,3824417
2019-12-05,2082.38,2109.88,2066.57,2093.98,8593175
2019-12-08,2093.98,2097.79,2083.71,2087.50,2816666
2019-12-09,2087.50,2092.74,2077.98,2083.20,3507235
2019-12-10,2083.20,2086.31,2072.64,2075.74,2492043
2019-12-11,2075.74,2101.05,2060.81,2086.05,8190843
2019-12-12,2086.05,2093.82,2077.80,2085.57,4727091
2019-12-15,2085.57,2092.60,2076.96,2083.98,4372393
2019-12-16,2083.98,2084.66,2072.20,2072.87,1324279
2019-12-17,2072.87,2076.64,2062.70,2066.45,2817318
2019-12-18,2066.45,2067.63,2055.02,2056.19,1567558
2019-12-19,2056.19,2057.32,2044.79,2045.92,1550308
2019-12-22,2045.92,2046.14,2034.13,2034.35,1111248
2019-12-23,2034.35,2044.95,2025.38,2035.97,5410871
2019-12-24,2035.97,2042.49,2027.39,2033.90,4202263
2019-12-25,2033.90,2037.85,2024.05,2027.99,2942215
2019-12-26,2027.99,2032.52,2018.47,2022.99,3235665
2019-12-29,2022.99,2030.30,2014.87,2022.18,4613477
2019-12-30,2022.18,2027.52,2013.09,2018.43,3643552
2019-12-31,2018.43,2033.83,2007.58,2022.96,6375274
2020-01-01,2022.96,2037.08,2012.60,2026.71,6117283
2020-01-02,2026.71,2043.06,2015.46,2031.78,6548593
2020-01-05,2031.78,2034.15,2021.15,2023.50,2163031
2020-01-06,2023.50,2029.67,2014.82,2020.97,4047016
2020-01-07,2020.97,2039.52,2008.87,2027.37,6990672
2020-01-08,2027.37,2029.26,2016.53,2018.41,1932270
2020-01-09,2018.41,2019.89,2007.41,2008.89,1736008
2020-01-12,2008.89,2033.95,1994.22,2019.20,8303120
2020-01-13,2019.20,2019.24,2007.47,2007.50,1016323
2020-01-14,2007.50,2010.55,1997.35,2000.39,2517592
2020-01-15,2000.39,2012.86,1990.75,2003.21,5819272
2020-01-16,2003.21,2006.71,1993.31,1996.80,2748525
2020-01-19,1996.80,1998.25,1985.91,1987.35,1725102
2020-01-20,1987.35,1991.07,1977.66,1981.37,2872462
2020-01-21,1981.37,1984.27,1971.30,1974.18,2462208
2020-01-22,1974.18,1977.52,1964.37,1967.70,2691872
2020-01-23,1967.70,1971.24,1958.03,1961.55,2796021
2020-01-26,1961.55,1966.44,1952.59,1957.46,3490706
2020-01-27,1957.46,1984.09,1942.29,1968.83,8751234
2020-01-28,1968.83,1996.47,1953.23,1980.77,8923285
2020-01-29,1980.77,1981.10,1969.41,1969.74,1167352
2020-01-30,1969.74,1989.03,1957.46,1976.70,7236522
2020-02-02,1976.70,2002.78,1961.70,1987.70,8587585
2020-02-03,1987.70,2005.11,1976.12,1993.50,6825480
2020-02-04,1993.50,1994.46,1982.38,1983.33,1481069
2020-02-05,1983.33,1992.23,1975.16,1984.05,5122256
2020-02-06,1984.05,2006.29,1970.57,1992.74,7798422
2020-02-09,1992.74,1996.36,1982.96,1986.58,2818209
2020-02-10,1986.58,1988.29,1975.88,1977.58,1860631
2020-02-11,1977.58,1997.86,1964.88,1985.11,7419513
2020-02-12,1985.11,2001.29,1974.03,1990.18,6581275
2020-02-13,1990.18,1992.44,1979.73,1981.99,2136042
2020-02-16,1981.99,1982.03,1970.47,1970.52,1022085
2020-02-17,1970.52,1994.11,1956.52,1980.05,8103600
2020-02-18,1980.05,1980.60,1968.80,1969.36,1281824
2020-02-19,1969.36,1992.13,1955.69,1978.40,7939471
2020-02-20,1978.40,1981.80,1968.59,1971.98,2718518
2020-02-23,1971.98,1975.20,1962.12,1965.33,2631310
2020-02-24,1965.33,1985.90,1952.55,1973.07,7505006
2020-02-25,1973.07,1974.57,1962.34,1963.83,1759362
2020-02-26,1963.83,1964.85,1952.92,1953.93,1517832
2020-02-27,1953.93,1957.94,1944.57,1948.57,3052023
2020-03-01,1948.57,1974.14,1933.84,1959.33,8559465
2020-03-02,1959.33,1959.86,1948.19,1948.73,1274725
2020-03-03,1948.73,1961.34,1939.15,1951.75,5913854
2020-03-04,1951.75,1954.59,1941.82,1944.64,2452160
2020-03-05,1944.64,1953.92,1936.41,1945.68,5235322
2020-03-08,1945.68,1950.40,1936.73,1941.43,3423834
2020-03-09,1941.43,1944.87,1931.86,1935.29,2770781
2020-03-10,1935.29,1961.53,1920.32,1946.47,8732956
2020-03-11,1946.47,1963.96,1934.96,1952.42,6915294
2020-03-12,1952.42,1959.93,1944.81,1952.32,4848662
2020-03-15,1952.32,1970.78,1940.41,1958.83,7100960
2020-03-16,1958.83,1964.16,1950.10,1955.42,3721570
2020-03-17,1955.42,1961.33,1947.00,1952.90,4019135
2020-03-18,1952.90,1958.12,1944.15,1949.36,3672668
2020-03-19,1949.36,1958.37,1941.22,1950.23,5175994
2020-03-22,1950.23,1955.33,1941.44,1946.53,3615534
2020-03-23,1946.53,1948.05,1935.97,1937.48,1781412
2020-03-24,1937.48,1953.42,1926.61,1942.52,6611899
2020-03-25,1942.52,1960.24,1930.92,1948.61,6971193
2020-03-26,1948.61,1955.94,1940.93,1948.26,4760528
2020-03-29,1948.26,1952.86,1939.23,1943.82,3362620
2020-03-30,1943.82,1944.64,1932.92,1933.73,1419444
2020-03-31,1933.73,1956.11,1920.31,1942.62,7943347
2020-04-01,1942.62,1959.33,1931.43,1948.10,6761488
2020-04-02,1948.10,1962.57,1937.79,1952.23,6293621
2020-04-05,1952.23,1968.54,1941.18,1957.46,6663203
2020-04-06,1957.46,1963.61,1949.14,1955.29,4141838
2020-04-07,1955.29,1982.75,1939.79,1967.16,8927057
2020-04-08,1967.16,1973.56,1958.92,1965.31,4253429
2020-04-09,1965.31,1982.58,1953.84,1971.08,6837002
2020-04-12,1971.08,1978.28,1963.21,1970.41,4653086
2020-04-13,1970.41,1976.41,1961.95,1967.95,4047359
2020-04-14,1967.95,1970.27,1957.66,1959.98,2180315
2020-04-15,1959.98,1967.43,1952.30,1959.76,4805041
2020-04-16,1959.76,1960.50,1948.73,1949.46,1378326
2020-04-19,1949.46,1950.45,1938.61,1939.59,1505109
2020-04-20,1939.59,1946.80,1931.91,1939.12,4716255
2020-04-21,1939.12,1959.78,1926.36,1946.97,7579663
2020-04-22,1946.97,1970.48,1933.06,1956.50,8144718
2020-04-23,1956.50,1978.04,1943.36,1964.84,7720061
2020-04-26,1964.84,1966.77,1954.38,1956.31,1984705
2020-04-27,1956.31,1957.15,1945.35,1946.19,1432475
2020-04-28,1946.19,1946.48,1935.01,1935.30,1149794
2020-04-29,1935.30,1940.96,1926.88,1932.53,3926783
2020-04-30,1932.53,1958.58,1917.65,1943.61,8701714
2020-05-03,1943.61,1950.10,1935.55,1942.03,4338786
2020-05-04,1942.03,1968.39,1927.00,1953.28,8739231
2020-05-05,1953.28,1953.83,1942.19,1942.75,1285768
2020-05-06,1942.75,1949.78,1934.96,1941.99,4620370
2020-05-07,1941.99,1947.34,1933.37,1938.71,3755384
2020-05-10,1938.71,1954.20,1928.01,1943.48,6517969
2020-05-11,1943.48,1953.20,1935.06,1944.78,5327880
2020-05-12,1944.78,1969.07,1930.57,1954.78,8308573
2020-05-13,1954.78,1960.12,1946.09,1951.42,3731652
2020-05-14,1951.42,1952.97,1940.84,1942.38,1794650
2020-05-17,1942.38,1943.81,1931.80,1933.21,1732133
2020-05-18,1933.21,1939.52,1925.12,1931.42,4260150
2020-05-19,1931.42,1941.20,1923.01,1932.79,5354012
2020-05-20,1932.79,1937.35,1923.83,1928.38,3359396
2020-05-21,1928.38,1933.08,1919.52,1924.21,3436796
2020-05-24,1924.21,1928.71,1915.27,1919.76,3339300
2020-05-25,1919.76,1944.77,1905.32,1930.25,8523696
2020-05-26,1930.25,1937.19,1922.49,1929.43,4594924
2020-05-27,1929.43,1947.58,1917.69,1935.80,7083847
2020-05-28,1935.80,1942.69,1927.99,1934.87,4558367
2020-05-31,1934.87,1938.87,1925.62,1929.61,3067866
2020-06-01,1929.61,1935.25,1921.21,1926.84,3920987
2020-06-02,1926.84,1930.30,1917.36,1920.81,2796742
2020-06-03,1920.81,1923.10,1910.79,1913.06,2188957
2020-06-04,1913.06,1921.94,1905.06,1913.93,5184053
2020-06-07,1913.93,1929.48,1903.27,1918.79,6572153
2020-06-08,1918.79,1928.22,1910.56,1919.98,5291529
2020-06-09,1919.98,1933.81,1909.98,1923.80,6206378
2020-06-10,1923.80,1928.06,1914.74,1919.00,3217935
2020-06-11,1919.00,1940.07,1906.13,1927.14,7708916
2020-06-14,1927.14,1929.69,1917.21,1919.75,2321296
2020-06-15,1919.75,1925.63,1911.52,1917.41,4067421
2020-06-16,1917.41,1924.64,1909.87,1917.10,4774451
2020-06-17,1917.10,1924.51,1909.65,1917.05,4862139
2020-06-18,1917.05,1923.67,1909.21,1915.83,4453943
2020-06-21,1915.83,1937.41,1902.76,1924.28,7821467
2020-06-22,1924.28,1924.59,1913.24,1913.55,1162242
2020-06-23,1913.55,1934.57,1900.71,1921.67,7710836
2020-06-24,1921.67,1927.79,1913.55,1919.67,4183299
2020-06-25,1919.67,1922.65,1910.00,1912.97,2554938
2020-06-28,1912.97,1913.30,1902.00,1902.33,1171433
2020-06-29,1902.33,1911.20,1894.35,1903.22,5193278
2020-06-30,1903.22,1909.64,1895.36,1901.78,4373559
2020-07-01,1901.78,1907.80,1893.73,1899.75,4169067
2020-07-02,1899.75,1913.34,1889.90,1903.47,6184739
2020-07-05,1903.47,1905.28,1893.30,1895.11,1951440
2020-07-06,1895.11,1900.86,1886.96,1892.71,4037071
2020-07-07,1892.71,1895.53,1883.11,1885.93,2491015
2020-07-08,1885.93,1901.48,1875.32,1890.85,6621913
2020-07-09,1890.85,1896.73,1882.80,1888.67,4108779
2020-07-12,1888.67,1898.67,1880.27,1890.27,5445438
2020-07-13,1890.27,1901.58,1881.35,1892.65,5718312
2020-07-14,1892.65,1913.47,1879.93,1900.70,7717524
2020-07-15,1900.70,1903.33,1890.96,1893.58,2381344
2020-07-16,1893.58,1896.56,1884.06,1887.03,2573971
2020-07-19,1887.03,1889.29,1877.18,1879.43,2196639
2020-07-20,1879.43,1886.26,1871.91,1878.73,4632064
2020-07-21,1878.73,1903.21,1864.60,1889.00,8522222
2020-07-22,1889.00,1905.80,1877.89,1894.66,6879458
2020-07-23,1894.66,1914.62,1882.29,1902.20,7530932
2020-07-26,1902.20,1905.80,1892.94,1896.54,2896399
2020-07-27,1896.54,1896.73,1885.59,1885.78,1099314
2020-07-28,1885.78,1900.34,1875.58,1890.11,6411282
2020-07-29,1890.11,1898.16,1882.50,1890.54,5029835
2020-07-30,1890.54,1896.57,1882.56,1888.58,4189540
2020-08-02,1888.58,1895.39,1881.00,1887.80,4606447
2020-08-03,1887.80,1890.18,1878.01,1880.37,2255864
2020-08-04,1880.37,1885.04,1871.78,1876.44,3483470
2020-08-05,1876.44,1886.40,1868.09,1878.04,5449759
2020-08-06,1878.04,1890.17,1868.82,1880.93,5907818
2020-08-09,1880.93,1883.41,1871.23,1873.70,2314437
2020-08-10,1873.70,1879.83,1865.86,1871.99,4274554
2020-08-11,1871.99,1876.34,1863.28,1867.61,3319032
2020-08-12,1867.61,1873.24,1859.56,1865.19,4015775
2020-08-13,1865.19,1871.56,1857.52,1863.89,4414163
2020-08-16,1863.89,1875.52,1854.90,1866.52,5822839
2020-08-17,1866.52,1871.97,1858.39,1863.84,3920816
2020-08-18,1863.84,1864.21,1853.18,1853.55,1201920
2020-08-19,1853.55,1878.77,1839.18,1864.32,8752572
2020-08-20,1864.32,1873.81,1856.19,1865.67,5362894
2020-08-23,1865.67,1878.01,1856.40,1868.73,5971159
2020-08-24,1868.73,1887.99,1856.69,1875.91,7441563
2020-08-25,1875.91,1880.92,1867.51,1872.52,3675342
2020-08-26,1872.52,1885.30,1863.05,1875.82,6055212
2020-08-27,1875.82,1884.71,1867.89,1876.78,5223148
2020-08-30,1876.78,1879.02,1866.99,1869.21,2191495
2020-08-31,1869.21,1876.29,1861.88,1868.95,4787414
2020-09-01,1868.95,1878.79,1860.67,1870.50,5430658
2020-09-02,1870.50,1876.57,1862.65,1868.72,4244684
2020-09-03,1868.72,1878.88,1860.30,1870.46,5501097
2020-09-06,1870.46,1874.94,1861.82,1866.30,3397427
2020-09-07,1866.30,1874.89,1858.52,1867.10,5168244
2020-09-08,1867.10,1871.83,1858.61,1863.32,3529595
2020-09-09,1863.32,1866.04,1853.84,1856.55,2456790
2020-09-10,1856.55,1879.67,1843.00,1866.06,8295507
2020-09-13,1866.06,1868.31,1856.33,1858.58,2206241
2020-09-14,1858.58,1870.74,1849.39,1861.54,5942078
2020-09-15,1861.54,1887.84,1846.72,1872.93,8959807
2020-09-16,1872.93,1880.17,1865.65,1872.89,4864368
2020-09-17,1872.89,1873.23,1862.16,1862.51,1186625
2020-09-20,1862.51,1865.29,1853.07,1855.84,2494478
2020-09-21,1855.84,1872.16,1845.01,1861.29,6837311
2020-09-22,1861.29,1880.87,1849.15,1868.67,7523765
2020-09-23,1868.67,1891.66,1855.16,1878.07,8232853
2020-09-24,1878.07,1882.69,1869.46,1874.07,3458401
2020-09-27,1874.07,1880.23,1866.25,1872.40,4286831
2020-09-28,1872.40,1882.61,1863.96,1874.16,5508264
2020-09-29,1874.16,1886.99,1864.68,1877.48,6060973
2020-09-30,1877.48,1880.88,1868.27,1871.65,2809156
2020-10-01,1871.65,1882.55,1862.94,1873.83,5654046
2020-10-04,1873.83,1875.66,1863.85,1865.67,1978360
2020-10-05,1865.67,1880.13,1855.55,1869.99,6424074
2020-10-06,1869.99,1875.61,1861.92,1867.53,4003532
2020-10-07,1867.53,1870.42,1858.12,1860.99,2543895
2020-10-08,1860.99,1863.72,1851.53,1854.25,2464917
2020-10-11,1854.25,1859.61,1846.14,1851.49,3890054
2020-10-12,1851.49,1855.37,1842.66,1846.53,3090912
2020-10-13,1846.53,1848.86,1836.96,1839.28,2265020
2020-10-14,1839.28,1863.82,1825.22,1849.67,8646947
2020-10-15,1849.67,1866.47,1838.66,1855.43,6952743
2020-10-18,1855.43,1855.72,1844.78,1845.07,1157716
2020-10-19,1845.07,1855.59,1836.56,1847.08,5607544
2020-10-20,1847.08,1847.93,1836.76,1837.61,1462722
2020-10-21,1837.61,1840.32,1828.28,1830.99,2476337
2020-10-22,1830.99,1843.72,1821.64,1834.35,6105178
2020-10-25,1834.35,1846.41,1825.26,1837.31,5954183
2020-10-26,1837.31,1838.32,1827.13,1828.14,1554218
2020-10-27,1828.14,1837.95,1819.96,1829.77,5473182
2020-10-28,1829.77,1850.10,1817.40,1837.67,7760459
2020-10-29,1837.67,1839.01,1827.65,1828.98,1724691
2020-11-01,1828.98,1846.01,1817.92,1834.92,7044890
2020-11-02,1834.92,1837.14,1825.36,1827.58,2214883
2020-11-03,1827.58,1841.28,1817.85,1831.53,6321090
2020-11-04,1831.53,1844.49,1822.09,1835.03,6153635
2020-11-05,1835.03,1859.53,1820.99,1845.41,8650788
2020-11-08,1845.41,1848.50,1836.23,1839.31,2676748
2020-11-09,1839.31,1852.22,1829.87,1842.77,6132750
2020-11-10,1842.77,1856.95,1832.81,1846.97,6401508
2020-11-11,1846.97,1849.05,1837.27,1839.34,2125000
2020-11-12,1839.34,1841.76,1829.85,1832.26,2315569
2020-11-15,1832.26,1848.20,1821.64,1837.54,6800377
2020-11-16,1837.54,1859.06,1824.68,1846.14,7999176
2020-11-17,1846.14,1858.65,1836.84,1849.34,6035425
2020-11-18,1849.34,1857.91,1841.61,1850.17,5180727
2020-11-19,1850.17,1870.13,1837.90,1857.81,7632613
2020-11-22,1857.81,1864.55,1850.37,1857.10,4625651
2020-11-23,1857.10,1864.30,1849.89,1857.09,4875891
2020-11-24,1857.09,1863.33,1849.41,1855.64,4358641
2020-11-25,1855.64,1856.42,1845.23,1846.01,1419581
2020-11-26,1846.01,1846.41,1835.47,1835.87,1219204
2020-11-29,1835.87,1836.81,1825.66,1826.59,1510596
2020-11-30,1826.59,1846.84,1814.26,1834.46,7750548
2020-12-01,1834.46,1844.63,1826.12,1836.28,5543998
2020-12-02,1836.28,1838.90,1826.91,1829.51,2421810
2020-12-03,1829.51,1833.08,1820.66,1824.22,2951886
2020-12-06,1824.22,1832.69,1816.59,1825.05,5183607
2020-12-07,1825.05,1827.65,1815.74,1818.33,2425617
2020-12-08,1818.33,1832.12,1808.59,1822.36,6356927
2020-12-09,1822.36,1826.87,1814.02,1818.51,3471364
2020-12-10,1818.51,1825.52,1811.43,1818.44,4855349
2020-12-13,1818.44,1827.41,1810.63,1819.59,5299005
2020-12-14,1819.59,1824.57,1811.50,1816.48,3740603
2020-12-15,1816.48,1824.27,1809.13,1816.93,5044341
2020-12-16,1816.93,1820.76,1808.28,1812.11,3111454
2020-12-17,1812.11,1812.69,1801.86,1802.44,1324657
2020-12-20,1802.44,1815.97,1792.84,1806.35,6325925
2020-12-21,1806.35,1810.19,1797.77,1801.60,3127606
2020-12-22,1801.60,1820.70,1789.79,1808.84,7556858
2020-12-23,1808.84,1814.32,1801.06,1806.54,4033436
2020-12-24,1806.54,1830.79,1792.66,1816.84,8680795
2020-12-27,1816.84,1818.24,1806.97,1808.36,1770541
2020-12-28,1808.36,1809.27,1798.30,1799.20,1500205
2020-12-29,1799.20,1816.22,1788.21,1805.20,7104355
2020-12-30,1805.20,1809.35,1796.78,1800.92,3299039
2020-12-31,1800.92,1802.83,1791.40,1793.30,2059567
2021-01-03,1793.30,1794.61,1783.53,1784.83,1731618
2021-01-04,1784.83,1803.38,1773.27,1791.78,7475685
2021-01-05,1791.78,1791.86,1781.39,1781.47,1044855
2021-01-06,1781.47,1786.63,1773.69,1778.84,3895919
2021-01-07,1778.84,1779.97,1769.06,1770.18,1633813
2021-01-10,1770.18,1771.58,1760.58,1761.98,1789403
2021-01-11,1761.98,1786.74,1748.00,1772.68,8930589
2021-01-12,1772.68,1780.57,1765.40,1773.28,5106755
2021-01-13,1773.28,1792.39,1761.53,1780.59,7626543
2021-01-14,1780.59,1786.23,1773.05,1778.69,4168964
2021-01-17,1778.69,1787.14,1771.17,1779.62,5227846
2021-01-18,1779.62,1791.03,1770.92,1782.31,5889609
2021-01-19,1782.31,1807.42,1768.15,1793.18,8944375
2021-01-20,1793.18,1802.16,1785.41,1794.39,5330418
2021-01-21,1794.39,1815.01,1781.99,1802.55,7911934
2021-01-24,1802.55,1805.42,1793.50,1796.36,2590157
2021-01-25,1796.36,1820.78,1782.44,1806.78,8747805
2021-01-26,1806.78,1806.83,1796.29,1796.34,1026851
2021-01-27,1796.34,1802.52,1788.98,1795.15,4439643
2021-01-28,1795.15,1798.41,1786.34,1789.59,2813340
2021-01-31,1789.59,1795.97,1782.37,1788.75,4567695
2021-02-01,1788.75,1790.23,1779.08,1780.56,1826165
2021-02-02,1780.56,1796.31,1770.12,1785.84,6860356
2021-02-03,1785.84,1797.20,1777.15,1788.49,5867798
2021-02-04,1788.49,1800.83,1779.40,1791.72,6083058
2021-02-07,1791.72,1813.71,1778.78,1800.70,8222187
2021-02-08,1800.70,1822.97,1787.63,1809.83,8260493
2021-02-09,1809.83,1816.25,1802.51,1808.92,4543655
2021-02-10,1808.92,1811.15,1799.51,1801.73,2232167
2021-02-11,1801.73,1818.67,1790.78,1807.68,7079115
2021-02-14,1807.68,1831.31,1794.05,1817.61,8541289
2021-02-15,1817.61,1839.92,1804.48,1826.72,8223628
2021-02-16,1826.72,1837.37,1818.21,1828.85,5656995
2021-02-17,1828.85,1838.37,1820.79,1830.30,5409293
2021-02-18,1830.30,1840.39,1822.01,1832.09,5529903
2021-02-21,1832.09,1850.45,1820.49,1838.81,7327469
2021-02-22,1838.81,1853.33,1828.73,1843.23,6481001
2021-02-23,1843.23,1853.17,1834.96,1844.90,5484327
2021-02-24,1844.90,1863.84,1833.05,1851.94,7423868
2021-02-25,1851.94,1869.39,1840.66,1858.08,7089746
2021-02-28,1858.08,1862.57,1849.52,1854.01,3420233
2021-03-01,1854.01,1854.53,1843.48,1844.00,1279526
2021-03-02,1844.00,1846.89,1834.72,1837.60,2568861
2021-03-03,1837.60,1840.67,1828.45,1831.51,2670953
2021-03-04,1831.51,1854.02,1818.28,1840.71,8227777
2021-03-07,1840.71,1846.70,1833.00,1838.98,4251680
2021-03-08,1838.98,1853.91,1828.73,1843.64,6569821
2021-03-09,1843.64,1863.39,1831.47,1851.17,7601954
2021-03-10,1851.17,1870.39,1839.19,1858.36,7471536
2021-03-11,1858.36,1861.06,1848.90,1851.59,2450171
2021-03-14,1851.59,1854.80,1842.43,1845.63,2735390
2021-03-15,1845.63,1865.22,1833.52,1853.06,7561762
2021-03-16,1853.06,1854.25,1842.88,1844.07,1645336
2021-03-17,1844.07,1851.60,1836.76,1844.29,4961419
2021-03-18,1844.29,1865.22,1831.65,1852.52,7855692
2021-03-21,1852.52,1871.84,1840.50,1859.77,7488648
2021-03-22,1859.77,1860.91,1849.52,1850.66,1613374
2021-03-23,1850.66,1855.63,1842.38,1847.35,3686659
2021-03-24,1847.35,1865.79,1835.68,1854.09,7313443
2021-03-25,1854.09,1859.70,1846.11,1851.71,4024588
2021-03-28,1851.71,1865.90,1841.73,1855.90,6387997
2021-03-29,1855.90,1862.31,1848.31,1854.71,4453052
2021-03-30,1854.71,1874.23,1842.60,1862.08,7528395
2021-03-31,1862.08,1866.35,1853.39,1857.65,3293038
2021-04-01,1857.65,1859.95,1848.00,1850.29,2240809
2021-04-04,1850.29,1869.44,1838.34,1857.45,7458127
2021-04-05,1857.45,1868.64,1848.65,1859.83,5735116
2021-04-06,1859.83,1865.43,1851.81,1857.40,4010048
2021-04-07,1857.40,1875.18,1845.98,1863.72,7147119
2021-04-08,1863.72,1863.81,1852.92,1853.00,1047565
2021-04-11,1853.00,1861.19,1845.42,1853.60,5094101
2021-04-12,1853.60,1855.32,1843.68,1845.39,1928703
2021-04-13,1845.39,1869.63,1831.44,1855.59,8563717
2021-04-14,1855.59,1881.18,1841.07,1866.58,8826303
2021-04-15,1866.58,1870.56,1857.72,1861.69,3136213
2021-04-18,1861.69,1881.70,1849.37,1869.34,7616906
2021-04-19,1869.34,1872.21,1859.91,1862.77,2539986
2021-04-20,1862.77,1875.71,1853.27,1866.19,6102983
2021-04-21,1866.19,1867.20,1855.84,1856.84,1540466
2021-04-22,1856.84,1867.25,1848.36,1858.76,5568484
2021-04-25,1858.76,1871.95,1849.17,1862.34,6162345
2021-04-26,1862.34,1863.58,1852.13,1853.36,1667729
2021-04-27,1853.36,1862.25,1845.49,1854.38,5245130
2021-04-28,1854.38,1869.80,1843.90,1859.29,6647633
2021-04-29,1859.29,1863.63,1850.65,1854.98,3332030
2021-05-02,1854.98,1862.28,1847.74,1855.04,4903257
2021-05-03,1855.04,1858.55,1846.01,1849.51,2892181
2021-05-04,1849.51,1851.11,1839.56,1841.15,1866700
2021-05-05,1841.15,1862.14,1828.49,1849.43,7876200
2021-05-06,1849.43,1862.86,1839.75,1853.17,6229320
2021-05-09,1853.17,1877.70,1839.08,1863.52,8605075
2021-05-10,1863.52,1864.45,1853.15,1854.07,1497290
2021-05-11,1854.07,1859.62,1846.06,1851.60,3992386
2021-05-12,1851.60,1855.08,1842.57,1846.05,2880486
2021-05-13,1846.05,1854.23,1838.48,1846.66,5099862
2021-05-16,1846.66,1866.03,1834.62,1853.95,7514711
2021-05-17,1853.95,1859.56,1845.98,1851.58,4026268
2021-05-18,1851.58,1864.04,1842.29,1854.74,6017249
2021-05-19,1854.74,1860.54,1846.85,1852.65,4129629
2021-05-20,1852.65,1871.44,1840.84,1859.59,7375754
2021-05-23,1859.59,1879.42,1847.34,1867.12,7582784
2021-05-24,1867.12,1875.73,1859.34,1867.94,5170473
2021-05-25,1867.94,1891.05,1854.37,1877.42,8262277
2021-05-26,1877.42,1885.87,1869.66,1878.12,5129801
2021-05-27,1878.12,1890.54,1868.78,1881.19,5970576
2021-05-30,1881.19,1883.11,1871.21,1873.12,2019170
2021-05-31,1873.12,1874.98,1863.15,1865.00,1991632
2021-06-01,1865.00,1866.61,1854.96,1856.56,1863271
2021-06-02,1856.56,1878.21,1843.61,1865.20,7979766
2021-06-03,1865.20,1866.13,1854.81,1855.74,1501611
2021-06-06,1855.74,1861.65,1847.90,1853.80,4181893
2021-06-07,1853.80,1863.77,1845.50,1855.46,5477400
2021-06-08,1855.46,1872.50,1844.34,1861.34,6993072
2021-06-09,1861.34,1884.36,1847.83,1870.78,8259773
2021-06-10,1870.78,1882.57,1861.71,1873.49,5845404
2021-06-13,1873.49,1885.08,1864.50,1876.07,5799348
2021-06-14,1876.07,1876.88,1865.56,1866.36,1430246
2021-06-15,1866.36,1872.74,1858.69,1865.07,4417112
2021-06-16,1865.07,1865.54,1854.45,1854.92,1253772
2021-06-17,1854.92,1858.68,1846.02,1849.77,3026646
2021-06-20,1849.77,1856.29,1842.27,1848.78,4525857
2021-06-21,1848.78,1855.61,1841.44,1848.26,4689677
2021-06-22,1848.26,1871.68,1834.61,1857.97,8382304
2021-06-23,1857.97,1858.90,1847.63,1848.56,1504972
2021-06-24,1848.56,1853.07,1840.07,1844.57,3440397
2021-06-27,1844.57,1851.63,1837.37,1844.43,4830555
2021-06-28,1844.43,1859.95,1833.94,1849.43,6687791
2021-06-29,1849.43,1875.00,1834.93,1860.42,8839266
2021-06-30,1860.42,1865.45,1852.11,1857.14,3704732
2021-07-01,1857.14,1876.12,1845.24,1864.18,7407647
2021-07-04,1864.18,1887.04,1850.72,1873.52,8219615
2021-07-05,1873.52,1897.05,1859.77,1883.23,8338168
2021-07-06,1883.23,1900.55,1871.94,1889.22,6997873
2021-07-07,1889.22,1896.71,1881.82,1889.32,4914780
2021-07-08,1889.32,1902.26,1879.75,1892.67,6064197
2021-07-11,1892.67,1918.61,1877.92,1903.78,8791803
2021-07-12,1903.78,1906.17,1893.90,1896.29,2258093
2021-07-13,1896.29,1919.53,1882.61,1905.78,8216152
2021-07-14,1905.78,1928.69,1892.21,1915.05,8122770
2021-07-15,1915.05,1920.00,1906.39,1911.32,3582887
2021-07-18,1911.32,1913.48,1901.29,1903.43,2127366
2021-07-19,1903.43,1927.28,1889.49,1913.27,8324108
2021-07-20,1913.27,1919.43,1905.22,1911.38,4222496
2021-07-21,1911.38,1929.59,1899.66,1917.83,7131172
2021-07-22,1917.83,1924.98,1910.25,1917.40,4729149
2021-07-25,1917.40,1937.50,1904.92,1924.96,7510253
2021-07-26,1924.96,1927.97,1915.27,1918.27,2560905
2021-07-27,1918.27,1943.98,1903.55,1929.18,8671227
2021-07-28,1929.18,1955.56,1914.17,1940.46,8779492
2021-07-29,1940.46,1961.97,1927.36,1948.81,7749897
2021-08-01,1948.81,1969.11,1936.18,1956.43,7483676
2021-08-02,1956.43,1961.05,1947.36,1951.97,3363545
2021-08-03,1951.97,1953.99,1941.63,1943.63,2031481
2021-08-04,1943.63,1950.44,1935.73,1942.53,4499828
2021-08-05,1942.53,1945.63,1932.78,1935.87,2595747
2021-08-08,1935.87,1943.11,1928.22,1935.46,4738991
2021-08-09,1935.46,1939.43,1926.19,1930.16,3053017
2021-08-10,1930.16,1931.72,1919.71,1921.27,1809430
2021-08-11,1921.27,1925.50,1912.21,1916.44,3205761
2021-08-12,1916.44,1931.55,1905.95,1921.03,6476577
2021-08-15,1921.03,1927.44,1913.06,1919.47,4337928
2021-08-16,1919.47,1945.65,1904.56,1930.66,8765123
2021-08-17,1930.66,1932.79,1920.49,1922.62,2103840
2021-08-18,1922.62,1933.13,1913.94,1924.45,5514574
2021-08-19,1924.45,1950.62,1909.53,1935.62,8750411
2021-08-22,1935.62,1936.14,1924.62,1925.13,1268141
2021-08-23,1925.13,1950.94,1910.36,1936.08,8672702
2021-08-24,1936.08,1951.44,1925.45,1940.77,6494958
2021-08-25,1940.77,1960.10,1928.54,1947.83,7302812
2021-08-26,1947.83,1948.11,1936.63,1936.92,1145644
2021-08-29,1936.92,1946.63,1928.53,1938.23,5332098
2021-08-30,1938.23,1958.70,1925.55,1945.97,7541186
2021-08-31,1945.97,1948.43,1935.88,1938.34,2266735
2021-09-01,1938.34,1963.94,1923.62,1949.14,8595164
2021-09-02,1949.14,1958.84,1940.73,1950.42,5316598
2021-09-05,1950.42,1970.17,1937.99,1957.70,7369307
2021-09-06,1957.70,1962.82,1948.88,1953.99,3617489
2021-09-07,1953.99,1959.78,1945.52,1951.30,3962379
2021-09-08,1951.30,1956.74,1942.67,1948.10,3786694
2021-09-09,1948.10,1949.53,1937.48,1938.91,1732407
2021-09-12,1938.91,1955.82,1927.64,1944.52,6811865
2021-09-13,1944.52,1948.13,1935.02,1938.61,2852229
2021-09-14,1938.61,1952.90,1928.39,1942.66,6273251
2021-09-15,1942.66,1943.05,1931.55,1931.93,1198388
2021-09-16,1931.93,1954.07,1918.60,1940.68,7899245
2021-09-19,1940.68,1947.62,1932.86,1939.79,4573353
2021-09-20,1939.79,1954.98,1929.21,1944.37,6455281
2021-09-21,1944.37,1958.65,1934.14,1948.40,6261076
2021-09-22,1948.40,1971.06,1934.83,1957.42,7966049
2021-09-23,1957.42,1959.21,1946.93,1948.72,1915877
2021-09-26,1948.72,1949.25,1937.64,1938.17,1271056
2021-09-27,1938.17,1943.56,1929.59,1934.98,3784670
2021-09-28,1934.98,1952.36,1923.54,1940.89,6913511
2021-09-29,1940.89,1947.22,1932.76,1939.09,4262517
2021-09-30,1939.09,1943.67,1930.10,1934.67,3362551
2021-10-03,1934.67,1961.14,1919.62,1946.00,8781515
2021-10-04,1946.00,1949.05,1936.21,1939.25,2568792
2021-10-05,1939.25,1941.25,1928.97,1930.97,2033024
2021-10-06,1930.97,1934.55,1921.53,1925.10,2853223
2021-10-07,1925.10,1945.34,1912.54,1932.73,7523216
2021-10-10,1932.73,1936.85,1923.55,1927.66,3129423
2021-10-11,1927.66,1952.47,1913.27,1938.01,8461968
2021-10-12,1938.01,1953.21,1927.43,1942.60,6459122
2021-10-13,1942.60,1944.52,1932.26,1934.17,1985082
2021-10-14,1934.17,1941.97,1926.55,1934.35,4941083
2021-10-17,1934.35,1937.65,1924.75,1928.05,2709842
2021-10-18,1928.05,1929.85,1917.73,1919.53,1933333
2021-10-19,1919.53,1924.56,1910.88,1915.91,3623902
2021-10-20,1915.91,1936.47,1903.25,1923.75,7608710
2021-10-21,1923.75,1938.10,1913.54,1927.87,6307510
2021-10-24,1927.87,1949.69,1914.68,1936.44,7843758
2021-10-25,1936.44,1961.51,1921.94,1946.92,8489060
2021-10-26,1946.92,1949.73,1937.01,1939.80,2440946
2021-10-27,1939.80,1947.59,1932.17,1939.96,4933984
2021-10-28,1939.96,1966.02,1925.05,1951.03,8684224
2021-10-31,1951.03,1952.33,1940.33,1941.63,1666975
2021-11-01,1941.63,1955.72,1931.48,1945.55,6227914
2021-11-02,1945.55,1950.47,1936.70,1941.60,3527537
2021-11-03,1941.60,1961.02,1929.34,1948.71,7318930
2021-11-04,1948.71,1966.92,1936.90,1955.08,7058882
2021-11-07,1955.08,1961.63,1946.98,1953.53,4352331
2021-11-08,1953.53,1970.18,1942.34,1958.95,6730144
2021-11-09,1958.95,1962.40,1949.28,1952.72,2760219
2021-11-10,1952.72,1968.19,1942.00,1957.44,6491941
2021-11-11,1957.44,1961.82,1948.25,1952.61,3233950
2021-11-14,1952.61,1959.77,1944.83,1951.98,4665260
2021-11-15,1951.98,1961.51,1943.63,1953.15,5279698
2021-11-16,1953.15,1976.83,1939.16,1962.77,8163683
2021-11-17,1962.77,1986.29,1948.82,1972.27,8107338
2021-11-18,1972.27,1978.29,1963.81,1969.82,4048936
2021-11-21,1969.82,1997.11,1954.35,1981.55,8852674
2021-11-22,1981.55,2006.86,1966.85,1992.07,8419787
2021-11-23,1992.07,2006.06,1981.85,1995.82,6132990
2021-11-24,1995.82,2022.38,1980.58,2007.06,8634259
2021-11-25,2007.06,2035.29,1991.13,2019.27,8935939
2021-11-28,2019.27,2037.16,2007.43,2025.28,6865192
2021-11-29,2025.28,2029.01,2015.37,2019.09,2841769
2021-11-30,2019.09,2027.48,2011.04,2019.42,4989128
2021-12-01,2019.42,2020.59,2008.26,2009.42,1578875
2021-12-02,2009.42,2013.05,1999.55,2003.18,2808539
2021-12-05,2003.18,2026.20,1989.33,2012.29,7912688
2021-12-06,2012.29,2013.51,2001.20,2002.41,1607373
2021-12-07,2002.41,2008.15,1993.64,1999.37,3867901
2021-12-08,1999.37,2007.93,1991.29,1999.85,5039951
2021-12-09,1999.85,2002.42,1989.51,1992.06,2284019
2021-12-12,1992.06,1992.77,1980.83,1981.53,1353189
2021-12-13,1981.53,2003.26,1968.24,1989.92,7704252
2021-12-14,1989.92,2007.94,1978.10,1996.07,6942146
2021-12-15,1996.07,2012.42,1984.90,2001.22,6597736
2021-12-16,2001.22,2005.70,1991.82,1996.29,3238923
2021-12-19,1996.29,2000.11,1986.60,1990.41,2915089
2021-12-20,1990.41,2008.39,1978.60,1996.54,6934876
2021-12-21,1996.54,2000.49,1986.91,1990.84,2977297
2021-12-22,1990.84,1991.91,1979.80,1980.86,1536179
2021-12-23,1980.86,1992.61,1971.55,1983.29,5697942
2021-12-26,1983.29,1985.77,1973.00,1975.47,2252709
2021-12-27,1975.47,1989.37,1965.32,1979.20,6138751
2021-12-28,1979.20,1993.54,1968.87,1983.18,6220267
2021-12-29,1983.18,1989.92,1975.02,1981.75,4398491
2021-12-30,1981.75,1987.81,1973.25,1979.30,4056138
2022-01-02,1979.30,1984.91,1970.60,1976.20,3835185
2022-01-03,1976.20,1983.61,1968.40,1975.81,4747976
2022-01-04,1975.81,1992.11,1964.70,1980.97,6621673
2022-01-05,1980.97,1982.71,1970.32,1972.04,1876028
2022-01-06,1972.04,1988.37,1960.93,1977.23,6634499
2022-01-09,1977.23,1977.57,1965.89,1966.23,1168689
2022-01-10,1966.23,1971.49,1957.42,1962.68,3676131
2022-01-11,1962.68,1972.81,1954.06,1964.18,5391392
2022-01-12,1964.18,1982.40,1952.34,1970.52,7030521
2022-01-13,1970.52,1977.55,1962.57,1969.60,4568827
2022-01-16,1969.60,1976.20,1961.44,1968.04,4351989
2022-01-17,1968.04,1973.04,1959.09,1964.08,3540500
2022-01-18,1964.08,1986.53,1950.56,1972.94,7887448
2022-01-19,1972.94,1990.35,1961.40,1978.77,6849622
2022-01-20,1978.77,1980.81,1968.29,1970.32,2031961
2022-01-23,1970.32,1998.18,1954.62,1982.39,8965329
2022-01-24,1982.39,2006.70,1968.08,1992.32,8217626
2022-01-25,1992.32,2004.83,1982.68,1995.18,5838237
2022-01-26,1995.18,1999.44,1985.71,1989.96,3135802
2022-01-27,1989.96,1995.51,1981.16,1986.71,3789334
2022-01-30,1986.71,1989.27,1976.44,1979.00,2292661
2022-01-31,1979.00,1980.44,1968.21,1969.65,1732201
2022-02-01,1969.65,1977.38,1961.97,1969.70,4898079
2022-02-02,1969.70,1973.11,1959.95,1963.35,2728566
2022-02-03,1963.35,1986.78,1949.43,1972.80,8087860
2022-02-06,1972.80,1990.33,1961.20,1978.71,6877194
2022-02-07,1978.71,1981.63,1968.66,1971.58,2479286
2022-02-08,1971.58,1972.64,1960.64,1961.69,1536111
2022-02-09,1961.69,1970.19,1953.73,1962.22,5060013
2022-02-10,1962.22,1969.83,1954.61,1962.22,4878155
2022-02-13,1962.22,1963.02,1951.20,1952.00,1410288
2022-02-14,1952.00,1955.48,1942.39,1945.85,2779869
2022-02-15,1945.85,1955.25,1937.57,1946.96,5258504
2022-02-16,1946.96,1950.94,1937.63,1941.60,3043724
2022-02-17,1941.60,1946.20,1932.61,1937.20,3370096
2022-02-20,1937.20,1954.79,1925.66,1943.22,6953669
2022-02-21,1943.22,1944.72,1932.67,1934.16,1769753
2022-02-22,1934.16,1936.41,1924.04,1926.28,2164026
2022-02-23,1926.28,1935.77,1918.00,1927.48,5296982
2022-02-24,1927.48,1954.53,1912.21,1939.17,8921707
2022-02-27,1939.17,1942.07,1929.34,1932.23,2494993
2022-02-28,1932.23,1937.30,1923.53,1928.58,3621776
2022-03-01,1928.58,1934.05,1920.10,1925.56,3832921
2022-03-02,1925.56,1946.64,1912.66,1933.69,7696330
2022-03-03,1933.69,1943.04,1925.45,1934.80,5261385
2022-03-06,1934.80,1946.94,1925.44,1937.57,5836728
2022-03-07,1937.57,1946.17,1929.63,1938.22,5101371
2022-03-08,1938.22,1948.99,1929.40,1940.16,5549142
2022-03-09,1940.16,1942.62,1930.11,1932.56,2266460
2022-03-10,1932.56,1945.69,1922.81,1935.93,6043449
2022-03-13,1935.93,1957.72,1922.73,1944.46,7818381
2022-03-14,1944.46,1951.18,1936.51,1943.22,4455452
2022-03-15,1943.22,1955.52,1933.79,1946.07,5855898
2022-03-16,1946.07,1965.94,1933.61,1953.43,7402434
2022-03-17,1953.43,1975.02,1940.27,1961.80,7737037
2022-03-20,1961.80,1984.15,1948.32,1970.61,7872050
2022-03-21,1970.61,1991.88,1957.53,1978.75,7634636
2022-03-22,1978.75,1999.16,1966.00,1986.36,7444547
2022-03-23,1986.36,2006.76,1973.60,1993.94,7425240
2022-03-24,1993.94,1999.62,1985.19,1990.86,3848319
2022-03-27,1990.86,2008.73,1979.09,1996.93,6911316
2022-03-28,1996.93,2019.56,1983.25,2005.82,7848799
2022-03-29,2005.82,2026.17,1993.03,2013.33,7376817
2022-03-30,2013.33,2014.28,2002.09,2003.03,1470679
2022-03-31,2003.03,2010.00,1994.86,2001.82,4476063
2022-04-03,2001.82,2012.97,1992.70,2003.84,5553463
2022-04-04,2003.84,2006.76,1993.65,1996.56,2455967
2022-04-05,1996.56,2023.16,1981.30,2007.82,8640363
2022-04-06,2007.82,2009.25,1996.85,1998.28,1711591
2022-04-07,1998.28,2007.63,1989.88,1999.24,5200514
2022-04-10,1999.24,2021.02,1985.89,2007.62,7675034
2022-04-11,2007.62,2027.02,1995.20,2014.56,7184533
2022-04-12,2014.56,2023.17,2006.42,2015.03,5037654
2022-04-13,2015.03,2023.02,2007.15,2015.14,4913408
2022-04-14,2015.14,2015.75,2003.72,2004.33,1305624
2022-04-17,2004.33,2014.22,1995.71,2005.60,5300720
2022-04-18,2005.60,2010.99,1996.63,2002.01,3688820
2022-04-19,2002.01,2006.83,1992.78,1997.59,3408196
2022-04-20,1997.59,1998.24,1986.29,1986.93,1323045
2022-04-21,1986.93,2006.88,1974.35,1994.25,7334602
2022-04-24,1994.25,2021.75,1978.64,2006.05,8825582
2022-04-25,2006.05,2012.95,1997.83,2004.72,4437962
2022-04-26,2004.72,2009.10,1995.26,1999.62,3184087
2022-04-27,1999.62,2007.44,1991.84,1999.66,4891117
2022-04-28,1999.66,2001.61,1989.01,1990.95,1978806
2022-05-01,1990.95,1994.08,1980.94,1984.06,2570610
2022-05-02,1984.06,1987.90,1974.44,1978.28,2938134
2022-05-03,1978.28,1987.93,1969.81,1979.46,5278909
2022-05-04,1979.46,2006.77,1963.97,1991.18,8827503
2022-05-05,1991.18,2006.00,1980.63,1995.42,6299965
2022-05-08,1995.42,1996.76,1984.49,1985.82,1671604
2022-05-09,1985.82,1986.39,1974.55,1975.12,1288100
2022-05-10,1975.12,1977.71,1964.93,1967.51,2309945
2022-05-11,1967.51,1970.44,1957.53,1960.45,2490226
2022-05-12,1960.45,1979.90,1948.13,1967.53,7285733
2022-05-15,1967.53,1970.09,1957.37,1959.92,2301406
2022-05-16,1959.92,1963.97,1950.55,1954.59,3068106
2022-05-17,1954.59,1968.42,1944.52,1958.33,6153737
2022-05-18,1958.33,1959.52,1947.53,1948.71,1607681
2022-05-19,1948.71,1965.36,1937.53,1954.15,6738580
2022-05-22,1954.15,1954.59,1943.00,1943.43,1225445
2022-05-23,1943.43,1948.41,1934.62,1939.59,3562105
2022-05-24,1939.59,1966.39,1924.40,1951.10,8834979
2022-05-25,1951.10,1956.63,1942.52,1948.04,3834190
2022-05-26,1948.04,1952.91,1939.14,1944.00,3498010
2022-05-29,1944.00,1951.18,1936.28,1943.45,4690637
2022-05-30,1943.45,1944.06,1932.45,1933.05,1313305
2022-05-31,1933.05,1940.30,1925.43,1932.67,4748731
2022-06-01,1932.67,1943.85,1923.70,1934.87,5638888
2022-06-02,1934.87,1942.94,1927.14,1935.21,4996124
2022-06-05,1935.21,1938.40,1925.55,1928.73,2647599
2022-06-06,1928.73,1946.53,1917.13,1934.90,7013065
2022-06-07,1934.90,1937.25,1924.82,1927.17,2215980
2022-06-08,1927.17,1952.30,1912.66,1937.71,8527949
2022-06-09,1937.71,1943.81,1929.49,1935.58,4146502
2022-06-12,1935.58,1941.98,1927.52,1933.91,4306207
2022-06-13,1933.91,1935.31,1923.36,1924.76,1723113
2022-06-14,1924.76,1949.10,1910.57,1934.84,8372530
2022-06-15,1934.84,1950.70,1924.00,1939.83,6600137
2022-06-16,1939.83,1940.93,1929.10,1930.19,1566426
2022-06-19,1930.19,1948.06,1918.56,1936.40,7024485
2022-06-20,1936.40,1943.04,1928.46,1935.10,4431104
2022-06-21,1935.10,1939.72,1926.16,1930.77,3391220
2022-06-22,1930.77,1935.48,1921.90,1926.59,3435699
2022-06-23,1926.59,1926.85,1915.51,1915.76,1132441
2022-06-26,1915.76,1918.69,1906.09,1909.01,2530829
2022-06-27,1909.01,1935.88,1893.85,1920.63,8939506
2022-06-28,1920.63,1943.31,1907.12,1929.73,8037482
2022-06-29,1929.73,1932.28,1919.78,1922.32,2318587
2022-06-30,1922.32,1925.91,1912.94,1916.52,2869238
2022-07-03,1916.52,1923.19,1908.70,1915.37,4479561
2022-07-04,1915.37,1928.60,1905.62,1918.84,6087825
2022-07-05,1918.84,1925.67,1911.09,1917.91,4558230
2022-07-06,1917.91,1919.43,1907.52,1909.03,1792009
2022-07-07,1909.03,1909.36,1898.08,1898.41,1171879
2022-07-10,1898.41,1899.05,1887.69,1888.33,1339814
2022-07-11,1888.33,1892.69,1879.53,1883.88,3308161
2022-07-12,1883.88,1900.75,1872.75,1889.60,6904080
2022-07-13,1889.60,1896.30,1881.95,1888.65,4547325
2022-07-14,1888.65,1895.00,1880.84,1887.18,4361351
2022-07-17,1887.18,1890.24,1877.74,1880.78,2617764
2022-07-18,1880.78,1881.75,1870.32,1871.28,1514094
2022-07-19,1871.28,1894.54,1857.65,1880.84,8284910
2022-07-20,1880.84,1901.20,1868.34,1888.65,7646262
2022-07-21,1888.65,1893.51,1880.09,1884.94,3573456
2022-07-24,1884.94,1887.61,1875.31,1877.97,2412174
2022-07-25,1877.97,1878.57,1867.34,1867.95,1322908
2022-07-26,1867.95,1880.72,1858.50,1871.25,6058744
2022-07-27,1871.25,1884.12,1861.75,1874.61,6076474
2022-07-28,1874.61,1878.32,1865.56,1869.27,2981035
2022-07-31,1869.27,1875.44,1861.48,1867.65,4303292
2022-08-01,1867.65,1883.01,1857.17,1872.50,6611145
2022-08-02,1872.50,1894.22,1859.48,1881.13,7953978
2022-08-03,1881.13,1882.34,1870.79,1871.99,1640432
2022-08-04,1871.99,1890.86,1860.11,1878.93,7349519
2022-08-07,1878.93,1883.77,1870.42,1875.25,3575068
2022-08-08,1875.25,1876.01,1864.72,1865.47,1403497
2022-08-09,1865.47,1870.37,1857.07,1861.96,3624931
2022-08-10,1861.96,1862.29,1851.29,1851.62,1177640
2022-08-11,1851.62,1868.31,1840.65,1857.30,6925823
2022-08-14,1857.30,1873.32,1846.58,1862.57,6770713
2022-08-15,1862.57,1868.33,1854.62,1860.38,4095027
2022-08-16,1860.38,1870.68,1851.93,1862.22,5540740
2022-08-17,1862.22,1868.03,1854.29,1860.10,4120198
2022-08-18,1860.10,1880.30,1847.71,1867.85,7660562
2022-08-21,1867.85,1892.47,1853.69,1878.23,8581584
2022-08-22,1878.23,1895.54,1866.94,1884.22,7006721
2022-08-23,1884.22,1902.53,1872.52,1890.80,7207578
2022-08-24,1890.80,1895.30,1882.05,1886.55,3381687
2022-08-25,1886.55,1889.87,1877.24,1880.56,2763614
2022-08-28,1880.56,1893.46,1871.02,1883.91,6069410
2022-08-29,1883.91,1884.43,1873.21,1873.72,1274382
2022-08-30,1873.72,1876.95,1864.44,1867.66,2724211
2022-08-31,1867.66,1887.56,1855.38,1875.23,7579389
2022-09-01,1875.23,1885.85,1866.61,1877.23,5593004
2022-09-04,1877.23,1879.53,1867.46,1869.75,2221844
2022-09-05,1869.75,1887.28,1858.40,1875.89,7070850
2022-09-06,1875.89,1880.90,1867.49,1872.49,3670884
2022-09-07,1872.49,1879.21,1864.96,1871.68,4589849
2022-09-08,1871.68,1893.02,1858.80,1880.09,7877126
2022-09-11,1880.09,1896.64,1869.11,1885.62,6841358
2022-09-12,1885.62,1894.27,1877.77,1886.42,5161556
2022-09-13,1886.42,1895.87,1878.25,1887.69,5331550
2022-09-14,1887.69,1890.41,1878.08,1880.78,2437757
2022-09-15,1880.78,1899.36,1868.99,1887.52,7270301
2022-09-18,1887.52,1890.86,1878.22,1881.54,2767455
2022-09-19,1881.54,1883.03,1871.34,1872.83,1793415
2022-09-20,1872.83,1886.53,1863.00,1876.68,6249417
2022-09-21,1876.68,1881.40,1868.13,1872.84,3518175
2022-09-22,1872.84,1895.92,1859.28,1882.29,8241666
2022-09-25,1882.29,1892.20,1873.95,1883.85,5432235
2022-09-26,1883.85,1887.46,1874.70,1878.30,2917043
2022-09-27,1878.30,1878.52,1867.48,1867.69,1115843
2022-09-28,1867.69,1890.29,1854.34,1876.86,8152091
2022-09-29,1876.86,1883.05,1869.04,1875.22,4297393
2022-10-02,1875.22,1896.00,1862.57,1883.29,7749279
2022-10-03,1883.29,1884.69,1873.04,1874.43,1742318
2022-10-04,1874.43,1878.16,1865.40,1869.12,2992558
2022-10-05,1869.12,1888.55,1857.02,1876.40,7475308
2022-10-06,1876.40,1886.77,1867.89,1878.25,5536248
2022-10-09,1878.25,1880.75,1868.58,1871.08,2335871
2022-10-10,1871.08,1875.99,1862.65,1867.56,3627263
2022-10-11,1867.56,1884.12,1856.60,1873.13,6867215
2022-10-12,1873.13,1884.06,1864.40,1875.32,5660665
2022-10-13,1875.32,1895.11,1863.06,1882.80,7538477
2022-10-16,1882.80,1882.93,1871.91,1872.04,1068552
2022-10-17,1872.04,1895.38,1858.37,1881.64,8300274
2022-10-18,1881.64,1896.79,1871.21,1886.33,6542283
2022-10-19,1886.33,1905.93,1874.12,1893.67,7473593
2022-10-20,1893.67,1904.38,1884.98,1895.68,5588031
2022-10-23,1895.68,1901.32,1887.47,1893.10,3972016
2022-10-24,1893.10,1902.99,1884.74,1894.62,5415672
2022-10-25,1894.62,1920.90,1879.73,1905.92,8857270
2022-10-26,1905.92,1910.04,1896.90,1901.01,3161008
2022-10-27,1901.01,1914.81,1891.07,1904.85,6228120
2022-10-30,1904.85,1914.92,1896.39,1906.46,5441323
2022-10-31,1906.46,1926.12,1894.18,1913.79,7442592
2022-11-01,1913.79,1922.96,1905.66,1914.83,5244272
2022-11-02,1914.83,1930.88,1903.97,1919.98,6673525
2022-11-03,1919.98,1926.03,1911.84,1917.88,4150102
2022-11-06,1917.88,1929.73,1908.68,1920.52,5797462
2022-11-07,1920.52,1942.47,1907.29,1929.18,7887208
2022-11-08,1929.18,1936.16,1921.45,1928.42,4616872
2022-11-09,1928.42,1932.70,1919.35,1923.62,3221021
2022-11-10,1923.62,1930.19,1915.72,1922.28,4415706
2022-11-13,1922.28,1928.39,1914.15,1920.25,4176234
2022-11-14,1920.25,1946.84,1905.18,1931.68,8848285
2022-11-15,1931.68,1952.33,1918.95,1939.54,7592352
2022-11-16,1939.54,1953.30,1929.53,1943.27,6161522
2022-11-17,1943.27,1945.24,1932.95,1934.91,2012585
2022-11-20,1934.91,1942.17,1927.28,1934.54,4750480
2022-11-21,1934.54,1947.02,1925.05,1937.52,5906069
2022-11-22,1937.52,1939.54,1927.26,1929.28,2047256
2022-11-23,1929.28,1948.11,1917.28,1936.06,7223422
2022-11-24,1936.06,1952.63,1924.94,1941.47,6743209
2022-11-27,1941.47,1947.85,1933.37,1939.74,4285631
2022-11-28,1939.74,1942.35,1929.77,1932.37,2344513
2022-11-29,1932.37,1938.18,1924.03,1929.83,4006275
2022-11-30,1929.83,1935.74,1921.56,1927.46,4061042
2022-12-01,1927.46,1928.33,1916.68,1917.54,1447085
2022-12-04,1917.54,1917.59,1906.41,1906.46,1028600
2022-12-05,1906.46,1913.53,1898.90,1905.97,4706824
2022-12-06,1905.97,1927.64,1892.88,1914.50,7864471
2022-12-07,1914.50,1914.77,1903.49,1903.77,1143518
2022-12-08,1903.77,1904.83,1893.22,1894.28,1556310
2022-12-11,1894.28,1920.90,1879.25,1905.78,8930006
2022-12-12,1905.78,1926.59,1893.05,1913.80,7684362
2022-12-13,1913.80,1926.33,1904.34,1916.85,5942832
2022-12-14,1916.85,1939.19,1903.48,1925.76,7977023
2022-12-15,1925.76,1948.24,1912.31,1934.72,7984465
2022-12-18,1934.72,1943.78,1926.60,1935.65,5199725
2022-12-19,1935.65,1959.97,1921.45,1945.69,8338854
2022-12-20,1945.69,1955.67,1937.18,1947.15,5377160
2022-12-21,1947.15,1950.38,1937.44,1940.66,2660322
2022-12-22,1940.66,1950.47,1932.22,1942.03,5348834
2022-12-25,1942.03,1946.29,1932.87,1937.12,3195781
2022-12-26,1937.12,1938.40,1926.49,1927.76,1657956
2022-12-27,1927.76,1930.34,1917.84,1920.42,2340294
2022-12-28,1920.42,1927.66,1912.86,1920.11,4773662
2022-12-29,1920.11,1930.67,1911.42,1921.97,5525960
2023-01-01,1921.97,1925.13,1912.38,1915.53,2646570
2023-01-02,1915.53,1925.67,1907.02,1917.15,5444135
2023-01-03,1917.15,1918.30,1906.57,1907.71,1597668
2023-01-04,1907.71,1908.86,1897.19,1898.33,1600994
2023-01-05,1898.33,1923.15,1884.01,1908.75,8540534
2023-01-08,1908.75,1909.15,1897.84,1898.23,1206412
2023-01-09,1898.23,1901.15,1888.66,1891.56,2536899
2023-01-10,1891.56,1892.31,1880.93,1881.68,1396193
2023-01-11,1881.68,1902.23,1869.10,1889.60,7685528
2023-01-12,1889.60,1915.47,1874.88,1900.67,8787620
2023-01-15,1900.67,1905.13,1891.85,1896.29,3344444
2023-01-16,1896.29,1920.26,1882.32,1906.22,8368347
2023-01-17,1906.22,1927.04,1893.47,1914.24,7686488
2023-01-18,1914.24,1915.62,1903.80,1905.16,1718621
2023-01-19,1905.16,1920.72,1894.52,1910.05,6588203
2023-01-22,1910.05,1913.04,1900.44,1903.42,2566838
2023-01-23,1903.42,1925.00,1890.38,1911.90,7852057
2023-01-24,1911.90,1923.15,1902.96,1914.19,5678429
2023-01-25,1914.19,1921.40,1906.66,1913.86,4762002
2023-01-26,1913.86,1914.00,1902.79,1902.94,1078086
2023-01-29,1902.94,1929.89,1887.77,1914.62,8972359
2023-01-30,1914.62,1915.78,1904.06,1905.22,1605315
2023-01-31,1905.22,1931.03,1890.49,1916.22,8730041
2023-02-01,1916.22,1921.59,1907.76,1913.13,3803326
2023-02-02,1913.13,1919.69,1905.28,1911.83,4430109
2023-02-05,1911.83,1914.02,1901.81,1903.98,2141255
2023-02-06,1903.98,1904.94,1893.38,1894.34,1504663
2023-02-07,1894.34,1919.24,1880.00,1904.82,8569718
2023-02-08,1904.82,1930.23,1890.26,1915.58,8645061
2023-02-09,1915.58,1925.56,1907.14,1917.10,5409705
2023-02-12,1917.10,1917.79,1906.29,1906.97,1357475
2023-02-13,1906.97,1927.27,1894.44,1914.68,7574794
2023-02-14,1914.68,1918.23,1905.32,1908.86,2851783
2023-02-15,1908.86,1911.01,1898.83,1900.97,2126714
2023-02-16,1900.97,1903.38,1891.12,1893.51,2263786
2023-02-19,1893.51,1902.21,1885.63,1894.32,5164231
2023-02-20,1894.32,1907.99,1884.45,1898.10,6210768
2023-02-21,1898.10,1903.88,1889.95,1895.73,4045370
2023-02-22,1895.73,1916.41,1883.06,1903.69,7680384
2023-02-23,1903.69,1930.51,1888.57,1915.29,8942969
2023-02-26,1915.29,1938.94,1901.40,1924.98,8252880
2023-02-27,1924.98,1936.57,1915.87,1927.45,5733573
2023-02-28,1927.45,1938.68,1918.47,1929.69,5656652
2023-03-01,1929.69,1932.05,1919.65,1921.99,2219650
2023-03-02,1921.99,1925.18,1912.41,1915.58,2657133
2023-03-05,1915.58,1936.50,1902.78,1923.64,7685150
2023-03-06,1923.64,1933.03,1915.41,1924.79,5279012
2023-03-07,1924.79,1926.30,1914.35,1915.86,1784396
2023-03-08,1915.86,1918.47,1906.02,1908.62,2361796
2023-03-09,1908.62,1915.81,1901.11,1908.29,4764300
2023-03-12,1908.29,1923.20,1897.89,1912.78,6448696
2023-03-13,1912.78,1912.82,1901.67,1901.70,1019924
2023-03-14,1901.70,1907.43,1893.50,1899.22,4008847
2023-03-15,1899.22,1904.89,1891.01,1896.67,3983367
2023-03-16,1896.67,1914.08,1885.30,1902.68,6992866
2023-03-19,1902.68,1917.05,1892.50,1906.86,6345987
2023-03-20,1906.86,1918.28,1897.86,1909.27,5721742
2023-03-21,1909.27,1929.78,1896.64,1917.10,7613957
2023-03-22,1917.10,1935.26,1905.39,1923.51,7109053
2023-03-23,1923.51,1941.19,1911.97,1929.62,6997153
2023-03-26,1929.62,1943.57,1919.55,1933.48,6216529
2023-03-27,1933.48,1934.71,1922.85,1924.06,1631378
2023-03-28,1924.06,1928.19,1914.94,1919.05,3142935
2023-03-29,1919.05,1932.53,1909.20,1922.66,6133916
2023-03-30,1922.66,1923.13,1911.71,1912.18,1246296
2023-04-02,1912.18,1922.53,1903.59,1913.94,5492421
2023-04-03,1913.94,1917.19,1904.43,1907.68,2699451
2023-04-04,1907.68,1908.22,1896.85,1897.39,1287139
2023-04-05,1897.39,1898.11,1886.72,1887.43,1378943
2023-04-06,1887.43,1905.96,1875.64,1894.13,7246467
2023-04-09,1894.13,1902.46,1886.39,1894.72,5087242
2023-04-10,1894.72,1896.87,1884.78,1886.92,2135836
2023-04-11,1886.92,1904.79,1875.39,1893.23,7108299
2023-04-12,1893.23,1915.31,1880.01,1902.03,7979938
2023-04-13,1902.03,1906.02,1892.96,1896.94,3096433
2023-04-16,1896.94,1907.81,1888.18,1899.04,5618278
2023-04-17,1899.04,1908.40,1890.88,1900.23,5298559
2023-04-18,1900.23,1920.55,1887.70,1907.97,7594067
2023-04-19,1907.97,1921.26,1898.22,1911.49,6109739
2023-04-20,1911.49,1935.69,1897.39,1921.52,8376440
2023-04-23,1921.52,1925.29,1912.23,1915.99,2962071
2023-04-24,1915.99,1921.57,1907.64,1913.22,3916015
2023-04-25,1913.22,1920.00,1905.48,1912.26,4546913
2023-04-26,1912.26,1937.23,1897.85,1922.74,8533779
2023-04-27,1922.74,1925.38,1912.88,1915.50,2370438
2023-04-30,1915.50,1924.20,1907.57,1916.26,5143312
2023-05-01,1916.26,1921.32,1907.65,1912.70,3642524
2023-05-02,1912.70,1919.98,1905.21,1912.49,4806344
2023-05-03,1912.49,1922.88,1903.89,1914.27,5498971
2023-05-04,1914.27,1934.87,1901.59,1922.14,7621639
2023-05-07,1922.14,1937.68,1911.46,1926.98,6557064
2023-05-08,1926.98,1954.14,1911.66,1938.73,8947222
2023-05-09,1938.73,1960.49,1925.54,1947.24,7804458
2023-05-10,1947.24,1951.04,1937.82,1941.62,2955932
2023-05-11,1941.62,1945.15,1932.09,1935.62,2821399
2023-05-14,1935.62,1955.98,1922.99,1943.30,7524314
2023-05-15,1943.30,1953.06,1934.87,1944.63,5336282
2023-05-16,1944.63,1959.85,1934.02,1949.22,6454835
2023-05-17,1949.22,1951.39,1938.97,1941.14,2114540
2023-05-18,1941.14,1941.20,1929.87,1929.93,1031447
2023-05-21,1929.93,1948.56,1918.00,1936.59,7180864
2023-05-22,1936.59,1940.29,1927.18,1930.86,2908470
2023-05-23,1930.86,1931.59,1919.99,1920.71,1374759
2023-05-24,1920.71,1944.82,1906.63,1930.66,8332818
2023-05-25,1930.66,1939.89,1922.47,1931.70,5239437
2023-05-28,1931.70,1933.05,1921.14,1922.48,1699554
2023-05-29,1922.48,1931.70,1914.33,1923.53,5244032
2023-05-30,1923.53,1930.15,1915.65,1922.27,4440775
2023-05-31,1922.27,1931.94,1913.93,1923.59,5339163
2023-06-01,1923.59,1924.07,1912.64,1913.11,1247839
2023-06-04,1913.11,1918.56,1904.71,1910.14,3845816
2023-06-05,1910.14,1930.72,1897.48,1918.01,7626920
2023-06-06,1918.01,1938.92,1905.21,1926.06,7677572
2023-06-07,1926.06,1942.75,1914.91,1931.57,6787894
2023-06-08,1931.57,1937.17,1923.14,1928.72,3896159
2023-06-11,1928.72,1934.25,1920.27,1925.79,3866563
2023-06-12,1925.79,1951.26,1911.16,1936.54,8600342
2023-06-13,1936.54,1946.97,1927.86,1938.28,5480212
2023-06-14,1938.28,1938.57,1927.15,1927.43,1148148
2023-06-15,1927.43,1934.40,1919.70,1926.67,4616495
2023-06-18,1926.67,1947.84,1913.74,1934.86,7712414
2023-06-19,1934.86,1938.45,1925.40,1928.98,2855658
2023-06-20,1928.98,1942.70,1919.01,1932.71,6169684
2023-06-21,1932.71,1945.28,1923.19,1935.75,5926097
2023-06-22,1935.75,1942.18,1927.70,1934.13,4322427
2023-06-25,1934.13,1959.67,1919.44,1944.90,8593244
2023-06-26,1944.90,1949.67,1935.98,1940.74,3454595
2023-06-27,1940.74,1967.78,1925.44,1952.39,8881790
2023-06-28,1952.39,1971.43,1940.25,1959.24,7220507
2023-06-29,1959.24,1964.40,1950.43,1955.57,3631241
2023-07-02,1955.57,1961.18,1947.01,1952.60,3867078
2023-07-03,1952.60,1962.65,1944.04,1954.08,5384807
2023-07-04,1954.08,1955.62,1943.49,1945.02,1789368
2023-07-05,1945.02,1970.80,1930.22,1955.91,8611625
2023-07-06,1955.91,1971.05,1945.31,1960.43,6419478
2023-07-09,1960.43,1960.94,1949.28,1949.79,1262311
2023-07-10,1949.79,1952.61,1939.86,1942.68,2448765
2023-07-11,1942.68,1954.00,1933.63,1944.94,5657853
2023-07-12,1944.94,1954.95,1936.42,1946.41,5383401
2023-07-13,1946.41,1953.64,1938.70,1945.92,4711831
2023-07-16,1945.92,1961.05,1935.35,1950.46,6433264
2023-07-17,1950.46,1951.40,1939.58,1940.53,1485973
2023-07-18,1940.53,1943.89,1930.93,1934.28,2734156
2023-07-19,1934.28,1940.24,1926.01,1931.96,4079046
2023-07-20,1931.96,1958.98,1916.69,1943.62,8903360
2023-07-23,1943.62,1965.64,1930.30,1952.27,7849074
2023-07-24,1952.27,1954.08,1941.82,1943.63,1928532
2023-07-25,1943.63,1961.36,1932.03,1949.72,6968895
2023-07-26,1949.72,1969.56,1937.26,1957.06,7389917
2023-07-27,1957.06,1961.59,1947.95,1952.47,3315054
2023-07-30,1952.47,1970.50,1940.72,1958.72,7015912
2023-07-31,1958.72,1965.95,1950.94,1958.16,4690020
2023-08-01,1958.16,1963.20,1949.29,1954.32,3571947
2023-08-02,1954.32,1960.92,1946.25,1952.85,4377743
2023-08-03,1952.85,1956.92,1943.53,1947.58,3082716
2023-08-06,1947.58,1960.77,1937.78,1950.95,6032544
2023-08-07,1950.95,1953.66,1940.96,1943.66,2387722
2023-08-08,1943.66,1956.18,1934.13,1946.63,5901337
2023-08-09,1946.63,1959.80,1936.84,1949.99,6030178
2023-08-10,1949.99,1956.58,1941.94,1948.53,4379183
2023-08-13,1948.53,1973.70,1933.95,1959.05,8479218
2023-08-14,1959.05,1976.57,1947.49,1964.98,6898182
2023-08-15,1964.98,1976.57,1955.77,1967.35,5685459
2023-08-16,1967.35,1981.25,1957.22,1971.10,6149691
2023-08-17,1971.10,1976.95,1962.56,1968.41,3969890
2023-08-20,1968.41,1969.67,1957.59,1958.84,1639883
2023-08-21,1958.84,1961.28,1948.67,1951.10,2246090
2023-08-22,1951.10,1976.80,1936.32,1961.93,8578635
2023-08-23,1961.93,1966.98,1953.05,1958.09,3575788
2023-08-24,1958.09,1981.52,1944.18,1967.55,8101748
2023-08-27,1967.55,1990.88,1953.67,1976.93,8057750
2023-08-28,1976.93,1994.25,1965.41,1982.70,6826508
2023-08-29,1982.70,1986.77,1973.21,1977.26,3050000
2023-08-30,1977.26,1989.20,1967.89,1979.81,5740569
2023-08-31,1979.81,1996.66,1968.48,1985.29,6725377
2023-09-03,1985.29,2000.68,1974.52,1989.89,6424176
2023-09-04,1989.89,1998.01,1982.01,1990.13,4960425
2023-09-05,1990.13,2006.47,1978.98,1995.28,6605727
2023-09-06,1995.28,2006.41,1986.19,1997.31,5557613
2023-09-07,1997.31,1997.41,1985.74,1985.84,1050651
2023-09-10,1985.84,1987.43,1975.08,1976.67,1800891
2023-09-11,1976.67,1982.17,1967.92,1973.42,3783641
2023-09-12,1973.42,1983.37,1964.84,1974.79,5344581
2023-09-13,1974.79,1980.01,1965.92,1971.13,3644204
2023-09-14,1971.13,1977.90,1963.05,1969.82,4435596
2023-09-17,1969.82,1978.92,1961.59,1970.69,5175548
2023-09-18,1970.69,1991.14,1957.94,1978.34,7468998
2023-09-19,1978.34,1982.00,1968.67,1972.31,2846810
2023-09-20,1972.31,1977.98,1963.68,1969.34,3876886
2023-09-21,1969.34,1995.42,1954.36,1980.36,8608607
2023-09-24,1980.36,1983.03,1970.18,1972.84,2350617
2023-09-25,1972.84,1980.30,1965.09,1972.55,4781927
2023-09-26,1972.55,1975.31,1962.46,1965.20,2396364
2023-09-27,1965.20,1979.73,1954.83,1969.33,6280349
2023-09-28,1969.33,1973.71,1960.07,1964.44,3224005
2023-10-01,1964.44,1988.27,1950.36,1974.12,8165603
2023-10-02,1974.12,1976.03,1963.60,1965.50,1969341
2023-10-03,1965.50,1968.52,1955.58,1958.59,2536454
2023-10-04,1958.59,1968.01,1950.27,1959.68,5249657
2023-10-05,1959.68,1986.33,1944.49,1971.06,8750925
2023-10-08,1971.06,1984.50,1961.10,1974.52,6052606
2023-10-09,1974.52,1982.69,1966.66,1974.83,4981858
2023-10-10,1974.83,1987.83,1965.03,1978.02,5958436
2023-10-11,1978.02,1978.23,1966.61,1966.82,1105795
2023-10-12,1966.82,1970.16,1957.05,1960.38,2695541
2023-10-15,1960.38,1968.21,1952.68,1960.51,4925205
2023-10-16,1960.51,1978.69,1948.69,1966.83,7029355
2023-10-17,1966.83,1968.26,1956.10,1957.52,1724039
2023-10-18,1957.52,1985.30,1941.89,1969.57,8984567
2023-10-19,1969.57,1973.82,1960.24,1964.48,3156618
2023-10-22,1964.48,1974.67,1955.84,1966.02,5400685
2023-10-23,1966.02,1976.55,1957.23,1967.76,5469855
2023-10-24,1967.76,1994.87,1952.37,1979.39,8820919
2023-10-25,1979.39,1979.50,1967.93,1968.04,1058813
2023-10-26,1968.04,1979.79,1958.76,1970.51,5714403
2023-10-29,1970.51,1975.15,1961.37,1966.00,3355589
2023-10-30,1966.00,1989.18,1952.17,1975.29,8031755
2023-10-31,1975.29,1983.81,1967.29,1975.80,5051543
2023-11-01,1975.80,1989.48,1965.74,1979.40,6093964
2023-11-02,1979.40,1990.92,1970.19,1981.69,5652846
2023-11-05,1981.69,1999.00,1970.17,1987.45,6814609
2023-11-06,1987.45,1994.14,1979.23,1985.92,4369375
2023-11-07,1985.92,1995.50,1977.47,1987.04,5255418
2023-11-08,1987.04,2002.01,1976.44,1991.38,6336934
2023-11-09,1991.38,1992.41,1980.31,1981.33,1515157
2023-11-12,1981.33,1983.66,1970.97,1973.29,2172805
2023-11-13,1973.29,1991.20,1961.54,1979.42,6951851
2023-11-14,1979.42,2006.91,1963.85,1991.25,8864643
2023-11-15,1991.25,2013.26,1977.83,1999.79,7738340
2023-11-16,1999.79,2005.77,1991.15,1997.13,3992695
2023-11-19,1997.13,2009.24,1987.64,1999.74,5751165
2023-11-20,1999.74,2000.31,1988.39,1988.95,1285356
2023-11-21,1988.95,2016.22,1973.45,2000.63,8792798
2023-11-22,2000.63,2005.64,1991.50,1996.51,3508058
2023-11-23,1996.51,1998.80,1986.04,1988.33,2147187
2023-11-26,1988.33,2015.04,1973.04,1999.68,8685493
2023-11-27,1999.68,2010.39,1990.74,2001.44,5468655
2023-11-28,2001.44,2013.11,1992.12,2003.77,5657167
2023-11-29,2003.77,2022.23,1991.74,2010.16,7004115
2023-11-30,2010.16,2028.48,1998.17,2016.45,6966289
2023-12-03,2016.45,2035.75,2004.05,2023.31,7148628
2023-12-04,2023.31,2042.34,2011.01,2029.99,7081995
2023-12-05,2029.99,2034.73,2020.56,2025.29,3334293
2023-12-06,2025.29,2027.22,2014.48,2016.40,1954903
2023-12-07,2016.40,2022.96,2007.95,2014.50,4252469
2023-12-10,2014.50,2027.50,2004.62,2017.60,5906001
2023-12-11,2017.60,2018.43,2006.28,2007.10,1409327
2023-12-12,2007.10,2008.80,1996.28,1997.97,1848868
2023-12-13,1997.97,2000.00,1987.37,1989.39,2014746
2023-12-14,1989.39,2016.92,1973.78,2001.22,8845233
2023-12-17,2001.22,2005.63,1991.79,1996.19,3204526
2023-12-18,1996.19,2000.17,1986.57,1990.54,2993861
2023-12-19,1990.54,1995.71,1981.55,1986.71,3595953
2023-12-20,1986.71,1991.98,1977.79,1983.05,3652777
2023-12-21,1983.05,1989.35,1974.67,1980.96,4176680
2023-12-24,1980.96,1989.22,1973.05,1981.30,4994821
2023-12-25,1981.30,1997.17,1970.35,1986.20,6526954
2023-12-26,1986.20,2013.94,1970.51,1998.16,8896536
2023-12-27,1998.16,2023.45,1983.43,2008.64,8375171
2023-12-28,2008.64,2027.92,1996.26,2015.51,7160390
2023-12-31,2015.51,2022.54,2007.30,2014.32,4486762
2024-01-01,2014.32,2014.46,2002.67,2002.81,1070336
2024-01-02,2002.81,2030.73,1987.01,2014.85,8886419
2024-01-03,2014.85,2017.43,2004.42,2006.99,2280692
2024-01-04,2006.99,2009.83,1996.74,1999.56,2413648
2024-01-07,1999.56,2018.15,1987.49,2006.04,7038374
2024-01-08,2006.04,2017.50,1996.79,2008.24,5611659
2024-01-09,2008.24,2030.44,1994.71,2016.85,7738443
2024-01-10,2016.85,2025.03,2008.88,2017.06,4949588
2024-01-11,2017.06,2018.70,2006.15,2007.78,1812997
2024-01-14,2007.78,2014.56,1999.49,2006.27,4378052
2024-01-15,2006.27,2019.45,1996.33,2009.50,5953395
2024-01-16,2009.50,2011.95,1999.04,2001.48,2218038
2024-01-17,2001.48,2006.81,1992.51,1997.83,3665809
2024-01-18,1997.83,2008.10,1989.07,1999.34,5383127
2024-01-21,1999.34,2001.66,1988.87,1991.18,2160116
2024-01-22,1991.18,2019.19,1975.38,2003.29,8935048
2024-01-23,2003.29,2019.57,1992.13,2008.38,6572119
2024-01-24,2008.38,2016.64,2000.40,2008.66,4972565
2024-01-25,2008.66,2029.75,1995.56,2016.61,7519101
2024-01-28,2016.61,2024.38,2008.76,2016.53,4853703
2024-01-29,2016.53,2029.96,2006.47,2019.88,5988717
2024-01-30,2019.88,2023.42,2009.91,2013.43,2751303
2024-01-31,2013.43,2018.59,2004.30,2009.45,3561213
2024-02-01,2009.45,2035.73,1994.29,2020.49,8541906
2024-02-04,2020.49,2033.82,2010.46,2023.78,5964986
2024-02-05,2023.78,2037.45,2013.60,2027.26,6027983
2024-02-06,2027.26,2050.83,2013.14,2036.64,7965466
2024-02-07,2036.64,2043.76,2028.35,2035.46,4493484
2024-02-08,2035.46,2057.19,2022.05,2043.73,7587345
2024-02-11,2043.73,2065.57,2030.25,2052.04,7592729
2024-02-12,2052.04,2053.42,2040.80,2042.16,1670130
2024-02-13,2042.16,2047.42,2032.92,2038.16,3572633
2024-02-14,2038.16,2041.74,2028.10,2031.67,2757030
2024-02-15,2031.67,2059.70,2015.76,2043.70,8828257
2024-02-18,2043.70,2053.87,2034.88,2045.04,5317181
2024-02-19,2045.04,2052.80,2037.02,2044.77,4791700
2024-02-20,2044.77,2054.86,2035.98,2046.06,5301200
2024-02-21,2046.06,2070.82,2031.42,2056.11,8154320
2024-02-22,2056.11,2056.17,2044.18,2044.24,1030075
2024-02-25,2044.24,2047.15,2033.81,2036.70,2422290
2024-02-26,2036.70,2057.57,2023.63,2044.45,7417386
2024-02-27,2044.45,2048.15,2034.41,2038.09,2805486
2024-02-28,2038.09,2043.24,2028.81,2033.95,3524862
2024-02-29,2033.95,2049.80,2022.89,2038.71,6439711
2024-03-03,2038.71,2049.54,2029.63,2040.45,5451268
2024-03-04,2040.45,2046.46,2031.59,2037.58,3942249
2024-03-05,2037.58,2064.29,2022.19,2048.82,8554629
2024-03-06,2048.82,2055.58,2040.28,2047.04,4300754
2024-03-07,2047.04,2065.91,2034.74,2053.57,7007784
2024-03-10,2053.57,2053.76,2041.72,2041.91,1095473
2024-03-11,2041.91,2045.36,2031.76,2035.20,2687277
2024-03-12,2035.20,2059.31,2020.84,2044.89,8054801
2024-03-13,2044.89,2049.79,2035.45,2040.33,3395576
2024-03-14,2040.33,2046.34,2031.47,2037.47,3944170
2024-03-17,2037.47,2040.36,2027.07,2029.94,2416632
2024-03-18,2029.94,2033.57,2019.95,2023.57,2788271
2024-03-19,2023.57,2028.44,2014.24,2019.09,3404766
2024-03-20,2019.09,2019.96,2007.78,2008.64,1426611
2024-03-21,2008.64,2011.86,1998.57,2001.79,2606893
2024-03-24,2001.79,2008.60,1993.55,2000.35,4402400
2024-03-25,2000.35,2025.89,1985.51,2010.97,8418072
2024-03-26,2010.97,2025.35,2000.54,2014.90,6184773
2024-03-27,2014.90,2017.46,2004.47,2007.02,2270404
2024-03-28,2007.02,2010.48,1997.08,2000.53,2724348
2024-03-31,2000.53,2028.26,1984.81,2012.46,8855246
2024-04-01,2012.46,2037.76,1997.68,2022.91,8342112
2024-04-02,2022.91,2028.33,2013.85,2019.26,3678772
2024-04-03,2019.26,2032.52,2009.26,2022.51,5951646
2024-04-04,2022.51,2024.43,2011.71,2013.62,1950857
2024-04-07,2013.62,2030.20,2002.32,2018.86,6614677
2024-04-08,2018.86,2046.61,2003.10,2030.75,8807304
2024-04-09,2030.75,2033.66,2020.40,2023.29,2429972
2024-04-10,2023.29,2041.22,2011.42,2029.32,6865397
2024-04-11,2029.32,2036.94,2021.32,2028.94,4755555
2024-04-14,2028.94,2037.99,2020.59,2029.65,5112791
2024-04-15,2029.65,2052.22,2015.92,2038.43,7764266
2024-04-16,2038.43,2047.61,2030.01,2039.19,5129732
2024-04-17,2039.19,2049.42,2030.36,2040.58,5332647
2024-04-18,2040.58,2048.01,2032.42,2039.86,4644615
2024-04-21,2039.86,2049.73,2031.16,2041.03,5263168
2024-04-22,2041.03,2056.85,2029.96,2045.75,6422873
2024-04-23,2045.75,2074.04,2029.71,2057.90,8839780
2024-04-24,2057.90,2084.54,2042.49,2069.04,8489197
2024-04-25,2069.04,2074.66,2059.82,2065.43,3716803
2024-04-28,2065.43,2087.98,2051.63,2074.12,7683093
2024-04-29,2074.12,2076.48,2063.24,2065.60,2141152
2024-04-30,2065.60,2092.64,2050.01,2076.96,8547770
2024-05-01,2076.96,2084.25,2068.52,2075.80,4507887
2024-05-02,2075.80,2087.35,2066.35,2077.90,5552366
2024-05-05,2077.90,2103.54,2062.83,2088.40,8249108
2024-05-06,2088.40,2091.84,2077.97,2081.40,2647496
2024-05-07,2081.40,2095.62,2070.88,2085.07,6056172
2024-05-08,2085.07,2099.83,2074.33,2089.06,6154149
2024-05-09,2089.06,2100.07,2079.79,2090.80,5435253
2024-05-12,2090.80,2109.96,2078.28,2097.40,6985905
2024-05-13,2097.40,2109.31,2087.76,2099.66,5596227
2024-05-14,2099.66,2125.33,2084.53,2110.13,8204492
2024-05-15,2110.13,2115.77,2100.68,2106.31,3674897
2024-05-16,2106.31,2108.23,2095.02,2096.93,1908676
2024-05-19,2096.93,2112.47,2085.84,2101.36,6288545
2024-05-20,2101.36,2123.10,2087.79,2109.48,7456481
2024-05-21,2109.48,2125.84,2098.03,2114.37,6424828
2024-05-22,2114.37,2118.64,2104.21,2108.47,3020747
2024-05-23,2108.47,2120.79,2098.64,2110.95,5663991
2024-05-26,2110.95,2127.60,2099.38,2116.01,6478017
2024-05-27,2116.01,2117.56,2104.48,2106.02,1734430
2024-05-28,2106.02,2107.35,2094.44,2095.76,1630761
2024-05-29,2095.76,2106.63,2086.54,2097.40,5401577
2024-05-30,2097.40,2110.18,2087.41,2100.18,5762928
2024-06-02,2100.18,2117.86,2088.23,2105.88,6690123
2024-06-03,2105.88,2122.76,2094.24,2111.09,6528840
2024-06-04,2111.09,2114.13,2100.33,2103.36,2439574
2024-06-05,2103.36,2128.92,2088.27,2113.76,8175411
2024-06-06,2113.76,2123.62,2104.89,2114.75,5193141
2024-06-09,2114.75,2119.19,2104.67,2109.10,3097702
2024-06-10,2109.10,2109.98,2097.27,2098.15,1419958
2024-06-11,2098.15,2105.97,2089.85,2097.67,4727812
2024-06-12,2097.67,2102.01,2087.65,2091.98,3070644
2024-06-13,2091.98,2104.70,2082.03,2094.73,5757098
2024-06-16,2094.73,2121.72,2079.09,2106.00,8466186
2024-06-17,2106.00,2118.46,2096.12,2108.56,5691735
2024-06-18,2108.56,2136.02,2092.71,2120.08,8520164
2024-06-19,2120.08,2125.89,2110.65,2116.46,3741598
2024-06-20,2116.46,2132.17,2105.25,2120.95,6294307
2024-06-23,2120.95,2130.04,2112.37,2121.46,5042489
2024-06-24,2121.46,2123.35,2110.07,2111.94,1887379
2024-06-25,2111.94,2137.80,2096.71,2122.49,8211694
2024-06-26,2122.49,2140.19,2110.49,2128.15,6657407
2024-06-27,2128.15,2143.65,2117.01,2132.48,6236865
2024-06-30,2132.48,2150.91,2120.16,2138.55,6777229
2024-07-01,2138.55,2167.36,2122.09,2150.80,8698251
2024-07-02,2150.80,2157.52,2141.65,2148.36,4123388
2024-07-03,2148.36,2159.09,2139.07,2149.79,5324245
2024-07-04,2149.79,2166.86,2137.97,2155.01,6498353
2024-07-07,2155.01,2174.19,2142.34,2161.48,6880281
2024-07-08,2161.48,2182.37,2148.11,2168.95,7186076
2024-07-09,2168.95,2174.14,2158.93,2164.11,3391049
2024-07-10,2164.11,2165.93,2152.43,2154.24,1840877
2024-07-11,2154.24,2177.83,2139.82,2163.34,7696056
2024-07-14,2163.34,2167.04,2152.61,2156.30,2709670
2024-07-15,2156.30,2183.39,2140.48,2167.49,8338511
2024-07-16,2167.49,2170.06,2156.17,2158.73,2187517
2024-07-17,2158.73,2182.86,2144.08,2168.15,7787551
2024-07-18,2168.15,2181.05,2157.94,2170.84,5706515
2024-07-21,2170.84,2172.99,2159.29,2161.44,1993792
2024-07-22,2161.44,2175.67,2150.72,2164.93,5958024
2024-07-23,2164.93,2175.49,2155.67,2166.23,5278223
2024-07-24,2166.23,2169.36,2155.20,2158.32,2448216
2024-07-25,2158.32,2186.62,2142.02,2170.22,8554423
2024-07-28,2170.22,2173.23,2159.11,2162.10,2386968
2024-07-29,2162.10,2181.36,2149.38,2168.60,6884122
2024-07-30,2168.60,2172.75,2158.07,2162.20,2910082
2024-07-31,2162.20,2189.51,2146.27,2173.50,8366083
2024-08-01,2173.50,2177.06,2162.64,2166.18,2634842
2024-08-04,2166.18,2193.51,2150.24,2177.49,8358333
2024-08-05,2177.49,2180.86,2166.51,2169.87,2548902
2024-08-06,2169.87,2169.94,2157.28,2157.35,1033710
2024-08-07,2157.35,2164.33,2148.29,2155.26,4232510
2024-08-08,2155.26,2162.30,2146.24,2153.28,4268758
2024-08-11,2153.28,2164.52,2143.78,2155.01,5414060
2024-08-12,2155.01,2156.87,2143.41,2145.26,1865946
2024-08-13,2145.26,2175.03,2128.40,2158.07,8858984
2024-08-14,2158.07,2162.62,2147.80,2152.33,3109224
2024-08-15,2152.33,2160.07,2143.68,2151.41,4591975
2024-08-18,2151.41,2157.11,2141.75,2147.45,3652914
2024-08-19,2147.45,2158.86,2137.88,2149.29,5452537
2024-08-20,2149.29,2173.08,2134.79,2158.52,7743930
2024-08-21,2158.52,2183.72,2143.45,2168.57,7983882
2024-08-22,2168.57,2192.76,2153.88,2178.00,7777331
2024-08-25,2178.00,2196.15,2165.68,2183.80,6655144
2024-08-26,2183.80,2184.20,2171.29,2171.69,1185219
2024-08-27,2171.69,2183.04,2162.10,2173.44,5416941
2024-08-28,2173.44,2181.39,2164.77,2172.72,4658950
2024-08-29,2172.72,2176.18,2161.82,2165.26,2590260
2024-09-01,2165.26,2166.79,2153.43,2154.95,1704698
2024-09-02,2154.95,2164.43,2146.14,2155.62,5088683
2024-09-03,2155.62,2178.33,2141.54,2164.20,7532338
2024-09-04,2164.20,2189.40,2149.10,2174.24,7973936
2024-09-05,2174.24,2179.19,2164.07,2169.01,3277674
2024-09-08,2169.01,2174.10,2158.95,2164.02,3344787
2024-09-09,2164.02,2169.56,2154.20,2159.73,3557990
2024-09-10,2159.73,2163.10,2148.85,2152.21,2559259
2024-09-11,2152.21,2152.99,2140.08,2140.85,1360939
2024-09-12,2140.85,2164.80,2126.31,2150.20,7790192
2024-09-15,2150.20,2166.02,2138.87,2154.67,6266769
2024-09-16,2154.67,2163.21,2146.23,2154.78,4914128
2024-09-17,2154.78,2180.04,2139.69,2164.88,8003875
2024-09-18,2164.88,2166.46,2153.08,2154.66,1733539
2024-09-19,2154.66,2155.39,2142.49,2143.21,1337688
2024-09-22,2143.21,2165.79,2129.21,2151.74,7532373
2024-09-23,2151.74,2178.52,2136.04,2162.75,8292901
2024-09-24,2162.75,2164.84,2151.22,2153.29,1964951
2024-09-25,2153.29,2154.82,2141.53,2143.05,1709019
2024-09-26,2143.05,2153.51,2133.88,2144.33,5278189
2024-09-29,2144.33,2146.75,2133.07,2135.48,2129252
2024-09-30,2135.48,2137.34,2123.99,2125.83,1867146
2024-10-01,2125.83,2132.26,2116.68,2123.10,4022736
2024-10-02,2123.10,2132.85,2114.26,2124.00,5163923
2024-10-03,2124.00,2128.97,2114.14,2119.10,3340089
2024-10-06,2119.10,2143.17,2104.56,2128.57,7859876
2024-10-07,2128.57,2144.96,2117.07,2133.43,6402297
2024-10-08,2133.43,2134.41,2121.51,2122.49,1461179
2024-10-09,2122.49,2129.12,2113.46,2120.08,4122942
2024-10-10,2120.08,2120.46,2107.93,2108.31,1177709
2024-10-13,2108.31,2130.69,2094.47,2116.79,7563751
2024-10-14,2116.79,2123.45,2107.81,2114.46,4145267
2024-10-15,2114.46,2143.61,2097.92,2126.97,8823491
2024-10-16,2126.97,2157.13,2109.99,2140.05,8981138
2024-10-17,2140.05,2144.89,2130.03,2134.85,3260185
2024-10-20,2134.85,2163.47,2118.47,2147.00,8672976
2024-10-21,2147.00,2147.10,2134.55,2134.65,1046673
2024-10-22,2134.65,2142.77,2126.29,2134.40,4801028
2024-10-23,2134.40,2140.93,2125.25,2131.77,4059499
2024-10-24,2131.77,2136.24,2121.61,2126.06,3093689
2024-10-27,2126.06,2132.66,2116.99,2123.58,4101131
2024-10-28,2123.58,2139.47,2112.29,2128.15,6316392
2024-10-29,2128.15,2131.25,2117.33,2120.41,2455521
2024-10-30,2120.41,2127.82,2111.78,2119.19,4493827
2024-10-31,2119.19,2122.95,2108.75,2112.50,2776989
2024-11-03,2112.50,2115.60,2101.77,2104.85,2465500
2024-11-04,2104.85,2105.51,2092.93,2093.59,1312448
2024-11-05,2093.59,2101.49,2085.35,2093.26,4774622
2024-11-06,2093.26,2109.66,2081.83,2098.21,6456961
2024-11-07,2098.21,2111.66,2087.95,2101.39,5890329
2024-11-10,2101.39,2124.11,2087.43,2110.09,7642626
2024-11-11,2110.09,2111.70,2098.63,2100.23,1763237
2024-11-12,2100.23,2111.96,2090.65,2102.37,5560802
2024-11-13,2102.37,2120.21,2090.36,2108.16,6714334
2024-11-14,2108.16,2131.35,2094.00,2117.13,7717661
2024-11-17,2117.13,2122.76,2107.63,2113.25,3657201
2024-11-18,2113.25,2123.80,2104.11,2114.65,5323079
2024-11-19,2114.65,2120.26,2105.16,2110.76,3653566
2024-11-20,2110.76,2116.07,2101.14,2106.43,3512860
2024-11-21,2106.43,2124.77,2094.21,2112.51,6802194
2024-11-24,2112.51,2142.06,2095.81,2125.26,8904286
2024-11-25,2125.26,2152.62,2109.40,2136.68,8461111
2024-11-26,2136.68,2153.57,2124.96,2141.82,6485013
2024-11-27,2141.82,2145.68,2131.30,2135.15,2803155
2024-11-28,2135.15,2148.55,2124.82,2138.21,5835288
2024-12-01,2138.21,2161.66,2123.87,2147.27,7704869
2024-12-02,2147.27,2155.18,2138.73,2146.63,4683504
2024-12-03,2146.63,2166.21,2133.82,2153.36,6968724
2024-12-04,2153.36,2166.66,2143.03,2156.32,5795096
2024-12-05,2156.32,2158.21,2144.72,2146.61,1878669
2024-12-08,2146.61,2167.41,2133.31,2154.06,7194753
2024-12-09,2154.06,2160.72,2144.86,2151.51,4089026
2024-12-10,2151.51,2164.40,2141.35,2154.22,5721982
2024-12-11,2154.22,2156.05,2142.61,2144.42,1846707
2024-12-12,2144.42,2158.33,2133.87,2147.77,5919993
2024-12-15,2147.77,2153.24,2138.01,2143.47,3546776
2024-12-16,2143.47,2146.17,2132.36,2135.04,2257921
2024-12-17,2135.04,2152.65,2123.04,2140.62,6621330
2024-12-18,2140.62,2158.62,2128.45,2146.42,6686385
2024-12-19,2146.42,2152.35,2136.90,2142.82,3761728
2024-12-22,2142.82,2143.95,2130.92,2132.04,1526371
2024-12-23,2132.04,2135.18,2121.21,2124.34,2474142
2024-12-24,2124.34,2125.81,2112.72,2114.18,1691460
2024-12-25,2114.18,2116.23,2102.91,2104.95,1968449
2024-12-26,2104.95,2107.57,2094.02,2096.63,2243381
2024-12-29,2096.63,2117.92,2083.25,2104.49,7380452
2024-12-30,2104.49,2109.29,2094.65,2099.44,3280898
2024-12-31,2099.44,2100.13,2087.57,2088.25,1327434
2025-01-01,2088.25,2113.56,2073.30,2098.53,8162037
2025-01-02,2098.53,2127.32,2082.17,2110.86,8797050
2025-01-05,2110.86,2115.21,2100.77,2105.10,3059636
2025-01-06,2105.10,2126.42,2091.69,2112.96,7369547
2025-01-07,2112.96,2126.30,2102.71,2116.04,5850240
2025-01-08,2116.04,2119.79,2105.61,2109.35,2773319
2025-01-09,2109.35,2135.84,2093.88,2120.29,8336316
2025-01-12,2120.29,2133.26,2110.16,2123.13,5773799
2025-01-13,2123.13,2129.08,2113.76,2119.70,3801817
2025-01-14,2119.70,2135.98,2108.26,2124.51,6395679
2025-01-15,2124.51,2130.68,2115.24,2121.39,3901063
2025-01-16,2121.39,2122.41,2109.56,2110.57,1478463
2025-01-19,2110.57,2118.77,2102.38,2110.57,4880967
2025-01-20,2110.57,2115.99,2101.01,2106.41,3565363
2025-01-21,2106.41,2126.51,2093.49,2113.54,7136591
2025-01-22,2113.54,2133.65,2100.60,2120.66,7125514
2025-01-23,2120.66,2146.03,2105.60,2130.90,8100034
2025-01-26,2130.90,2156.45,2115.75,2141.23,8109533
2025-01-27,2141.23,2168.80,2125.25,2152.73,8462654
2025-01-28,2152.73,2161.00,2144.34,2152.60,4838408
2025-01-29,2152.60,2176.35,2138.11,2161.80,7730624
2025-01-30,2161.80,2168.78,2152.72,2159.68,4225720
2025-02-02,2159.68,2169.33,2150.80,2160.44,5113820
2025-02-03,2160.44,2161.16,2148.23,2148.95,1333196
2025-02-04,2148.95,2161.96,2138.74,2151.74,5748045
2025-02-05,2151.74,2158.76,2142.73,2149.74,4259602
2025-02-06,2149.74,2176.28,2134.15,2160.61,8250582
2025-02-09,2160.61,2187.89,2144.70,2171.90,8362962
2025-02-10,2171.90,2184.29,2161.89,2174.27,5609087
2025-02-11,2174.27,2198.73,2159.45,2183.85,7816117
2025-02-12,2183.85,2206.15,2169.86,2192.12,7403806
2025-02-13,2192.12,2199.78,2183.19,2190.85,4495610
2025-02-16,2190.85,2196.03,2180.70,2185.87,3363134
2025-02-17,2185.87,2201.61,2174.49,2190.21,6203909
2025-02-18,2190.21,2197.33,2181.03,2188.15,4252503
2025-02-19,2188.15,2204.02,2176.71,2192.56,6224965
2025-02-20,2192.56,2218.78,2177.00,2203.14,8096604
2025-02-23,2203.14,2230.13,2187.25,2214.16,8213100
2025-02-24,2214.16,2220.21,2204.31,2210.35,3734945
2025-02-25,2210.35,2238.55,2193.96,2222.07,8415226
2025-02-26,2222.07,2228.10,2212.16,2218.18,3710733
2025-02-27,2218.18,2239.84,2204.36,2225.98,7226406
2025-03-02,2225.98,2229.31,2214.70,2218.01,2493106
2025-03-03,2218.01,2220.41,2206.31,2208.69,2078737
2025-03-04,2208.69,2215.39,2199.20,2205.89,4032681
2025-03-05,2205.89,2207.35,2193.79,2195.24,1663580
2025-03-06,2195.24,2213.51,2182.84,2201.07,6650445
2025-03-09,2201.07,2212.96,2191.20,2203.08,5487105
2025-03-10,2203.08,2203.65,2190.55,2191.12,1259979
2025-03-11,2191.12,2199.35,2182.48,2190.72,4759190
2025-03-12,2190.72,2210.45,2177.74,2197.43,6923010
2025-03-13,2197.43,2205.38,2188.62,2196.56,4615637
2025-03-16,2196.56,2220.84,2181.76,2205.98,7738305
2025-03-17,2205.98,2211.88,2196.10,2201.99,3673731
2025-03-18,2201.99,2222.60,2188.63,2209.20,7063888
2025-03-19,2209.20,2213.44,2198.48,2202.71,2921124
2025-03-20,2202.71,2223.37,2189.33,2209.95,7072599
2025-03-23,2209.95,2216.45,2200.35,2206.83,3938065
2025-03-24,2206.83,2208.25,2194.70,2196.11,1640980
2025-03-25,2196.11,2203.69,2187.12,2194.70,4452949
2025-03-26,2194.70,2212.53,2182.47,2200.27,6571502
2025-03-27,2200.27,2221.79,2186.56,2208.03,7231207
2025-03-30,2208.03,2229.16,2194.46,2215.54,7148113
2025-03-31,2215.54,2218.42,2204.10,2206.96,2297530
2025-04-01,2206.96,2227.40,2193.66,2214.06,7025137
2025-04-02,2214.06,2217.36,2202.84,2206.13,2491426
2025-04-03,2206.13,2209.33,2194.90,2198.09,2449485
2025-04-06,2198.09,2205.46,2188.99,2196.36,4356104
2025-04-07,2196.36,2198.15,2184.48,2186.26,1816220
2025-04-08,2186.26,2189.24,2175.04,2178.00,2360699
2025-04-09,2178.00,2181.40,2167.03,2170.42,2557441
2025-04-10,2170.42,2198.33,2154.23,2182.06,8455829
2025-04-13,2182.06,2193.17,2172.53,2183.64,5364506
2025-04-14,2183.64,2192.57,2174.99,2183.91,4962482
2025-04-15,2183.91,2185.54,2172.02,2173.64,1743587
2025-04-16,2173.64,2192.51,2161.04,2179.88,6794238
2025-04-17,2179.88,2199.41,2167.01,2186.50,6904561
2025-04-20,2186.50,2186.53,2173.79,2173.82,1012825
2025-04-21,2173.82,2175.95,2162.24,2164.37,1983230
2025-04-22,2164.37,2170.25,2154.72,2160.59,3717009
2025-04-23,2160.59,2161.88,2148.67,2149.95,1596879
2025-04-24,2149.95,2152.67,2138.81,2141.52,2264814
2025-04-27,2141.52,2159.79,2129.24,2147.47,6733161
2025-04-28,2147.47,2166.31,2134.96,2153.75,6829080
2025-04-29,2153.75,2158.00,2143.35,2147.59,2972325
2025-04-30,2147.59,2152.50,2137.56,2142.46,3286351
2025-05-01,2142.46,2148.97,2133.25,2139.76,4042764
2025-05-04,2139.76,2161.81,2125.99,2147.98,7439094
2025-05-05,2147.98,2155.95,2139.46,2147.43,4709910
2025-05-06,2147.43,2155.10,2138.77,2146.44,4571262
2025-05-07,2146.44,2150.73,2136.10,2140.38,2998456
2025-05-08,2140.38,2156.50,2128.95,2145.06,6337174
2025-05-11,2145.06,2150.95,2135.53,2141.41,3747908
2025-05-12,2141.41,2171.80,2124.32,2154.60,8983744
2025-05-13,2154.60,2159.99,2144.76,2150.14,3501474
2025-05-14,2150.14,2158.62,2141.74,2150.22,4906035
2025-05-15,2150.22,2158.24,2141.72,2149.73,4728292
2025-05-18,2149.73,2172.41,2135.68,2158.30,7536145
2025-05-19,2158.30,2163.43,2148.32,2153.44,3378978
2025-05-20,2153.44,2154.66,2141.52,2142.73,1565432
2025-05-21,2142.73,2155.85,2132.50,2145.61,5774519
2025-05-22,2145.61,2148.83,2134.74,2137.95,2500068
2025-05-25,2137.95,2141.86,2127.47,2131.37,2828497
2025-05-26,2131.37,2132.54,2119.56,2120.72,1549931
2025-05-27,2120.72,2132.79,2110.96,2123.02,5602640
2025-05-28,2123.02,2129.08,2113.70,2119.75,3850823
2025-05-29,2119.75,2134.96,2108.73,2123.93,6195713
2025-06-01,2123.93,2148.91,2109.02,2133.93,8020027
2025-06-02,2133.93,2158.74,2119.07,2143.81,7965740
2025-06-03,2143.81,2163.77,2130.85,2150.77,7045198
2025-06-04,2150.77,2160.23,2141.99,2151.44,5085562
2025-06-05,2151.44,2154.68,2140.55,2143.78,2506584
2025-06-08,2143.78,2165.82,2129.99,2151.98,7431721
2025-06-09,2151.98,2177.90,2136.63,2162.48,8132578
2025-06-10,2162.48,2181.32,2149.92,2168.73,6806687
2025-06-11,2168.73,2172.39,2157.95,2161.60,2688614
2025-06-12,2161.60,2169.16,2152.80,2160.35,4494410
2025-06-15,2160.35,2186.74,2144.80,2171.11,8199382
2025-06-16,2171.11,2177.95,2161.90,2168.73,4149211
2025-06-17,2168.73,2180.54,2158.96,2170.76,5504389
2025-06-18,2170.76,2172.97,2159.24,2161.44,2018004
2025-06-19,2161.44,2182.12,2148.15,2168.79,7146844
2025-06-22,2168.79,2185.99,2156.87,2174.05,6495850
2025-06-23,2174.05,2197.30,2159.71,2182.90,7595884
2025-06-24,2182.90,2203.07,2169.77,2189.89,7014849
2025-06-25,2189.89,2193.84,2179.13,2183.07,2802126
2025-06-26,2183.07,2190.20,2173.93,2181.06,4266358
2025-06-29,2181.06,2201.60,2167.78,2188.28,7086556
2025-06-30,2188.28,2201.58,2177.87,2191.15,5756550
2025-07-01,2191.15,2196.33,2181.00,2186.17,3362757
2025-07-02,2186.17,2189.87,2175.31,2179.00,2695301
2025-07-03,2179.00,2182.69,2168.18,2171.85,2692455
2025-07-06,2171.85,2198.49,2156.18,2182.73,8218415
2025-07-07,2182.73,2192.81,2173.62,2183.69,5174417
2025-07-08,2183.69,2192.51,2175.08,2183.90,4943175
2025-07-09,2183.90,2199.42,2172.62,2188.12,6166666
2025-07-10,2188.12,2189.99,2176.33,2178.19,1857235
2025-07-13,2178.19,2202.84,2163.29,2187.87,7842043
2025-07-14,2187.87,2216.47,2171.37,2199.89,8540843
2025-07-15,2199.89,2206.66,2190.48,2197.24,4077091
2025-07-16,2197.24,2215.92,2184.66,2203.31,6722393
2025-07-17,2203.31,2207.00,2192.34,2196.02,2674279
2025-07-20,2196.02,2217.14,2182.48,2203.55,7167318
2025-07-21,2203.55,2212.31,2194.92,2203.68,4917558
2025-07-22,2203.68,2228.94,2188.47,2213.66,7900308
2025-07-23,2213.66,2231.03,2201.57,2218.91,6461248
2025-07-24,2218.91,2232.42,2208.35,2221.84,5760871
2025-07-27,2221.84,2227.51,2211.76,2217.42,3552263
2025-07-28,2217.42,2228.31,2207.90,2218.79,5292215
2025-07-29,2218.79,2226.75,2209.86,2217.81,4585665
2025-07-30,2217.81,2249.16,2200.15,2231.39,8963477
2025-07-31,2231.39,2251.89,2218.02,2238.47,6993552
2025-08-03,2238.47,2246.81,2229.61,2237.95,4725274
2025-08-04,2237.95,2243.47,2227.70,2233.21,3467283
2025-08-05,2233.21,2253.18,2220.03,2239.97,6898593
2025-08-06,2239.97,2241.12,2227.51,2228.66,1513031
2025-08-07,2228.66,2245.78,2216.63,2233.73,6397016
2025-08-10,2233.73,2261.80,2217.33,2245.32,8340672
2025-08-11,2245.32,2261.93,2233.46,2250.05,6282270
2025-08-12,2250.05,2259.94,2240.85,2250.74,5086008
2025-08-13,2250.74,2269.48,2238.02,2256.73,6653120
2025-08-14,2256.73,2273.90,2244.62,2261.76,6366323
2025-08-17,2261.76,2265.98,2250.72,2254.93,2867592
2025-08-18,2254.93,2265.32,2245.53,2255.91,5169272
2025-08-19,2255.91,2265.90,2246.66,2256.65,5098525
2025-08-20,2256.65,2261.33,2245.87,2250.54,3075102
2025-08-21,2250.54,2272.50,2236.54,2258.45,7222462
2025-08-24,2258.45,2272.49,2247.58,2261.61,5812208
2025-08-25,2261.61,2261.70,2248.49,2248.58,1041872
2025-08-26,2248.58,2275.75,2232.52,2259.60,8146021
2025-08-27,2259.60,2266.02,2249.67,2256.08,3840706
2025-08-28,2256.08,2283.08,2240.06,2266.98,8101234
2025-08-31,2266.98,2272.13,2256.37,2261.52,3273285
2025-09-01,2261.52,2264.95,2250.08,2253.50,2517352
2025-09-02,2253.50,2259.33,2243.31,2249.13,3586522
2025-09-03,2249.13,2255.74,2239.35,2245.95,3937585
2025-09-04,2245.95,2256.33,2236.57,2246.94,5175480
2025-09-07,2246.94,2266.66,2233.84,2253.52,6831069
2025-09-08,2253.52,2265.61,2243.44,2255.52,5472256
2025-09-09,2255.52,2277.11,2241.65,2263.20,7148422
2025-09-10,2263.20,2273.61,2253.76,2264.18,5168209
2025-09-11,2264.18,2269.18,2253.51,2258.51,3210631
2025-09-14,2258.51,2264.76,2248.50,2254.74,3769513
2025-09-15,2254.74,2256.84,2242.68,2244.77,1931275
2025-09-16,2244.77,2273.81,2227.97,2256.91,8486042
2025-09-17,2256.91,2274.12,2244.79,2261.96,6372085
2025-09-18,2261.96,2291.04,2245.10,2274.09,8453600
2025-09-21,2274.09,2304.34,2256.73,2286.89,8631824
2025-09-22,2286.89,2289.84,2275.06,2278.00,2289471
2025-09-23,2278.00,2284.99,2268.25,2275.23,4068518
2025-09-24,2275.23,2296.05,2261.62,2282.40,6981310
2025-09-25,2282.40,2286.63,2271.25,2275.47,2855006
2025-09-28,2275.47,2302.74,2259.29,2286.49,8109362
2025-09-29,2286.49,2306.76,2273.07,2293.31,6867832
2025-09-30,2293.31,2298.82,2282.73,2288.22,3402023
2025-10-01,2288.22,2314.50,2272.41,2298.62,7909465
2025-10-02,2298.62,2304.65,2288.27,2294.29,3624725
2025-10-05,2294.29,2316.92,2279.92,2302.50,7263854
2025-10-06,2302.50,2322.53,2289.14,2309.14,6802160
2025-10-07,2309.14,2339.58,2291.62,2321.97,8585322
2025-10-08,2321.97,2323.77,2309.36,2311.15,1773834
2025-10-09,2311.15,2338.92,2294.69,2322.39,8120781
2025-10-12,2322.39,2322.58,2308.97,2309.16,1082956
2025-10-13,2309.16,2326.14,2297.00,2313.96,6265294
2025-10-14,2313.96,2336.40,2299.61,2322.00,7198662
2025-10-15,2322.00,2351.84,2304.70,2334.44,8450960
2025-10-16,2334.44,2362.21,2317.93,2345.62,8071570
2025-10-19,2345.62,2369.37,2330.68,2354.38,7369135
2025-10-20,2354.38,2356.78,2341.89,2344.29,2022668
2025-10-21,2344.29,2347.86,2332.44,2336.01,2525994
2025-10-22,2336.01,2342.93,2325.89,2332.80,3965534
2025-10-23,2332.80,2333.11,2319.38,2319.69,1131412
2025-10-26,2319.69,2352.47,2301.22,2333.89,8961899
2025-10-27,2333.89,2363.11,2316.80,2345.94,8321193
2025-10-28,2345.94,2346.20,2332.41,2332.67,1110528
2025-10-29,2332.67,2352.45,2319.35,2339.08,6712620
2025-10-30,2339.08,2365.13,2323.25,2349.22,7769444
2025-11-02,2349.22,2360.77,2339.14,2350.68,5293347
2025-11-03,2350.68,2372.96,2336.31,2358.55,7111488
2025-11-04,2358.55,2372.21,2347.59,2361.25,5643621
2025-11-05,2361.25,2361.28,2347.52,2347.55,1013203
2025-11-06,2347.55,2360.26,2337.01,2349.71,5491838
2025-11-09,2349.71,2361.16,2339.66,2351.11,5277057
2025-11-10,2351.11,2376.30,2335.58,2360.71,7603429
2025-11-11,2360.71,2371.69,2350.83,2361.80,5187002
2025-11-12,2361.80,2364.17,2349.25,2351.61,2003086
2025-11-13,2351.61,2359.60,2341.92,2349.90,4397359
2025-11-16,2349.90,2351.15,2336.86,2338.10,1530315
2025-11-17,2338.10,2360.52,2323.71,2346.08,7155041
2025-11-18,2346.08,2350.13,2334.46,2338.50,2728326
2025-11-19,2338.50,2353.29,2327.15,2341.92,5855109
2025-11-20,2341.92,2369.74,2325.38,2353.12,8066255
2025-11-23,2353.12,2368.44,2341.52,2356.82,5929663
2025-11-24,2356.82,2369.60,2346.23,2359.00,5494718
2025-11-25,2359.00,2387.04,2342.32,2370.28,8070061
2025-11-26,2370.28,2371.08,2356.89,2357.68,1334705
2025-11-27,2357.68,2364.24,2347.25,2353.80,3782475
2025-11-30,2353.80,2357.33,2341.88,2345.39,2499794
2025-12-01,2345.39,2374.50,2328.33,2357.34,8276783
2025-12-02,2357.34,2364.54,2347.23,2354.41,4051714
2025-12-03,2354.41,2358.39,2342.71,2346.68,2688786
2025-12-04,2346.68,2362.90,2334.73,2350.93,6089231
2025-12-07,2350.93,2352.43,2338.00,2339.49,1635768
2025-12-08,2339.49,2346.44,2329.36,2336.30,3970370
2025-12-09,2336.30,2352.54,2324.37,2340.59,6105384
2025-12-10,2340.59,2367.23,2324.52,2351.08,7867969
2025-12-11,2351.08,2352.68,2338.21,2339.79,1677880
2025-12-14,2339.79,2346.01,2329.30,2335.51,3658573
2025-12-15,2335.51,2338.03,2323.19,2325.70,2081652
2025-12-16,2325.70,2347.94,2311.41,2333.60,7144650
2025-12-17,2333.60,2336.13,2321.29,2323.81,2082133
2025-12-18,2323.81,2329.87,2313.33,2319.38,3610150
2025-12-21,2319.38,2344.82,2303.83,2329.21,7704012
2025-12-22,2329.21,2337.85,2319.97,2328.61,4709396
2025-12-23,2328.61,2354.64,2312.81,2338.76,7786796
2025-12-24,2338.76,2358.45,2325.46,2345.11,6689300
2025-12-25,2345.11,2365.94,2331.34,2352.12,6873696
2025-12-28,2352.12,2354.35,2339.56,2341.77,1944924
2025-12-29,2341.77,2365.86,2326.70,2350.74,7433847
2025-12-30,2350.74,2357.58,2340.49,2347.31,3908367
2025-12-31,2347.31,2359.59,2336.94,2349.21,5417866
2026-01-01,2349.21,2360.62,2339.17,2350.59,5270987
2026-01-04,2350.59,2373.08,2336.14,2358.58,7146742
2026-01-05,2358.58,2371.63,2347.87,2360.91,5538957
2026-01-06,2360.91,2366.89,2350.17,2356.14,3534053
2026-01-07,2356.14,2363.03,2345.88,2352.76,3922153
2026-01-08,2352.76,2366.38,2341.84,2355.44,5641529
2026-01-11,2355.44,2368.58,2344.71,2357.83,5556378
2026-01-12,2357.83,2371.05,2347.06,2360.27,5567935
2026-01-13,2360.27,2360.41,2346.60,2346.74,1058916
2026-01-14,2346.74,2366.39,2333.43,2353.05,6671296
2026-01-15,2353.05,2377.16,2337.94,2362.00,7417421
2026-01-18,2362.00,2367.02,2350.78,2355.78,3124451
2026-01-19,2355.78,2358.64,2343.51,2346.35,2212139
2026-01-20,2346.35,2355.28,2337.16,2346.09,4803943
2026-01-21,2346.09,2368.68,2331.61,2354.15,7171467
2026-01-22,2354.15,2360.06,2343.42,2349.32,3512242
2026-01-25,2349.32,2349.46,2335.72,2335.86,1060836
2026-01-26,2335.86,2366.36,2318.26,2348.66,8533299
2026-01-27,2348.66,2363.81,2337.14,2352.27,5904938
2026-01-28,2352.27,2376.99,2336.93,2361.59,7521433
2026-01-29,2361.59,2365.24,2349.68,2353.32,2543278
2026-02-01,2353.32,2362.08,2344.00,2352.76,4723559
2026-02-02,2352.76,2358.69,2342.05,2347.96,3519067
2026-02-03,2347.96,2378.62,2330.27,2360.83,8534739
2026-02-04,2360.83,2366.27,2349.82,2355.24,3301440
2026-02-05,2355.24,2385.12,2337.84,2367.63,8387071
2026-02-08,2367.63,2382.52,2356.17,2371.04,5841015
2026-02-09,2371.04,2380.79,2361.63,2371.37,4971913
2026-02-10,2371.37,2372.46,2358.12,2359.20,1458779
2026-02-11,2359.20,2373.77,2347.89,2362.44,5795438
2026-02-12,2362.44,2372.72,2352.83,2363.11,5068312
2026-02-15,2363.11,2365.63,2350.63,2353.14,2067524
2026-02-16,2353.14,2359.57,2342.67,2349.09,3731344
2026-02-17,2349.09,2370.25,2335.17,2356.29,6923971
2026-02-18,2356.29,2369.37,2345.57,2358.64,5546639
2026-02-19,2358.64,2363.32,2347.27,2351.93,2982064
2026-02-22,2351.93,2366.91,2340.47,2355.43,5872222
2026-02-23,2355.43,2378.46,2340.76,2363.73,7229458
2026-02-24,2363.73,2384.77,2349.83,2370.82,6880932
2026-02-25,2370.82,2382.20,2360.76,2372.13,5246399
2026-02-26,2372.13,2375.57,2360.05,2363.48,2449314
2026-03-01,2363.48,2367.64,2351.82,2355.97,2761282
2026-03-02,2355.97,2385.81,2338.58,2368.34,8379835
2026-03-03,2368.34,2371.98,2356.39,2360.02,2539540
2026-03-04,2360.02,2362.28,2347.42,2349.67,1956447
2026-03-05,2349.67,2353.45,2337.90,2341.66,2605864
2026-03-08,2341.66,2345.95,2330.19,2334.47,2833470
2026-03-09,2334.47,2360.64,2318.59,2344.69,7799759
2026-03-10,2344.69,2367.78,2330.02,2353.06,7257818
2026-03-11,2353.06,2372.72,2339.73,2359.35,6664437
2026-03-12,2359.35,2384.76,2343.72,2369.07,7624554
2026-03-15,2369.07,2370.65,2356.08,2357.66,1669032
2026-03-16,2357.66,2358.52,2344.37,2345.23,1365775
2026-03-17,2345.23,2354.06,2335.99,2344.82,4764163
2026-03-18,2344.82,2355.64,2335.04,2345.85,5172839
2026-03-19,2345.85,2363.14,2333.49,2350.74,6270816
2026-03-22,2350.74,2354.39,2338.90,2342.54,2551920
2026-03-23,2342.54,2352.93,2332.93,2343.32,5102572
2026-03-24,2343.32,2374.97,2325.24,2356.79,8712894
2026-03-25,2356.79,2364.62,2346.99,2354.81,4321159
2026-03-26,2354.81,2363.74,2345.58,2354.50,4791563
2026-03-29,2354.50,2361.63,2344.37,2351.48,4025342
2026-03-30,2351.48,2363.70,2341.13,2353.34,5405212
2026-03-31,2353.34,2378.37,2337.87,2362.84,7573148
2026-04-01,2362.84,2368.85,2352.11,2358.10,3541495
2026-04-02,2358.10,2358.42,2344.54,2344.86,1137414
2026-04-05,2344.86,2376.93,2326.62,2358.58,8780658
2026-04-06,2358.58,2362.34,2346.75,2350.50,2594684
2026-04-07,2350.50,2354.85,2339.00,2343.34,2851097
2026-04-08,2343.34,2349.78,2332.93,2339.36,3747427
2026-04-09,2339.36,2347.59,2329.87,2338.09,4518244
2026-04-12,2338.09,2353.02,2326.68,2341.60,5879595
2026-04-13,2341.60,2348.17,2331.27,2337.83,3806790
2026-04-14,2337.83,2346.35,2328.49,2337.01,4645507
2026-04-15,2337.01,2350.04,2326.36,2339.38,5556241
2026-04-16,2339.38,2347.08,2329.62,2337.31,4292078
2026-04-19,2337.31,2354.76,2324.90,2342.33,6309807
2026-04-20,2342.33,2353.38,2332.45,2343.50,5214368
2026-04-21,2343.50,2374.11,2325.84,2356.35,8536625
2026-04-22,2356.35,2365.41,2347.17,2356.23,4844478
2026-04-23,2356.23,2384.94,2339.29,2367.92,8187311
2026-04-26,2367.92,2374.72,2357.55,2364.34,3873765
2026-04-27,2364.34,2370.45,2353.65,2359.74,3582853
2026-04-28,2359.74,2361.65,2346.97,2348.87,1808401
2026-04-29,2348.87,2350.37,2335.96,2337.45,1636831
2026-04-30,2337.45,2352.25,2326.09,2340.88,5858264
2026-05-03,2340.88,2353.07,2330.55,2342.74,5410973
2026-05-04,2342.74,2353.47,2333.00,2343.72,5159156
2026-05-05,2343.72,2365.30,2329.65,2351.19,7004046
2026-05-06,2351.19,2368.85,2338.66,2356.30,6328360
2026-05-07,2356.30,2358.12,2343.50,2345.32,1774074
2026-05-10,2345.32,2348.49,2333.27,2336.43,2353532
2026-05-11,2336.43,2363.17,2320.32,2346.99,7893895
2026-05-12,2346.99,2351.25,2335.48,2339.72,2814917
2026-05-13,2339.72,2344.96,2328.74,2333.97,3240054
2026-05-14,2333.97,2346.30,2323.60,2335.93,5440912
2026-05-17,2335.93,2342.04,2325.40,2331.50,3615020
2026-05-18,2331.50,2341.23,2322.18,2331.91,4996947
2026-05-19,2331.91,2334.95,2319.87,2322.89,2302743
2026-05-20,2322.89,2347.22,2307.78,2332.05,7507716
2026-05-21,2332.05,2336.61,2320.77,2325.32,2957544
2026-05-24,2325.32,2327.21,2312.74,2314.62,1812722
2026-05-25,2314.62,2316.54,2302.12,2304.02,1826337
2026-05-26,2304.02,2333.65,2286.85,2316.38,8455178
2026-05-27,2316.38,2339.46,2301.78,2324.80,7304183
2026-05-28,2324.80,2339.79,2313.40,2328.37,5904218
2026-05-31,2328.37,2360.47,2310.16,2342.15,8823182
2026-06-01,2342.15,2358.46,2330.18,2346.47,6110459
2026-06-02,2346.47,2368.49,2332.21,2354.19,7074691
2026-06-03,2354.19,2378.19,2339.14,2363.07,7394890
2026-06-04,2363.07,2364.41,2349.99,2351.32,1564883
2026-06-07,2351.32,2382.83,2333.29,2364.69,8671090
2026-06-08,2364.69,2389.44,2349.31,2374.00,7503635
2026-06-09,2374.00,2383.93,2364.50,2374.43,5000788
2026-06-10,2374.43,2390.47,2362.49,2378.51,6026748
2026-06-11,2378.51,2386.80,2368.82,2377.10,4482750
2026-06-14,2377.10,2383.64,2366.54,2373.07,3751508
2026-06-15,2373.07,2376.57,2361.02,2364.51,2475000
2026-06-16,2364.51,2366.09,2351.55,2353.11,1665569
2026-06-17,2353.11,2353.47,2339.60,2339.95,1150377
2026-06-18,2339.95,2340.76,2326.74,2327.55,1349176
2026-06-21,2327.55,2330.78,2315.63,2318.85,2385425
2026-06-22,2318.85,2349.10,2301.38,2331.54,8530727
2026-06-23,2331.54,2347.04,2319.93,2335.40,5982613
2026-06-24,2335.40,2337.68,2322.96,2325.23,1975651
2026-06-25,2325.23,2336.26,2315.40,2326.43,5225891
2026-06-28,2326.43,2332.73,2316.05,2322.34,3708641
2026-06-29,2322.34,2328.78,2312.05,2318.48,3769581
2026-06-30,2318.48,2322.11,2306.81,2310.44,2569204
2026-07-01,2310.44,2325.08,2299.21,2313.84,5860596
2026-07-02,2313.84,2318.70,2302.81,2307.66,3100548
2026-07-05,2307.66,2314.34,2297.58,2304.25,3893998
2026-07-06,2304.25,2329.92,2288.64,2314.24,7771810
2026-07-07,2314.24,2319.57,2303.45,2308.77,3301886
2026-07-08,2308.77,2316.92,2299.41,2307.57,4533607
2026-07-09,2307.57,2316.28,2298.49,2307.20,4775617
2026-07-12,2307.20,2332.53,2291.73,2316.99,7706927
2026-07-13,2316.99,2343.09,2301.18,2327.21,7821364
2026-07-14,2327.21,2355.67,2310.44,2338.82,8205349
2026-07-15,2338.82,2345.01,2328.32,2334.50,3649005
2026-07-16,2334.50,2334.71,2321.02,2321.23,1090603
2026-07-19,2321.23,2333.23,2311.03,2323.02,5394341
2026-07-20,2323.02,2326.42,2311.21,2314.59,2461454
2026-07-21,2314.59,2320.79,2304.23,2310.41,3674657
2026-07-22,2310.41,2335.59,2294.99,2320.10,7675925
2026-07-23,2320.10,2344.23,2305.07,2329.14,7477606
2026-07-26,2329.14,2333.58,2317.82,2322.25,2906858
2026-07-27,2322.25,2325.46,2310.35,2313.55,2383436
2026-07-28,2313.55,2329.20,2301.91,2317.54,6030795
2026-07-29,2317.54,2320.14,2305.36,2307.95,2120541
2026-07-30,2307.95,2339.92,2289.83,2321.69,8850205