Date,Open,High,Low,Close,Volume
2015-12-31,1200.00,1213.97,1192.38,1206.31,7353840
2016-01-03,1206.31,1209.64,1200.12,1203.45,3764574
2016-01-04,1203.45,1207.06,1197.60,1201.20,4000411
2016-01-05,1201.20,1208.26,1195.77,1202.83,5518141
2016-01-06,1202.83,1203.94,1194.17,1195.27,1922702
2016-01-07,1195.27,1214.42,1186.01,1205.09,8744958
2016-01-10,1205.09,1216.09,1198.39,1209.37,6552812
2016-01-11,1209.37,1209.85,1199.94,1200.42,1395644
2016-01-12,1200.42,1202.31,1192.66,1194.55,2582098
2016-01-13,1194.55,1202.60,1188.83,1196.87,5791186
2016-01-14,1196.87,1203.90,1191.46,1198.49,5516735
2016-01-17,1198.49,1203.09,1193.79,1198.40,4845164
2016-01-18,1198.40,1209.39,1191.73,1202.69,6566598
2016-01-19,1202.69,1203.44,1193.62,1194.36,1619307
2016-01-20,1194.36,1196.59,1187.03,1189.25,2867489
2016-01-21,1189.25,1193.07,1183.75,1187.56,4212379
2016-01-24,1187.56,1187.61,1177.82,1177.87,1036694
2016-01-25,1177.87,1193.91,1169.64,1185.63,7982407
2016-01-26,1185.63,1186.89,1177.28,1178.53,2061865
2016-01-27,1178.53,1191.32,1171.34,1184.10,7102229
2016-01-28,1184.10,1198.51,1176.37,1190.75,7523251
2016-01-31,1190.75,1193.66,1184.22,1187.12,3448388
2016-02-01,1187.12,1200.18,1179.82,1192.85,7149245
2016-02-02,1192.85,1197.41,1188.15,1192.71,4823353
2016-02-03,1192.71,1195.93,1186.51,1189.73,3705281
2016-02-04,1189.73,1193.91,1184.62,1188.80,4511076
2016-02-07,1188.80,1191.43,1181.97,1184.59,3216049
2016-02-08,1184.59,1193.96,1178.47,1187.83,6165877
2016-02-09,1187.83,1189.64,1180.08,1181.87,2521056
2016-02-10,1181.87,1190.74,1175.92,1184.77,6034670
2016-02-11,1184.77,1194.14,1178.66,1188.01,6163511
2016-02-14,1188.01,1192.18,1182.91,1187.08,4512517
2016-02-15,1187.08,1205.60,1178.04,1196.49,8612551
2016-02-16,1196.49,1209.21,1189.28,1201.96,7031515
2016-02-17,1201.96,1210.17,1196.17,1204.36,5818792
2016-02-18,1204.36,1214.33,1198.00,1207.95,6283024
2016-02-21,1207.95,1211.70,1202.22,1205.96,4103223
2016-02-22,1205.96,1206.89,1197.07,1198.00,1773216
2016-02-23,1198.00,1199.65,1189.99,1191.63,2379423
2016-02-24,1191.63,1210.60,1182.44,1201.33,8711968
2016-02-25,1201.33,1204.59,1195.10,1198.35,3709122
2016-02-28,1198.35,1215.62,1189.68,1206.89,8235082
2016-02-29,1206.89,1224.12,1198.21,1215.38,8191083
2016-03-01,1215.38,1228.03,1208.14,1220.75,6959842
2016-03-02,1220.75,1223.42,1213.70,1216.35,3183333
2016-03-03,1216.35,1224.86,1210.42,1218.92,5873902
2016-03-06,1218.92,1231.22,1211.78,1224.05,6858710
2016-03-07,1224.05,1235.24,1217.24,1228.41,6557510
2016-03-08,1228.41,1234.00,1223.38,1228.97,5093758
2016-03-09,1228.97,1240.90,1221.91,1233.82,6739060
2016-03-10,1233.82,1241.75,1228.03,1235.95,5690946
2016-03-13,1235.95,1236.18,1226.02,1226.24,1183984
2016-03-14,1226.24,1227.39,1217.43,1218.56,1934224
2016-03-15,1218.56,1222.12,1212.52,1216.07,3916975
2016-03-16,1216.07,1223.07,1210.63,1217.62,5477914
2016-03-17,1217.62,1221.00,1211.39,1214.76,3777537
2016-03-20,1214.76,1219.10,1209.63,1213.96,4568930
2016-03-21,1213.96,1220.30,1208.73,1215.07,5308882
2016-03-22,1215.07,1230.16,1207.04,1222.10,7602331
2016-03-23,1222.10,1224.52,1214.75,1217.16,2980144
2016-03-24,1217.16,1220.83,1211.26,1214.91,4010219
2016-03-27,1214.91,1234.37,1205.51,1224.88,8741941
2016-03-28,1224.88,1226.70,1216.84,1218.65,2483950
2016-03-29,1218.65,1223.51,1213.87,1218.74,4915260
2016-03-30,1218.74,1220.60,1210.80,1212.65,2529698
2016-03-31,1212.65,1223.19,1206.09,1216.60,6413683
2016-04-03,1216.60,1219.47,1209.81,1212.67,3357338
2016-04-04,1212.67,1230.39,1203.82,1221.48,8298936
2016-04-05,1221.48,1222.82,1212.93,1214.27,2102674
2016-04-06,1214.27,1216.30,1206.55,1208.56,2669787
2016-04-07,1208.56,1215.16,1203.27,1209.86,5382990
2016-04-10,1209.86,1229.77,1200.32,1220.15,8884259
2016-04-11,1220.15,1229.88,1213.82,1223.54,6185939
2016-04-12,1223.54,1229.19,1218.50,1224.15,5115192
2016-04-13,1224.15,1233.55,1217.92,1227.30,6091769
2016-04-14,1227.30,1227.59,1217.51,1217.81,1239128
2016-04-17,1217.81,1220.03,1210.28,1212.50,2828875
2016-04-18,1212.50,1217.88,1207.58,1212.96,5058539
2016-04-19,1212.96,1226.35,1205.48,1218.84,7162688
2016-04-20,1218.84,1219.89,1209.97,1211.01,1857373
2016-04-21,1211.01,1211.16,1201.19,1201.33,1117901
2016-04-24,1201.33,1204.08,1194.53,1197.27,3289951
2016-04-25,1197.27,1204.37,1191.84,1198.94,5534019
2016-04-26,1198.94,1206.31,1193.42,1200.78,5603189
2016-04-27,1200.78,1220.81,1191.23,1211.17,8954252
2016-04-28,1211.17,1211.41,1201.45,1201.68,1192146
2016-05-01,1201.68,1209.99,1195.86,1204.15,5847736
2016-05-02,1204.15,1207.15,1197.61,1200.59,3488923
2016-05-03,1200.59,1217.64,1191.99,1208.98,8165089
2016-05-04,1208.98,1214.82,1203.92,1209.76,5184876
2016-05-05,1209.76,1219.56,1203.44,1213.22,6227297
2016-05-08,1213.22,1221.38,1207.42,1215.56,5786179
2016-05-09,1215.56,1228.16,1208.33,1220.90,6947942
2016-05-10,1220.90,1225.18,1215.65,1219.92,4502709
2016-05-11,1219.92,1226.60,1214.57,1221.24,5388751
2016-05-12,1221.24,1232.07,1214.56,1225.37,6470267
2016-05-15,1225.37,1226.16,1216.16,1216.95,1648491
2016-05-16,1216.95,1218.54,1208.72,1210.30,2306138
2016-05-17,1210.30,1223.37,1202.93,1215.97,7085185
2016-05-18,1215.97,1236.42,1206.24,1226.61,8997976
2016-05-19,1226.61,1242.89,1218.18,1234.41,7871673
2016-05-22,1234.41,1238.27,1228.58,1232.43,4126028
2016-05-23,1232.43,1241.09,1226.41,1235.06,5884499
2016-05-24,1235.06,1235.58,1225.46,1225.98,1418689
2016-05-25,1225.98,1246.32,1216.26,1236.52,8926131
2016-05-26,1236.52,1239.78,1230.00,1233.26,3641392
2016-05-29,1233.26,1234.84,1224.88,1226.45,2280521
2016-05-30,1226.45,1246.38,1216.86,1236.71,8818827
2016-05-31,1236.71,1244.31,1231.02,1238.61,5601989
2016-06-01,1238.61,1246.95,1232.68,1241.01,5790500
2016-06-02,1241.01,1254.62,1233.39,1246.96,7137448
2016-06-05,1246.96,1260.49,1239.36,1252.84,7099622
2016-06-06,1252.84,1267.15,1244.97,1259.24,7281961
2016-06-07,1259.24,1273.35,1251.41,1265.49,7215329
2016-06-08,1265.49,1268.61,1258.58,1261.69,3467626
2016-06-09,1261.69,1263.06,1252.84,1254.20,2088237
2016-06-12,1254.20,1258.45,1248.65,1252.89,4385802
2016-06-13,1252.89,1262.30,1246.57,1255.97,6039334
2016-06-14,1255.97,1256.66,1246.39,1247.07,1542661
2016-06-15,1247.07,1248.29,1238.17,1239.39,1982201
2016-06-16,1239.39,1240.81,1230.78,1232.19,2148079
2016-06-19,1232.19,1252.84,1222.36,1242.92,8978566
2016-06-20,1242.92,1245.83,1235.95,1238.85,3337860
2016-06-21,1238.85,1241.49,1231.61,1234.24,3127194
2016-06-22,1234.24,1237.61,1227.86,1231.22,3729286
2016-06-23,1231.22,1234.65,1224.93,1228.36,3786111
2016-06-26,1228.36,1232.42,1222.81,1226.87,4310013
2016-06-27,1226.87,1232.58,1221.80,1227.52,5128155
2016-06-28,1227.52,1239.13,1220.57,1232.16,6660288
2016-06-29,1232.16,1232.20,1222.04,1222.08,1029869
2016-06-30,1222.08,1240.75,1212.90,1231.50,8508504
2016-07-03,1231.50,1245.61,1223.75,1237.82,7293724
2016-07-04,1237.82,1242.30,1232.66,1237.13,4620096
2016-07-05,1237.13,1237.39,1227.22,1227.47,1203669
2016-07-06,1227.47,1227.49,1217.38,1217.40,1019753
2016-07-07,1217.40,1219.12,1209.31,1211.02,2414026
2016-07-10,1211.02,1212.89,1203.15,1205.02,2546982
2016-07-11,1205.02,1218.36,1197.58,1210.89,7171707
2016-07-12,1210.89,1218.87,1205.14,1213.11,5744993
2016-07-13,1213.11,1229.21,1204.78,1220.82,7871776
2016-07-14,1220.82,1226.34,1215.84,1221.35,5082921
2016-07-17,1221.35,1222.51,1212.59,1213.74,1946330
2016-07-18,1213.74,1218.00,1208.53,1212.79,4511385
2016-07-19,1212.79,1222.08,1206.62,1215.90,6086728
2016-07-20,1215.90,1217.54,1207.73,1209.36,2351371
2016-07-21,1209.36,1212.75,1203.21,1206.58,3799142
2016-07-24,1206.58,1213.67,1201.13,1208.22,5516460
2016-07-25,1208.22,1209.78,1200.02,1201.58,2293449
2016-07-26,1201.58,1201.66,1191.76,1191.84,1068381
2016-07-27,1191.84,1203.29,1185.04,1196.47,6705452
2016-07-28,1196.47,1201.96,1191.55,1197.04,5105898
2016-07-31,1197.04,1212.10,1189.08,1204.09,7652434
2016-08-01,1204.09,1209.17,1199.29,1204.37,4987037
2016-08-02,1204.37,1213.73,1198.20,1207.55,6122050
2016-08-03,1207.55,1209.82,1200.16,1202.43,2884636
2016-08-04,1202.43,1205.67,1196.16,1199.40,3694547
2016-08-07,1199.40,1218.35,1190.19,1209.07,8675240
2016-08-08,1209.07,1218.38,1202.91,1212.20,6098319
2016-08-09,1212.20,1221.77,1205.94,1215.50,6161316
2016-08-10,1215.50,1232.50,1206.87,1223.81,8098799
2016-08-11,1223.81,1228.25,1218.72,1223.16,4626817
2016-08-14,1223.16,1238.81,1214.94,1230.54,7720679
2016-08-15,1230.54,1246.31,1222.26,1237.98,7726063
2016-08-16,1237.98,1238.98,1228.90,1229.89,1803463
2016-08-17,1229.89,1233.22,1223.50,1226.82,3705967
2016-08-18,1226.82,1229.14,1219.32,1221.63,2890363
2016-08-21,1221.63,1242.04,1211.91,1232.23,8961591
2016-08-22,1232.23,1239.21,1226.74,1233.72,5450514
2016-08-23,1233.72,1238.68,1228.88,1233.84,4925034
2016-08-24,1233.84,1240.77,1228.37,1235.29,5434533
2016-08-25,1235.29,1253.31,1226.29,1244.24,8287654
2016-08-28,1244.24,1244.44,1234.21,1234.41,1163408
2016-08-29,1234.41,1236.33,1226.40,1228.32,2555624
2016-08-30,1228.32,1243.38,1220.27,1235.29,7550720
2016-08-31,1235.29,1237.68,1227.81,1230.19,2938820
2016-09-01,1230.19,1233.46,1223.74,1227.00,3658196
2016-09-04,1227.00,1238.27,1220.16,1231.41,6573045
2016-09-05,1231.41,1238.91,1225.77,1233.25,5584602
2016-09-06,1233.25,1237.05,1227.36,1231.15,4075582
2016-09-07,1231.15,1250.65,1221.68,1241.11,8687962
2016-09-08,1241.11,1245.37,1235.68,1239.93,4434087
2016-09-11,1239.93,1253.54,1232.32,1245.89,7141117
2016-09-12,1245.89,1246.18,1235.94,1236.22,1228806
2016-09-13,1236.22,1238.47,1228.57,1230.81,2820610
2016-09-14,1230.81,1248.38,1221.97,1239.47,8188134
2016-09-15,1239.47,1242.60,1232.78,1235.91,3528909
2016-09-18,1235.91,1239.71,1230.00,1233.80,4077503
2016-09-19,1233.80,1235.71,1225.79,1227.69,2549965
2016-09-20,1227.69,1230.05,1220.23,1222.58,2921604
2016-09-21,1222.58,1225.69,1216.00,1219.10,3538100
2016-09-22,1219.10,1219.78,1209.82,1210.50,1559945
2016-09-25,1210.50,1212.60,1202.89,1204.99,2740226
2016-09-26,1204.99,1209.25,1199.85,1204.11,4535733
2016-09-27,1204.11,1222.67,1195.02,1213.50,8551406
2016-09-28,1213.50,1223.69,1207.05,1217.21,6318106
2016-09-29,1217.21,1218.92,1209.11,1210.81,2403737
2016-10-02,1210.81,1213.06,1203.36,1205.60,2857681
2016-10-03,1205.60,1225.84,1195.97,1216.13,8988580
2016-10-04,1216.13,1234.58,1207.04,1225.42,8475445
2016-10-05,1225.42,1228.87,1219.20,1222.64,3812105
2016-10-06,1222.64,1232.00,1216.42,1225.77,6084979
2016-10-09,1225.77,1227.10,1217.17,1218.49,2084190
2016-10-10,1218.49,1230.36,1211.48,1223.33,6748010
2016-10-11,1223.33,1243.68,1213.61,1233.88,8940637
2016-10-12,1233.88,1235.81,1225.89,1227.81,2563305
2016-10-13,1227.81,1240.73,1220.44,1233.34,6998731
2016-10-16,1233.34,1238.15,1228.54,1233.36,4888888
2016-10-17,1233.36,1239.56,1228.12,1234.32,5246124
2016-10-18,1234.32,1250.80,1225.80,1242.23,7897599
2016-10-19,1242.23,1248.54,1236.94,1243.24,5263065
2016-10-20,1243.24,1250.35,1237.69,1244.79,5465980
2016-10-23,1244.79,1249.49,1239.82,1244.52,4777949
2016-10-24,1244.52,1251.37,1239.05,1245.89,5396502
2016-10-25,1245.89,1257.27,1238.97,1250.33,6556207
2016-10-26,1250.33,1271.26,1240.36,1261.20,8973113
2016-10-27,1261.20,1280.92,1251.59,1271.23,8622530
2016-10-30,1271.23,1274.85,1264.83,1268.45,3850137
2016-10-31,1268.45,1285.06,1259.80,1276.36,7816426
2016-11-01,1276.36,1277.99,1267.68,1269.30,2274485
2016-11-02,1269.30,1289.38,1259.55,1279.55,8681104
2016-11-03,1279.55,1284.21,1274.24,1278.90,4641220
2016-11-06,1278.90,1287.09,1272.91,1281.09,5685699
2016-11-07,1281.09,1300.15,1271.63,1290.63,8382441
2016-11-08,1290.63,1292.92,1282.58,1284.87,2780829
2016-11-09,1284.87,1295.13,1278.20,1288.44,6189506
2016-11-10,1288.44,1299.13,1281.63,1292.30,6287482
2016-11-13,1292.30,1300.10,1286.39,1294.19,5568587
2016-11-14,1294.19,1308.30,1286.27,1300.35,7119238
2016-11-15,1300.35,1308.85,1294.20,1302.69,5729561
2016-11-16,1302.69,1321.89,1293.13,1312.27,8337825
2016-11-17,1312.27,1315.95,1305.60,1309.28,3808230
2016-11-20,1309.28,1310.64,1300.03,1301.38,2042009
2016-11-21,1301.38,1312.72,1294.33,1305.65,6421879
2016-11-22,1305.65,1321.82,1297.04,1313.16,7589814
2016-11-23,1313.16,1325.17,1305.86,1317.85,6558161
2016-11-24,1317.85,1320.69,1310.18,1313.01,3154080
2016-11-27,1313.01,1321.88,1306.71,1315.57,5797325
2016-11-28,1315.57,1327.82,1308.19,1320.41,6611351
2016-11-29,1320.41,1321.56,1310.82,1311.96,1867764
2016-11-30,1311.96,1312.96,1302.28,1303.27,1764094
2016-12-01,1303.27,1311.01,1297.36,1305.09,5534910
2016-12-04,1305.09,1314.31,1298.70,1307.91,5896262
2016-12-05,1307.91,1320.96,1300.29,1313.31,6823456
2016-12-06,1313.31,1325.75,1305.87,1318.28,6662174
2016-12-07,1318.28,1320.35,1309.75,1311.82,2572908
2016-12-08,1311.82,1331.03,1302.23,1321.38,8308744
2016-12-11,1321.38,1328.35,1315.66,1322.63,5326474
2016-12-12,1322.63,1325.58,1315.05,1318.00,3231035
2016-12-13,1318.00,1318.72,1307.95,1308.68,1553292
2016-12-14,1308.68,1313.73,1303.57,1308.63,4861145
2016-12-15,1308.63,1311.51,1301.09,1303.96,3203978
2016-12-18,1303.96,1313.16,1297.59,1306.76,5890432
2016-12-19,1306.76,1327.10,1296.83,1317.09,8599519
2016-12-20,1317.09,1326.11,1310.74,1319.74,5825068
2016-12-21,1319.74,1340.50,1309.64,1330.32,8653497
2016-12-22,1330.32,1334.15,1323.66,1327.48,3874931
2016-12-25,1327.48,1339.07,1320.27,1331.85,6427640
2016-12-26,1331.85,1338.25,1326.28,1332.68,5175823
2016-12-27,1332.68,1334.04,1323.23,1324.59,2020713
2016-12-28,1324.59,1344.14,1314.86,1334.34,8345027
2016-12-29,1334.34,1347.51,1326.61,1339.76,6790740
2017-01-01,1339.76,1351.22,1332.56,1344.00,6370198
2017-01-02,1344.00,1357.78,1336.05,1349.80,6910562
2017-01-03,1349.80,1371.79,1339.23,1361.13,8831584
2017-01-04,1361.13,1365.57,1354.90,1359.33,4256721
2017-01-05,1359.33,1367.06,1353.27,1361.00,5457578
2017-01-08,1361.00,1373.76,1353.33,1366.06,6631687
2017-01-09,1366.06,1380.51,1357.85,1372.26,7013614
2017-01-10,1372.26,1388.09,1363.59,1379.37,7319410
2017-01-11,1379.37,1382.85,1371.93,1375.40,3524382
2017-01-12,1375.40,1376.74,1365.57,1366.90,1974211
2017-01-15,1366.90,1384.87,1357.57,1375.47,7829389
2017-01-16,1375.47,1378.01,1366.99,1369.52,2843004
2017-01-17,1369.52,1390.28,1359.29,1379.97,8471844
2017-01-18,1379.97,1381.79,1370.65,1372.47,2320850
2017-01-19,1372.47,1390.90,1362.97,1381.34,7920884
2017-01-22,1381.34,1390.85,1374.65,1384.15,5839849
2017-01-23,1384.15,1385.71,1374.50,1376.06,2127126
2017-01-24,1376.06,1386.62,1369.05,1379.60,6091358
2017-01-25,1379.60,1387.25,1373.51,1381.16,5411556
2017-01-26,1381.16,1383.34,1372.24,1374.41,2581550
2017-01-29,1374.41,1396.18,1363.84,1385.53,8687757
2017-01-30,1385.53,1387.64,1376.49,1378.58,2520301
2017-01-31,1378.58,1393.18,1370.29,1384.85,7017455
2017-02-01,1384.85,1387.68,1376.62,1379.44,3043415
2017-02-02,1379.44,1400.47,1369.10,1390.05,8499417
2017-02-05,1390.05,1392.51,1381.37,1383.81,2768175
2017-02-06,1383.81,1404.88,1373.45,1394.43,8491666
2017-02-07,1394.43,1396.78,1385.59,1387.92,2682235
2017-02-08,1387.92,1388.15,1376.74,1376.97,1167043
2017-02-09,1376.97,1381.60,1370.84,1375.47,4365843
2017-02-12,1375.47,1380.14,1369.39,1374.07,4402091
2017-02-13,1374.07,1382.27,1367.82,1376.02,5547393
2017-02-14,1376.02,1377.39,1366.23,1367.59,1999279
2017-02-15,1367.59,1390.57,1356.66,1379.54,8992318
2017-02-16,1379.54,1382.64,1371.66,1374.74,3242558
2017-02-19,1374.74,1379.87,1369.17,1374.29,4725308
2017-02-20,1374.29,1378.12,1367.28,1371.10,3786248
2017-02-21,1371.10,1379.45,1364.81,1373.16,5585871
2017-02-22,1373.16,1391.40,1363.71,1381.90,7877263
2017-02-23,1381.90,1401.31,1372.07,1391.41,8117215
2017-02-26,1391.41,1410.05,1381.79,1400.37,7910665
2017-02-27,1400.37,1414.19,1392.26,1406.05,6788477
2017-02-28,1406.05,1406.50,1394.96,1395.41,1318552
2017-03-01,1395.41,1403.75,1389.06,1397.39,5550274
2017-03-02,1397.39,1402.69,1391.83,1397.13,4792283
2017-03-05,1397.13,1399.54,1388.33,1390.73,2723593
2017-03-06,1390.73,1391.90,1380.58,1381.74,1838031
2017-03-07,1381.74,1388.58,1375.91,1382.75,5222016
2017-03-08,1382.75,1400.20,1373.53,1390.93,7665672
2017-03-09,1390.93,1410.42,1381.04,1400.47,8107270
2017-03-12,1400.47,1403.85,1392.73,1396.10,3411008
2017-03-13,1396.10,1399.56,1388.49,1391.94,3478120
2017-03-14,1391.94,1395.69,1384.69,1388.42,3691323
2017-03-15,1388.42,1390.77,1379.63,1381.97,2692592
2017-03-16,1381.97,1382.65,1371.35,1372.03,1494272
2017-03-19,1372.03,1390.46,1362.53,1380.90,7923525
2017-03-20,1380.90,1392.84,1373.44,1385.36,6400102
2017-03-21,1385.36,1391.46,1379.75,1385.85,5047462
2017-03-22,1385.85,1405.41,1375.96,1395.45,8137208
2017-03-23,1395.45,1396.66,1385.31,1386.51,1866872
2017-03-26,1386.51,1387.16,1375.82,1376.47,1471021
2017-03-27,1376.47,1393.84,1367.29,1384.62,7665706
2017-03-28,1384.62,1405.41,1374.33,1395.05,8426234
2017-03-29,1395.05,1396.58,1385.28,1386.80,2098285
2017-03-30,1386.80,1387.97,1376.69,1377.85,1842352
2017-04-02,1377.85,1385.49,1371.77,1379.41,5411522
2017-04-03,1379.41,1381.15,1370.00,1371.74,2262585
2017-04-04,1371.74,1373.11,1361.98,1363.34,2000480
2017-04-05,1363.34,1367.64,1356.95,1361.24,4156069
2017-04-06,1361.24,1368.31,1355.39,1362.45,5297256
2017-04-09,1362.45,1365.82,1355.02,1358.38,3473422
2017-04-10,1358.38,1376.93,1348.88,1367.37,7993209
2017-04-11,1367.37,1379.77,1359.80,1372.18,6535631
2017-04-12,1372.18,1372.99,1361.79,1362.60,1594513
2017-04-13,1362.60,1367.03,1356.36,1360.79,4256275
2017-04-16,1360.79,1361.21,1350.05,1350.47,1311042
2017-04-17,1350.47,1367.65,1341.43,1358.55,7697085
2017-04-18,1358.55,1363.01,1352.37,1356.82,4278600
2017-04-19,1356.82,1379.46,1346.02,1368.57,8956824
2017-04-20,1368.57,1368.73,1357.47,1357.62,1114471
2017-04-23,1357.62,1360.87,1350.09,1353.33,3393518
2017-04-24,1353.33,1375.28,1342.77,1364.62,8806310
2017-04-25,1364.62,1364.87,1353.65,1353.89,1180006
2017-04-26,1353.89,1359.38,1348.57,1354.05,4934362
2017-04-27,1354.05,1358.37,1347.76,1352.07,4192832
2017-04-30,1352.07,1355.09,1344.32,1347.32,3227023
2017-05-01,1347.32,1351.68,1341.12,1345.48,4234465
2017-05-02,1345.48,1357.32,1338.14,1349.96,6449725
2017-05-03,1349.96,1352.11,1341.26,1343.39,2588854
2017-05-04,1343.39,1348.26,1337.80,1342.67,4627160
2017-05-07,1342.67,1345.24,1334.50,1337.05,2910322
2017-05-08,1337.05,1339.19,1328.44,1330.57,2598834
2017-05-09,1330.57,1331.16,1320.27,1320.86,1445781
2017-05-10,1320.86,1326.10,1315.70,1320.94,4907956
2017-05-11,1320.94,1333.15,1313.55,1325.74,6590294
2017-05-14,1325.74,1335.64,1319.08,1328.96,6023662
2017-05-15,1328.96,1346.20,1319.96,1337.14,7775960
2017-05-16,1337.14,1338.34,1327.47,1328.66,1896570
2017-05-17,1328.66,1337.21,1322.42,1330.96,5694135
2017-05-18,1330.96,1344.34,1323.18,1336.53,6847668
2017-05-21,1336.53,1354.18,1327.37,1344.96,7850994
2017-05-22,1344.96,1348.72,1338.10,1341.85,3790534
2017-05-23,1341.85,1349.48,1335.87,1343.49,5456412
2017-05-24,1343.49,1347.24,1336.64,1340.37,3786899
2017-05-25,1340.37,1343.92,1333.32,1336.86,3646193
2017-05-28,1336.86,1350.67,1328.92,1342.70,6935528
2017-05-29,1342.70,1342.75,1331.68,1331.73,1037620
2017-05-30,1331.73,1352.44,1321.62,1342.25,8594444
2017-05-31,1342.25,1354.77,1334.70,1347.20,6618347
2017-06-01,1347.20,1349.81,1339.04,1341.64,2936488
2017-06-04,1341.64,1351.43,1334.97,1344.74,5968621
2017-06-05,1344.74,1362.45,1335.55,1353.20,7838203
2017-06-06,1353.20,1358.36,1347.85,1353.02,4816838
2017-06-07,1353.02,1367.70,1344.76,1359.40,7102057
2017-06-08,1359.40,1369.15,1352.70,1362.43,5928429
2017-06-11,1362.43,1363.81,1352.76,1354.13,2012002
2017-06-12,1354.13,1369.79,1345.56,1361.17,7328086
2017-06-13,1361.17,1365.56,1354.89,1359.27,4222359
2017-06-14,1359.27,1368.70,1352.67,1362.09,5855315
2017-06-15,1362.09,1363.42,1352.37,1353.70,1980041
2017-06-18,1353.70,1363.93,1346.85,1357.07,6053326
2017-06-19,1357.07,1360.71,1349.98,1353.61,3680109
2017-06-20,1353.61,1355.49,1344.58,1346.45,2391255
2017-06-21,1346.45,1359.59,1338.70,1351.82,6754663
2017-06-22,1351.82,1365.29,1343.95,1357.39,6819718
2017-06-25,1357.39,1361.32,1350.62,1354.55,3895061
2017-06-26,1354.55,1355.44,1344.39,1345.28,1659705
2017-06-27,1345.28,1347.44,1336.63,1338.78,2607475
2017-06-28,1338.78,1339.88,1328.99,1330.09,1824794
2017-06-29,1330.09,1331.55,1320.78,1322.24,2101783
2017-07-02,1322.24,1324.06,1313.39,1315.20,2376714
2017-07-03,1315.20,1331.18,1306.64,1322.56,7513786
2017-07-04,1322.56,1325.76,1315.26,1318.44,3414231
2017-07-05,1318.44,1319.05,1308.26,1308.86,1460768
2017-07-06,1308.86,1327.98,1299.32,1318.36,8295370
2017-07-09,1318.36,1340.26,1307.91,1329.71,8930384
2017-07-10,1329.71,1332.63,1322.04,1324.94,3192969
2017-07-11,1324.94,1340.99,1316.33,1332.33,7502880
2017-07-12,1332.33,1342.11,1325.69,1335.45,5983573
2017-07-13,1335.45,1338.00,1327.32,1329.85,2906652
2017-07-16,1329.85,1350.01,1319.92,1340.00,8469650
2017-07-17,1340.00,1349.51,1333.42,1342.92,5907133
2017-07-18,1342.92,1346.86,1336.29,1340.23,3935150
2017-07-19,1340.23,1352.36,1332.82,1344.92,6529012
2017-07-20,1344.92,1349.00,1338.43,1342.51,4034396
2017-07-23,1342.51,1343.33,1332.37,1333.18,1611796
2017-07-24,1333.18,1338.92,1327.83,1333.56,5014300
2017-07-25,1333.56,1337.16,1326.62,1330.21,3698696
2017-07-26,1330.21,1345.35,1321.87,1336.97,7269924
2017-07-27,1336.97,1352.14,1328.60,1343.73,7258847
2017-07-30,1343.73,1363.09,1334.01,1353.30,8233367
2017-07-31,1353.30,1372.85,1343.50,1362.97,8242866
2017-08-01,1362.97,1384.17,1352.62,1373.74,8595987
2017-08-02,1373.74,1379.46,1368.28,1374.01,4971742
2017-08-03,1374.01,1392.21,1364.57,1382.72,7863957
2017-08-06,1382.72,1387.36,1376.55,1381.19,4359053
2017-08-07,1381.19,1388.14,1375.32,1382.26,5247153
2017-08-08,1382.26,1382.91,1371.60,1372.24,1466529
2017-08-09,1372.24,1381.87,1365.54,1375.16,5881378
2017-08-10,1375.16,1379.82,1369.07,1373.73,4392935
2017-08-13,1373.73,1394.18,1363.59,1383.96,8383916
2017-08-14,1383.96,1405.05,1373.59,1394.60,8496296
2017-08-15,1394.60,1403.78,1387.99,1397.15,5742421
2017-08-16,1397.15,1416.04,1387.45,1406.27,7949451
2017-08-17,1406.27,1423.45,1397.07,1414.21,7537139
2017-08-20,1414.21,1419.34,1408.32,1413.45,4628943
2017-08-21,1413.45,1416.98,1405.78,1409.30,3496467
2017-08-22,1409.30,1421.21,1401.78,1413.66,6337242
2017-08-23,1413.66,1418.45,1407.40,1412.18,4385836
2017-08-24,1412.18,1424.20,1404.61,1416.61,6358299
2017-08-27,1416.61,1437.01,1406.37,1426.70,8229938
2017-08-28,1426.70,1447.77,1416.22,1437.21,8346433
2017-08-29,1437.21,1441.33,1430.00,1434.12,3868278
2017-08-30,1434.12,1456.21,1423.29,1445.30,8548559
2017-08-31,1445.30,1449.41,1438.01,1442.12,3844067
2017-09-03,1442.12,1458.93,1432.94,1449.72,7359739
2017-09-04,1449.72,1452.07,1440.43,1442.77,2626440
2017-09-05,1442.77,1444.52,1432.85,1434.59,2212071
2017-09-06,1434.59,1439.14,1427.88,1432.42,4166015
2017-09-07,1432.42,1433.56,1421.90,1423.03,1796913
2017-09-10,1423.03,1437.05,1414.80,1428.79,6783779
2017-09-11,1428.79,1437.65,1422.19,1431.04,5620438
2017-09-12,1431.04,1431.60,1419.88,1420.43,1393312
2017-09-13,1420.43,1426.00,1414.91,1420.47,4892524
2017-09-14,1420.47,1435.68,1411.87,1427.04,7056344
2017-09-17,1427.04,1432.39,1421.30,1426.64,4748971
2017-09-18,1426.64,1445.58,1416.84,1435.71,7871639
2017-09-19,1435.71,1439.74,1428.42,1432.44,3807064
2017-09-20,1432.44,1448.41,1423.56,1439.49,7197222
2017-09-21,1439.49,1442.45,1430.96,1433.91,3054458
2017-09-24,1433.91,1449.94,1425.01,1441.00,7205932
2017-09-25,1441.00,1445.42,1434.10,1438.52,4071399
2017-09-26,1438.52,1439.63,1427.92,1429.03,1774314
2017-09-27,1429.03,1434.15,1423.01,1428.13,4586282
2017-09-28,1428.13,1441.85,1419.99,1433.67,6704835
2017-10-01,1433.67,1450.42,1424.55,1441.24,7364540
2017-10-02,1441.24,1457.70,1432.19,1448.60,7281447
2017-10-03,1448.60,1450.67,1439.00,1441.06,2430864
2017-10-04,1441.06,1456.95,1432.18,1448.04,7158470
2017-10-05,1448.04,1450.39,1438.75,1441.10,2624759
2017-10-08,1441.10,1443.38,1431.79,1434.06,2582818
2017-10-09,1434.06,1439.06,1427.87,1432.87,4489437
2017-10-10,1432.87,1434.23,1422.60,1423.95,1949554
2017-10-11,1423.95,1426.08,1414.61,1416.73,2494032
2017-10-12,1416.73,1419.12,1407.75,1410.14,2690775
2017-10-15,1410.14,1432.04,1399.44,1421.25,8589163
2017-10-16,1421.25,1429.52,1414.86,1423.12,5497839
2017-10-17,1423.12,1429.60,1417.29,1423.77,5095816
2017-10-18,1423.77,1425.02,1413.44,1414.68,1876920
2017-10-19,1414.68,1429.26,1406.30,1420.84,6927572
2017-10-22,1420.84,1435.97,1412.26,1427.36,7037894
2017-10-23,1427.36,1427.56,1415.82,1416.03,1146159
2017-10-24,1416.03,1417.61,1406.14,1407.71,2116563
2017-10-25,1407.71,1411.73,1400.63,1404.63,3850342
2017-10-26,1404.63,1405.66,1394.21,1395.23,1730212
2017-10-29,1395.23,1397.18,1385.93,1387.87,2398148
2017-10-30,1387.87,1401.91,1379.73,1393.73,6866495
2017-10-31,1393.73,1408.25,1385.42,1399.90,6962414
2017-11-01,1399.90,1402.85,1391.69,1394.62,3105658
2017-11-02,1394.62,1398.00,1386.93,1390.29,3419684
2017-11-05,1390.29,1394.71,1383.81,1388.22,4176097
2017-11-06,1388.22,1405.33,1379.09,1396.16,7572427
2017-11-07,1396.16,1401.52,1390.68,1396.05,4843244
2017-11-08,1396.05,1401.22,1390.36,1395.53,4704595
2017-11-09,1395.53,1398.50,1387.38,1390.34,3131790
2017-11-12,1390.34,1402.67,1382.74,1395.04,6470507
2017-11-13,1395.04,1399.06,1388.07,1392.08,3881241
2017-11-14,1392.08,1392.25,1380.79,1380.95,1117078
2017-11-15,1380.95,1384.59,1373.67,1377.30,3634807
2017-11-16,1377.30,1383.33,1371.73,1377.76,5039368
2017-11-19,1377.76,1383.08,1372.39,1377.71,4861625
2017-11-20,1377.71,1395.12,1368.52,1385.88,7669478
2017-11-21,1385.88,1389.36,1378.38,1381.85,3512311
2017-11-22,1381.85,1382.81,1371.55,1372.51,1698765
2017-11-23,1372.51,1382.26,1365.77,1375.50,5907853
2017-11-26,1375.50,1377.75,1366.70,1368.94,2633401
2017-11-27,1368.94,1371.62,1360.68,1363.36,2961831
2017-11-28,1363.36,1364.29,1353.17,1354.10,1683264
2017-11-29,1354.10,1362.98,1347.68,1356.56,5735973
2017-11-30,1356.56,1360.61,1349.94,1353.98,3984156
2017-12-03,1353.98,1365.38,1346.76,1358.15,6329046
2017-12-04,1358.15,1377.38,1348.43,1367.59,8153360
2017-12-05,1367.59,1386.72,1357.89,1376.95,8099074
2017-12-06,1376.95,1392.22,1368.44,1383.67,7178532
2017-12-07,1383.67,1390.51,1377.84,1384.67,5218895
2017-12-10,1384.67,1386.94,1375.82,1378.08,2639917
2017-12-11,1378.08,1395.04,1369.03,1385.94,7565054
2017-12-12,1385.94,1406.06,1375.87,1395.91,8265912
2017-12-13,1395.91,1410.35,1387.62,1402.03,6940020
2017-12-14,1402.03,1404.58,1393.35,1395.89,2821947
2017-12-17,1395.89,1400.96,1390.08,1395.15,4627743
2017-12-18,1395.15,1415.69,1384.92,1405.38,8332716
2017-12-19,1405.38,1409.99,1398.99,1403.60,4282544
2017-12-20,1403.60,1412.38,1397.09,1405.86,5637722
2017-12-21,1405.86,1407.48,1396.10,1397.71,2151337
2017-12-24,1397.71,1413.66,1388.93,1404.83,7280178
2017-12-25,1404.83,1417.99,1396.93,1410.06,6629183
2017-12-26,1410.06,1428.14,1400.57,1418.59,7729218
2017-12-27,1418.59,1434.19,1409.87,1425.43,7148182
2017-12-28,1425.43,1428.19,1416.79,1419.54,2935459
2017-12-31,1419.54,1424.37,1413.27,1418.09,4399691
2018-01-01,1418.09,1434.01,1409.27,1425.14,7219890
2018-01-02,1425.14,1435.19,1418.17,1428.20,5889883
2018-01-03,1428.20,1431.77,1420.45,1424.00,3496090
2018-01-04,1424.00,1426.61,1415.20,1417.79,2828635
2018-01-07,1417.79,1420.38,1409.03,1411.60,2825788
2018-01-08,1411.60,1432.47,1401.23,1422.02,8351748
2018-01-09,1422.02,1429.44,1415.89,1423.31,5307750
2018-01-10,1423.31,1429.71,1417.51,1423.91,5076508
2018-01-11,1423.91,1435.77,1416.36,1428.20,6300000
2018-01-14,1428.20,1429.62,1418.03,1419.43,1990569
2018-01-15,1419.43,1438.74,1409.53,1428.77,7975377
2018-01-16,1428.77,1451.34,1417.81,1440.29,8674176
2018-01-17,1440.29,1444.91,1433.62,1438.24,4210425
2018-01-18,1438.24,1452.74,1429.82,1444.28,6855727
2018-01-21,1444.28,1446.89,1435.32,1437.92,2807613
2018-01-22,1437.92,1454.42,1428.86,1445.31,7300651
2018-01-23,1445.31,1451.70,1439.46,1445.84,5050891
2018-01-24,1445.84,1465.77,1435.67,1455.53,8033641
2018-01-25,1455.53,1469.00,1447.39,1460.83,6594581
2018-01-28,1460.83,1471.15,1453.68,1463.98,5894204
2018-01-29,1463.98,1467.91,1456.34,1460.26,3685596
2018-01-30,1460.26,1468.43,1453.80,1461.96,5425548
2018-01-31,1461.96,1467.39,1456.02,1461.46,4718998
2018-02-01,1461.46,1461.60,1449.57,1449.71,1096810
2018-02-04,1449.71,1465.55,1440.83,1456.63,7126886
2018-02-05,1456.63,1462.25,1450.94,1456.56,4858607
2018-02-06,1456.56,1460.35,1448.83,1452.60,3600617
2018-02-07,1452.60,1468.05,1443.84,1459.25,7031927
2018-02-08,1459.25,1460.19,1448.28,1449.22,1646364
2018-02-11,1449.22,1462.34,1441.20,1454.30,6530349
2018-02-12,1454.30,1476.36,1443.43,1465.41,8474005
2018-02-13,1465.41,1478.15,1457.47,1470.19,6415603
2018-02-14,1470.19,1477.46,1463.99,1471.25,5219341
2018-02-15,1471.25,1485.76,1462.74,1477.21,6786454
2018-02-18,1477.21,1490.45,1469.09,1482.30,6499657
2018-02-19,1482.30,1485.26,1473.42,1476.38,3000925
2018-02-20,1476.38,1484.06,1470.02,1477.70,5302606
2018-02-21,1477.70,1485.07,1471.45,1478.81,5231858
2018-02-22,1478.81,1482.07,1470.30,1473.55,3208436
2018-02-25,1473.55,1490.72,1464.19,1481.31,7355795
2018-02-26,1481.31,1492.00,1473.98,1484.66,5945541
2018-02-27,1484.66,1484.92,1472.71,1472.97,1175205
2018-02-28,1472.97,1494.41,1462.25,1483.61,8279355
2018-03-01,1483.61,1488.03,1476.35,1480.76,3974039
2018-03-04,1480.76,1502.10,1470.04,1491.31,8234567
2018-03-05,1491.31,1494.90,1483.07,1486.64,3406618
2018-03-06,1486.64,1489.10,1477.16,1479.60,2650685
2018-03-07,1479.60,1483.62,1471.94,1475.95,3719855
2018-03-08,1475.95,1480.49,1468.89,1473.41,4070919
2018-03-11,1473.41,1481.11,1467.07,1474.76,5308813
2018-03-12,1474.76,1490.12,1465.96,1481.29,6964403
2018-03-13,1481.29,1490.41,1474.47,1483.57,5605589
2018-03-14,1483.57,1500.51,1474.25,1491.15,7281755
2018-03-15,1491.15,1498.90,1484.73,1492.48,5301543
2018-03-18,1492.48,1495.98,1484.12,1487.61,3343964
2018-03-19,1487.61,1491.93,1480.21,1484.52,3902846
2018-03-20,1484.52,1486.10,1474.07,1475.64,2064609
2018-03-21,1475.64,1498.70,1464.40,1487.36,8619375
2018-03-22,1487.36,1500.72,1479.18,1492.50,6505418
2018-03-25,1492.50,1515.67,1481.18,1504.26,8586934
2018-03-26,1504.26,1528.46,1492.58,1516.68,8765157
2018-03-27,1516.68,1518.84,1506.61,1508.76,2422805
2018-03-28,1508.76,1513.59,1501.76,1506.58,4201851
2018-03-29,1506.58,1522.99,1497.37,1513.74,7114643
2018-04-01,1513.74,1516.75,1504.66,1507.65,2988340
2018-04-02,1507.65,1529.42,1496.73,1518.43,8242695
2018-04-03,1518.43,1534.42,1509.31,1525.27,7001165
2018-04-04,1525.27,1529.14,1517.06,1520.91,3535356
2018-04-05,1520.91,1541.92,1510.20,1531.14,8042798
2018-04-08,1531.14,1535.36,1523.27,1527.48,3758058
2018-04-09,1527.48,1545.48,1517.71,1535.66,7397187
2018-04-10,1535.66,1551.52,1526.54,1542.36,6935493
2018-04-11,1542.36,1566.95,1530.46,1554.94,8718655
2018-04-12,1554.94,1556.35,1543.72,1545.12,1907167
2018-04-15,1545.12,1567.49,1533.91,1556.20,8254115
2018-04-16,1556.20,1556.54,1543.75,1544.08,1216289
2018-04-17,1544.08,1557.43,1535.75,1549.07,6398628
2018-04-18,1549.07,1567.00,1539.26,1557.14,7331995
2018-04-19,1557.14,1581.30,1545.33,1569.40,8584293
2018-04-22,1569.40,1591.87,1558.09,1580.48,8204903
2018-04-23,1580.48,1599.63,1570.21,1589.29,7502469
2018-04-24,1589.29,1591.13,1578.27,1580.09,2156001
2018-04-25,1580.09,1582.71,1570.03,1572.64,2659327
2018-04-26,1572.64,1577.51,1565.16,1570.03,4098868
2018-04-29,1570.03,1570.44,1557.55,1557.96,1264746
2018-04-30,1557.96,1558.11,1545.29,1545.43,1095233
2018-05-01,1545.43,1568.78,1533.91,1557.17,8454526
2018-05-02,1557.17,1557.55,1544.76,1545.14,1243861
2018-05-03,1545.14,1560.67,1536.11,1551.60,6845953
2018-05-06,1551.60,1572.34,1540.89,1561.56,7902777
2018-05-07,1561.56,1570.30,1554.65,1563.38,5426680
2018-05-08,1563.38,1581.04,1553.61,1571.23,7244821
2018-05-09,1571.23,1581.75,1563.73,1574.23,5776954
2018-05-10,1574.23,1574.46,1561.51,1561.74,1146536
2018-05-13,1561.74,1571.45,1554.51,1564.21,5625171
2018-05-14,1564.21,1572.88,1557.31,1565.97,5410390
2018-05-15,1565.97,1586.09,1555.42,1575.48,7736762
2018-05-16,1575.48,1583.77,1568.67,1576.95,5320336
2018-05-17,1576.95,1578.75,1565.98,1567.76,2136419
2018-05-20,1567.76,1573.30,1561.07,1566.60,4530692
2018-05-21,1566.60,1567.64,1554.86,1555.89,1663648
2018-05-22,1555.89,1573.69,1546.11,1563.85,7288374
2018-05-23,1563.85,1566.76,1554.25,1557.15,2861659
2018-05-24,1557.15,1568.60,1549.38,1560.81,5988443
2018-05-27,1560.81,1583.14,1549.58,1571.82,8199588
2018-05-28,1571.82,1583.75,1563.87,1575.77,6062997
2018-05-29,1575.77,1585.58,1568.48,1578.28,5628052
2018-05-30,1578.28,1600.87,1566.91,1589.43,8203395
2018-05-31,1589.43,1590.17,1577.16,1577.90,1468038
2018-06-03,1577.90,1582.50,1570.08,1574.67,3915809
2018-06-04,1574.67,1577.24,1564.59,1567.15,2633127
2018-06-05,1567.15,1590.61,1555.54,1578.91,8410116
2018-06-06,1578.91,1583.94,1571.55,1576.57,4185048
2018-06-07,1576.57,1579.45,1566.82,1569.68,2822119
2018-06-10,1569.68,1582.38,1561.48,1574.16,6222565
2018-06-11,1574.16,1575.37,1562.55,1563.75,1769101
2018-06-12,1563.75,1568.61,1556.33,1561.17,4103703
2018-06-13,1561.17,1573.88,1552.99,1565.68,6238717
2018-06-14,1565.68,1587.10,1554.72,1576.06,8001303
2018-06-17,1576.06,1577.34,1564.52,1565.79,1811213
2018-06-18,1565.79,1570.16,1557.81,1562.17,3791906
2018-06-19,1562.17,1564.06,1551.43,1553.32,2214986
2018-06-20,1553.32,1571.04,1543.57,1561.24,7277983
2018-06-21,1561.24,1563.13,1550.51,1552.40,2215466
2018-06-24,1552.40,1556.65,1544.40,1548.65,3743484
2018-06-25,1548.65,1569.03,1538.06,1558.38,7837345
2018-06-26,1558.38,1564.37,1552.27,1558.25,4842729
2018-06-27,1558.25,1579.17,1547.47,1568.32,7920130
2018-06-28,1568.32,1583.97,1559.19,1574.80,6822633
2018-07-01,1574.80,1591.42,1565.34,1581.91,7007030
2018-07-02,1581.91,1583.62,1570.80,1572.50,2078257
2018-07-03,1572.50,1591.86,1562.17,1581.47,7567181
2018-07-04,1581.47,1586.29,1573.86,1578.66,4041700
2018-07-05,1578.66,1588.10,1571.47,1580.91,5551200
2018-07-08,1580.91,1589.64,1573.95,1582.67,5404320
2018-07-09,1582.67,1600.73,1572.73,1590.74,7280075
2018-07-10,1590.74,1600.87,1583.31,1593.42,5672290
2018-07-11,1593.42,1597.67,1585.08,1589.31,3667386
2018-07-12,1589.31,1594.17,1581.68,1586.53,4055486
2018-07-15,1586.53,1597.14,1578.95,1589.55,5774862
2018-07-16,1589.55,1599.75,1582.09,1592.28,5689711
2018-07-17,1592.28,1602.56,1584.80,1595.06,5701268
2018-07-18,1595.06,1595.37,1582.26,1582.56,1192249
2018-07-19,1582.56,1598.26,1573.38,1589.03,6804629
2018-07-22,1589.03,1608.52,1578.62,1598.05,7550754
2018-07-23,1598.05,1601.66,1588.95,1592.54,3257784
2018-07-24,1592.54,1594.69,1581.83,1583.97,2345473
2018-07-25,1583.97,1590.40,1577.73,1584.16,4937277
2018-07-26,1584.16,1602.36,1574.17,1592.32,7304801
2018-07-29,1592.32,1596.53,1583.94,1588.14,3645576
2018-07-30,1588.14,1588.45,1575.40,1575.71,1194170
2018-07-31,1575.71,1600.56,1563.63,1588.38,8666632
2018-08-01,1588.38,1600.32,1580.38,1592.29,6038271
2018-08-02,1592.29,1612.34,1581.70,1601.68,7654766
2018-08-05,1601.68,1604.37,1591.51,1594.18,2676611
2018-08-06,1594.18,1600.33,1587.96,1594.11,4856893
2018-08-07,1594.11,1598.33,1585.73,1589.95,3652400
2018-08-08,1589.95,1615.04,1577.76,1602.75,8668072
2018-08-09,1602.75,1606.65,1593.93,1597.82,3434773
2018-08-12,1597.82,1622.29,1585.81,1610.18,8520404
2018-08-13,1610.18,1621.96,1602.17,1613.93,5974348
2018-08-14,1613.93,1621.33,1607.30,1614.70,5105246
2018-08-15,1614.70,1615.66,1602.47,1603.42,1592112
2018-08-16,1603.42,1614.91,1595.52,1606.99,5928772
2018-08-19,1606.99,1614.85,1600.24,1608.09,5201646
2018-08-20,1608.09,1610.02,1597.02,1598.94,2200857
2018-08-21,1598.94,1603.52,1590.92,1595.49,3864677
2018-08-22,1595.49,1612.58,1585.82,1602.87,7057304
2018-08-23,1602.87,1613.11,1595.37,1605.59,5679972
2018-08-26,1605.59,1608.99,1596.19,1599.57,3115397
2018-08-27,1599.57,1611.42,1591.57,1603.40,6005555
2018-08-28,1603.40,1622.11,1593.20,1611.86,7362791
2018-08-29,1611.86,1628.91,1602.16,1619.17,7014266
2018-08-30,1619.17,1627.99,1612.08,1620.89,5379732
2018-09-02,1620.89,1623.45,1610.42,1612.97,2582647
2018-09-03,1612.97,1616.03,1603.13,1606.17,2894615
2018-09-04,1606.17,1630.73,1594.10,1618.57,8513168
2018-09-05,1618.57,1621.28,1608.28,1610.98,2672873
2018-09-06,1610.98,1612.73,1599.68,1601.43,2089780
2018-09-09,1601.43,1604.21,1591.37,1594.14,2739197
2018-09-10,1594.14,1597.28,1584.54,1587.66,2966803
2018-09-11,1587.66,1609.04,1576.65,1597.96,7933093
2018-09-12,1597.96,1616.76,1587.75,1606.49,7391152
2018-09-13,1606.49,1622.39,1597.17,1613.03,6797770
2018-09-16,1613.03,1633.87,1602.13,1622.90,7757887
2018-09-17,1622.90,1624.20,1610.99,1612.29,1802366
2018-09-18,1612.29,1613.09,1599.90,1600.70,1499108
2018-09-19,1600.70,1607.00,1594.46,1600.76,4897496
2018-09-20,1600.76,1609.11,1593.87,1602.21,5306172
2018-09-23,1602.21,1616.09,1593.55,1607.40,6404149
2018-09-24,1607.40,1610.11,1597.21,1599.90,2685253
2018-09-25,1599.90,1607.90,1593.13,1601.11,5235905
2018-09-26,1601.11,1627.28,1588.55,1614.61,8846227
2018-09-27,1614.61,1620.19,1607.58,1613.15,4454492
2018-09-30,1613.15,1619.63,1606.82,1613.30,4924897
2018-10-01,1613.30,1618.40,1605.74,1610.83,4158676
2018-10-02,1610.83,1620.40,1603.52,1613.08,5538545
2018-10-03,1613.08,1633.66,1602.27,1622.77,7706481
2018-10-04,1622.77,1627.11,1614.29,1618.62,3674828
2018-10-07,1618.62,1619.05,1605.77,1606.20,1270747
2018-10-08,1606.20,1632.79,1593.49,1619.97,8913991
2018-10-09,1619.97,1622.77,1609.78,1612.56,2728017
2018-10-10,1612.56,1615.76,1602.88,1606.07,2984430
2018-10-11,1606.07,1610.69,1598.04,1602.66,3880761
2018-10-14,1602.66,1608.51,1596.03,1601.88,4651577
2018-10-15,1601.88,1613.79,1593.85,1605.74,6012928
2018-10-16,1605.74,1610.46,1597.82,1602.53,3940123
2018-10-17,1602.53,1608.58,1596.13,1602.18,4778840
2018-10-18,1602.18,1612.47,1594.67,1604.94,5689574
2018-10-21,1604.94,1610.44,1597.90,1603.39,4425411
2018-10-22,1603.39,1617.47,1594.66,1608.72,6443141
2018-10-23,1608.72,1617.32,1601.72,1610.31,5347702
2018-10-24,1610.31,1635.73,1597.96,1623.28,8669958
2018-10-25,1623.28,1630.08,1616.83,1623.62,4977812
2018-10-28,1623.62,1647.46,1611.74,1635.49,8320644
2018-10-29,1635.49,1640.41,1627.55,1632.46,4007098
2018-10-30,1632.46,1636.89,1624.00,1628.42,3716186
2018-10-31,1628.42,1629.95,1616.73,1618.25,1941735
2018-11-01,1618.25,1619.50,1606.32,1607.56,1770164
2018-11-04,1607.56,1619.40,1599.54,1611.36,5991598
2018-11-05,1611.36,1620.96,1604.03,1613.63,5544307
2018-11-06,1613.63,1621.98,1606.70,1615.05,5292489
2018-11-07,1615.05,1632.75,1605.13,1622.79,7137379
2018-11-08,1622.79,1637.14,1613.93,1628.25,6461694
2018-11-11,1628.25,1629.73,1616.49,1617.96,1907407
2018-11-12,1617.96,1620.37,1607.34,1609.73,2486865
2018-11-13,1609.73,1631.89,1598.42,1620.50,8027229
2018-11-14,1620.50,1623.66,1610.70,1613.85,2948251
2018-11-15,1613.85,1617.68,1604.86,1608.68,3373388
2018-11-18,1608.68,1618.42,1601.32,1611.05,5574245
2018-11-19,1611.05,1615.48,1602.76,1607.18,3748353
2018-11-20,1607.18,1614.68,1600.54,1608.03,5130281
2018-11-21,1608.03,1610.34,1597.39,1599.68,2436076
2018-11-22,1599.68,1619.76,1589.06,1609.07,7641049
2018-11-25,1609.07,1612.43,1599.60,1602.95,3090877
2018-11-26,1602.95,1604.47,1591.45,1592.96,1946056
2018-11-27,1592.96,1594.49,1581.55,1583.07,1959670
2018-11-28,1583.07,1607.66,1571.06,1595.55,8588511
2018-11-29,1595.55,1614.55,1585.28,1604.22,7437517
2018-12-02,1604.22,1616.27,1596.14,1608.17,6037551
2018-12-03,1608.17,1635.00,1595.37,1622.10,8956515
2018-12-04,1622.10,1635.33,1613.59,1626.80,6243792
2018-12-05,1626.80,1644.99,1616.70,1634.85,7208024
2018-12-06,1634.85,1654.78,1624.17,1644.05,7528223
2018-12-09,1644.05,1645.19,1631.79,1632.93,1698216
2018-12-10,1632.93,1659.40,1620.19,1646.55,8804423
2018-12-11,1646.55,1667.19,1635.62,1656.19,7636968
2018-12-12,1656.19,1663.94,1649.35,1657.09,5134122
2018-12-13,1657.09,1670.17,1648.54,1661.60,6160082
2018-12-16,1661.60,1667.60,1654.66,1660.66,4616083
2018-12-17,1660.66,1665.45,1652.37,1657.15,3884842
2018-12-18,1657.15,1659.82,1646.50,1649.15,2608333
2018-12-19,1649.15,1650.47,1637.05,1638.35,1798902
2018-12-20,1638.35,1638.82,1625.37,1625.83,1283710
2018-12-23,1625.83,1626.62,1613.32,1614.10,1482510
2018-12-24,1614.10,1616.55,1603.56,1606.00,2518758
2018-12-25,1606.00,1631.32,1593.69,1618.91,8664060
2018-12-26,1618.91,1631.47,1610.63,1623.16,6115946
2018-12-27,1623.16,1624.96,1611.82,1613.61,2108984
2018-12-30,1613.61,1622.29,1606.57,1615.25,5359224
2018-12-31,1615.25,1619.84,1607.11,1611.69,3841975
2019-01-01,1611.69,1616.36,1603.67,1608.34,3902914
2019-01-02,1608.34,1611.08,1598.17,1600.90,2702537
2019-01-03,1600.90,1612.70,1592.90,1604.69,5993930
2019-01-06,1604.69,1608.27,1595.50,1599.07,3233882
2019-01-07,1599.07,1603.91,1591.34,1596.18,4027331
2019-01-08,1596.18,1617.53,1585.15,1606.44,7905144
2019-01-09,1606.44,1610.35,1597.61,1601.51,3435219
2019-01-10,1601.51,1607.38,1594.91,1600.78,4666941
2019-01-13,1600.78,1607.14,1594.52,1600.88,4908950
2019-01-14,1600.88,1621.97,1589.93,1610.95,7840260
2019-01-15,1610.95,1632.75,1599.75,1621.47,7954698
2019-01-16,1621.47,1645.38,1609.58,1633.39,8338683
2019-01-17,1633.39,1637.94,1625.05,1629.58,3782338
2019-01-20,1629.58,1629.95,1616.56,1616.92,1223936
2019-01-21,1616.92,1626.48,1609.60,1619.15,5527674
2019-01-22,1619.15,1621.73,1608.71,1611.28,2594787
2019-01-23,1611.28,1615.81,1603.10,1607.61,3807990
2019-01-24,1607.61,1628.64,1596.67,1617.62,7809259
2019-01-27,1617.62,1637.76,1606.93,1627.01,7610939
2019-01-28,1627.01,1630.33,1617.34,1620.65,3040192
2019-01-29,1620.65,1623.11,1610.06,1612.51,2516769
2019-01-30,1612.51,1625.26,1604.18,1616.91,6164128
2019-01-31,1616.91,1618.94,1605.87,1607.89,2253875
2019-02-03,1607.89,1634.85,1595.05,1621.91,8983539
2019-02-04,1621.91,1622.86,1609.61,1610.56,1587688
2019-02-05,1610.56,1616.65,1604.13,1610.22,4782373
2019-02-06,1610.22,1624.87,1601.30,1615.91,6542901
2019-02-07,1615.91,1623.88,1609.10,1617.07,5214951
2019-02-10,1617.07,1628.81,1609.05,1620.77,5959019
2019-02-11,1620.77,1635.44,1611.81,1626.45,6528189
2019-02-12,1626.45,1631.95,1619.23,1624.72,4379252
2019-02-13,1624.72,1624.91,1611.54,1611.73,1117146
2019-02-14,1611.73,1617.00,1604.38,1609.65,4272736
2019-02-17,1609.65,1611.92,1598.95,1601.21,2413923
2019-02-18,1601.21,1602.16,1589.08,1590.02,1590089
2019-02-19,1590.02,1593.37,1580.70,1584.04,3109876
2019-02-20,1584.04,1586.65,1573.93,1576.54,2652297
2019-02-21,1576.54,1579.24,1566.59,1569.27,2711179
2019-02-24,1569.27,1582.71,1560.84,1574.25,6372942
2019-02-25,1574.25,1597.90,1562.56,1586.12,8427709
2019-02-26,1586.12,1606.88,1575.31,1596.01,7813751
2019-02-27,1596.01,1596.64,1583.56,1584.19,1395267
2019-02-28,1584.19,1601.24,1574.57,1591.57,7073491
2019-03-03,1591.57,1596.72,1584.24,1589.38,4231138
2019-03-04,1589.38,1608.67,1579.03,1598.26,7510185
2019-03-05,1598.26,1599.74,1586.75,1588.22,1922976
2019-03-06,1588.22,1591.87,1579.24,1582.88,3296673
2019-03-07,1582.88,1587.70,1575.27,1580.09,4051028
2019-03-10,1580.09,1585.32,1572.95,1578.17,4309499
2019-03-11,1578.17,1601.46,1566.58,1589.79,8343689
2019-03-12,1589.79,1591.94,1579.11,1581.24,2351131
2019-03-13,1581.24,1582.14,1569.22,1570.11,1566392
2019-03-14,1570.11,1585.19,1561.15,1576.20,6705521
2019-03-17,1576.20,1586.59,1568.72,1579.09,5743827
2019-03-18,1579.09,1585.95,1572.74,1579.59,5026989
2019-03-19,1579.59,1580.72,1567.84,1568.97,1715500
2019-03-20,1568.97,1569.85,1557.03,1557.90,1562448
2019-03-21,1557.90,1559.50,1546.87,1548.45,2024622
2019-03-24,1548.45,1554.19,1542.14,1547.88,4706961
2019-03-25,1547.88,1548.10,1535.37,1535.58,1140329
2019-03-26,1535.58,1540.02,1527.93,1532.36,3892626
2019-03-27,1532.36,1535.44,1523.21,1526.28,3013237
2019-03-28,1526.28,1546.25,1515.89,1535.79,7810802
2019-03-31,1535.79,1546.97,1528.16,1539.33,5964334
2019-04-01,1539.33,1560.22,1528.60,1549.43,7967661
2019-04-02,1549.43,1575.04,1537.17,1562.68,8907201
2019-04-03,1562.68,1566.71,1554.34,1558.35,3573079
2019-04-04,1558.35,1574.29,1549.15,1565.05,6903566
2019-04-07,1565.05,1585.28,1554.46,1574.63,7762860
2019-04-08,1574.63,1596.43,1563.53,1585.25,8052194
2019-04-09,1585.25,1588.66,1576.03,1579.43,3154286
2019-04-10,1579.43,1599.60,1568.84,1588.94,7711111
2019-04-11,1588.94,1604.35,1579.82,1595.20,6735013
2019-04-14,1595.20,1617.28,1583.95,1605.96,8053155
2019-04-15,1605.96,1610.91,1598.30,1603.24,4085288
2019-04-16,1603.24,1606.38,1593.56,1596.69,2954869
2019-04-17,1596.69,1623.22,1584.02,1610.44,8933504
2019-04-18,1610.44,1633.57,1598.81,1621.86,8218724
2019-04-21,1621.86,1644.28,1610.44,1632.77,8045096
2019-04-22,1632.77,1632.98,1619.55,1619.76,1128669
2019-04-23,1619.76,1639.08,1609.32,1628.59,7444753
2019-04-24,1628.59,1629.14,1615.78,1616.33,1339026
2019-04-25,1616.33,1621.13,1608.42,1613.21,3971982
2019-04-28,1613.21,1620.57,1606.60,1613.96,5096707
2019-04-29,1613.96,1615.84,1602.78,1604.66,2169993
2019-04-30,1604.66,1610.75,1598.29,1604.38,4796776
2019-05-01,1604.38,1610.00,1597.48,1603.11,4507921
2019-05-02,1603.11,1614.31,1595.30,1606.49,5871330
2019-05-05,1606.49,1623.08,1596.95,1613.51,6936385
2019-05-06,1613.51,1613.52,1600.22,1600.24,1011728
2019-05-07,1600.24,1621.00,1589.40,1610.09,7776371
2019-05-08,1610.09,1620.60,1602.49,1612.98,5724142
2019-05-09,1612.98,1624.61,1605.01,1616.62,5941460
2019-05-12,1616.62,1620.20,1607.34,1610.91,3218449
2019-05-13,1610.91,1616.54,1603.96,1609.59,4493381
2019-05-14,1609.59,1624.67,1600.52,1615.57,6630452
2019-05-15,1615.57,1619.66,1606.87,1610.94,3530898
2019-05-16,1610.94,1625.77,1601.96,1616.75,6577434
2019-05-19,1616.75,1630.79,1608.00,1622.02,6412037
2019-05-20,1622.02,1626.96,1614.21,1619.15,4047050
2019-05-21,1619.15,1637.77,1608.93,1627.51,7309636
2019-05-22,1627.51,1652.94,1615.10,1640.44,8619547
2019-05-23,1640.44,1663.39,1628.79,1651.66,8100240
2019-05-26,1651.66,1653.35,1639.96,1641.64,2023319
2019-05-27,1641.64,1667.12,1629.18,1654.57,8586316
2019-05-28,1654.57,1657.92,1644.71,1648.04,3023799
2019-05-29,1648.04,1649.77,1636.41,1638.14,2051817
2019-05-30,1638.14,1639.19,1625.83,1626.88,1645679
2019-06-02,1626.88,1649.90,1615.24,1638.19,8151063
2019-06-03,1638.19,1641.02,1627.88,1630.70,2728463
2019-06-04,1630.70,1648.54,1620.70,1638.50,7130967
2019-06-05,1638.50,1641.47,1628.35,1631.31,2815363
2019-06-06,1631.31,1650.47,1620.89,1640.00,7386591
2019-06-09,1640.00,1645.53,1632.71,1638.24,4375514
2019-06-10,1638.24,1652.15,1629.47,1643.36,6350034
2019-06-11,1643.36,1647.23,1634.18,1638.05,3359533
2019-06-12,1638.05,1644.13,1631.38,1637.46,4712654
2019-06-13,1637.46,1650.02,1629.13,1641.67,6088408
2019-06-16,1641.67,1643.28,1629.95,1631.55,1980624
2019-06-17,1631.55,1635.59,1622.66,1626.68,3475720
2019-06-18,1626.68,1635.46,1619.59,1628.36,5363820
2019-06-19,1628.36,1643.38,1619.27,1634.25,6583196
2019-06-20,1634.25,1639.15,1626.30,1631.19,3998045
2019-06-23,1631.19,1650.98,1620.57,1640.30,7509602
2019-06-24,1640.30,1646.05,1633.24,1638.98,4500582
2019-06-25,1638.98,1639.99,1626.60,1627.60,1612962
2019-06-26,1627.60,1649.14,1616.44,1637.91,7859087
2019-06-27,1637.91,1655.50,1627.97,1645.51,7066117
2019-06-30,1645.51,1666.23,1634.57,1655.21,7653806
2019-07-01,1655.21,1656.45,1642.96,1644.19,1745610
2019-07-02,1644.19,1645.20,1631.77,1632.77,1613134
2019-07-03,1632.77,1633.52,1620.15,1620.89,1453909
2019-07-04,1620.89,1645.62,1608.73,1633.36,8502503
2019-07-07,1633.36,1653.01,1622.79,1642.37,7474965
2019-07-08,1642.37,1644.58,1631.33,1633.53,2346604
2019-07-09,1633.53,1653.11,1622.97,1642.50,7463100
2019-07-10,1642.50,1647.40,1634.48,1639.37,3984945
2019-07-11,1639.37,1649.77,1631.72,1642.11,5665226
2019-07-14,1642.11,1643.69,1630.35,1631.92,1960733
2019-07-15,1631.92,1634.33,1621.19,1623.59,2476406
2019-07-16,1623.59,1639.38,1614.26,1630.01,6743106
2019-07-17,1630.01,1633.81,1620.86,1624.64,3328737
2019-07-18,1624.64,1638.09,1616.06,1629.48,6282681
2019-07-21,1629.48,1656.46,1616.59,1643.45,8913580
2019-07-22,1643.45,1660.25,1633.75,1650.51,6900445
2019-07-23,1650.51,1653.37,1640.14,1642.99,2737105
2019-07-24,1642.99,1662.93,1632.29,1652.17,7509979
2019-07-25,1652.17,1674.82,1640.59,1663.16,8009190
2019-07-28,1663.16,1666.77,1653.53,1657.13,3173010
2019-07-29,1657.13,1668.68,1649.06,1660.60,5865637
2019-07-30,1660.60,1662.24,1648.76,1650.39,1988305
2019-07-31,1650.39,1653.57,1640.37,1643.53,2923731
2019-08-01,1643.53,1662.46,1633.15,1652.03,7313888
2019-08-04,1652.03,1675.52,1640.19,1663.59,8171124
2019-08-05,1663.59,1672.35,1656.40,1665.15,5322599
2019-08-06,1665.15,1683.67,1654.85,1673.32,7188065
2019-08-07,1673.32,1685.11,1665.13,1676.91,5890980
2019-08-08,1676.91,1687.75,1669.03,1679.85,5702949
2019-08-11,1679.85,1707.16,1666.71,1693.91,8821502
2019-08-12,1693.91,1708.99,1684.63,1699.68,6481207
2019-08-13,1699.68,1719.71,1688.80,1708.77,7398113
2019-08-14,1708.77,1729.71,1697.59,1718.46,7547530
2019-08-15,1718.46,1727.26,1711.11,1719.90,5275137
2019-08-18,1719.90,1731.22,1711.75,1723.05,5741426
2019-08-19,1723.05,1739.57,1713.23,1729.71,6699485
2019-08-20,1729.71,1740.36,1721.75,1732.38,5606104
2019-08-21,1732.38,1737.69,1724.08,1729.39,4066220
2019-08-22,1729.39,1730.44,1716.32,1717.37,1610699
2019-08-25,1717.37,1720.48,1706.72,1709.81,2807441
2019-08-26,1709.81,1720.87,1701.76,1712.81,5705829
2019-08-27,1712.81,1717.29,1703.74,1708.20,3614506
2019-08-28,1708.20,1732.71,1695.88,1720.30,8212482
2019-08-29,1720.30,1732.98,1711.71,1724.37,5993587
2019-09-01,1724.37,1748.19,1712.22,1735.96,8044238
2019-09-02,1735.96,1736.23,1721.96,1722.22,1154561
2019-09-03,1722.22,1747.20,1709.71,1734.60,8262825
2019-09-04,1734.60,1736.74,1722.72,1724.85,2233230
2019-09-05,1724.85,1753.69,1711.10,1739.83,8967009
2019-09-08,1739.83,1762.78,1727.91,1750.80,7846879
2019-09-09,1750.80,1761.07,1742.89,1753.16,5514814
2019-09-10,1753.16,1756.63,1742.63,1746.09,2983161
2019-09-11,1746.09,1770.40,1733.73,1757.96,8079080
2019-09-12,1757.96,1766.67,1750.54,1759.24,5222325
2019-09-15,1759.24,1761.94,1747.79,1750.48,2536351
2019-09-16,1750.48,1756.24,1742.54,1748.29,4292764
2019-09-17,1748.29,1754.74,1741.14,1747.58,4689094
2019-09-18,1747.58,1751.01,1737.04,1740.45,2959910
2019-09-19,1740.45,1763.28,1728.58,1751.33,7821262
2019-09-22,1751.33,1771.14,1740.39,1760.15,7248456
2019-09-23,1760.15,1781.93,1748.55,1770.27,7587174
2019-09-24,1770.27,1783.35,1761.42,1774.48,5997908
2019-09-25,1774.48,1800.05,1761.64,1787.12,8233744
2019-09-26,1787.12,1792.04,1777.93,1782.84,3751474
2019-09-29,1782.84,1784.90,1770.47,1772.52,2156035
2019-09-30,1772.52,1776.02,1761.86,1765.35,2978292
2019-10-01,1765.35,1768.51,1754.36,1757.50,2786145
2019-10-02,1757.50,1779.48,1745.85,1767.77,7628978
2019-10-03,1767.77,1770.98,1756.82,1760.01,2815432
2019-10-06,1760.01,1784.22,1747.65,1771.77,8024519
2019-10-07,1771.77,1773.10,1758.67,1759.99,1750068
2019-10-08,1759.99,1763.65,1749.61,1753.25,3078497
2019-10-09,1753.25,1770.61,1743.08,1760.40,6799931
2019-10-10,1760.40,1765.42,1751.55,1756.56,3852640
2019-10-13,1756.56,1775.62,1745.84,1764.85,7100823
2019-10-14,1764.85,1767.40,1753.18,1755.72,2445713
2019-10-15,1755.72,1756.19,1741.78,1742.25,1270027
2019-10-16,1742.25,1744.37,1730.28,1732.39,2215740
2019-10-17,1732.39,1746.80,1723.21,1737.60,6295198
2019-10-20,1737.60,1746.82,1730.06,1739.28,5335562
2019-10-21,1739.28,1761.73,1727.53,1749.91,7756584
2019-10-22,1749.91,1761.10,1741.72,1752.89,5681721
2019-10-23,1752.89,1757.07,1743.15,1747.31,3382578
2019-10-24,1747.31,1750.91,1736.96,1740.54,3056687
2019-10-27,1740.54,1745.66,1731.96,1737.06,3938614
2019-10-28,1737.06,1753.96,1727.08,1743.94,6744410
2019-10-29,1743.94,1764.78,1732.70,1753.47,7449382
2019-10-30,1753.47,1759.43,1745.72,1751.68,4399211
2019-10-31,1751.68,1754.75,1740.70,1743.76,2754389
2019-11-03,1743.76,1769.08,1731.09,1756.32,8268004
2019-11-04,1756.32,1758.77,1744.61,1747.05,2396844
2019-11-05,1747.05,1750.10,1736.09,1739.13,2745850
2019-11-06,1739.13,1767.54,1725.48,1753.78,8845884
2019-11-07,1753.78,1754.25,1739.85,1740.31,1264849
2019-11-10,1740.31,1742.14,1728.03,1729.85,2052126
2019-11-11,1729.85,1735.94,1722.44,1728.52,4516358
2019-11-12,1728.52,1734.28,1720.76,1726.52,4336556
2019-11-13,1726.52,1731.71,1718.13,1723.31,4006550
2019-11-14,1723.31,1739.37,1713.64,1729.66,6612757
2019-11-17,1729.66,1747.58,1719.38,1737.25,6945301
2019-11-18,1737.25,1742.36,1728.69,1733.79,3942455
2019-11-19,1733.79,1736.34,1722.37,1724.91,2468415
2019-11-20,1724.91,1730.81,1717.33,1723.24,4424417
2019-11-21,1723.24,1731.61,1716.01,1724.38,5193175
2019-11-24,1724.38,1728.55,1714.87,1719.02,3416666
2019-11-25,1719.02,1743.11,1706.80,1730.81,8107235
2019-11-26,1730.81,1734.43,1720.63,1724.23,3092043
2019-11-27,1724.23,1730.77,1717.37,1723.91,4790843
2019-11-28,1723.91,1733.01,1716.45,1725.54,5327091
2019-12-01,1725.54,1754.43,1711.79,1740.55,8972393
2019-12-02,1740.55,1742.16,1728.02,1729.62,1924279
2019-12-03,1729.62,1750.10,1718.52,1738.94,7417318
2019-12-04,1738.94,1740.97,1726.90,1728.92,2167558
2019-12-05,1728.92,1742.52,1720.02,1733.59,6150308
2019-12-08,1733.59,1734.82,1720.69,1721.91,1711248
2019-12-09,1721.91,1723.65,1709.69,1711.42,2010871
2019-12-10,1711.42,1717.92,1704.63,1711.13,4802263
2019-12-11,1711.13,1732.07,1699.94,1720.81,7542215
2019-12-12,1720.81,1725.69,1712.13,1716.99,3835665
2019-12-15,1716.99,1717.36,1703.25,1703.62,1213477
2019-12-16,1703.62,1709.14,1695.79,1701.31,4243552
2019-12-17,1701.31,1704.67,1691.08,1694.43,2975274
2019-12-18,1694.43,1710.77,1684.74,1701.04,6717283
2019-12-19,1701.04,1704.70,1691.14,1694.78,3148593
2019-12-22,1694.78,1697.77,1684.18,1687.16,2763031
2019-12-23,1687.16,1713.67,1674.26,1700.66,8647016
2019-12-24,1700.66,1721.73,1689.46,1710.46,7590672
2019-12-25,1710.46,1725.96,1701.00,1716.47,6532270
2019-12-26,1716.47,1718.76,1704.91,1707.19,2336008
2019-12-29,1707.19,1713.93,1700.52,1707.27,4903120
2019-12-30,1707.27,1708.32,1694.39,1695.43,1616323
2019-12-31,1695.43,1713.91,1685.06,1703.49,7117592
2020-01-01,1703.49,1718.33,1694.26,1709.06,6419272
2020-01-02,1709.06,1728.94,1698.21,1718.03,7348525
2020-01-05,1718.03,1720.31,1706.44,1708.70,2325102
2020-01-06,1708.70,1729.24,1697.64,1718.12,7472462
2020-01-07,1718.12,1721.66,1707.95,1711.48,3062208
2020-01-08,1711.48,1731.07,1700.71,1720.25,7291872
2020-01-09,1720.25,1724.37,1710.72,1714.83,3396021
2020-01-12,1714.83,1738.77,1702.67,1726.53,8090706
2020-01-13,1726.53,1727.13,1712.98,1713.58,1351234
2020-01-14,1713.58,1723.68,1705.83,1715.92,5523285
2020-01-15,1715.92,1717.24,1703.26,1704.57,1767352
2020-01-16,1704.57,1709.41,1695.97,1700.79,3836522
2020-01-19,1700.79,1701.11,1687.13,1687.45,1187585
2020-01-20,1687.45,1691.54,1678.15,1682.23,3425480
2020-01-21,1682.23,1684.05,1670.42,1672.23,2081069
2020-01-22,1672.23,1673.43,1659.80,1661.00,1722256
2020-01-23,1661.00,1685.80,1648.72,1673.42,8398422
2020-01-26,1673.42,1693.25,1662.68,1682.45,7418209
2020-01-27,1682.45,1684.91,1671.35,1673.80,2460631
2020-01-28,1673.80,1678.85,1665.69,1670.74,4019513
2020-01-29,1670.74,1689.29,1660.41,1678.91,7181275
2020-01-30,1678.91,1695.20,1669.28,1685.53,6736042
2020-02-02,1685.53,1686.58,1672.82,1673.86,1622085
2020-02-03,1673.86,1680.06,1667.04,1673.23,4703600
2020-02-04,1673.23,1674.71,1661.11,1662.57,1881824
2020-02-05,1662.57,1668.46,1655.49,1661.37,4539471
2020-02-06,1661.37,1665.22,1652.02,1655.86,3318518
2020-02-09,1655.86,1674.50,1645.54,1664.13,7231310
2020-02-10,1664.13,1687.44,1652.31,1675.54,8105006
2020-02-11,1675.54,1689.81,1666.56,1680.80,6359362
2020-02-12,1680.80,1682.68,1669.07,1670.94,2117832
2020-02-13,1670.94,1691.96,1659.82,1680.78,7652023
2020-02-16,1680.78,1681.05,1667.23,1667.49,1159465
2020-02-17,1667.49,1679.16,1659.36,1671.02,5874725
2020-02-18,1671.02,1686.06,1661.80,1676.82,6513854
2020-02-19,1676.82,1694.75,1666.67,1684.56,7052160
2020-02-20,1684.56,1696.14,1676.41,1687.98,5835322
2020-02-23,1687.98,1711.19,1676.12,1699.26,8023834
2020-02-24,1699.26,1703.28,1689.79,1693.81,3370781
2020-02-25,1693.81,1702.78,1686.47,1695.44,5332956
2020-02-26,1695.44,1716.04,1684.39,1704.93,7515294
2020-02-27,1704.93,1705.70,1691.74,1692.50,1448662
2020-03-01,1692.50,1714.05,1681.16,1702.64,7700960
2020-03-02,1702.64,1727.65,1690.18,1715.10,8321570
2020-03-03,1715.10,1721.30,1707.94,1714.15,4619135
2020-03-04,1714.15,1739.06,1701.68,1726.50,8272668
2020-03-05,1726.50,1738.05,1718.26,1729.79,5775994
2020-03-08,1729.79,1754.62,1717.31,1742.05,8215534
2020-03-09,1742.05,1744.46,1730.41,1732.80,2381412
2020-03-10,1732.80,1736.64,1722.84,1726.66,3211899
2020-03-11,1726.66,1747.95,1715.31,1736.53,7571193
2020-03-12,1736.53,1737.16,1722.93,1723.55,1360528
2020-03-15,1723.55,1728.65,1715.09,1720.19,3962620
2020-03-16,1720.19,1733.01,1711.55,1724.35,6019444
2020-03-17,1724.35,1750.88,1711.34,1737.78,8543347
2020-03-18,1737.78,1741.88,1728.08,1732.17,3361488
2020-03-19,1732.17,1749.83,1721.96,1739.58,6893621
2020-03-22,1739.58,1743.52,1729.68,1733.60,3263203
2020-03-23,1733.60,1740.09,1726.61,1733.09,4741838
2020-03-24,1733.09,1743.33,1725.25,1735.48,5527057
2020-03-25,1735.48,1742.16,1728.69,1735.38,4853429
2020-03-26,1735.38,1739.61,1725.84,1730.06,3437002
2020-03-29,1730.06,1738.79,1722.70,1731.43,5253086
2020-03-30,1731.43,1758.64,1718.19,1745.29,8647359
2020-03-31,1745.29,1748.40,1734.41,1737.50,2780315
2020-04-01,1737.50,1738.21,1723.97,1724.67,1405041
2020-04-02,1724.67,1726.36,1712.36,1714.04,1978326
2020-04-05,1714.04,1727.27,1705.29,1718.50,6105109
2020-04-06,1718.50,1727.52,1711.08,1720.09,5316255
2020-04-07,1720.09,1725.56,1712.07,1717.53,4179663
2020-04-08,1717.53,1745.05,1704.23,1731.64,8744718
2020-04-09,1731.64,1737.39,1723.84,1729.58,4320061
2020-04-12,1729.58,1732.32,1718.42,1721.14,2584705
2020-04-13,1721.14,1734.04,1712.48,1725.36,6032475
2020-04-14,1725.36,1726.65,1712.60,1713.88,1749794
2020-04-15,1713.88,1740.16,1700.98,1727.16,8526783
2020-04-16,1727.16,1727.68,1713.51,1714.03,1301714
2020-04-19,1714.03,1742.54,1700.42,1728.81,8938786
2020-04-20,1728.81,1729.40,1715.22,1715.81,1339231
2020-04-21,1715.81,1727.87,1707.42,1719.47,5885768
2020-04-22,1719.47,1727.98,1712.22,1720.72,5220370
2020-04-23,1720.72,1746.17,1708.06,1733.42,8355384
2020-04-26,1733.42,1752.32,1722.82,1741.67,7117969
2020-04-27,1741.67,1743.28,1729.14,1730.74,1927880
2020-04-28,1730.74,1759.36,1717.05,1745.56,8908573
2020-04-29,1745.56,1771.25,1732.76,1758.36,8331652
2020-04-30,1758.36,1760.81,1746.64,1749.08,2394650
2020-05-03,1749.08,1763.83,1739.75,1754.47,6332133
2020-05-04,1754.47,1761.25,1747.63,1754.40,4860150
2020-05-05,1754.40,1756.07,1741.83,1743.49,1954012
2020-05-06,1743.49,1748.65,1734.93,1740.08,3959396
2020-05-07,1740.08,1764.08,1727.84,1751.75,8036796
2020-05-10,1751.75,1756.90,1743.11,1748.25,3939300
2020-05-11,1748.25,1756.37,1741.04,1749.16,5123696
2020-05-12,1749.16,1757.67,1741.82,1750.33,5194924
2020-05-13,1750.33,1755.02,1741.19,1745.88,3683847
2020-05-14,1745.88,1754.17,1738.62,1746.91,5158367
2020-05-17,1746.91,1768.98,1735.26,1757.26,7667866
2020-05-18,1757.26,1763.45,1749.74,1755.92,4520987
2020-05-19,1755.92,1776.60,1744.69,1765.31,7396742
2020-05-20,1765.31,1768.47,1754.32,1757.47,2788957
2020-05-21,1757.47,1758.84,1744.53,1745.90,1784053
2020-05-24,1745.90,1765.24,1735.13,1754.41,7172153
2020-05-25,1754.41,1755.97,1741.71,1743.27,1891529
2020-05-26,1743.27,1760.57,1733.14,1750.40,6806378
2020-05-27,1750.40,1773.34,1738.47,1761.33,7817935
2020-05-28,1761.33,1787.13,1748.46,1774.16,8308916
2020-05-31,1774.16,1792.41,1763.66,1781.86,6921296
2020-06-01,1781.86,1788.39,1774.52,1781.05,4667421
2020-06-02,1781.05,1781.72,1767.13,1767.79,1374451
2020-06-03,1767.79,1777.87,1759.90,1769.97,5462139
2020-06-04,1769.97,1770.07,1755.49,1755.58,1053943
2020-06-07,1755.58,1781.92,1742.55,1768.80,8421467
2020-06-08,1768.80,1780.55,1760.37,1772.11,5762242
2020-06-09,1772.11,1798.08,1759.16,1785.03,8310836
2020-06-10,1785.03,1813.85,1771.14,1799.84,8783299
2020-06-11,1799.84,1803.72,1789.37,1793.24,3154938
2020-06-14,1793.24,1805.21,1784.68,1796.64,5771433
2020-06-15,1796.64,1808.75,1788.02,1800.12,5793278
2020-06-16,1800.12,1830.26,1785.77,1815.78,8973559
2020-06-17,1815.78,1822.63,1808.51,1815.35,4769067
2020-06-18,1815.35,1818.59,1804.05,1807.27,2784739
2020-06-21,1807.27,1810.07,1795.54,1798.33,2551440
2020-06-22,1798.33,1826.53,1784.59,1812.69,8637071
2020-06-23,1812.69,1816.48,1802.02,1805.79,3091015
2020-06-24,1805.79,1809.81,1795.43,1799.43,3221913
2020-06-25,1799.43,1806.11,1792.11,1798.78,4708779
2020-06-28,1798.78,1800.66,1786.07,1787.94,2045438
2020-06-29,1787.94,1802.95,1778.43,1793.41,6318312
2020-06-30,1793.41,1799.36,1785.32,1791.26,4317524
2020-07-01,1791.26,1794.81,1780.50,1784.04,2981344
2020-07-02,1784.04,1803.80,1773.02,1792.73,7173971
2020-07-05,1792.73,1795.95,1781.59,1784.80,2796639
2020-07-06,1784.80,1785.21,1770.55,1770.96,1232064
2020-07-07,1770.96,1771.18,1756.60,1756.82,1122222
2020-07-08,1756.82,1761.18,1747.25,1751.59,3479458
2020-07-09,1751.59,1776.27,1739.10,1763.69,8130932
2020-07-12,1763.69,1785.02,1752.23,1773.50,7496399
2020-07-13,1773.50,1774.74,1760.28,1761.51,1699314
2020-07-14,1761.51,1765.05,1750.99,1754.52,3011282
2020-07-15,1754.52,1765.45,1746.39,1757.31,5629835
2020-07-16,1757.31,1785.71,1743.62,1771.91,8789540
2020-07-19,1771.91,1780.60,1764.46,1773.14,5206447
2020-07-20,1773.14,1791.01,1762.76,1780.58,6855864
2020-07-21,1780.58,1786.07,1772.09,1777.57,4083470
2020-07-22,1777.57,1779.44,1765.02,1766.88,2049759
2020-07-23,1766.88,1782.76,1757.15,1772.99,6507818
2020-07-26,1772.99,1791.19,1762.51,1780.66,6914437
2020-07-27,1780.66,1787.56,1773.74,1780.64,4874554
2020-07-28,1780.64,1804.53,1768.32,1792.13,7919032
2020-07-29,1792.13,1798.61,1784.65,1791.13,4615775
2020-07-30,1791.13,1791.15,1776.39,1776.41,1014163
2020-08-02,1776.41,1791.90,1766.78,1782.24,6422839
2020-08-03,1782.24,1809.54,1768.83,1796.03,8520816
2020-08-04,1796.03,1797.47,1782.85,1784.28,1801920
2020-08-05,1784.28,1793.85,1776.51,1786.07,5352572
2020-08-06,1786.07,1799.07,1777.21,1790.18,5962894
2020-08-09,1790.18,1792.99,1778.60,1781.40,2571159
2020-08-10,1781.40,1805.99,1768.85,1793.37,8041563
2020-08-11,1793.37,1819.45,1780.32,1806.31,8275342
2020-08-12,1806.31,1823.37,1796.09,1813.12,6655212
2020-08-13,1813.12,1814.61,1799.86,1801.34,1823148
2020-08-16,1801.34,1804.57,1790.13,1793.35,2791495
2020-08-17,1793.35,1794.04,1779.35,1780.04,1387414
2020-08-18,1780.04,1793.37,1771.08,1784.39,6030658
2020-08-19,1784.39,1813.54,1770.39,1799.42,8844684
2020-08-20,1799.42,1813.30,1790.24,1804.09,6101097
2020-08-23,1804.09,1828.75,1791.47,1816.04,7997427
2020-08-24,1816.04,1828.15,1807.38,1819.47,5768244
2020-08-25,1819.47,1845.10,1806.50,1832.04,8129595
2020-08-26,1832.04,1835.80,1821.18,1824.94,3056790
2020-08-27,1824.94,1832.11,1817.83,1825.00,4895507
2020-08-30,1825.00,1828.29,1813.67,1816.96,2806241
2020-08-31,1816.96,1819.76,1805.14,1807.93,2542078
2020-09-01,1807.93,1808.94,1794.17,1795.17,1559807
2020-09-02,1795.17,1796.01,1781.32,1782.14,1464368
2020-09-03,1782.14,1783.55,1769.04,1770.43,1786625
2020-09-06,1770.43,1789.60,1759.64,1778.76,7094478
2020-09-07,1778.76,1799.94,1767.31,1788.43,7437311
2020-09-08,1788.43,1794.01,1779.98,1785.55,4123765
2020-09-09,1785.55,1814.65,1771.57,1800.55,8832853
2020-09-10,1800.55,1825.51,1787.84,1812.71,8058401
2020-09-13,1812.71,1819.78,1805.67,1812.74,4886831
2020-09-14,1812.74,1814.75,1800.06,1802.06,2108264
2020-09-15,1802.06,1819.12,1791.86,1808.88,6660973
2020-09-16,1808.88,1830.26,1797.29,1818.60,7409156
2020-09-17,1818.60,1833.50,1809.05,1823.91,6254046
2020-09-20,1823.91,1840.71,1813.74,1830.50,6578360
2020-09-21,1830.50,1849.91,1819.47,1838.84,7024074
2020-09-22,1838.84,1867.48,1824.85,1853.39,8603532
2020-09-23,1853.39,1857.36,1842.59,1846.55,3143895
2020-09-24,1846.55,1866.37,1835.35,1855.12,7064917
2020-09-27,1855.12,1861.60,1847.12,1853.58,4490054
2020-09-28,1853.58,1877.13,1841.18,1864.66,7690912
2020-09-29,1864.66,1868.13,1853.21,1856.67,2865020
2020-09-30,1856.67,1866.01,1848.79,1858.12,5246947
2020-10-01,1858.12,1880.92,1845.94,1868.67,7552743
2020-10-04,1868.67,1881.07,1859.78,1872.16,5757716
2020-10-05,1872.16,1887.22,1862.41,1877.44,6207544
2020-10-06,1877.44,1891.69,1867.93,1882.16,6062722
2020-10-07,1882.16,1886.07,1871.05,1874.94,3076337
2020-10-08,1874.94,1878.14,1863.10,1866.28,2705178
2020-10-11,1866.28,1883.32,1855.91,1872.92,6554183
2020-10-12,1872.92,1887.67,1863.27,1877.99,6154218
2020-10-13,1877.99,1892.30,1868.46,1882.75,6073182
2020-10-14,1882.75,1889.08,1874.35,1880.67,4360459
2020-10-15,1880.67,1883.16,1867.98,1870.46,2324691
2020-10-18,1870.46,1875.41,1860.62,1865.55,3644890
2020-10-19,1865.55,1868.94,1853.99,1857.37,2814883
2020-10-20,1857.37,1860.93,1846.08,1849.63,2921090
2020-10-21,1849.63,1867.68,1838.99,1857.00,6753635
2020-10-22,1857.00,1866.36,1849.10,1858.46,5250788
2020-10-25,1858.46,1862.69,1847.91,1852.13,3276748
2020-10-26,1852.13,1855.34,1840.48,1843.68,2732750
2020-10-27,1843.68,1863.10,1832.61,1851.99,7001508
2020-10-28,1851.99,1869.90,1841.39,1859.25,6725000
2020-10-29,1859.25,1862.81,1847.94,1851.49,2915569
2020-11-01,1851.49,1855.93,1841.24,1845.67,3400377
2020-11-02,1845.67,1874.39,1831.64,1860.26,8599176
2020-11-03,1860.26,1863.30,1848.35,1851.38,2635425
2020-11-04,1851.38,1863.79,1842.53,1854.93,5780727
2020-11-05,1854.93,1860.92,1846.39,1852.37,4232613
2020-11-08,1852.37,1861.57,1844.55,1853.73,5225651
2020-11-09,1853.73,1854.62,1839.45,1840.33,1475891
2020-11-10,1840.33,1847.92,1833.04,1840.63,4958641
2020-11-11,1840.63,1854.35,1831.39,1845.09,6019581
2020-11-12,1845.09,1846.60,1831.59,1833.09,1819204
2020-11-15,1833.09,1847.28,1823.72,1837.88,6110596
2020-11-16,1837.88,1865.05,1824.37,1851.44,8350548
2020-11-17,1851.44,1853.56,1838.57,1840.67,2143998
2020-11-18,1840.67,1844.39,1829.70,1833.40,3021810
2020-11-19,1833.40,1855.89,1821.39,1843.81,7551886
2020-11-22,1843.81,1856.19,1834.99,1847.35,5783607
2020-11-23,1847.35,1866.96,1836.22,1855.78,7025617
2020-11-24,1855.78,1875.07,1844.72,1863.97,6956927
2020-11-25,1863.97,1889.88,1850.79,1876.61,8071364
2020-11-26,1876.61,1887.27,1868.25,1878.90,5455349
2020-11-29,1878.90,1880.59,1865.32,1867.00,1899005
2020-11-30,1867.00,1873.24,1858.63,1864.86,4340603
2020-12-01,1864.86,1866.06,1850.85,1852.04,1644341
2020-12-02,1852.04,1857.06,1842.43,1847.44,3711454
2020-12-03,1847.44,1860.66,1838.34,1851.54,5924657
2020-12-06,1851.54,1870.61,1840.57,1859.59,6925925
2020-12-07,1859.59,1883.43,1847.08,1870.84,7727606
2020-12-08,1870.84,1897.35,1857.45,1883.87,8156858
2020-12-09,1883.87,1913.39,1869.49,1898.90,8633436
2020-12-10,1898.90,1899.43,1883.84,1884.37,1280795
2020-12-13,1884.37,1900.49,1874.25,1890.34,6370541
2020-12-14,1890.34,1892.42,1877.11,1879.18,2100205
2020-12-15,1879.18,1884.26,1869.41,1874.48,3704355
2020-12-16,1874.48,1879.91,1865.15,1870.57,3899039
2020-12-17,1870.57,1888.27,1859.99,1877.65,6659567
2020-12-20,1877.65,1880.15,1864.99,1867.48,2331618
2020-12-21,1867.48,1873.22,1858.55,1864.29,4075685
2020-12-22,1864.29,1865.49,1850.28,1851.47,1644855
2020-12-23,1851.47,1879.68,1837.59,1865.70,8495919
2020-12-24,1865.70,1868.00,1852.92,1855.21,2233813
2020-12-27,1855.21,1871.19,1845.21,1861.16,6389403
2020-12-28,1861.16,1862.14,1846.93,1847.91,1530589
2020-12-29,1847.91,1849.22,1834.15,1835.45,1706755
2020-12-30,1835.45,1861.86,1822.19,1848.50,8226543
2020-12-31,1848.50,1878.26,1834.14,1863.78,8768964
2021-01-03,1863.78,1876.55,1854.78,1867.53,5827846
2021-01-04,1867.53,1870.31,1855.28,1858.05,2489609
2021-01-05,1858.05,1859.06,1843.87,1844.88,1544375
2021-01-06,1844.88,1846.59,1831.61,1833.31,1930418
2021-01-07,1833.31,1861.34,1819.54,1847.46,8511934
2021-01-10,1847.46,1868.02,1836.03,1856.53,7190157
2021-01-11,1856.53,1857.18,1841.95,1842.60,1347805
2021-01-12,1842.60,1854.06,1834.07,1845.52,5626851
2021-01-13,1845.52,1853.60,1838.06,1846.15,5039643
2021-01-14,1846.15,1867.99,1834.31,1856.08,7413340
2021-01-17,1856.08,1864.96,1848.35,1857.22,5167695
2021-01-18,1857.22,1873.43,1847.14,1863.32,6426165
2021-01-19,1863.32,1885.64,1851.28,1873.54,7460356
2021-01-20,1873.54,1876.29,1861.20,1863.93,2467798
2021-01-21,1863.93,1881.71,1853.34,1871.08,6683058
2021-01-24,1871.08,1878.23,1863.70,1870.85,4822187
2021-01-25,1870.85,1901.50,1856.14,1886.67,8860493
2021-01-26,1886.67,1886.94,1871.42,1871.69,1143655
2021-01-27,1871.69,1875.12,1860.13,1863.55,2832167
2021-01-28,1863.55,1868.54,1853.81,1858.79,3679115
2021-01-31,1858.79,1859.05,1843.76,1844.02,1141289
2021-02-01,1844.02,1851.07,1836.75,1843.80,4823628
2021-02-02,1843.80,1858.92,1834.11,1849.20,6256995
2021-02-03,1849.20,1851.06,1836.06,1837.92,2009293
2021-02-04,1837.92,1852.25,1828.49,1842.80,6129903
2021-02-07,1842.80,1848.19,1833.68,1839.07,3927469
2021-02-08,1839.07,1858.91,1827.89,1847.67,7081001
2021-02-09,1847.67,1849.67,1834.70,1836.69,2084327
2021-02-10,1836.69,1861.95,1823.79,1848.96,8023868
2021-02-11,1848.96,1853.94,1839.33,1844.29,3689746
2021-02-14,1844.29,1849.86,1835.36,1840.92,4020233
2021-02-15,1840.92,1853.83,1831.93,1844.83,5879526
2021-02-16,1844.83,1848.83,1834.13,1838.12,3168861
2021-02-17,1838.12,1859.04,1826.59,1847.46,7270953
2021-02-18,1847.46,1877.54,1833.00,1862.96,8827777
2021-02-21,1862.96,1893.43,1848.33,1878.68,8851680
2021-02-22,1878.68,1899.47,1867.09,1887.82,7169821
2021-02-23,1887.82,1893.87,1879.07,1885.10,4201954
2021-02-24,1885.10,1911.31,1871.77,1897.89,8071536
2021-02-25,1897.89,1918.17,1886.40,1906.64,7050171
2021-02-28,1906.64,1911.09,1895.94,1900.38,3335390
2021-03-01,1900.38,1906.39,1891.48,1897.48,4161762
2021-03-02,1897.48,1899.84,1884.51,1886.86,2245336
2021-03-03,1886.86,1887.92,1872.50,1873.55,1561419
2021-03-04,1873.55,1901.86,1859.58,1887.79,8455692
2021-03-07,1887.79,1893.62,1878.79,1884.61,4088648
2021-03-08,1884.61,1886.90,1871.66,1873.93,2213374
2021-03-09,1873.93,1901.25,1860.28,1887.50,8286659
2021-03-10,1887.50,1912.80,1874.45,1899.67,7913443
2021-03-11,1899.67,1929.38,1885.18,1914.78,8624588
2021-03-14,1914.78,1934.88,1903.32,1923.36,6987997
2021-03-15,1923.36,1923.46,1907.62,1907.72,1053052
2021-03-16,1907.72,1934.58,1894.12,1920.89,8128395
2021-03-17,1920.89,1946.51,1907.65,1933.18,7893038
2021-03-18,1933.18,1936.74,1921.26,1924.81,2840809
2021-03-21,1924.81,1930.69,1915.57,1921.45,4058127
2021-03-22,1921.45,1937.67,1911.20,1927.39,6335116
2021-03-23,1927.39,1957.45,1912.72,1942.66,8610048
2021-03-24,1942.66,1967.69,1929.56,1954.50,7747119
2021-03-25,1954.50,1966.79,1945.42,1957.69,5647565
2021-03-28,1957.69,1970.28,1948.50,1961.08,5694101
2021-03-29,1961.08,1978.83,1950.23,1967.95,6528703
2021-03-30,1967.95,1968.27,1952.09,1952.40,1163717
2021-03-31,1952.40,1963.32,1943.76,1954.67,5426303
2021-04-01,1954.67,1960.02,1944.59,1949.92,3736213
2021-04-04,1949.92,1956.19,1940.91,1947.17,4216906
2021-04-05,1947.17,1951.34,1935.82,1939.97,3139986
2021-04-06,1939.97,1943.28,1927.71,1931.00,2702983
2021-04-07,1931.00,1933.20,1917.57,1919.76,2140466
2021-04-08,1919.76,1922.00,1906.47,1908.70,2168484
2021-04-11,1908.70,1927.37,1897.70,1916.33,6762345
2021-04-12,1916.33,1932.11,1906.24,1921.98,6267729
2021-04-13,1921.98,1935.25,1912.67,1925.92,5845130
2021-04-14,1925.92,1930.25,1914.93,1919.24,3247633
2021-04-15,1919.24,1924.87,1909.76,1915.38,3932030
2021-04-18,1915.38,1916.34,1900.68,1901.63,1503257
2021-04-19,1901.63,1906.37,1891.30,1896.02,3492181
2021-04-20,1896.02,1912.82,1885.66,1902.42,6466700
2021-04-21,1902.42,1931.29,1888.19,1916.96,8476200
2021-04-22,1916.96,1920.46,1905.11,1908.60,2829320
2021-04-25,1908.60,1908.99,1893.31,1893.70,1205075
2021-04-26,1893.70,1908.27,1884.04,1898.60,6097290
2021-04-27,1898.60,1905.42,1890.62,1897.44,4592386
2021-04-28,1897.44,1920.29,1885.14,1907.92,7480486
2021-04-29,1907.92,1920.23,1898.95,1911.24,5699862
2021-05-02,1911.24,1917.20,1902.19,1908.14,4114711
2021-05-03,1908.14,1915.06,1900.19,1907.11,4626268
2021-05-04,1907.11,1910.19,1894.87,1897.94,2617249
2021-05-05,1897.94,1905.02,1890.26,1897.33,4729629
2021-05-06,1897.33,1902.98,1888.05,1893.69,3975754
2021-05-09,1893.69,1920.67,1880.08,1906.98,8182784
2021-05-10,1906.98,1908.45,1892.92,1894.38,1770473
2021-05-11,1894.38,1925.43,1879.48,1910.41,8862277
2021-05-12,1910.41,1911.80,1896.23,1897.62,1729801
2021-05-13,1897.62,1915.04,1887.05,1904.43,6570576
2021-05-16,1904.43,1922.21,1893.73,1911.47,6619170
2021-05-17,1911.47,1914.52,1899.15,1902.18,2591632
2021-05-18,1902.18,1919.00,1891.79,1908.58,6463271
2021-05-19,1908.58,1938.16,1894.11,1923.58,8579766
2021-05-20,1923.58,1938.42,1913.77,1928.58,6101611
2021-05-23,1928.58,1935.87,1920.88,1928.17,4781893
2021-05-24,1928.17,1930.25,1914.63,1916.69,2077400
2021-05-25,1916.69,1940.45,1904.05,1927.74,7593072
2021-05-26,1927.74,1935.18,1920.22,1927.66,4859773
2021-05-27,1927.66,1944.60,1917.16,1934.07,6445404
2021-05-30,1934.07,1936.78,1921.18,1923.88,2399348
2021-05-31,1923.88,1925.86,1910.26,1912.23,2030246
2021-06-01,1912.23,1912.26,1896.50,1896.53,1017112
2021-06-02,1896.53,1898.15,1882.72,1884.33,1853772
2021-06-03,1884.33,1907.89,1871.85,1895.33,7626646
2021-06-06,1895.33,1904.14,1887.51,1896.32,5125857
2021-06-07,1896.32,1896.87,1881.31,1881.85,1289677
2021-06-08,1881.85,1913.41,1866.83,1898.26,8982304
2021-06-09,1898.26,1912.91,1888.57,1903.20,6104972
2021-06-10,1903.20,1908.99,1894.03,1899.80,4040397
2021-06-13,1899.80,1900.62,1885.07,1885.88,1430555
2021-06-14,1885.88,1907.45,1874.02,1895.53,7287791
2021-06-15,1895.53,1906.20,1887.11,1897.78,5439266
2021-06-16,1897.78,1904.05,1889.20,1895.46,4304732
2021-06-17,1895.46,1901.16,1886.26,1891.95,4007647
2021-06-20,1891.95,1922.70,1877.15,1907.78,8819615
2021-06-21,1907.78,1915.53,1900.27,1908.02,4938168
2021-06-22,1908.02,1931.70,1895.43,1919.04,7597873
2021-06-23,1919.04,1920.03,1904.34,1905.32,1514780
2021-06-24,1905.32,1923.37,1894.53,1912.54,6664197
2021-06-27,1912.54,1923.03,1904.14,1914.62,5391803
2021-06-28,1914.62,1918.18,1902.85,1906.39,2858093
2021-06-29,1906.39,1913.67,1898.86,1906.14,4816152
2021-06-30,1906.14,1936.54,1891.42,1921.70,8722770
2021-07-01,1921.70,1949.09,1907.90,1935.19,8182887
2021-07-04,1935.19,1938.53,1923.01,1926.34,2727366
2021-07-05,1926.34,1934.08,1918.78,1926.52,4924108
2021-07-06,1926.52,1933.88,1918.92,1926.28,4822496
2021-07-07,1926.28,1931.54,1916.33,1921.58,3731172
2021-07-08,1921.58,1931.74,1913.26,1923.41,5329149
2021-07-11,1923.41,1929.40,1914.29,1920.27,4110253
2021-07-12,1920.27,1924.42,1909.12,1913.25,3160905
2021-07-13,1913.25,1923.02,1905.08,1914.84,5271227
2021-07-14,1914.84,1915.57,1899.88,1900.60,1379492
2021-07-15,1900.60,1906.97,1892.10,1898.46,4349897
2021-07-18,1898.46,1924.92,1885.01,1911.38,8083676
2021-07-19,1911.38,1937.30,1898.07,1923.91,7963545
2021-07-20,1923.91,1927.05,1911.59,1914.71,2631481
2021-07-21,1914.71,1914.91,1899.14,1899.33,1099828
2021-07-22,1899.33,1903.50,1888.38,1892.54,3195747
2021-07-25,1892.54,1893.18,1877.66,1878.30,1338991
2021-07-26,1878.30,1883.28,1868.43,1873.40,3653017
2021-07-27,1873.40,1889.65,1863.26,1879.49,6409430
2021-07-28,1879.49,1884.76,1869.94,1875.20,3805761
2021-07-29,1875.20,1879.09,1864.13,1868.01,3076577
2021-08-01,1868.01,1875.60,1860.65,1868.24,4937928
2021-08-02,1868.24,1878.33,1860.08,1870.17,5365123
2021-08-03,1870.17,1873.35,1858.35,1861.52,2703840
2021-08-04,1861.52,1863.59,1848.52,1850.58,2114574
2021-08-05,1850.58,1851.23,1836.05,1836.70,1350411
2021-08-08,1836.70,1849.52,1827.76,1840.56,5868141
2021-08-09,1840.56,1841.06,1825.95,1826.45,1272702
2021-08-10,1826.45,1830.27,1815.71,1819.52,3094958
2021-08-11,1819.52,1843.85,1806.96,1831.21,7902812
2021-08-12,1831.21,1843.28,1822.52,1834.57,5745644
2021-08-15,1834.57,1847.74,1825.53,1838.68,5932098
2021-08-16,1838.68,1844.45,1830.02,1835.79,4141186
2021-08-17,1835.79,1839.22,1824.52,1827.94,2866735
2021-08-18,1827.94,1836.83,1820.27,1829.16,5195164
2021-08-19,1829.16,1842.20,1820.17,1833.19,5916598
2021-08-22,1833.19,1838.63,1824.21,1829.64,3969307
2021-08-23,1829.64,1835.53,1821.19,1827.07,4217489
2021-08-24,1827.07,1855.29,1813.25,1841.36,8562379
2021-08-25,1841.36,1847.60,1833.20,1839.43,4386694
2021-08-26,1839.43,1854.95,1829.62,1845.11,6332407
2021-08-29,1845.11,1866.93,1833.28,1855.04,7411865
2021-08-30,1855.04,1877.21,1843.07,1865.18,7452229
2021-08-31,1865.18,1884.08,1854.22,1873.08,6873251
2021-09-01,1873.08,1885.74,1864.09,1876.73,5798388
2021-09-02,1876.73,1905.35,1862.66,1891.17,8499245
2021-09-05,1891.17,1891.49,1875.94,1876.27,1173353
2021-09-06,1876.27,1896.36,1864.91,1884.94,7055281
2021-09-07,1884.94,1888.45,1873.36,1876.86,2861076
2021-09-08,1876.86,1905.87,1862.66,1891.56,8566049
2021-09-09,1891.56,1908.60,1881.12,1898.13,6515877
2021-09-12,1898.13,1899.79,1884.35,1886.00,1871056
2021-09-13,1886.00,1914.07,1872.07,1900.04,8384670
2021-09-14,1900.04,1923.12,1887.67,1910.67,7513511
2021-09-15,1910.67,1941.99,1895.65,1926.84,8862517
2021-09-16,1926.84,1932.55,1917.39,1923.09,3962551
2021-09-19,1923.09,1933.57,1914.66,1925.14,5381515
2021-09-20,1925.14,1929.31,1913.98,1918.14,3168792
2021-09-21,1918.14,1936.13,1907.33,1925.28,6633024
2021-09-22,1925.28,1930.01,1914.74,1919.44,3453223
2021-09-23,1919.44,1925.44,1910.37,1916.36,4123216
2021-09-26,1916.36,1921.59,1906.45,1911.67,3729423
2021-09-27,1911.67,1920.18,1903.91,1912.41,5061968
2021-09-28,1912.41,1932.91,1900.82,1921.27,7059122
2021-09-29,1921.27,1939.00,1910.54,1928.23,6585082
2021-09-30,1928.23,1939.71,1919.47,1930.94,5541083
2021-10-03,1930.94,1953.15,1918.75,1940.91,7309842
2021-10-04,1940.91,1943.88,1928.27,1931.23,2533333
2021-10-05,1931.23,1959.00,1917.28,1944.95,8223902
2021-10-06,1944.95,1972.83,1930.93,1958.71,8208710
2021-10-07,1958.71,1962.45,1946.78,1950.50,2907510
2021-10-10,1950.50,1979.90,1935.98,1965.27,8443758
2021-10-11,1965.27,1974.18,1957.23,1966.14,5089060
2021-10-12,1966.14,1970.16,1954.46,1958.46,3040946
2021-10-13,1958.46,1959.51,1943.50,1944.53,1533984
2021-10-14,1944.53,1945.09,1929.13,1929.68,1284224
2021-10-17,1929.68,1945.56,1919.51,1935.36,6266975
2021-10-18,1935.36,1954.70,1924.08,1943.38,6827914
2021-10-19,1943.38,1970.73,1929.52,1956.79,8127537
2021-10-20,1956.79,1983.05,1943.25,1969.42,7918930
2021-10-21,1969.42,1974.66,1959.09,1964.31,3658882
2021-10-24,1964.31,1972.38,1956.55,1964.61,4952331
2021-10-25,1964.61,1969.19,1953.58,1958.14,3330144
2021-10-26,1958.14,1962.77,1947.21,1951.82,3360219
2021-10-27,1951.82,1955.90,1940.34,1944.40,3091941
2021-10-28,1944.40,1949.91,1934.58,1940.08,3833950
2021-10-31,1940.08,1940.60,1924.67,1925.18,1265260
2021-11-01,1925.18,1938.68,1915.79,1929.27,5879698
2021-11-02,1929.27,1936.53,1921.53,1928.79,4763683
2021-11-03,1928.79,1959.47,1913.93,1944.48,8707338
2021-11-04,1944.48,1975.05,1929.61,1960.05,8648936
2021-11-07,1960.05,1960.94,1944.90,1945.78,1452674
2021-11-08,1945.78,1954.18,1937.96,1946.36,5019787
2021-11-09,1946.36,1965.22,1935.20,1954.02,6732990
2021-11-10,1954.02,1963.77,1945.75,1955.49,5234259
2021-11-11,1955.49,1956.54,1940.55,1941.59,1535939
2021-11-14,1941.59,1946.38,1930.99,1935.76,3465192
2021-11-15,1935.76,1940.48,1925.13,1929.84,3441769
2021-11-16,1929.84,1930.98,1915.22,1916.35,1589128
2021-11-17,1916.35,1918.60,1903.10,1905.35,2178875
2021-11-18,1905.35,1927.86,1893.14,1915.58,7408539
2021-11-21,1915.58,1944.87,1901.19,1930.37,8512688
2021-11-22,1930.37,1945.90,1920.32,1935.82,6207373
2021-11-23,1935.82,1942.53,1927.41,1934.12,4467901
2021-11-24,1934.12,1935.36,1919.57,1920.80,1639951
2021-11-25,1920.80,1924.42,1909.05,1912.66,2884019
2021-11-28,1912.66,1926.51,1903.18,1917.02,5953189
2021-11-29,1917.02,1945.07,1903.02,1930.97,8304252
2021-11-30,1930.97,1935.88,1920.58,1925.48,3542146
2021-12-01,1925.48,1946.95,1913.54,1934.96,7197736
2021-12-02,1934.96,1960.44,1921.73,1947.13,7838923
2021-12-05,1947.13,1952.03,1936.60,1941.48,3515089
2021-12-06,1941.48,1946.40,1931.02,1935.93,3534876
2021-12-07,1935.93,1940.92,1925.60,1930.57,3577297
2021-12-08,1930.57,1945.67,1920.66,1935.73,6136179
2021-12-09,1935.73,1951.84,1925.47,1941.56,6297942
2021-12-12,1941.56,1961.11,1930.19,1949.70,6852709
2021-12-13,1949.70,1968.63,1938.51,1957.40,6738751
2021-12-14,1957.40,1960.96,1945.28,1948.83,2820267
2021-12-15,1948.83,1957.12,1941.04,1949.32,4998491
2021-12-16,1949.32,1980.01,1934.40,1964.96,8656138
2021-12-19,1964.96,1971.71,1956.36,1963.11,4435185
2021-12-20,1963.11,1963.79,1947.69,1948.37,1347976
2021-12-21,1948.37,1970.25,1936.25,1958.07,7221673
2021-12-22,1958.07,1975.47,1947.34,1964.71,6476028
2021-12-23,1964.71,1986.85,1952.46,1974.54,7234499
2021-12-26,1974.54,1987.70,1965.12,1978.27,5768689
2021-12-27,1978.27,1984.75,1969.26,1975.73,4276131
2021-12-28,1975.73,1977.69,1961.65,1963.60,1991392
2021-12-29,1963.60,1988.17,1950.58,1975.08,7630521
2021-12-30,1975.08,1975.41,1959.17,1959.50,1168827
2022-01-02,1959.50,1967.55,1951.76,1959.80,4951989
2022-01-03,1959.80,1987.47,1945.81,1973.38,8140500
2022-01-04,1973.38,2003.40,1958.60,1988.51,8487448
2022-01-05,1988.51,1993.38,1977.61,1982.46,3449622
2022-01-06,1982.46,1985.70,1969.77,1972.99,2631961
2022-01-09,1972.99,1984.89,1963.99,1975.87,5565329
2022-01-10,1975.87,2007.98,1960.42,1992.40,8817626
2022-01-11,1992.40,1995.26,1979.21,1982.06,2438237
2022-01-12,1982.06,1987.48,1971.83,1977.24,3735802
2022-01-13,1977.24,2006.71,1962.63,1991.99,8389334
2022-01-16,1991.99,1995.76,1979.82,1983.57,2892661
2022-01-17,1983.57,2000.31,1973.00,1989.70,6332201
2022-01-18,1989.70,2001.27,1980.75,1992.31,5498079
2022-01-19,1992.31,2015.35,1979.70,2002.68,7328566
2022-01-20,2002.68,2034.40,1987.28,2018.88,8687860
2022-01-23,2018.88,2023.88,2007.88,2012.86,3477194
2022-01-24,2012.86,2017.05,2000.99,2005.16,3079286
2022-01-25,2005.16,2020.84,1994.86,2010.51,6136111
2022-01-26,2010.51,2023.23,2001.14,2013.84,5660013
2022-01-27,2013.84,2014.81,1998.33,1999.29,1478155
2022-01-30,1999.29,2001.31,1985.09,1987.10,2010288
2022-01-31,1987.10,2010.40,1974.42,1997.65,7379869
2022-02-01,1997.65,2011.53,1987.95,2001.80,5858504
2022-02-02,2001.80,2026.94,1988.51,2013.56,7643724
2022-02-03,2013.56,2019.54,2003.70,2009.67,3970096
2022-02-06,2009.67,2014.80,1998.89,2004.00,3553669
2022-02-07,2004.00,2006.75,1990.58,1993.31,2369753
2022-02-08,1993.31,2012.83,1981.82,2001.29,6764026
2022-02-09,2001.29,2015.44,1991.49,2005.62,5896982
2022-02-10,2005.62,2017.44,1996.55,2008.35,5521707
2022-02-13,2008.35,2012.56,1996.54,2000.74,3094993
2022-02-14,2000.74,2029.50,1986.29,2014.94,8221776
2022-02-15,2014.94,2021.86,2006.12,2013.03,4432921
2022-02-16,2013.03,2019.67,2003.91,2010.53,4296330
2022-02-17,2010.53,2024.52,2000.76,2014.73,5861385
2022-02-20,2014.73,2017.62,2001.39,2004.27,2436728
2022-02-21,2004.27,2017.20,1994.84,2007.76,5701371
2022-02-22,2007.76,2010.07,1993.82,1996.11,2149142
2022-02-23,1996.11,1999.84,1983.86,1987.57,2866460
2022-02-24,1987.57,1990.84,1974.87,1978.13,2643449
2022-02-27,1978.13,2007.78,1963.45,1993.00,8418381
2022-02-28,1993.00,1993.11,1976.69,1976.80,1055452
2022-03-01,1976.80,1994.24,1966.02,1983.42,6455898
2022-03-02,1983.42,1989.38,1973.78,1979.72,4002434
2022-03-03,1979.72,2008.90,1965.20,1994.27,8337037
2022-03-06,1994.27,2001.19,1985.62,1992.54,4472050
2022-03-07,1992.54,2021.26,1978.12,2006.74,8234636
2022-03-08,2006.74,2012.85,1997.08,2003.18,4044547
2022-03-09,2003.18,2030.73,1989.11,2016.57,8025240
2022-03-10,2016.57,2046.99,2001.55,2031.86,8448319
2022-03-13,2031.86,2056.52,2018.63,2043.22,7511316
2022-03-14,2043.22,2050.27,2034.31,2041.35,4448799
2022-03-15,2041.35,2069.12,2027.10,2054.78,7976817
2022-03-16,2054.78,2070.43,2044.36,2059.98,6070679
2022-03-17,2059.98,2069.24,2051.58,2060.84,5076063
2022-03-20,2060.84,2063.22,2046.53,2048.90,2153463
2022-03-21,2048.90,2053.11,2036.76,2040.96,3055967
2022-03-22,2040.96,2051.18,2032.30,2042.52,5240363
2022-03-23,2042.52,2045.20,2028.71,2031.37,2311591
2022-03-24,2031.37,2033.00,2016.46,2018.08,1800514
2022-03-27,2018.08,2047.42,2003.40,2032.64,8275034
2022-03-28,2032.64,2038.30,2022.26,2027.91,3784533
2022-03-29,2027.91,2040.59,2018.50,2031.17,5637654
2022-03-30,2031.17,2032.21,2015.60,2016.64,1513408
2022-03-31,2016.64,2018.47,2002.08,2003.89,1905624
2022-04-03,2003.89,2005.70,1989.41,1991.21,1900720
2022-04-04,1991.21,1997.76,1982.16,1988.71,4288820
2022-04-05,1988.71,2015.95,1974.77,2001.92,8008196
2022-04-06,2001.92,2003.77,1987.51,1989.35,1923045
2022-04-07,1989.35,1995.18,1979.52,1985.35,3934602
2022-04-10,1985.35,1986.19,1969.94,1970.78,1425582
2022-04-11,1970.78,1970.85,1954.61,1954.69,1037962
2022-04-12,1954.69,1960.13,1944.70,1950.13,3784087
2022-04-13,1950.13,1951.09,1935.14,1936.09,1491117
2022-04-14,1936.09,1939.15,1923.58,1926.62,2578806
2022-04-17,1926.62,1947.95,1914.73,1936.00,7170610
2022-04-18,1936.00,1940.91,1925.58,1930.48,3538134
2022-04-19,1930.48,1932.18,1916.48,1918.17,1878909
2022-04-20,1918.17,1918.99,1903.28,1904.10,1427503
2022-04-21,1904.10,1907.71,1892.48,1896.08,2899965
2022-04-24,1896.08,1898.50,1883.18,1885.57,2271604
2022-04-25,1885.57,1898.85,1876.36,1889.61,5888100
2022-04-26,1889.61,1893.22,1878.11,1881.70,2909945
2022-04-27,1881.70,1902.05,1870.24,1890.54,7090226
2022-04-28,1890.54,1915.72,1877.52,1902.62,7885733
2022-05-01,1902.62,1922.07,1891.39,1910.79,6901406
2022-05-02,1910.79,1915.89,1900.78,1905.87,3668106
2022-05-03,1905.87,1909.21,1893.93,1897.26,2753737
2022-05-04,1897.26,1899.55,1884.20,1886.48,2207681
2022-05-05,1886.48,1890.89,1875.91,1880.30,3338580
2022-05-08,1880.30,1881.86,1866.56,1868.10,1825445
2022-05-09,1868.10,1894.60,1854.72,1881.13,8162105
2022-05-10,1881.13,1881.95,1866.54,1867.36,1434979
2022-05-11,1867.36,1895.45,1853.47,1881.46,8434190
2022-05-12,1881.46,1887.29,1872.51,1878.33,4098010
2022-05-15,1878.33,1878.88,1863.47,1864.01,1290637
2022-05-16,1864.01,1865.71,1850.56,1852.26,1913305
2022-05-17,1852.26,1852.90,1837.72,1838.36,1348731
2022-05-18,1838.36,1853.32,1828.73,1843.66,6238888
2022-05-19,1843.66,1844.76,1829.71,1830.80,1596124
2022-05-22,1830.80,1834.91,1820.35,1824.45,3247599
2022-05-23,1824.45,1829.22,1814.78,1819.54,3613065
2022-05-24,1819.54,1822.84,1808.27,1811.56,2815980
2022-05-25,1811.56,1819.99,1804.08,1812.51,5127949
2022-05-26,1812.51,1819.30,1805.21,1812.00,4746502
2022-05-29,1812.00,1841.95,1797.67,1827.50,8906207
2022-05-30,1827.50,1829.92,1815.17,1817.57,2323113
2022-05-31,1817.57,1825.15,1810.35,1817.93,4972530
2022-06-01,1817.93,1838.22,1806.66,1826.89,7200137
2022-06-02,1826.89,1841.35,1817.45,1831.88,6166426
2022-06-05,1831.88,1854.77,1819.75,1842.57,7624485
2022-06-06,1842.57,1842.63,1827.44,1827.50,1031104
2022-06-07,1827.50,1832.96,1818.59,1824.05,3991220
2022-06-08,1824.05,1849.20,1811.21,1836.28,8035699
2022-06-09,1836.28,1837.62,1822.66,1824.00,1732441
2022-06-12,1824.00,1843.96,1812.81,1832.72,7130829
2022-06-13,1832.72,1833.71,1818.73,1819.71,1539506
2022-06-14,1819.71,1826.33,1812.16,1818.77,4637482
2022-06-15,1818.77,1822.26,1807.72,1811.19,2918587
2022-06-16,1811.19,1832.94,1799.48,1821.16,7469238
2022-06-19,1821.16,1829.36,1813.73,1821.93,5079561
2022-06-20,1821.93,1825.00,1810.38,1813.44,2687825
2022-06-21,1813.44,1822.06,1805.90,1814.51,5158230
2022-06-22,1814.51,1830.16,1804.73,1820.34,6392009
2022-06-23,1820.34,1821.75,1806.93,1808.32,1771879
2022-06-26,1808.32,1821.35,1799.39,1812.39,5939814
2022-06-27,1812.39,1817.67,1803.39,1808.65,3908161
2022-06-28,1808.65,1813.18,1798.85,1803.36,3504080
2022-06-29,1803.36,1811.87,1795.88,1804.39,5147325
2022-06-30,1804.39,1834.53,1790.02,1820.04,8961351
2022-07-03,1820.04,1824.07,1809.59,1813.61,3217764
2022-07-04,1813.61,1827.66,1804.33,1818.36,6114094
2022-07-05,1818.36,1848.30,1804.03,1833.84,8884910
2022-07-06,1833.84,1839.79,1825.42,1831.37,4246262
2022-07-07,1831.37,1837.18,1822.82,1828.62,4173456
2022-07-10,1828.62,1847.95,1817.63,1836.91,7012174
2022-07-11,1836.91,1838.60,1823.68,1825.36,1922908
2022-07-12,1825.36,1828.39,1813.73,1816.75,2658744
2022-07-13,1816.75,1834.03,1806.43,1823.68,6676474
2022-07-14,1823.68,1846.22,1811.68,1834.15,7581035
2022-07-17,1834.15,1841.40,1826.99,1834.24,4903292
2022-07-18,1834.24,1838.30,1823.69,1827.74,3211145
2022-07-19,1827.74,1855.92,1813.93,1842.00,8553978
2022-07-20,1842.00,1857.01,1832.35,1847.33,6240432
2022-07-21,1847.33,1872.30,1834.49,1859.38,7949519
2022-07-24,1859.38,1885.83,1846.04,1872.40,8175068
2022-07-25,1872.40,1874.28,1859.09,1860.95,2003497
2022-07-26,1860.95,1887.72,1847.51,1874.18,8224931
2022-07-27,1874.18,1875.64,1860.38,1861.83,1777640
2022-07-28,1861.83,1866.53,1851.78,1856.47,3525823
2022-07-31,1856.47,1878.18,1844.64,1866.29,7370713
2022-08-01,1866.29,1895.90,1851.93,1881.42,8695027
2022-08-02,1881.42,1896.16,1871.75,1886.46,6140740
2022-08-03,1886.46,1916.54,1871.90,1901.86,8720198
2022-08-04,1901.86,1929.43,1888.05,1915.52,8260562
2022-08-07,1915.52,1924.76,1907.51,1916.75,5181584
2022-08-08,1916.75,1940.59,1904.09,1927.86,7606721
2022-08-09,1927.86,1933.27,1918.06,1923.46,3807578
2022-08-10,1923.46,1929.20,1914.07,1919.79,3981687
2022-08-11,1919.79,1942.20,1907.57,1929.92,7363614
2022-08-14,1929.92,1948.24,1918.98,1937.26,6669410
2022-08-15,1937.26,1950.82,1927.82,1941.35,5874382
2022-08-16,1941.35,1945.87,1930.44,1934.94,3324211
2022-08-17,1934.94,1941.09,1925.91,1932.06,4179389
2022-08-18,1932.06,1947.51,1922.02,1937.45,6193004
2022-08-21,1937.45,1956.77,1926.17,1945.44,6821844
2022-08-22,1945.44,1970.03,1932.46,1956.98,7670850
2022-08-23,1956.98,1985.41,1942.75,1971.08,8270884
2022-08-24,1971.08,1980.64,1962.82,1972.38,5189849
2022-08-25,1972.38,1979.24,1963.84,1970.69,4477126
2022-08-28,1970.69,1994.18,1957.99,1981.41,7441358
2022-08-29,1981.41,1982.92,1966.79,1968.28,1761556
2022-08-30,1968.28,1982.41,1958.58,1972.68,5931550
2022-08-31,1972.68,1993.69,1960.77,1981.73,7037757
2022-09-01,1981.73,2008.02,1968.11,1994.32,7870301
2022-09-04,1994.32,2017.63,1981.62,2004.86,7367455
2022-09-05,2004.86,2007.66,1991.49,1994.27,2393415
2022-09-06,1994.27,1997.96,1981.99,1985.66,2849417
2022-09-07,1985.66,1991.86,1976.27,1982.45,4118175
2022-09-08,1982.45,1990.06,1974.67,1982.29,4841666
2022-09-11,1982.29,1997.14,1972.31,1987.14,6032235
2022-09-12,1987.14,2011.30,1974.19,1998.28,7517043
2022-09-13,1998.28,1999.71,1983.42,1984.84,1715843
2022-09-14,1984.84,1992.29,1976.86,1984.30,4752091
2022-09-15,1984.30,1992.11,1976.57,1984.37,4897393
2022-09-18,1984.37,1991.02,1975.50,1982.14,4349279
2022-09-19,1982.14,1984.80,1968.80,1971.45,2342318
2022-09-20,1971.45,1995.88,1958.45,1982.81,7592558
2022-09-21,1982.81,2010.40,1968.78,1996.27,8075308
2022-09-22,1996.27,1998.54,1982.38,1984.64,2136248
2022-09-25,1984.64,1988.48,1972.61,1976.44,2935871
2022-09-26,1976.44,2004.88,1962.15,1990.49,8227263
2022-09-27,1990.49,2014.38,1977.62,2001.44,7467215
2022-09-28,2001.44,2003.96,1987.79,1990.30,2260665
2022-09-29,1990.30,2018.39,1976.09,2004.08,8138477
2022-10-02,2004.08,2016.81,1994.72,2007.44,5668552
2022-10-03,2007.44,2040.58,1991.58,2024.59,8900274
2022-10-04,2024.59,2028.92,2012.79,2017.11,3142283
2022-10-05,2017.11,2045.16,2002.84,2030.80,8073593
2022-10-06,2030.80,2033.21,2016.78,2019.18,2188031
2022-10-09,2019.18,2026.40,2010.65,2017.86,4572016
2022-10-10,2017.86,2019.91,2003.54,2005.58,2015672
2022-10-11,2005.58,2006.50,1990.08,1990.99,1457270
2022-10-12,1990.99,2016.72,1977.53,2003.18,7761008
2022-10-13,2003.18,2023.20,1991.51,2011.47,6828120
2022-10-16,2011.47,2013.57,1997.26,1999.34,2041323
2022-10-17,1999.34,2026.95,1985.26,2012.78,8042592
2022-10-18,2012.78,2014.48,1998.10,1999.79,1844272
2022-10-19,1999.79,2022.57,1987.25,2009.96,7273525
2022-10-20,2009.96,2042.20,1994.39,2026.49,8750102
2022-10-23,2026.49,2044.00,2015.56,2033.03,6397462
2022-10-24,2033.03,2040.12,2024.25,2031.33,4487208
2022-10-25,2031.33,2041.36,2022.77,2032.79,5216872
2022-10-26,2032.79,2059.44,2018.92,2045.49,7821021
2022-10-27,2045.49,2054.30,2037.28,2046.08,5015706
2022-10-30,2046.08,2079.06,2030.17,2063.02,8776234
2022-10-31,2063.02,2063.95,2047.06,2047.98,1448285
2022-11-01,2047.98,2054.51,2038.46,2044.98,4192352
2022-11-02,2044.98,2064.99,2033.20,2053.16,6761522
2022-11-03,2053.16,2072.28,2041.64,2060.72,6612585
2022-11-06,2060.72,2071.75,2051.75,2062.78,5350480
2022-11-07,2062.78,2065.89,2049.28,2052.37,2506069
2022-11-08,2052.37,2055.75,2039.27,2042.64,2647256
2022-11-09,2042.64,2048.40,2032.30,2038.05,3823422
2022-11-10,2038.05,2061.71,2025.12,2048.72,7343209
2022-11-13,2048.72,2082.45,2032.56,2066.16,8885631
2022-11-14,2066.16,2070.17,2053.66,2057.66,2944513
2022-11-15,2057.66,2089.73,2042.01,2073.95,8606275
2022-11-16,2073.95,2081.54,2065.40,2072.99,4661042
2022-11-17,2072.99,2088.62,2062.52,2078.13,6047085
2022-11-20,2078.13,2079.43,2062.47,2063.77,1628600
2022-11-21,2063.77,2064.40,2047.47,2048.10,1306824
2022-11-22,2048.10,2079.10,2032.81,2063.70,8464471
2022-11-23,2063.70,2077.29,2053.91,2067.49,5743518
2022-11-24,2067.49,2069.88,2053.14,2055.52,2156310
2022-11-27,2055.52,2067.68,2046.21,2058.36,5530006
2022-11-28,2058.36,2088.35,2043.37,2073.25,8284362
2022-11-29,2073.25,2076.45,2059.77,2062.95,2542832
2022-11-30,2062.95,2094.91,2047.32,2079.16,8577023
2022-12-01,2079.16,2086.61,2070.41,2077.85,4584465
2022-12-04,2077.85,2091.91,2067.88,2081.92,5799725
2022-12-05,2081.92,2090.38,2073.71,2082.18,4938854
2022-12-06,2082.18,2097.42,2071.81,2087.03,5977160
2022-12-07,2087.03,2110.72,2073.96,2097.59,7260322
2022-12-08,2097.59,2112.75,2087.21,2102.35,5948834
2022-12-11,2102.35,2129.75,2088.06,2115.38,7795781
2022-12-12,2115.38,2118.04,2100.94,2103.59,2257956
2022-12-13,2103.59,2125.35,2091.09,2112.80,6940294
2022-12-14,2112.80,2124.27,2103.56,2115.02,5373662
2022-12-15,2115.02,2117.40,2100.27,2102.64,2125960
2022-12-18,2102.64,2107.36,2090.63,2095.34,3246570
2022-12-19,2095.34,2097.53,2080.54,2082.71,2044135
2022-12-20,2082.71,2085.21,2068.36,2070.84,2197668
2022-12-21,2070.84,2087.46,2060.07,2076.66,6200994
2022-12-22,2076.66,2076.95,2059.86,2060.15,1140534
2022-12-25,2060.15,2074.13,2050.25,2064.21,5806412
2022-12-26,2064.21,2068.62,2052.17,2056.56,3136899
2022-12-27,2056.56,2071.74,2046.29,2061.44,5996193
2022-12-28,2061.44,2091.49,2046.42,2076.36,8285528
2022-12-29,2076.36,2087.72,2067.25,2078.60,5387620
2023-01-01,2078.60,2084.72,2068.36,2074.47,3944444
2023-01-02,2074.47,2083.09,2066.23,2074.86,4968347
2023-01-03,2074.86,2105.10,2059.74,2089.88,8286488
2023-01-04,2089.88,2107.41,2078.76,2096.26,6318621
2023-01-05,2096.26,2119.58,2083.29,2106.55,7188203
2023-01-08,2106.55,2129.84,2093.56,2116.78,7166838
2023-01-09,2116.78,2148.75,2101.01,2132.85,8452057
2023-01-10,2132.85,2135.58,2118.35,2121.06,2278429
2023-01-11,2121.06,2132.49,2111.81,2123.23,5362002
2023-01-12,2123.23,2136.78,2113.30,2126.83,5678086
2023-01-15,2126.83,2128.05,2110.68,2111.88,1572359
2023-01-16,2111.88,2128.86,2100.89,2117.83,6205315
2023-01-17,2117.83,2118.53,2101.16,2101.86,1330041
2023-01-18,2101.86,2133.27,2086.30,2117.59,8403326
2023-01-19,2117.59,2126.80,2109.06,2118.27,5030109
2023-01-22,2118.27,2138.86,2106.11,2126.65,6741255
2023-01-23,2126.65,2129.00,2111.77,2114.10,2104663
2023-01-24,2114.10,2124.23,2105.29,2115.41,5169718
2023-01-25,2115.41,2115.92,2098.55,2099.07,1245061
2023-01-26,2099.07,2101.19,2084.16,2086.26,2009705
2023-01-29,2086.26,2088.26,2071.32,2073.31,1957475
2023-01-30,2073.31,2079.89,2063.63,2070.20,4174794
2023-01-31,2070.20,2075.27,2058.86,2063.92,3451783
2023-02-01,2063.92,2083.88,2052.10,2072.02,6726714
2023-02-02,2072.02,2075.88,2059.29,2063.14,2863786
2023-02-05,2063.14,2064.71,2047.91,2049.48,1764231
2023-02-06,2049.48,2069.84,2037.57,2057.89,6810768
2023-02-07,2057.89,2090.21,2042.15,2074.35,8645370
2023-02-08,2074.35,2104.55,2059.25,2089.34,8280384
2023-02-09,2089.34,2101.79,2079.85,2092.29,5542969
2023-02-12,2092.29,2126.52,2075.85,2109.95,8852880
2023-02-13,2109.95,2112.76,2095.73,2098.53,2333573
2023-02-14,2098.53,2115.73,2087.50,2104.67,6256652
2023-02-15,2104.67,2125.64,2092.42,2113.35,6819650
2023-02-16,2113.35,2118.12,2101.30,2106.06,3257133
2023-02-19,2106.06,2112.98,2096.49,2103.40,4285150
2023-02-20,2103.40,2118.15,2093.13,2107.86,5879012
2023-02-21,2107.86,2125.99,2096.51,2114.60,6384396
2023-02-22,2114.60,2118.75,2101.85,2105.98,2961796
2023-02-23,2105.98,2106.75,2089.48,2090.25,1364300
2023-02-26,2090.25,2112.58,2077.60,2099.88,7048696
2023-02-27,2099.88,2112.90,2090.18,2103.18,5619924
2023-02-28,2103.18,2110.77,2094.38,2101.97,4608847
2023-03-01,2101.97,2134.58,2086.03,2118.51,8583367
2023-03-02,2118.51,2144.77,2104.54,2130.72,7592866
2023-03-05,2130.72,2134.87,2117.84,2121.97,2945987
2023-03-06,2121.97,2139.80,2110.67,2128.47,6321742
2023-03-07,2128.47,2135.31,2118.62,2125.46,4213957
2023-03-08,2125.46,2152.58,2111.20,2138.23,7709053
2023-03-09,2138.23,2143.79,2126.87,2132.40,3597153
2023-03-12,2132.40,2153.63,2120.00,2141.18,6816529
2023-03-13,2141.18,2158.56,2129.98,2147.33,6231378
2023-03-14,2147.33,2153.22,2136.26,2142.14,3742935
2023-03-15,2142.14,2145.85,2128.67,2132.37,2733916
2023-03-16,2132.37,2134.18,2116.83,2118.62,1846296
2023-03-19,2118.62,2120.94,2103.77,2106.07,2092421
2023-03-20,2106.07,2110.92,2094.17,2099.00,3299451
2023-03-21,2099.00,2113.77,2088.74,2103.49,5887139
2023-03-22,2103.49,2105.55,2088.48,2090.53,1978943
2023-03-23,2090.53,2096.48,2080.00,2085.93,3846467
2023-03-26,2085.93,2099.31,2076.16,2089.51,5687242
2023-03-27,2089.51,2109.78,2077.53,2097.75,6735836
2023-03-28,2097.75,2124.52,2083.68,2110.36,7708299
2023-03-29,2110.36,2117.92,2101.46,2109.01,4579938
2023-03-30,2109.01,2114.70,2098.04,2103.71,3696433
2023-04-02,2103.71,2106.27,2089.26,2091.81,2218278
2023-04-03,2091.81,2106.61,2081.56,2096.34,5898559
2023-04-04,2096.34,2103.03,2086.60,2093.28,4194067
2023-04-05,2093.28,2113.42,2081.33,2101.42,6709739
2023-04-06,2101.42,2110.21,2093.07,2101.85,4976440
2023-04-09,2101.85,2107.24,2090.60,2095.97,3562071
2023-04-10,2095.97,2128.04,2080.21,2112.16,8516015
2023-04-11,2112.16,2122.12,2103.40,2113.36,5146913
2023-04-12,2113.36,2123.24,2104.62,2114.50,5133779
2023-04-13,2114.50,2118.67,2101.77,2105.92,2970438
2023-04-16,2105.92,2107.48,2090.33,2091.88,1743312
2023-04-17,2091.88,2098.66,2082.27,2089.05,4242524
2023-04-18,2089.05,2089.90,2072.78,2073.63,1406344
2023-04-19,2073.63,2089.60,2063.05,2079.00,6098971
2023-04-20,2079.00,2085.70,2069.40,2076.09,4221639
2023-04-23,2076.09,2098.98,2063.31,2086.14,7157064
2023-04-24,2086.14,2098.59,2076.65,2089.09,5547222
2023-04-25,2089.09,2120.32,2073.63,2104.74,8404458
2023-04-26,2104.74,2130.59,2090.94,2116.71,7555932
2023-04-27,2116.71,2121.83,2105.04,2110.15,3421399
2023-04-30,2110.15,2116.74,2100.18,2106.76,4124314
2023-05-01,2106.76,2121.91,2096.36,2111.49,5936282
2023-05-02,2111.49,2115.83,2098.98,2103.30,3054835
2023-05-03,2103.30,2106.90,2090.03,2093.62,2714540
2023-05-04,2093.62,2106.68,2083.92,2096.96,5631447
2023-05-07,2096.96,2124.20,2082.74,2109.89,7780864
2023-05-08,2109.89,2135.48,2096.16,2121.67,7508470
2023-05-09,2121.67,2123.74,2106.52,2108.58,1974759
2023-05-10,2108.58,2117.11,2100.28,2108.81,4932818
2023-05-11,2108.81,2123.34,2098.61,2113.11,5839437
2023-05-14,2113.11,2130.72,2101.91,2119.49,6299554
2023-05-15,2119.49,2134.12,2109.22,2123.83,5844032
2023-05-16,2123.83,2123.91,2106.42,2106.50,1040775
2023-05-17,2106.50,2121.67,2096.10,2111.24,5939163
2023-05-18,2111.24,2125.84,2101.01,2115.58,5847839
2023-05-21,2115.58,2122.87,2106.35,2113.63,4445816
2023-05-22,2113.63,2120.45,2103.89,2110.70,4226920
2023-05-23,2110.70,2141.41,2095.34,2125.94,8277572
2023-05-24,2125.94,2131.01,2114.14,2119.20,3387894
2023-05-25,2119.20,2126.61,2110.07,2117.47,4496159
2023-05-28,2117.47,2149.54,2101.66,2133.61,8466563
2023-05-29,2133.61,2134.03,2116.50,2116.92,1200342
2023-05-30,2116.92,2119.21,2102.06,2104.33,2080212
2023-05-31,2104.33,2105.90,2088.76,2090.32,1748148
2023-06-01,2090.32,2090.78,2073.60,2074.05,1216495
2023-06-04,2074.05,2104.46,2058.89,2089.18,8312414
2023-06-05,2089.18,2114.17,2075.69,2100.61,7455658
2023-06-06,2100.61,2121.22,2088.49,2109.05,6769684
2023-06-07,2109.05,2112.27,2095.30,2098.50,2526097
2023-06-08,2098.50,2106.92,2090.27,2098.69,4922427
2023-06-11,2098.69,2108.89,2089.89,2100.09,5193244
2023-06-12,2100.09,2106.50,2090.00,2096.40,4054595
2023-06-13,2096.40,2108.49,2087.01,2099.08,5481790
2023-06-14,2099.08,2126.61,2084.77,2112.20,7820507
2023-06-15,2112.20,2142.62,2096.93,2127.24,8231241
2023-06-18,2127.24,2134.62,2118.01,2125.37,4467078
2023-06-19,2125.37,2127.47,2110.22,2112.30,1984807
2023-06-20,2112.30,2115.23,2098.20,2101.12,2389368
2023-06-21,2101.12,2111.46,2092.27,2102.60,5211625
2023-06-22,2102.60,2124.87,2089.94,2112.16,7019478
2023-06-25,2112.16,2126.86,2101.89,2116.57,5862311
2023-06-26,2116.57,2120.90,2104.01,2108.33,3048765
2023-06-27,2108.33,2110.98,2093.95,2096.58,2257853
2023-06-28,2096.58,2111.97,2086.14,2101.50,5983401
2023-06-29,2101.50,2102.16,2084.92,2085.57,1311831
2023-07-02,2085.57,2107.75,2072.98,2095.11,7033264
2023-07-03,2095.11,2111.16,2084.45,2100.48,6085973
2023-07-04,2100.48,2105.38,2088.69,2093.58,3334156
2023-07-05,2093.58,2126.69,2077.50,2110.48,8679046
2023-07-06,2110.48,2111.54,2094.28,2095.34,1503360
2023-07-09,2095.34,2102.56,2086.20,2093.42,4449074
2023-07-10,2093.42,2096.62,2079.77,2082.96,2528532
2023-07-11,2082.96,2088.31,2071.82,2077.15,3568895
2023-07-12,2077.15,2105.50,2062.63,2090.88,7989917
2023-07-13,2090.88,2118.92,2076.42,2104.37,7915054
2023-07-16,2104.37,2130.60,2090.44,2116.60,7615912
2023-07-17,2116.60,2117.21,2099.84,2100.45,1290020
2023-07-18,2100.45,2107.12,2090.64,2097.29,4171947
2023-07-19,2097.29,2132.43,2080.56,2115.55,8977743
2023-07-20,2115.55,2121.23,2104.51,2110.17,3682716
2023-07-23,2110.17,2113.62,2096.67,2100.09,2632544
2023-07-24,2100.09,2104.27,2087.49,2091.65,2987722
2023-07-25,2091.65,2094.79,2077.95,2081.08,2501337
2023-07-26,2081.08,2100.58,2069.36,2088.82,6630178
2023-07-27,2088.82,2123.82,2072.15,2107.01,8979183
2023-07-30,2107.01,2107.18,2089.83,2089.99,1079218
2023-07-31,2089.99,2095.22,2078.65,2083.86,3498182
2023-08-01,2083.86,2101.13,2072.84,2090.08,6285459
2023-08-02,2090.08,2093.74,2076.98,2080.62,2749691
2023-08-03,2080.62,2088.05,2071.83,2079.25,4569890
2023-08-06,2079.25,2096.18,2068.35,2085.26,6239883
2023-08-07,2085.26,2089.11,2072.41,2076.24,2846090
2023-08-08,2076.24,2086.24,2067.57,2077.56,5178635
2023-08-09,2077.56,2084.16,2067.87,2074.45,4175788
2023-08-10,2074.45,2082.13,2065.99,2073.67,4701748
2023-08-13,2073.67,2106.32,2057.79,2090.31,8657750
2023-08-14,2090.31,2095.39,2078.80,2083.86,3426508
2023-08-15,2083.86,2089.38,2072.90,2078.41,3650000
2023-08-16,2078.41,2081.20,2064.42,2067.20,2340569
2023-08-17,2067.20,2091.08,2054.12,2077.94,7325377
2023-08-20,2077.94,2082.14,2065.55,2069.74,3024176
2023-08-21,2069.74,2082.19,2060.30,2072.74,5560425
2023-08-22,2072.74,2077.31,2060.81,2065.36,3205727
2023-08-23,2065.36,2081.65,2054.71,2070.97,6157613
2023-08-24,2070.97,2084.01,2061.34,2074.36,5650651
2023-08-27,2074.36,2077.27,2060.54,2063.43,2400891
2023-08-28,2063.43,2094.14,2048.20,2078.79,8383641
2023-08-29,2078.79,2093.80,2068.52,2083.50,5944581
2023-08-30,2083.50,2113.59,2068.40,2098.39,8244204
2023-08-31,2098.39,2107.56,2089.92,2099.09,5035596
2023-09-03,2099.09,2100.71,2083.62,2085.24,1775548
2023-09-04,2085.24,2114.21,2070.50,2099.37,8068998
2023-09-05,2099.37,2124.43,2085.84,2110.82,7446810
2023-09-06,2110.82,2118.16,2101.68,2109.01,4476886
2023-09-07,2109.01,2119.37,2100.14,2110.48,5208607
2023-09-10,2110.48,2114.60,2097.73,2101.83,2950617
2023-09-11,2101.83,2102.63,2085.41,2086.21,1381927
2023-09-12,2086.21,2090.37,2073.71,2077.86,2996364
2023-09-13,2077.86,2081.76,2065.14,2069.03,2880349
2023-09-14,2069.03,2074.87,2058.56,2064.39,3824005
2023-09-17,2064.39,2072.16,2056.11,2063.88,4765603
2023-09-18,2063.88,2067.12,2050.53,2053.75,2569341
2023-09-19,2053.75,2076.26,2041.15,2063.60,7136454
2023-09-20,2063.60,2077.88,2053.59,2067.85,5849657
2023-09-21,2067.85,2078.92,2058.85,2069.92,5350925
2023-09-24,2069.92,2089.46,2058.22,2077.72,6652606
2023-09-25,2077.72,2078.92,2061.95,2063.15,1581858
2023-09-26,2063.15,2082.02,2051.69,2070.51,6558436
2023-09-27,2070.51,2083.91,2060.77,2074.15,5705795
2023-09-28,2074.15,2078.91,2062.42,2067.16,3295541
2023-10-01,2067.16,2068.25,2051.35,2052.43,1525205
2023-10-02,2052.43,2078.10,2038.82,2064.42,7629355
2023-10-03,2064.42,2081.78,2053.43,2070.75,6324039
2023-10-04,2070.75,2071.96,2055.05,2056.25,1584567
2023-10-05,2056.25,2082.80,2042.36,2068.82,7756618
2023-10-08,2068.82,2084.12,2058.47,2073.75,6000685
2023-10-09,2073.75,2075.97,2059.16,2061.36,2069855
2023-10-10,2061.36,2062.23,2045.35,2046.21,1420919
2023-10-11,2046.21,2059.15,2036.68,2049.60,5658813
2023-10-12,2049.60,2066.77,2038.71,2055.84,6314403
2023-10-15,2055.84,2083.67,2041.55,2069.28,7955589
2023-10-16,2069.28,2101.70,2053.49,2085.78,8631755
2023-10-17,2085.78,2087.14,2070.12,2071.47,1651543
2023-10-18,2071.47,2091.29,2059.67,2079.45,6693964
2023-10-19,2079.45,2082.06,2065.25,2067.84,2252846
2023-10-22,2067.84,2092.32,2054.58,2078.98,7414609
2023-10-23,2078.98,2113.76,2062.41,2097.05,8969375
2023-10-24,2097.05,2111.60,2086.87,2101.40,5855418
2023-10-25,2101.40,2105.47,2088.67,2092.72,2936934
2023-10-26,2092.72,2095.05,2078.10,2080.42,2115157
2023-10-29,2080.42,2100.85,2068.41,2088.79,6772805
2023-10-30,2088.79,2114.41,2075.11,2100.65,7551851
2023-10-31,2100.65,2112.65,2091.27,2103.26,5464643
2023-11-01,2103.26,2134.27,2087.83,2118.72,8338340
2023-11-02,2118.72,2151.65,2102.63,2135.43,8592695
2023-11-05,2135.43,2153.57,2124.01,2142.11,6351165
2023-11-06,2142.11,2157.17,2131.64,2146.69,5885356
2023-11-07,2146.69,2147.53,2129.94,2130.78,1392798
2023-11-08,2130.78,2160.64,2115.63,2145.39,8108058
2023-11-09,2145.39,2149.14,2131.94,2135.67,2747187
2023-11-12,2135.67,2146.67,2126.52,2137.51,5285493
2023-11-13,2137.51,2153.77,2126.68,2142.91,6068655
2023-11-14,2142.91,2145.60,2128.29,2130.97,2257167
2023-11-15,2130.97,2157.46,2116.89,2143.30,7604115
2023-11-16,2143.30,2148.80,2131.83,2137.32,3566289
2023-11-19,2137.32,2164.86,2122.89,2150.35,7748628
2023-11-20,2150.35,2156.11,2139.12,2144.87,3681995
2023-11-21,2144.87,2151.17,2134.28,2140.56,3934293
2023-11-22,2140.56,2160.11,2128.67,2148.18,6554903
2023-11-23,2148.18,2156.46,2139.78,2148.06,4852469
2023-11-26,2148.06,2151.29,2134.00,2137.22,2506001
2023-11-27,2137.22,2139.38,2122.04,2124.18,2009327
2023-11-28,2124.18,2142.88,2112.61,2131.26,6448868
2023-11-29,2131.26,2134.70,2117.58,2121.00,2614746
2023-11-30,2121.00,2132.99,2111.58,2123.55,5445233
2023-12-03,2123.55,2129.51,2112.76,2118.70,3804526
2023-12-04,2118.70,2144.97,2104.73,2130.92,7593861
2023-12-05,2130.92,2137.73,2121.02,2127.82,4195953
2023-12-06,2127.82,2158.61,2112.39,2143.07,8252777
2023-12-07,2143.07,2151.16,2134.51,2142.60,4776680
2023-12-10,2142.60,2143.87,2126.38,2127.64,1594821
2023-12-11,2127.64,2150.90,2114.61,2137.80,7126954
2023-12-12,2137.80,2150.23,2128.19,2140.60,5496536
2023-12-13,2140.60,2176.45,2123.53,2159.23,8975171
2023-12-14,2159.23,2165.19,2148.15,2154.09,3760390
2023-12-17,2154.09,2163.85,2145.29,2155.04,5086762
2023-12-18,2155.04,2168.74,2144.97,2158.66,5670336
2023-12-19,2158.66,2159.71,2142.05,2143.09,1486419
2023-12-20,2143.09,2164.86,2130.49,2152.20,6880692
2023-12-21,2152.20,2156.54,2139.35,2143.67,3013648
2023-12-24,2143.67,2149.32,2132.37,2138.01,3638374
2023-12-25,2138.01,2155.24,2126.87,2144.06,6211659
2023-12-26,2144.06,2151.22,2134.44,2141.59,4338443
2023-12-27,2141.59,2154.40,2131.85,2144.64,5549588
2023-12-28,2144.64,2163.27,2133.03,2151.63,6412997
2023-12-31,2151.63,2160.64,2143.07,2152.08,4978052
2024-01-01,2152.08,2155.42,2138.11,2141.44,2553395
2024-01-02,2141.44,2145.33,2128.18,2132.05,2818038
2024-01-03,2132.05,2163.00,2116.56,2147.39,8265809
2024-01-04,2147.39,2163.15,2136.69,2152.43,5983127
2024-01-07,2152.43,2173.47,2140.03,2161.03,6760116
2024-01-08,2161.03,2162.18,2144.52,2145.67,1535048
2024-01-09,2145.67,2150.33,2133.23,2137.88,3172119
2024-01-10,2137.88,2150.81,2128.10,2141.02,5572565
2024-01-11,2141.02,2147.70,2130.90,2137.56,4119101
2024-01-14,2137.56,2149.70,2128.04,2140.17,5453703
2024-01-15,2140.17,2143.57,2126.36,2129.75,2588717
2024-01-16,2129.75,2134.76,2117.84,2122.83,3351303
2024-01-17,2122.83,2152.94,2107.63,2137.63,8161213
2024-01-18,2137.63,2137.93,2120.35,2120.65,1141906
2024-01-21,2120.65,2123.97,2106.92,2110.22,2564986
2024-01-22,2110.22,2129.98,2098.34,2118.06,6627983
2024-01-23,2118.06,2125.61,2109.09,2116.64,4565466
2024-01-24,2116.64,2126.27,2107.98,2117.60,5093484
2024-01-25,2117.60,2124.35,2107.75,2114.48,4187345
2024-01-28,2114.48,2144.69,2099.28,2129.37,8192729
2024-01-29,2129.37,2146.92,2118.15,2135.66,6270130
2024-01-30,2135.66,2142.44,2125.68,2132.45,4172633
2024-01-31,2132.45,2157.30,2118.89,2143.67,7357030
2024-02-01,2143.67,2144.59,2127.04,2127.95,1428257
2024-02-04,2127.95,2129.90,2112.61,2114.55,1917181
2024-02-05,2114.55,2126.15,2105.27,2116.85,5391700
2024-02-06,2116.85,2118.76,2101.56,2103.45,1901200
2024-02-07,2103.45,2137.22,2087.14,2120.77,8754320
2024-02-08,2120.77,2133.99,2110.95,2124.15,5630075
2024-02-11,2124.15,2128.45,2111.49,2115.77,3022290
2024-02-12,2115.77,2122.15,2105.51,2111.89,4017386
2024-02-13,2111.89,2116.97,2100.21,2105.27,3405486
2024-02-14,2105.27,2134.89,2090.27,2119.79,8124862
2024-02-15,2119.79,2142.38,2106.98,2129.51,7039711
2024-02-18,2129.51,2131.75,2114.49,2116.71,2051268
2024-02-19,2116.71,2124.21,2107.70,2115.20,4542249
2024-02-20,2115.20,2125.22,2106.41,2116.43,5154629
2024-02-21,2116.43,2124.78,2108.17,2116.52,4900754
2024-02-22,2116.52,2122.04,2105.30,2110.80,3607784
2024-02-25,2110.80,2112.27,2095.06,2096.52,1695473
2024-02-26,2096.52,2120.49,2083.34,2107.24,7287277
2024-02-27,2107.24,2140.40,2091.11,2124.14,8654801
2024-02-28,2124.14,2153.17,2109.29,2138.21,7995576
2024-02-29,2138.21,2145.79,2129.11,2136.68,4544170
2024-03-03,2136.68,2159.30,2123.83,2146.38,7016632
2024-03-04,2146.38,2151.51,2134.47,2139.58,3388271
2024-03-05,2139.58,2168.87,2124.59,2153.79,8004766
2024-03-06,2153.79,2156.00,2138.53,2140.73,2026611
2024-03-07,2140.73,2164.67,2127.44,2151.31,7206893
2024-03-10,2151.31,2160.48,2142.70,2151.87,5002400
2024-03-11,2151.87,2161.15,2143.23,2152.50,5018072
2024-03-12,2152.50,2173.72,2140.05,2161.22,6784773
2024-03-13,2161.22,2183.10,2148.53,2170.36,6870404
2024-03-14,2170.36,2175.40,2158.15,2163.18,3324348
2024-03-17,2163.18,2175.48,2153.54,2165.83,5455246
2024-03-18,2165.83,2201.87,2148.63,2184.52,8942112
2024-03-19,2184.52,2216.31,2168.62,2200.30,8278772
2024-03-20,2200.30,2220.37,2188.08,2208.12,6551646
2024-03-21,2208.12,2228.26,2195.86,2215.96,6550857
2024-03-24,2215.96,2240.79,2202.18,2226.95,7214677
2024-03-25,2226.95,2239.27,2217.13,2229.44,5407304
2024-03-26,2229.44,2233.97,2216.17,2220.68,3029972
2024-03-27,2220.68,2226.15,2208.55,2214.00,3465397
2024-03-28,2214.00,2225.89,2204.36,2216.24,5355555
2024-03-31,2216.24,2217.82,2199.76,2201.33,1712791
2024-04-01,2201.33,2233.96,2185.11,2217.62,8364266
2024-04-02,2217.62,2219.24,2201.17,2202.78,1729732
2024-04-03,2202.78,2218.60,2191.91,2207.71,5932647
2024-04-04,2207.71,2208.25,2190.12,2190.65,1244615
2024-04-07,2190.65,2205.90,2180.00,2195.23,5863168
2024-04-08,2195.23,2199.67,2182.14,2186.56,3022873
2024-04-09,2186.56,2187.53,2169.63,2170.58,1439780
2024-04-10,2170.58,2180.42,2161.70,2171.54,5089197
2024-04-11,2171.54,2178.75,2161.75,2168.95,4316803
2024-04-14,2168.95,2176.07,2159.08,2166.19,4283093
2024-04-15,2166.19,2169.97,2152.59,2156.35,2741152
2024-04-16,2156.35,2166.53,2147.41,2157.58,5147770
2024-04-17,2157.58,2167.49,2148.71,2158.62,5107887
2024-04-18,2158.62,2161.11,2143.64,2146.11,2152366
2024-04-21,2146.11,2181.20,2129.26,2164.21,8849108
2024-04-22,2164.21,2188.69,2150.69,2175.10,7247496
2024-04-23,2175.10,2195.66,2162.80,2183.31,6656172
2024-04-24,2183.31,2187.14,2169.63,2173.45,2754149
2024-04-25,2173.45,2189.75,2162.50,2178.78,6035253
2024-04-28,2178.78,2184.41,2167.17,2172.79,3585905
2024-04-29,2172.79,2190.19,2161.50,2178.87,6196227
2024-04-30,2178.87,2187.16,2170.23,2178.52,4804492
2024-05-01,2178.52,2185.65,2168.59,2175.72,4274897
2024-05-02,2175.72,2195.27,2163.73,2183.25,6508676
2024-05-05,2183.25,2205.48,2170.39,2192.56,6888545
2024-05-06,2192.56,2199.27,2182.04,2188.73,4056481
2024-05-07,2188.73,2211.95,2175.54,2198.70,7024828
2024-05-08,2198.70,2226.15,2184.15,2211.51,7620747
2024-05-09,2211.51,2229.69,2199.87,2218.01,6263991
2024-05-12,2218.01,2222.62,2204.93,2209.52,3078017
2024-05-13,2209.52,2212.47,2194.63,2197.57,2334430
2024-05-14,2197.57,2215.40,2186.07,2203.87,6230761
2024-05-15,2203.87,2220.18,2192.85,2209.13,6001577
2024-05-16,2209.13,2212.14,2194.32,2197.31,2362928
2024-05-19,2197.31,2222.46,2183.49,2208.56,7290123
2024-05-20,2208.56,2213.27,2195.66,2200.35,3128840
2024-05-21,2200.35,2204.83,2187.27,2191.74,3039574
2024-05-22,2191.74,2200.02,2182.98,2191.25,4775411
2024-05-23,2191.25,2206.03,2180.75,2195.51,5793141
2024-05-26,2195.51,2223.44,2180.80,2208.65,7697702
2024-05-27,2208.65,2210.90,2192.99,2195.23,2019958
2024-05-28,2195.23,2195.95,2177.94,2178.66,1327812
2024-05-29,2178.66,2184.48,2167.26,2173.06,3670644
2024-05-30,2173.06,2176.01,2158.48,2161.41,2357098
2024-06-02,2161.41,2161.55,2143.75,2143.89,1066186
2024-06-03,2143.89,2146.66,2129.35,2132.10,2291735
2024-06-04,2132.10,2132.36,2114.81,2115.07,1120164
2024-06-05,2115.07,2146.27,2099.54,2130.62,8341598
2024-06-06,2130.62,2152.36,2118.07,2139.74,6894307
2024-06-09,2139.74,2141.12,2123.66,2125.02,1642489
2024-06-10,2125.02,2128.18,2111.07,2114.22,2487379
2024-06-11,2114.22,2122.28,2105.85,2113.91,4811694
2024-06-12,2113.91,2137.89,2100.68,2124.59,7257407
2024-06-13,2124.59,2128.49,2111.48,2115.37,2836865
2024-06-16,2115.37,2140.15,2101.88,2126.59,7377229
2024-06-17,2126.59,2137.63,2117.45,2128.48,5298251
2024-06-18,2128.48,2136.41,2119.85,2127.77,4723388
2024-06-19,2127.77,2129.74,2112.46,2114.41,1924245
2024-06-20,2114.41,2137.33,2101.52,2124.38,7098353
2024-06-23,2124.38,2129.65,2112.81,2118.06,3480281
2024-06-24,2118.06,2145.60,2103.69,2131.14,7786076
2024-06-25,2131.14,2160.22,2116.24,2145.23,7991049
2024-06-26,2145.23,2148.32,2131.03,2134.11,2440877
2024-06-27,2134.11,2141.14,2124.43,2131.46,4296056
2024-06-30,2131.46,2136.38,2119.44,2124.35,3309670
2024-07-01,2124.35,2132.98,2115.98,2124.61,4938511
2024-07-02,2124.61,2128.41,2111.38,2115.16,2787517
2024-07-03,2115.16,2122.33,2105.79,2112.95,4387551
2024-07-04,2112.95,2130.60,2101.74,2119.36,6306515
2024-07-07,2119.36,2138.97,2107.50,2127.07,6593792
2024-07-08,2127.07,2146.52,2115.25,2134.66,6558024
2024-07-09,2134.66,2136.53,2119.18,2121.04,1878223
2024-07-10,2121.04,2125.39,2108.46,2112.79,3048216
2024-07-11,2112.79,2122.80,2104.01,2114.02,5154423
2024-07-14,2114.02,2118.22,2101.33,2105.51,2986968
2024-07-15,2105.51,2110.74,2094.05,2099.27,3484122
2024-07-16,2099.27,2104.54,2087.90,2093.16,3510082
2024-07-17,2093.16,2101.84,2084.86,2093.54,4966083
2024-07-18,2093.54,2098.22,2081.56,2086.22,3234842
2024-07-21,2086.22,2094.83,2077.96,2086.57,4958333
2024-07-22,2086.57,2091.05,2074.43,2078.89,3148902
2024-07-23,2078.89,2091.87,2069.26,2082.22,5633710
2024-07-24,2082.22,2090.20,2074.03,2082.01,4832510
2024-07-25,2082.01,2116.18,2065.63,2099.66,8868758
2024-07-28,2099.66,2115.27,2089.13,2104.72,6014060
2024-07-29,2104.72,2123.36,2093.22,2111.81,6465946
2024-07-30,2111.81,2112.78,2095.50,2096.46,1458984
2024-07-31,2096.46,2123.22,2082.40,2109.07,7709224
2024-08-01,2109.07,2119.31,2100.22,2110.46,5191975
2024-08-04,2110.46,2141.01,2095.16,2125.59,8252914
2024-08-05,2125.59,2141.65,2114.85,2130.89,6052537
2024-08-06,2130.89,2138.01,2121.34,2128.46,4343930
2024-08-07,2128.46,2161.48,2112.32,2145.21,8583882
2024-08-08,2145.21,2152.46,2135.68,2142.92,4377331
2024-08-11,2142.92,2167.21,2129.52,2153.74,7255144
2024-08-12,2153.74,2168.20,2143.43,2157.88,5785219
2024-08-13,2157.88,2173.94,2147.05,2163.09,6016941
2024-08-14,2163.09,2163.65,2145.89,2146.45,1258950
2024-08-15,2146.45,2151.15,2134.06,2138.74,3190260
2024-08-18,2138.74,2156.60,2127.40,2145.22,6304698
2024-08-19,2145.22,2158.98,2135.16,2148.90,5688683
2024-08-20,2148.90,2155.63,2138.77,2145.49,4132338
2024-08-21,2145.49,2178.71,2129.24,2162.33,8573936
2024-08-22,2162.33,2191.07,2147.46,2176.10,7877674
2024-08-25,2176.10,2182.51,2165.38,2171.78,3944787
2024-08-26,2171.78,2202.56,2156.23,2186.91,8157990
2024-08-27,2186.91,2191.63,2174.21,2178.91,3159259
2024-08-28,2178.91,2194.75,2168.10,2183.92,5960939
2024-08-29,2183.92,2216.47,2167.78,2200.21,8390192
2024-09-01,2200.21,2204.31,2186.70,2190.79,2866769
2024-09-02,2190.79,2203.65,2180.90,2193.74,5514128
2024-09-03,2193.74,2201.65,2184.56,2192.46,4603875
2024-09-04,2192.46,2195.38,2177.69,2180.59,2333539
2024-09-05,2180.59,2196.29,2169.83,2185.49,5937688
2024-09-08,2185.49,2216.29,2169.91,2200.60,8132373
2024-09-09,2200.60,2209.23,2192.03,2200.66,4892901
2024-09-10,2200.66,2204.10,2186.41,2189.83,2564951
2024-09-11,2189.83,2208.14,2178.21,2196.48,6309019
2024-09-12,2196.48,2211.88,2185.77,2201.14,5878189
2024-09-15,2201.14,2222.45,2188.53,2209.79,6729252
2024-09-16,2209.79,2213.03,2195.24,2198.46,2467146
2024-09-17,2198.46,2232.84,2181.70,2215.95,8622736
2024-09-18,2215.95,2230.69,2205.39,2220.11,5763923
2024-09-19,2220.11,2250.05,2204.70,2234.55,7940089
2024-09-22,2234.55,2268.34,2217.88,2251.54,8459876
2024-09-23,2251.54,2256.05,2238.07,2242.56,3002297
2024-09-24,2242.56,2244.94,2226.76,2229.13,2061179
2024-09-25,2229.13,2264.69,2211.91,2247.33,8722942
2024-09-26,2247.33,2249.08,2230.78,2232.52,1777709
2024-09-29,2232.52,2239.58,2222.07,2229.12,4163751
2024-09-30,2229.12,2237.47,2220.13,2228.48,4745267
2024-10-01,2228.48,2240.92,2218.62,2231.05,5423491
2024-10-02,2231.05,2232.35,2214.13,2215.41,1581138
2024-10-03,2215.41,2244.74,2200.22,2229.44,7860185
2024-10-06,2229.44,2230.05,2211.75,2212.36,1272976
2024-10-07,2212.36,2226.26,2202.08,2215.96,5646673
2024-10-08,2215.96,2228.18,2206.21,2218.41,5401028
2024-10-09,2218.41,2253.36,2201.42,2236.23,8659499
2024-10-10,2236.23,2242.25,2224.58,2230.59,3693689
2024-10-13,2230.59,2266.02,2213.41,2248.70,8701131
2024-10-14,2248.70,2271.80,2235.40,2258.44,6916392
2024-10-15,2258.44,2282.62,2244.76,2268.88,7055521
2024-10-16,2268.88,2279.20,2259.59,2269.91,5093827
2024-10-17,2269.91,2296.50,2255.43,2281.95,7376989
2024-10-20,2281.95,2286.67,2268.46,2273.15,3065500
2024-10-21,2273.15,2289.33,2261.99,2278.14,5912448
2024-10-22,2278.14,2290.51,2268.17,2280.53,5374622
2024-10-23,2280.53,2285.23,2267.03,2271.70,3056961
2024-10-24,2271.70,2291.99,2259.23,2279.47,6490329
2024-10-27,2279.47,2286.87,2269.00,2276.39,4242626
2024-10-28,2276.39,2279.49,2261.13,2264.21,2363237
2024-10-29,2264.21,2266.84,2248.52,2251.13,2160802
2024-10-30,2251.13,2277.06,2236.91,2262.77,7314334
2024-10-31,2262.77,2270.28,2252.57,2260.07,4317661
2024-11-03,2260.07,2267.43,2249.73,2257.08,4257201
2024-11-04,2257.08,2259.16,2240.83,2242.90,1923079
2024-11-05,2242.90,2250.19,2232.62,2239.91,4253566
2024-11-06,2239.91,2271.34,2223.98,2255.30,8112860
2024-11-07,2255.30,2281.90,2240.86,2267.39,7402194
2024-11-10,2267.39,2280.62,2257.17,2270.39,5504286
2024-11-11,2270.39,2270.53,2251.83,2251.97,1061111
2024-11-12,2251.97,2256.66,2238.70,2243.38,3085013
2024-11-13,2243.38,2248.77,2230.97,2236.34,3403155
2024-11-14,2236.34,2239.55,2221.53,2224.72,2435288
2024-11-17,2224.72,2257.28,2208.47,2240.91,8304869
2024-11-18,2240.91,2241.55,2223.16,2223.79,1283504
2024-11-19,2223.79,2251.18,2209.18,2236.49,7568724
2024-11-20,2236.49,2239.61,2221.58,2224.68,2395096
2024-11-21,2224.68,2227.97,2210.06,2213.33,2478669
2024-11-24,2213.33,2219.52,2202.05,2208.23,3794753
2024-11-25,2208.23,2216.37,2199.19,2207.33,4689026
2024-11-26,2207.33,2210.25,2192.43,2195.33,2321982
2024-11-27,2195.33,2198.51,2180.82,2183.98,2446707
2024-11-28,2183.98,2187.30,2169.72,2173.03,2519993
2024-12-01,2173.03,2179.87,2162.81,2169.64,4146776
2024-12-02,2169.64,2191.52,2156.93,2178.76,6857921
2024-12-03,2178.76,2203.22,2165.21,2189.60,7221330
2024-12-04,2189.60,2194.61,2177.20,2182.19,3286385
2024-12-05,2182.19,2189.52,2172.45,2179.78,4361728
2024-12-08,2179.78,2196.76,2168.61,2185.56,6126371
2024-12-09,2185.56,2190.09,2172.65,2177.17,3074142
2024-12-10,2177.17,2195.25,2165.65,2183.70,6291460
2024-12-11,2183.70,2187.12,2169.56,2172.97,2568449
2024-12-12,2172.97,2194.79,2160.27,2182.04,6843381
2024-12-15,2182.04,2211.75,2166.81,2196.41,7980452
2024-12-16,2196.41,2225.63,2181.30,2210.42,7880898
2024-12-17,2210.42,2212.47,2194.52,2196.55,1927434
2024-12-18,2196.55,2204.82,2187.74,2196.00,4762037
2024-12-19,2196.00,2196.87,2178.88,2179.75,1397050
2024-12-22,2179.75,2207.23,2165.23,2192.62,7659636
2024-12-23,2192.62,2222.40,2177.34,2207.02,7969547
2024-12-24,2207.02,2210.22,2192.44,2195.62,2450240
2024-12-25,2195.62,2200.83,2183.40,2188.59,3373319
2024-12-26,2188.59,2197.47,2179.98,2188.86,4936316
2024-12-29,2188.86,2207.60,2177.09,2195.80,6373799
2024-12-30,2195.80,2228.61,2179.55,2212.24,8401817
2024-12-31,2212.24,2235.51,2198.97,2222.18,6995679
2025-01-01,2222.18,2256.08,2205.51,2239.28,8501063
2025-01-02,2239.28,2241.70,2223.55,2225.95,2078463
2025-01-05,2225.95,2227.02,2208.81,2209.87,1480967
2025-01-06,2209.87,2216.87,2199.53,2206.52,4165363
2025-01-07,2206.52,2212.56,2195.13,2201.16,3736591
2025-01-08,2201.16,2229.36,2186.35,2214.47,7725514
2025-01-09,2214.47,2222.66,2205.43,2213.62,4700034
2025-01-12,2213.62,2248.84,2196.55,2231.63,8709533
2025-01-13,2231.63,2241.57,2222.57,2232.50,5062654
2025-01-14,2232.50,2245.07,2222.59,2235.15,5438408
2025-01-15,2235.15,2242.59,2225.10,2232.54,4330624
2025-01-16,2232.54,2241.08,2223.74,2232.28,4825720
2025-01-19,2232.28,2233.87,2215.68,2217.26,1713820
2025-01-20,2217.26,2219.33,2201.32,2203.38,1933196
2025-01-21,2203.38,2206.35,2188.57,2191.52,2348045
2025-01-22,2191.52,2199.98,2182.97,2191.43,4859602
2025-01-23,2191.43,2199.87,2182.85,2191.29,4850582
2025-01-26,2191.29,2227.90,2173.84,2210.30,8962962
2025-01-27,2210.30,2212.98,2195.10,2197.76,2209087
2025-01-28,2197.76,2230.69,2181.46,2214.27,8416117
2025-01-29,2214.27,2220.92,2203.51,2210.15,4003806
2025-01-30,2210.15,2220.22,2201.10,2211.16,5095610
2025-02-02,2211.16,2241.15,2195.77,2225.65,7963134
2025-02-03,2225.65,2247.72,2212.73,2234.75,6803909
2025-02-04,2234.75,2271.31,2217.20,2253.61,8852503
2025-02-05,2253.61,2276.11,2240.49,2262.93,6824965
2025-02-06,2262.93,2271.29,2253.68,2262.05,4696604
2025-02-09,2262.05,2298.77,2244.37,2280.95,8813100
2025-02-10,2280.95,2314.55,2264.22,2297.70,8334945
2025-02-11,2297.70,2297.73,2278.79,2278.83,1015226
2025-02-12,2278.83,2312.22,2262.17,2295.44,8310733
2025-02-13,2295.44,2325.58,2279.77,2309.81,7826406
2025-02-16,2309.81,2334.82,2295.74,2320.68,7093106
2025-02-17,2320.68,2324.57,2305.94,2309.82,2678737
2025-02-18,2309.82,2346.01,2292.19,2328.24,8632681
2025-02-19,2328.24,2331.18,2312.37,2315.29,2263580
2025-02-20,2315.29,2320.51,2302.08,2307.28,3250445
2025-02-23,2307.28,2324.96,2295.54,2313.20,6087105
2025-02-24,2313.20,2329.28,2301.95,2318.01,5859979
2025-02-25,2318.01,2330.49,2307.91,2320.37,5359190
2025-02-26,2320.37,2326.23,2307.84,2313.68,3523010
2025-02-27,2313.68,2325.09,2303.93,2315.33,5215637
2025-03-02,2315.33,2323.06,2304.95,2312.67,4338305
2025-03-03,2312.67,2320.24,2302.13,2309.69,4273731
2025-03-04,2309.69,2315.84,2297.58,2303.72,3663888
2025-03-05,2303.72,2309.53,2291.28,2297.07,3521124
2025-03-06,2297.07,2303.21,2285.05,2291.17,3672599
2025-03-09,2291.17,2299.28,2281.41,2289.51,4538065
2025-03-10,2289.51,2308.16,2277.51,2296.13,6240980
2025-03-11,2296.13,2306.28,2286.82,2296.97,5052949
2025-03-12,2296.97,2301.96,2283.66,2288.63,3171502
2025-03-13,2288.63,2318.72,2273.00,2302.99,7831207
2025-03-16,2302.99,2309.32,2291.13,2297.45,3748113
2025-03-17,2297.45,2301.81,2283.43,2287.77,2897530
2025-03-18,2287.77,2293.77,2275.68,2281.67,3625137
2025-03-19,2281.67,2286.44,2268.24,2273.00,3091426
2025-03-20,2273.00,2297.29,2259.25,2283.48,7049485
2025-03-23,2283.48,2292.88,2274.44,2283.84,4956104
2025-03-24,2283.84,2303.71,2271.47,2291.30,6416220
2025-03-25,2291.30,2295.79,2277.48,2281.96,2960699
2025-03-26,2281.96,2307.12,2267.90,2293.00,7157441
2025-03-27,2293.00,2293.13,2274.24,2274.37,1055829
2025-03-30,2274.37,2276.56,2258.09,2260.27,1964506
2025-03-31,2260.27,2273.88,2249.96,2263.55,5562482
2025-04-01,2263.55,2282.73,2251.46,2270.59,6343587
2025-04-02,2270.59,2297.32,2256.07,2282.72,7394238
2025-04-03,2282.72,2288.44,2270.35,2276.05,3504561
2025-04-06,2276.05,2277.45,2258.86,2260.25,1612825
2025-04-07,2260.25,2281.10,2247.63,2268.43,6583230
2025-04-08,2268.43,2275.95,2258.20,2265.72,4317009
2025-04-09,2265.72,2283.86,2253.94,2272.06,6196879
2025-04-10,2272.06,2276.29,2258.11,2262.33,2864814
2025-04-13,2262.33,2267.61,2249.63,2254.89,3333161
2025-04-14,2254.89,2281.68,2240.39,2267.11,7429080
2025-04-15,2267.11,2295.06,2252.21,2280.08,7572325
2025-04-16,2280.08,2286.66,2268.69,2275.26,3886351
2025-04-17,2275.26,2310.98,2257.87,2293.45,8642764
2025-04-20,2293.45,2325.10,2277.31,2308.85,8039094
2025-04-21,2308.85,2309.57,2290.62,2291.33,1309910
2025-04-22,2291.33,2302.32,2281.78,2292.75,5171262
2025-04-23,2292.75,2321.21,2277.62,2306.00,7598456
2025-04-24,2306.00,2329.83,2292.31,2316.08,6937174
2025-04-27,2316.08,2350.29,2299.06,2333.15,8347908
2025-04-28,2333.15,2334.51,2315.45,2316.80,1583744
2025-04-29,2316.80,2349.23,2300.35,2332.66,8101474
2025-04-30,2332.66,2346.29,2322.15,2335.77,5506035
2025-05-01,2335.77,2336.53,2317.38,2318.14,1328292
2025-05-04,2318.14,2350.83,2301.59,2334.18,8136145
2025-05-05,2334.18,2365.95,2317.89,2349.55,7978978
2025-05-06,2349.55,2352.29,2333.27,2336.00,2165432
2025-05-07,2336.00,2339.21,2320.36,2323.56,2374519
2025-05-08,2323.56,2328.44,2309.91,2314.77,3100068
2025-05-11,2314.77,2342.27,2299.89,2327.31,7428497
2025-05-12,2327.31,2329.98,2311.14,2313.80,2149931
2025-05-13,2313.80,2316.59,2297.87,2300.64,2202640
2025-05-14,2300.64,2308.58,2290.61,2298.54,4450823
2025-05-15,2298.54,2302.67,2284.25,2288.36,2795713
2025-05-18,2288.36,2324.12,2270.92,2306.55,8620027
2025-05-19,2306.55,2314.77,2296.79,2305.01,4565740
2025-05-20,2305.01,2333.96,2289.69,2318.55,7645198
2025-05-21,2318.55,2320.14,2301.23,2302.81,1685562
2025-05-22,2302.81,2307.66,2289.30,2294.13,3106584
2025-05-25,2294.13,2301.09,2283.06,2290.00,4031721
2025-05-26,2290.00,2326.60,2272.29,2308.75,8732578
2025-05-27,2308.75,2314.30,2295.98,2301.52,3406687
2025-05-28,2301.52,2306.79,2288.49,2293.74,3288614
2025-05-29,2293.74,2293.95,2275.07,2275.28,1094410
2025-06-01,2275.28,2312.13,2257.54,2294.23,8799382
2025-06-02,2294.23,2331.02,2276.46,2313.10,8749211
2025-06-03,2313.10,2330.95,2301.29,2319.12,6104389
2025-06-04,2319.12,2340.76,2306.09,2327.68,6618004
2025-06-05,2327.68,2357.66,2311.98,2341.86,7746844
2025-06-08,2341.86,2346.77,2328.09,2332.98,3095850
2025-06-09,2332.98,2366.33,2316.19,2349.42,8195884
2025-06-10,2349.42,2355.56,2336.98,2343.11,3614849
2025-06-11,2343.11,2348.73,2330.14,2335.75,3402126
2025-06-12,2335.75,2374.06,2317.37,2355.53,8866358
2025-06-15,2355.53,2385.43,2339.78,2369.58,7686556
2025-06-16,2369.58,2372.80,2353.68,2356.87,2356550
2025-06-17,2356.87,2363.86,2345.31,2352.28,3962757
2025-06-18,2352.28,2379.24,2337.47,2364.35,7295301
2025-06-19,2364.35,2369.77,2350.98,2356.38,3292455
2025-06-22,2356.38,2365.38,2347.07,2356.07,4818415
2025-06-23,2356.07,2371.82,2344.82,2360.55,5774417
2025-06-24,2360.55,2361.83,2342.54,2343.81,1543175
2025-06-25,2343.81,2366.78,2330.29,2353.21,6766666
2025-06-26,2353.21,2373.98,2340.36,2361.09,6457235
2025-06-29,2361.09,2396.67,2343.52,2378.96,8442043
2025-06-30,2378.96,2390.14,2369.11,2380.28,5140843
2025-07-01,2380.28,2389.04,2370.51,2379.26,4677091
2025-07-02,2379.26,2384.78,2365.87,2371.38,3322393
2025-07-03,2371.38,2376.78,2357.92,2363.29,3274279
2025-07-06,2363.29,2369.83,2351.18,2357.70,3767318
2025-07-07,2357.70,2371.56,2347.05,2360.90,5517558
2025-07-08,2360.90,2369.16,2350.73,2358.99,4500308
2025-07-09,2358.99,2384.29,2344.69,2369.93,7061248
2025-07-10,2369.93,2373.15,2354.03,2357.24,2360871
2025-07-13,2357.24,2364.67,2346.18,2353.59,4152263
2025-07-14,2353.59,2355.69,2336.56,2338.65,1892215
2025-07-15,2338.65,2349.97,2328.86,2340.17,5185665
2025-07-16,2340.17,2354.26,2329.49,2343.57,5563477
2025-07-17,2343.57,2372.62,2328.12,2357.08,7593552
2025-07-20,2357.08,2357.85,2338.52,2339.28,1325274
2025-07-21,2339.28,2346.45,2328.08,2335.24,4067283
2025-07-22,2335.24,2341.07,2322.57,2328.38,3498593
2025-07-23,2328.38,2330.97,2312.12,2314.69,2113031
2025-07-24,2314.69,2319.31,2300.83,2305.43,2997016
2025-07-27,2305.43,2343.79,2287.12,2325.32,8940672
2025-07-28,2325.32,2329.70,2311.09,2315.45,2882270
2025-07-29,2315.45,2330.29,2304.60,2319.42,5686008
2025-07-30,2319.42,2324.64,2306.19,2311.40,3253120
2025-07-31,2311.40,2335.50,2297.61,2321.65,6966323
2025-08-03,2321.65,2349.51,2306.63,2334.41,7467592
2025-08-04,2334.41,2349.98,2323.28,2338.82,5769272
2025-08-05,2338.82,2340.46,2321.39,2323.01,1698525
2025-08-06,2323.01,2329.23,2310.87,2317.06,3675102
2025-08-07,2317.06,2323.60,2305.33,2311.86,3822462
2025-08-10,2311.86,2331.94,2299.35,2319.39,6412208
2025-08-11,2319.39,2333.92,2308.62,2323.14,5641872
2025-08-12,2323.14,2360.37,2305.14,2342.23,8746021
2025-08-13,2342.23,2377.51,2324.80,2359.95,8440706
2025-08-14,2359.95,2397.43,2341.77,2379.11,8701234
2025-08-17,2379.11,2410.70,2362.76,2394.24,7873285
2025-08-18,2394.24,2399.31,2380.23,2385.28,3117352
2025-08-19,2385.28,2419.30,2368.13,2402.04,8186522
2025-08-20,2402.04,2410.53,2391.80,2400.29,4537585
2025-08-21,2400.29,2402.15,2382.60,2384.45,1775480
2025-08-24,2384.45,2412.80,2369.12,2397.38,7431069
2025-08-25,2397.38,2399.95,2380.52,2383.08,2072256
2025-08-26,2383.08,2413.78,2366.99,2397.60,7748422
2025-08-27,2397.60,2399.44,2379.92,2381.75,1768209
2025-08-28,2381.75,2388.44,2369.66,2376.33,3810631
2025-08-31,2376.33,2411.60,2358.82,2393.96,8369513
2025-09-01,2393.96,2397.62,2378.36,2382.01,2531275
2025-09-02,2382.01,2392.79,2372.27,2383.05,5086042
2025-09-03,2383.05,2407.94,2368.82,2393.64,6972085
2025-09-04,2393.64,2404.23,2383.94,2394.53,5053600
2025-09-07,2394.53,2395.08,2375.41,2375.96,1231824
2025-09-08,2375.96,2400.16,2361.97,2386.11,6889471
2025-09-09,2386.11,2394.86,2376.29,2385.04,4668518
2025-09-10,2385.04,2391.19,2372.32,2378.46,3581310
2025-09-11,2378.46,2384.29,2365.43,2371.25,3455006
2025-09-14,2371.25,2380.05,2361.60,2370.39,4709362
2025-09-15,2370.39,2398.84,2355.06,2383.43,7467832
2025-09-16,2383.43,2416.04,2366.74,2399.24,8002023
2025-09-17,2399.24,2435.90,2381.22,2417.75,8509465
2025-09-18,2417.75,2452.52,2400.28,2434.93,8224725
2025-09-21,2434.93,2467.19,2418.22,2450.37,7863854
2025-09-22,2450.37,2456.25,2436.81,2442.67,3402160
2025-09-23,2442.67,2443.13,2423.05,2423.50,1185322
2025-09-24,2423.50,2444.25,2410.47,2431.19,6373834
2025-09-25,2431.19,2469.96,2412.42,2451.03,8720781
2025-09-28,2451.03,2466.71,2439.55,2455.21,5682956
2025-09-29,2455.21,2480.03,2440.81,2465.57,6865294
2025-09-30,2465.57,2472.47,2453.02,2459.91,3798662
2025-10-01,2459.91,2460.03,2439.77,2439.89,1050960
2025-10-02,2439.89,2448.85,2429.86,2438.81,4671570
2025-10-05,2438.81,2471.93,2421.81,2454.82,7969135
2025-10-06,2454.82,2477.76,2441.02,2463.91,6622668
2025-10-07,2463.91,2469.15,2449.51,2454.73,3125994
2025-10-08,2454.73,2492.67,2436.15,2473.95,8565534
2025-10-09,2473.95,2475.76,2455.60,2457.40,1731412
2025-10-12,2457.40,2472.19,2446.19,2460.96,5561899
2025-10-13,2460.96,2501.75,2441.47,2482.09,8921193
2025-10-14,2482.09,2498.19,2470.40,2486.47,5710528
2025-10-15,2486.47,2515.10,2470.78,2499.33,7312620
2025-10-16,2499.33,2507.75,2488.20,2496.62,4369444
2025-10-19,2496.62,2514.23,2484.40,2501.99,5893347
2025-10-20,2501.99,2508.78,2489.01,2495.78,3711488
2025-10-21,2495.78,2516.14,2482.69,2503.01,6243621
2025-10-22,2503.01,2518.48,2491.46,2506.91,5613203
2025-10-23,2506.91,2526.16,2494.15,2513.37,6091838
2025-10-26,2513.37,2515.57,2495.14,2497.33,1877057
2025-10-27,2497.33,2533.08,2479.34,2514.96,8203429
2025-10-28,2514.96,2516.94,2496.47,2498.43,1787002
2025-10-29,2498.43,2502.44,2482.36,2486.35,2603086
2025-10-30,2486.35,2528.16,2466.46,2508.10,8997359
2025-11-02,2508.10,2510.93,2490.63,2493.44,2130315
2025-11-03,2493.44,2500.31,2480.63,2487.48,3755041
2025-11-04,2487.48,2493.28,2473.51,2479.28,3328326
2025-11-05,2479.28,2482.89,2462.92,2466.51,2455109
2025-11-06,2466.51,2505.41,2447.60,2486.35,8666255
2025-11-09,2486.35,2490.16,2470.15,2473.93,2529663
2025-11-10,2473.93,2492.96,2461.33,2480.32,6094718
2025-11-11,2480.32,2489.42,2470.11,2479.21,4670061
2025-11-12,2479.21,2481.53,2461.39,2463.70,1934705
2025-11-13,2463.70,2500.36,2445.51,2482.03,8382475
2025-11-16,2482.03,2487.24,2467.45,2472.64,3099794
2025-11-17,2472.64,2482.23,2463.04,2472.63,4876783
2025-11-18,2472.63,2481.66,2462.40,2471.43,4651714
2025-11-19,2471.43,2499.70,2455.89,2484.08,7288786
2025-11-20,2484.08,2507.81,2469.95,2493.63,6689231
2025-11-23,2493.63,2513.91,2480.57,2500.81,6235768
2025-11-24,2500.81,2509.74,2490.24,2499.17,4570370
2025-11-25,2499.17,2503.43,2483.38,2487.62,2705384
2025-11-26,2487.62,2525.30,2469.04,2506.58,8467969
2025-11-27,2506.58,2527.30,2493.36,2514.03,6277880
2025-11-30,2514.03,2522.22,2502.53,2510.71,4258573
2025-12-01,2510.71,2534.64,2496.45,2520.32,6681652
2025-12-02,2520.32,2552.77,2503.32,2535.67,7744650
2025-12-03,2535.67,2559.84,2521.26,2545.38,6682133
2025-12-04,2545.38,2553.55,2533.59,2541.75,4210150
2025-12-07,2541.75,2550.15,2530.25,2538.64,4304012
2025-12-08,2538.64,2551.91,2527.70,2540.96,5309396
2025-12-09,2540.96,2549.56,2529.70,2538.29,4386796
2025-12-10,2538.29,2567.34,2522.33,2551.29,7289300
2025-12-11,2551.29,2557.60,2537.37,2543.67,3473696
2025-12-14,2543.67,2547.60,2527.13,2531.04,2544924
2025-12-15,2531.04,2538.72,2518.83,2526.49,4033847
2025-12-16,2526.49,2535.36,2515.64,2524.50,4508367
2025-12-17,2524.50,2527.07,2506.59,2509.14,2017866
2025-12-18,2509.14,2526.68,2496.92,2514.43,5870987
2025-12-21,2514.43,2521.33,2501.48,2508.37,3746742
2025-12-22,2508.37,2528.01,2495.48,2515.08,6138957
2025-12-23,2515.08,2550.54,2497.14,2532.47,8134053
2025-12-24,2532.47,2541.39,2521.64,2530.55,4522153
2025-12-25,2530.55,2533.69,2513.24,2516.36,2241529
2025-12-28,2516.36,2536.20,2503.39,2523.19,6156378
2025-12-29,2523.19,2526.13,2505.71,2508.64,2167935
2025-12-30,2508.64,2510.30,2489.83,2491.47,1658916
2025-12-31,2491.47,2497.13,2477.32,2482.96,3271296
2026-01-01,2482.96,2517.05,2465.53,2499.51,8017421
2026-01-04,2499.51,2531.53,2482.70,2514.62,7724451
2026-01-05,2514.62,2519.18,2499.03,2503.57,2812139
2026-01-06,2503.57,2504.58,2484.07,2485.08,1403943
2026-01-07,2485.08,2517.28,2468.25,2500.34,7771467
2026-01-08,2500.34,2535.42,2482.56,2517.52,8112242
2026-01-11,2517.52,2519.18,2498.64,2500.30,1660836
2026-01-12,2500.30,2511.98,2489.96,2501.64,5133299
2026-01-13,2501.64,2524.10,2487.87,2510.28,6504938
2026-01-14,2510.28,2518.12,2498.41,2506.23,4121433
2026-01-15,2506.23,2511.61,2491.63,2496.98,3143278
2026-01-18,2496.98,2497.79,2477.31,2478.11,1323559
2026-01-19,2478.11,2485.84,2466.39,2474.11,4119067
2026-01-20,2474.11,2485.68,2463.88,2475.45,5134739
2026-01-21,2475.45,2482.63,2463.13,2470.30,3901440
2026-01-22,2470.30,2480.71,2460.45,2470.86,4987071
2026-01-25,2470.86,2492.55,2457.42,2479.06,6441015
2026-01-26,2479.06,2480.47,2460.22,2461.63,1571913
2026-01-27,2461.63,2464.24,2444.28,2446.87,2058779
2026-01-28,2446.87,2450.29,2430.56,2433.95,2395438
2026-01-29,2433.95,2449.41,2422.59,2438.03,5668312
2026-02-01,2438.03,2461.16,2424.21,2447.29,6667524
2026-02-02,2447.29,2455.44,2436.30,2444.44,4331344
2026-02-03,2444.44,2450.61,2431.24,2437.39,3523971
2026-02-04,2437.39,2456.53,2424.85,2443.96,6146639
2026-02-05,2443.96,2474.17,2427.87,2457.99,7582064
2026-02-08,2457.99,2479.80,2444.54,2466.30,6472222
2026-02-09,2466.30,2473.28,2453.84,2460.80,3829458
2026-02-10,2460.80,2490.44,2444.85,2474.40,7480932
2026-02-11,2474.40,2476.49,2456.37,2458.45,1846399
2026-02-12,2458.45,2463.49,2443.87,2448.88,3049314
2026-02-15,2448.88,2477.46,2433.31,2461.80,7361282
2026-02-16,2461.80,2503.06,2442.15,2483.24,8979835
2026-02-17,2483.24,2510.49,2468.00,2495.17,7139540
2026-02-18,2495.17,2499.05,2478.98,2482.85,2556447
2026-02-19,2482.85,2510.60,2467.44,2495.12,7205864
2026-02-22,2495.12,2501.19,2481.40,2487.45,3433470
2026-02-23,2487.45,2495.91,2476.46,2484.91,4399759
2026-02-24,2484.91,2517.78,2467.87,2500.64,7857818
2026-02-25,2500.64,2506.30,2486.41,2492.05,3264437
2026-02-26,2492.05,2527.89,2474.05,2509.76,8224554
2026-03-01,2509.76,2530.43,2496.54,2517.17,6269032
2026-03-02,2517.17,2519.60,2499.17,2501.58,1965775
2026-03-03,2501.58,2502.49,2481.99,2482.89,1364163
2026-03-04,2482.89,2499.48,2471.04,2487.60,5772839
2026-03-05,2487.60,2492.26,2472.35,2476.98,2870816
2026-03-08,2476.98,2482.31,2462.58,2467.89,3151920
2026-03-09,2467.89,2469.62,2449.50,2451.22,1702572
2026-03-10,2451.22,2451.99,2431.88,2432.64,1312894
2026-03-11,2432.64,2472.97,2413.37,2453.53,8921159
2026-03-12,2453.53,2466.99,2442.76,2456.20,5391563
2026-03-15,2456.20,2494.63,2437.47,2475.75,8625342
2026-03-16,2475.75,2494.09,2463.36,2481.67,6005212
2026-03-17,2481.67,2489.54,2470.08,2477.94,4173148
2026-03-18,2477.94,2485.72,2466.28,2474.05,4141495
2026-03-19,2474.05,2490.30,2462.33,2478.56,5737414
2026-03-22,2478.56,2479.50,2459.19,2460.13,1380658
2026-03-23,2460.13,2487.54,2444.89,2472.23,7194684
2026-03-24,2472.23,2478.29,2458.68,2464.72,3451097
2026-03-25,2464.72,2501.13,2446.61,2482.88,8347427
2026-03-26,2482.88,2494.37,2472.66,2484.14,5118244
2026-03-29,2484.14,2487.82,2467.81,2471.47,2479595
2026-03-30,2471.47,2479.89,2460.57,2468.98,4406790
2026-03-31,2468.98,2469.59,2449.31,2449.92,1245507
2026-04-01,2449.92,2469.23,2437.28,2456.56,6156241
2026-04-02,2456.56,2497.06,2437.17,2477.50,8892078
2026-04-05,2477.50,2502.89,2462.86,2488.19,6909807
2026-04-06,2488.19,2490.22,2469.97,2471.98,1814368
2026-04-07,2471.98,2472.32,2451.98,2452.32,1136625
2026-04-08,2452.32,2453.41,2433.33,2434.41,1444478
2026-04-09,2434.41,2473.74,2415.46,2454.63,8787311
2026-04-12,2454.63,2491.86,2436.28,2473.37,8473765
2026-04-13,2473.37,2481.24,2461.85,2469.71,4182853
2026-04-14,2469.71,2491.13,2456.35,2477.73,6408401
2026-04-15,2477.73,2480.79,2460.76,2463.81,2236831
2026-04-16,2463.81,2467.41,2447.56,2451.13,2458264
2026-04-19,2451.13,2469.34,2438.85,2457.02,6010973
2026-04-20,2457.02,2458.89,2438.88,2440.73,1759156
2026-04-21,2440.73,2471.07,2424.61,2454.86,7604046
2026-04-22,2454.86,2459.59,2439.96,2444.68,2928360
2026-04-23,2444.68,2448.04,2428.32,2431.66,2374074
2026-04-26,2431.66,2456.91,2417.18,2442.37,6953532
2026-04-27,2442.37,2479.57,2424.07,2461.13,8493895
2026-04-28,2461.13,2490.26,2445.34,2474.39,7414917
2026-04-29,2474.39,2481.41,2461.91,2468.92,3840054
2026-04-30,2468.92,2471.49,2451.47,2454.02,2040912
2026-05-03,2454.02,2461.91,2442.68,2450.56,4215020
2026-05-04,2450.56,2452.02,2432.01,2433.46,1596947
2026-05-05,2433.46,2438.09,2418.62,2423.24,2902743
2026-05-06,2423.24,2430.77,2411.74,2419.26,4107716
2026-05-07,2419.26,2425.45,2406.29,2412.46,3557544
2026-05-10,2412.46,2433.42,2399.40,2420.32,6412722
2026-05-11,2420.32,2423.77,2404.26,2407.70,2426337
2026-05-12,2407.70,2418.36,2397.93,2408.59,5055178
2026-05-13,2408.59,2440.81,2391.96,2424.07,7904183
2026-05-14,2424.07,2427.72,2408.21,2411.83,2504218
2026-05-17,2411.83,2412.85,2393.10,2394.12,1423182
2026-05-18,2394.12,2398.21,2379.00,2383.08,2710459
2026-05-19,2383.08,2413.23,2367.17,2397.23,7674691
2026-05-20,2397.23,2404.41,2385.56,2392.72,3994890
2026-05-21,2392.72,2395.51,2376.15,2378.92,2164883
2026-05-24,2378.92,2391.06,2368.76,2380.90,5271090
2026-05-25,2380.90,2414.23,2363.98,2397.21,8103635
2026-05-26,2397.21,2398.65,2379.07,2380.50,1600788
2026-05-27,2380.50,2402.78,2367.11,2389.34,6626748
2026-05-28,2389.34,2389.53,2369.86,2370.06,1082750
2026-05-31,2370.06,2378.00,2359.46,2367.40,4351508
2026-06-01,2367.40,2392.89,2353.01,2378.44,7075000
2026-06-02,2378.44,2381.45,2362.23,2365.22,2265569
2026-06-03,2365.22,2380.85,2353.99,2369.60,5750377
2026-06-04,2369.60,2371.85,2352.61,2354.84,1949176
2026-06-07,2354.84,2379.53,2340.75,2365.38,6985425
2026-06-08,2365.38,2365.69,2346.22,2346.53,1130727
2026-06-09,2346.53,2350.24,2331.38,2335.08,2582613
2026-06-10,2335.08,2338.75,2319.98,2323.64,2575651
2026-06-11,2323.64,2325.56,2306.65,2308.56,1825891
2026-06-14,2308.56,2316.20,2298.13,2305.76,4308641
2026-06-15,2305.76,2339.97,2288.77,2322.86,8369581
2026-06-16,2322.86,2327.89,2309.39,2314.41,3169204
2026-06-17,2314.41,2317.79,2299.15,2302.51,2460596
2026-06-18,2302.51,2308.73,2290.54,2296.74,3700548
2026-06-21,2296.74,2331.72,2279.53,2314.38,8493998
2026-06-22,2314.38,2348.74,2297.32,2331.55,8371810
2026-06-23,2331.55,2362.72,2315.46,2346.52,7901886
2026-06-24,2346.52,2357.49,2336.83,2347.79,5133607
2026-06-25,2347.79,2348.67,2329.43,2330.31,1375617
2026-06-28,2330.31,2364.43,2313.28,2347.28,8306927
2026-06-29,2347.28,2355.31,2336.96,2344.99,4421364
2026-06-30,2344.99,2383.00,2326.68,2364.55,8805349
2026-07-01,2364.55,2398.74,2347.41,2381.48,8249005
2026-07-02,2381.48,2383.12,2363.70,2365.34,1690603
2026-07-05,2365.34,2367.69,2348.49,2350.83,1994341
2026-07-06,2350.83,2355.68,2336.92,2341.75,3061454
2026-07-07,2341.75,2375.80,2324.71,2358.64,8274657
2026-07-08,2358.64,2392.95,2341.48,2375.66,8275925
2026-07-09,2375.66,2382.97,2364.31,2371.61,4077606
2026-07-12,2371.61,2377.55,2358.76,2364.69,3506858
2026-07-13,2364.69,2389.47,2350.54,2375.26,6983436
2026-07-14,2375.26,2397.52,2361.88,2384.10,6630795
2026-07-15,2384.10,2407.11,2370.46,2393.42,6720541
2026-07-16,2393.42,2394.50,2374.91,2375.98,1450205
2026-07-19,2375.98,2393.95,2363.97,2381.91,6054355
2026-07-20,2381.91,2393.90,2371.79,2383.77,5249039
2026-07-21,2383.77,2388.56,2369.53,2374.30,3009567
2026-07-22,2374.30,2389.48,2363.18,2378.34,5681618
2026-07-23,2378.34,2381.73,2362.57,2365.94,2425685
2026-07-26,2365.94,2390.82,2351.76,2376.57,6994855
2026-07-27,2376.57,2415.40,2357.93,2396.60,8845919
2026-07-28,2396.60,2398.00,2378.42,2379.81,1583813
2026-07-29,2379.81,2417.90,2361.40,2399.33,8739403
2026-07-30,2399.33,2403.84,2384.64,2389.14,2880589